Radionuclide	U-235
Route of Intake	Ingestion
Material	Soluble forms, fA=2E-2
AMTD/AMAD, µm	-

Committed Effective Dose per Predicted Content in an Organ or Excreta Sample (Dose per Content Functions z(t)), Sv/Bq
Time, days	Whole Body	Urine (24-hour sample)	Faeces (24-hour sample)	Alimentary Tract*	Skeleton*	Liver*
0.041667	3.2E-8	-	-	3.2E-8	2.5E-4	3.1E-4
0.083333	3.2E-8	-	-	3.2E-8	7.6E-5	1.5E-4
0.125	3.2E-8	-	-	3.2E-8	4.2E-5	1.1E-4
0.25	3.2E-8	-	-	3.2E-8	1.9E-5	9.6E-5
0.375	3.2E-8	-	-	3.3E-8	1.4E-5	9.6E-5
0.5	3.3E-8	-	-	3.3E-8	1.3E-5	9.8E-5
0.625	3.4E-8	-	-	3.5E-8	1.2E-5	1.0E-4
0.75	3.6E-8	-	-	3.6E-8	1.1E-5	1.0E-4
0.875	3.8E-8	-	-	3.9E-8	1.1E-5	1.0E-4
1	4.1E-8	2.5E-6	1.5E-7	4.1E-8	1.1E-5	1.1E-4
1.125	4.5E-8	-	-	4.5E-8	1.1E-5	1.1E-4
1.25	4.9E-8	-	-	5.0E-8	1.1E-5	1.1E-4
1.375	5.4E-8	-	-	5.5E-8	1.1E-5	1.1E-4
1.5	6.1E-8	-	-	6.2E-8	1.1E-5	1.1E-4
1.625	6.9E-8	-	-	7.0E-8	1.1E-5	1.1E-4
1.75	7.8E-8	-	-	7.9E-8	1.1E-5	1.1E-4
1.875	8.9E-8	-	-	9.0E-8	1.1E-5	1.1E-4
2	1.0E-7	4.5E-5	6.9E-8	1.0E-7	1.2E-5	1.2E-4
2.25	1.4E-7	-	-	1.4E-7	1.2E-5	1.2E-4
2.5	1.8E-7	-	-	1.9E-7	1.2E-5	1.2E-4
2.75	2.5E-7	-	-	2.7E-7	1.2E-5	1.2E-4
3	3.5E-7	8.6E-5	1.4E-7	3.8E-7	1.2E-5	1.3E-4
3.25	4.9E-7	-	-	5.4E-7	1.2E-5	1.3E-4
3.5	6.7E-7	-	-	7.7E-7	1.2E-5	1.3E-4
3.75	9.2E-7	-	-	1.1E-6	1.2E-5	1.3E-4
4	1.3E-6	9.6E-5	4.9E-7	1.6E-6	1.3E-5	1.4E-4
4.25	1.7E-6	-	-	2.4E-6	1.3E-5	1.4E-4
4.5	2.2E-6	-	-	3.5E-6	1.3E-5	1.4E-4
4.75	2.7E-6	-	-	5.3E-6	1.3E-5	1.4E-4
5	3.3E-6	1.1E-4	2.1E-6	7.9E-6	1.3E-5	1.5E-4
5.5	4.4E-6	-	-	1.8E-5	1.3E-5	1.5E-4
6	5.2E-6	1.2E-4	9.8E-6	4.0E-5	1.4E-5	1.6E-4
6.5	5.7E-6	-	-	8.9E-5	1.4E-5	1.7E-4
7	6.1E-6	1.3E-4	5.0E-5	1.9E-4	1.4E-5	1.7E-4
7.5	6.3E-6	-	-	3.7E-4	1.4E-5	1.8E-4
8	6.5E-6	1.4E-4	2.7E-4	6.2E-4	1.4E-5	1.9E-4
8.5	6.7E-6	-	-	8.7E-4	1.5E-5	1.9E-4
9	6.8E-6	1.5E-4	1.5E-3	1.1E-3	1.5E-5	2.0E-4
9.5	7.0E-6	-	-	1.2E-3	1.5E-5	2.1E-4
10	7.1E-6	1.7E-4	7.5E-3	1.2E-3	1.5E-5	2.1E-4
11	7.4E-6	1.8E-4	2.5E-2	1.3E-3	1.6E-5	2.3E-4
12	7.7E-6	2.0E-4	4.5E-2	1.4E-3	1.6E-5	2.5E-4
13	8.0E-6	2.1E-4	5.4E-2	1.4E-3	1.6E-5	2.7E-4
14	8.3E-6	2.3E-4	6.0E-2	1.5E-3	1.7E-5	2.8E-4
15	8.6E-6	2.5E-4	6.5E-2	1.5E-3	1.7E-5	3.0E-4
16	8.8E-6	2.7E-4	7.0E-2	1.6E-3	1.7E-5	3.2E-4
17	9.1E-6	2.9E-4	7.5E-2	1.6E-3	1.7E-5	3.4E-4
18	9.4E-6	3.1E-4	7.9E-2	1.6E-3	1.8E-5	3.6E-4
19	9.7E-6	3.3E-4	8.4E-2	1.7E-3	1.8E-5	3.9E-4
20	9.9E-6	3.6E-4	8.9E-2	1.7E-3	1.8E-5	4.1E-4
21	1.0E-5	3.8E-4	9.5E-2	1.8E-3	1.8E-5	4.3E-4
22	1.0E-5	4.1E-4	1.0E-1	1.8E-3	1.8E-5	4.6E-4
23	1.1E-5	4.4E-4	1.0E-1	1.9E-3	1.9E-5	4.8E-4
24	1.1E-5	4.6E-4	1.1E-1	2.0E-3	1.9E-5	5.0E-4
25	1.1E-5	4.9E-4	1.2E-1	2.0E-3	1.9E-5	5.3E-4
26	1.1E-5	5.2E-4	1.2E-1	2.1E-3	1.9E-5	5.5E-4
27	1.2E-5	5.6E-4	1.3E-1	2.1E-3	1.9E-5	5.8E-4
28	1.2E-5	5.9E-4	1.3E-1	2.2E-3	1.9E-5	6.0E-4
29	1.2E-5	6.2E-4	1.4E-1	2.2E-3	2.0E-5	6.3E-4
30	1.2E-5	6.6E-4	1.4E-1	2.3E-3	2.0E-5	6.5E-4
31	1.3E-5	6.9E-4	1.5E-1	2.4E-3	2.0E-5	6.7E-4
32	1.3E-5	7.3E-4	1.5E-1	2.4E-3	2.0E-5	7.0E-4
33	1.3E-5	7.7E-4	1.6E-1	2.5E-3	2.0E-5	7.2E-4
34	1.3E-5	8.1E-4	1.6E-1	2.6E-3	2.0E-5	7.4E-4
35	1.4E-5	8.5E-4	1.7E-1	2.6E-3	2.0E-5	7.6E-4
36	1.4E-5	8.9E-4	1.7E-1	2.7E-3	2.0E-5	7.8E-4
37	1.4E-5	9.3E-4	1.8E-1	2.8E-3	2.1E-5	8.0E-4
38	1.4E-5	9.7E-4	1.9E-1	2.9E-3	2.1E-5	8.2E-4
39	1.4E-5	1.0E-3	1.9E-1	2.9E-3	2.1E-5	8.4E-4
40	1.5E-5	1.1E-3	2.0E-1	3.0E-3	2.1E-5	8.6E-4
41	1.5E-5	1.1E-3	2.0E-1	3.1E-3	2.1E-5	8.7E-4
42	1.5E-5	1.1E-3	2.1E-1	3.2E-3	2.1E-5	8.9E-4
43	1.5E-5	1.2E-3	2.1E-1	3.2E-3	2.1E-5	9.1E-4
44	1.5E-5	1.2E-3	2.2E-1	3.3E-3	2.1E-5	9.2E-4
45	1.6E-5	1.3E-3	2.3E-1	3.4E-3	2.2E-5	9.3E-4
46	1.6E-5	1.3E-3	2.3E-1	3.5E-3	2.2E-5	9.5E-4
47	1.6E-5	1.4E-3	2.4E-1	3.6E-3	2.2E-5	9.6E-4
48	1.6E-5	1.4E-3	2.4E-1	3.7E-3	2.2E-5	9.7E-4
49	1.6E-5	1.5E-3	2.5E-1	3.8E-3	2.2E-5	9.8E-4
50	1.6E-5	1.5E-3	2.6E-1	3.9E-3	2.2E-5	9.9E-4
51	1.7E-5	1.5E-3	2.6E-1	3.9E-3	2.2E-5	1.0E-3
52	1.7E-5	1.6E-3	2.7E-1	4.0E-3	2.2E-5	1.0E-3
53	1.7E-5	1.6E-3	2.7E-1	4.1E-3	2.3E-5	1.0E-3
54	1.7E-5	1.7E-3	2.8E-1	4.2E-3	2.3E-5	1.0E-3
55	1.7E-5	1.7E-3	2.9E-1	4.3E-3	2.3E-5	1.0E-3
56	1.7E-5	1.8E-3	2.9E-1	4.4E-3	2.3E-5	1.0E-3
57	1.8E-5	1.8E-3	3.0E-1	4.5E-3	2.3E-5	1.1E-3
58	1.8E-5	1.9E-3	3.1E-1	4.7E-3	2.3E-5	1.1E-3
59	1.8E-5	1.9E-3	3.1E-1	4.8E-3	2.3E-5	1.1E-3
60	1.8E-5	2.0E-3	3.2E-1	4.9E-3	2.3E-5	1.1E-3
61	1.8E-5	2.0E-3	3.3E-1	5.0E-3	2.4E-5	1.1E-3
62	1.8E-5	2.1E-3	3.3E-1	5.1E-3	2.4E-5	1.1E-3
63	1.9E-5	2.1E-3	3.4E-1	5.2E-3	2.4E-5	1.1E-3
64	1.9E-5	2.2E-3	3.5E-1	5.3E-3	2.4E-5	1.1E-3
65	1.9E-5	2.2E-3	3.6E-1	5.4E-3	2.4E-5	1.1E-3
66	1.9E-5	2.3E-3	3.6E-1	5.6E-3	2.4E-5	1.1E-3
67	1.9E-5	2.4E-3	3.7E-1	5.7E-3	2.4E-5	1.1E-3
68	1.9E-5	2.4E-3	3.8E-1	5.8E-3	2.4E-5	1.1E-3
69	2.0E-5	2.5E-3	3.9E-1	5.9E-3	2.5E-5	1.1E-3
70	2.0E-5	2.5E-3	3.9E-1	6.0E-3	2.5E-5	1.1E-3
71	2.0E-5	2.6E-3	4.0E-1	6.2E-3	2.5E-5	1.1E-3
72	2.0E-5	2.6E-3	4.1E-1	6.3E-3	2.5E-5	1.1E-3
73	2.0E-5	2.7E-3	4.2E-1	6.4E-3	2.5E-5	1.1E-3
74	2.0E-5	2.8E-3	4.3E-1	6.5E-3	2.5E-5	1.1E-3
75	2.0E-5	2.8E-3	4.4E-1	6.7E-3	2.5E-5	1.1E-3
76	2.1E-5	2.9E-3	4.4E-1	6.8E-3	2.5E-5	1.1E-3
77	2.1E-5	2.9E-3	4.5E-1	6.9E-3	2.6E-5	1.1E-3
78	2.1E-5	3.0E-3	4.6E-1	7.1E-3	2.6E-5	1.1E-3
79	2.1E-5	3.0E-3	4.7E-1	7.2E-3	2.6E-5	1.1E-3
80	2.1E-5	3.1E-3	4.8E-1	7.3E-3	2.6E-5	1.1E-3
81	2.1E-5	3.2E-3	4.9E-1	7.5E-3	2.6E-5	1.1E-3
82	2.2E-5	3.2E-3	5.0E-1	7.6E-3	2.6E-5	1.1E-3
83	2.2E-5	3.3E-3	5.1E-1	7.7E-3	2.6E-5	1.1E-3
84	2.2E-5	3.4E-3	5.2E-1	7.9E-3	2.6E-5	1.1E-3
85	2.2E-5	3.4E-3	5.3E-1	8.0E-3	2.7E-5	1.1E-3
86	2.2E-5	3.5E-3	5.4E-1	8.1E-3	2.7E-5	1.2E-3
87	2.2E-5	3.6E-3	5.5E-1	8.3E-3	2.7E-5	1.2E-3
88	2.2E-5	3.6E-3	5.6E-1	8.4E-3	2.7E-5	1.2E-3
89	2.2E-5	3.7E-3	5.7E-1	8.6E-3	2.7E-5	1.2E-3
90	2.3E-5	3.8E-3	5.8E-1	8.7E-3	2.7E-5	1.2E-3
91	2.3E-5	3.8E-3	5.9E-1	8.8E-3	2.7E-5	1.2E-3
92	2.3E-5	3.9E-3	6.0E-1	9.0E-3	2.7E-5	1.2E-3
93	2.3E-5	4.0E-3	6.1E-1	9.1E-3	2.8E-5	1.2E-3
94	2.3E-5	4.1E-3	6.2E-1	9.2E-3	2.8E-5	1.2E-3
95	2.3E-5	4.1E-3	6.3E-1	9.4E-3	2.8E-5	1.2E-3
96	2.3E-5	4.2E-3	6.4E-1	9.5E-3	2.8E-5	1.2E-3
97	2.4E-5	4.3E-3	6.5E-1	9.7E-3	2.8E-5	1.2E-3
98	2.4E-5	4.4E-3	6.6E-1	9.8E-3	2.8E-5	1.2E-3
99	2.4E-5	4.4E-3	6.8E-1	9.9E-3	2.8E-5	1.2E-3
100	2.4E-5	4.5E-3	6.9E-1	1.0E-2	2.8E-5	1.2E-3
110	2.5E-5	5.3E-3	8.1E-1	1.1E-2	2.9E-5	1.2E-3
120	2.6E-5	6.3E-3	9.5E-1	1.3E-2	3.1E-5	1.2E-3
130	2.7E-5	7.3E-3	1.1E+0	1.4E-2	3.2E-5	1.2E-3
140	2.8E-5	8.5E-3	1.3E+0	1.5E-2	3.3E-5	1.2E-3
150	2.9E-5	9.8E-3	1.5E+0	1.6E-2	3.4E-5	1.2E-3
160	3.0E-5	1.1E-2	1.7E+0	1.7E-2	3.5E-5	1.2E-3
170	3.1E-5	1.3E-2	1.9E+0	1.7E-2	3.5E-5	1.2E-3
180	3.2E-5	1.4E-2	2.2E+0	1.8E-2	3.6E-5	1.2E-3
190	3.2E-5	1.6E-2	2.5E+0	1.8E-2	3.7E-5	1.2E-3
200	3.3E-5	1.8E-2	2.8E+0	1.9E-2	3.8E-5	1.2E-3
210	3.3E-5	2.1E-2	3.1E+0	1.9E-2	3.8E-5	1.2E-3
220	3.4E-5	2.3E-2	3.5E+0	1.9E-2	3.9E-5	1.2E-3
230	3.4E-5	2.6E-2	3.9E+0	1.9E-2	4.0E-5	1.2E-3
240	3.5E-5	2.9E-2	4.4E+0	2.0E-2	4.0E-5	1.2E-3
250	3.5E-5	3.2E-2	4.8E+0	2.0E-2	4.1E-5	1.2E-3
260	3.6E-5	3.5E-2	5.4E+0	2.0E-2	4.1E-5	1.2E-3
270	3.6E-5	3.9E-2	5.9E+0	2.0E-2	4.2E-5	1.2E-3
280	3.6E-5	4.3E-2	6.5E+0	2.0E-2	4.2E-5	1.2E-3
290	3.7E-5	4.7E-2	7.1E+0	2.0E-2	4.2E-5	1.3E-3
300	3.7E-5	5.1E-2	7.7E+0	2.0E-2	4.3E-5	1.3E-3
310	3.7E-5	5.5E-2	8.4E+0	2.0E-2	4.3E-5	1.3E-3
320	3.7E-5	6.0E-2	9.1E+0	2.0E-2	4.3E-5	1.3E-3
330	3.8E-5	6.5E-2	9.8E+0	2.0E-2	4.4E-5	1.3E-3
340	3.8E-5	7.0E-2	1.0E+1	2.1E-2	4.4E-5	1.3E-3
350	3.8E-5	7.4E-2	1.1E+1	2.1E-2	4.4E-5	1.3E-3
360	3.8E-5	7.9E-2	1.2E+1	2.1E-2	4.4E-5	1.3E-3
365	3.8E-5	8.2E-2	1.2E+1	2.1E-2	4.4E-5	1.3E-3
370	3.8E-5	8.4E-2	1.3E+1	2.1E-2	4.5E-5	1.3E-3
380	3.9E-5	8.9E-2	1.3E+1	2.1E-2	4.5E-5	1.3E-3
390	3.9E-5	9.4E-2	1.4E+1	2.1E-2	4.5E-5	1.3E-3
400	3.9E-5	9.9E-2	1.5E+1	2.1E-2	4.5E-5	1.3E-3
410	3.9E-5	1.0E-1	1.6E+1	2.1E-2	4.5E-5	1.3E-3
420	3.9E-5	1.1E-1	1.6E+1	2.1E-2	4.6E-5	1.3E-3
430	3.9E-5	1.1E-1	1.7E+1	2.1E-2	4.6E-5	1.3E-3
440	3.9E-5	1.2E-1	1.8E+1	2.1E-2	4.6E-5	1.3E-3
450	4.0E-5	1.2E-1	1.8E+1	2.1E-2	4.6E-5	1.3E-3
460	4.0E-5	1.2E-1	1.9E+1	2.1E-2	4.6E-5	1.3E-3
470	4.0E-5	1.3E-1	1.9E+1	2.1E-2	4.6E-5	1.3E-3
480	4.0E-5	1.3E-1	2.0E+1	2.1E-2	4.7E-5	1.3E-3
490	4.0E-5	1.3E-1	2.0E+1	2.1E-2	4.7E-5	1.3E-3
500	4.0E-5	1.4E-1	2.1E+1	2.1E-2	4.7E-5	1.3E-3
510	4.0E-5	1.4E-1	2.1E+1	2.1E-2	4.7E-5	1.3E-3
520	4.0E-5	1.4E-1	2.2E+1	2.1E-2	4.7E-5	1.3E-3
530	4.1E-5	1.5E-1	2.2E+1	2.1E-2	4.7E-5	1.3E-3
540	4.1E-5	1.5E-1	2.2E+1	2.1E-2	4.7E-5	1.3E-3
550	4.1E-5	1.5E-1	2.3E+1	2.1E-2	4.8E-5	1.3E-3
560	4.1E-5	1.5E-1	2.3E+1	2.1E-2	4.8E-5	1.3E-3
570	4.1E-5	1.5E-1	2.3E+1	2.1E-2	4.8E-5	1.3E-3
580	4.1E-5	1.6E-1	2.3E+1	2.1E-2	4.8E-5	1.3E-3
590	4.1E-5	1.6E-1	2.4E+1	2.1E-2	4.8E-5	1.3E-3
600	4.1E-5	1.6E-1	2.4E+1	2.1E-2	4.8E-5	1.3E-3
610	4.1E-5	1.6E-1	2.4E+1	2.1E-2	4.8E-5	1.3E-3
620	4.2E-5	1.6E-1	2.4E+1	2.1E-2	4.9E-5	1.3E-3
630	4.2E-5	1.6E-1	2.5E+1	2.1E-2	4.9E-5	1.3E-3
640	4.2E-5	1.6E-1	2.5E+1	2.1E-2	4.9E-5	1.3E-3
650	4.2E-5	1.7E-1	2.5E+1	2.1E-2	4.9E-5	1.3E-3
660	4.2E-5	1.7E-1	2.5E+1	2.1E-2	4.9E-5	1.3E-3
670	4.2E-5	1.7E-1	2.5E+1	2.1E-2	4.9E-5	1.3E-3
680	4.2E-5	1.7E-1	2.6E+1	2.1E-2	4.9E-5	1.3E-3
690	4.2E-5	1.7E-1	2.6E+1	2.1E-2	5.0E-5	1.3E-3
700	4.2E-5	1.7E-1	2.6E+1	2.1E-2	5.0E-5	1.3E-3
710	4.3E-5	1.7E-1	2.6E+1	2.1E-2	5.0E-5	1.4E-3
720	4.3E-5	1.7E-1	2.6E+1	2.1E-2	5.0E-5	1.4E-3
730	4.3E-5	1.7E-1	2.6E+1	2.1E-2	5.0E-5	1.4E-3
740	4.3E-5	1.8E-1	2.6E+1	2.1E-2	5.0E-5	1.4E-3
750	4.3E-5	1.8E-1	2.7E+1	2.1E-2	5.0E-5	1.4E-3
760	4.3E-5	1.8E-1	2.7E+1	2.1E-2	5.1E-5	1.4E-3
770	4.3E-5	1.8E-1	2.7E+1	2.1E-2	5.1E-5	1.4E-3
780	4.3E-5	1.8E-1	2.7E+1	2.1E-2	5.1E-5	1.4E-3
790	4.3E-5	1.8E-1	2.7E+1	2.1E-2	5.1E-5	1.4E-3
800	4.3E-5	1.8E-1	2.7E+1	2.1E-2	5.1E-5	1.4E-3
810	4.4E-5	1.8E-1	2.7E+1	2.1E-2	5.1E-5	1.4E-3
820	4.4E-5	1.8E-1	2.7E+1	2.1E-2	5.1E-5	1.4E-3
830	4.4E-5	1.8E-1	2.8E+1	2.1E-2	5.1E-5	1.4E-3
840	4.4E-5	1.8E-1	2.8E+1	2.1E-2	5.2E-5	1.4E-3
850	4.4E-5	1.8E-1	2.8E+1	2.1E-2	5.2E-5	1.4E-3
860	4.4E-5	1.9E-1	2.8E+1	2.1E-2	5.2E-5	1.4E-3
870	4.4E-5	1.9E-1	2.8E+1	2.1E-2	5.2E-5	1.4E-3
880	4.4E-5	1.9E-1	2.8E+1	2.1E-2	5.2E-5	1.4E-3
890	4.4E-5	1.9E-1	2.8E+1	2.1E-2	5.2E-5	1.4E-3
900	4.5E-5	1.9E-1	2.8E+1	2.1E-2	5.2E-5	1.4E-3
910	4.5E-5	1.9E-1	2.9E+1	2.1E-2	5.3E-5	1.4E-3
920	4.5E-5	1.9E-1	2.9E+1	2.1E-2	5.3E-5	1.4E-3
930	4.5E-5	1.9E-1	2.9E+1	2.1E-2	5.3E-5	1.4E-3
940	4.5E-5	1.9E-1	2.9E+1	2.1E-2	5.3E-5	1.4E-3
950	4.5E-5	1.9E-1	2.9E+1	2.1E-2	5.3E-5	1.4E-3
960	4.5E-5	1.9E-1	2.9E+1	2.1E-2	5.3E-5	1.4E-3
970	4.5E-5	1.9E-1	2.9E+1	2.1E-2	5.3E-5	1.4E-3
980	4.5E-5	1.9E-1	2.9E+1	2.1E-2	5.4E-5	1.4E-3
990	4.5E-5	2.0E-1	2.9E+1	2.1E-2	5.4E-5	1.4E-3
1000	4.6E-5	2.0E-1	3.0E+1	2.1E-2	5.4E-5	1.4E-3
1010	4.6E-5	2.0E-1	3.0E+1	2.1E-2	5.4E-5	1.4E-3
1020	4.6E-5	2.0E-1	3.0E+1	2.1E-2	5.4E-5	1.4E-3
1030	4.6E-5	2.0E-1	3.0E+1	2.1E-2	5.4E-5	1.4E-3
1040	4.6E-5	2.0E-1	3.0E+1	2.1E-2	5.4E-5	1.4E-3
1050	4.6E-5	2.0E-1	3.0E+1	2.1E-2	5.5E-5	1.4E-3
1060	4.6E-5	2.0E-1	3.0E+1	2.1E-2	5.5E-5	1.4E-3
1070	4.6E-5	2.0E-1	3.0E+1	2.1E-2	5.5E-5	1.4E-3
1080	4.6E-5	2.0E-1	3.1E+1	2.1E-2	5.5E-5	1.4E-3
1090	4.7E-5	2.0E-1	3.1E+1	2.1E-2	5.5E-5	1.4E-3
1095	4.7E-5	2.0E-1	3.1E+1	2.1E-2	5.5E-5	1.4E-3
1100	4.7E-5	2.0E-1	3.1E+1	2.1E-2	5.5E-5	1.5E-3
1200	4.8E-5	2.1E-1	3.2E+1	2.1E-2	5.7E-5	1.5E-3
1300	4.9E-5	2.2E-1	3.3E+1	2.1E-2	5.8E-5	1.5E-3
1400	5.0E-5	2.3E-1	3.5E+1	2.1E-2	6.0E-5	1.5E-3
1500	5.1E-5	2.4E-1	3.6E+1	2.1E-2	6.1E-5	1.6E-3
1600	5.2E-5	2.5E-1	3.8E+1	2.1E-2	6.3E-5	1.6E-3
1700	5.3E-5	2.6E-1	3.9E+1	2.1E-2	6.4E-5	1.6E-3
1800	5.4E-5	2.7E-1	4.1E+1	2.1E-2	6.6E-5	1.6E-3
1900	5.5E-5	2.8E-1	4.2E+1	2.1E-2	6.7E-5	1.7E-3
2000	5.6E-5	2.9E-1	4.4E+1	2.1E-2	6.9E-5	1.7E-3
2100	5.8E-5	3.0E-1	4.5E+1	2.1E-2	7.0E-5	1.7E-3
2200	5.9E-5	3.1E-1	4.7E+1	2.1E-2	7.2E-5	1.8E-3
2300	6.0E-5	3.3E-1	4.9E+1	2.1E-2	7.3E-5	1.8E-3
2400	6.1E-5	3.4E-1	5.1E+1	2.1E-2	7.5E-5	1.8E-3
2500	6.2E-5	3.5E-1	5.3E+1	2.1E-2	7.6E-5	1.9E-3
2600	6.3E-5	3.6E-1	5.5E+1	2.2E-2	7.8E-5	1.9E-3
2700	6.4E-5	3.8E-1	5.7E+1	2.2E-2	7.9E-5	1.9E-3
2800	6.5E-5	3.9E-1	5.9E+1	2.2E-2	8.1E-5	2.0E-3
2900	6.6E-5	4.0E-1	6.1E+1	2.2E-2	8.3E-5	2.0E-3
3000	6.8E-5	4.2E-1	6.3E+1	2.2E-2	8.4E-5	2.0E-3
3100	6.9E-5	4.3E-1	6.5E+1	2.2E-2	8.6E-5	2.1E-3
3200	7.0E-5	4.5E-1	6.7E+1	2.2E-2	8.7E-5	2.1E-3
3300	7.1E-5	4.6E-1	7.0E+1	2.2E-2	8.9E-5	2.2E-3
3400	7.2E-5	4.8E-1	7.2E+1	2.2E-2	9.1E-5	2.2E-3
3500	7.3E-5	4.9E-1	7.4E+1	2.2E-2	9.2E-5	2.2E-3
3600	7.4E-5	5.1E-1	7.7E+1	2.2E-2	9.4E-5	2.3E-3
3650	7.5E-5	5.2E-1	7.8E+1	2.2E-2	9.5E-5	2.3E-3
4000	7.8E-5	5.8E-1	8.7E+1	2.2E-2	1.0E-4	2.5E-3
5000	8.9E-5	7.7E-1	1.2E+2	2.2E-2	1.2E-4	3.0E-3
6000	9.9E-5	9.9E-1	1.5E+2	2.3E-2	1.3E-4	3.6E-3
7000	1.1E-4	1.2E+0	1.8E+2	2.3E-2	1.5E-4	4.3E-3
8000	1.2E-4	1.5E+0	2.2E+2	2.4E-2	1.6E-4	5.2E-3
9000	1.3E-4	1.7E+0	2.6E+2	2.4E-2	1.8E-4	6.2E-3
10000	1.4E-4	2.0E+0	2.9E+2	2.4E-2	2.0E-4	7.5E-3
11000	1.5E-4	2.2E+0	-	2.5E-2	2.2E-4	9.0E-3
12000	1.6E-4	2.4E+0	-	2.5E-2	2.4E-4	1.1E-2
13000	1.7E-4	2.7E+0	-	2.6E-2	2.6E-4	1.3E-2
14000	1.8E-4	2.9E+0	-	2.6E-2	2.8E-4	1.6E-2
15000	1.9E-4	3.2E+0	-	2.7E-2	3.0E-4	1.9E-2
16000	2.0E-4	3.5E+0	-	2.7E-2	3.3E-4	2.2E-2
17000	2.1E-4	3.8E+0	-	2.8E-2	3.5E-4	2.7E-2
18000	2.3E-4	4.1E+0	-	2.8E-2	3.8E-4	3.2E-2
18250	2.3E-4	4.1E+0	-	2.8E-2	3.9E-4	3.4E-2
Radionuclide	U-235
Route of Intake	Ingestion
Material	Relatively insoluble forms, fA=2E-3
AMTD/AMAD, µm	-

Committed Effective Dose per Predicted Content in an Organ or Excreta Sample (Dose per Content Functions z(t)), Sv/Bq
Time, days	Whole Body	Urine (24-hour sample)	Faeces (24-hour sample)	Alimentary Tract*	Skeleton*	Liver*
0.041667	3.3E-9	-	-	3.3E-9	2.6E-4	3.2E-4
0.083333	3.3E-9	-	-	3.3E-9	7.9E-5	1.5E-4
0.125	3.3E-9	-	-	3.3E-9	4.4E-5	1.2E-4
0.25	3.3E-9	-	-	3.3E-9	2.0E-5	9.9E-5
0.375	3.3E-9	-	-	3.3E-9	1.5E-5	9.9E-5
0.5	3.4E-9	-	-	3.4E-9	1.3E-5	1.0E-4
0.625	3.5E-9	-	-	3.5E-9	1.2E-5	1.0E-4
0.75	3.6E-9	-	-	3.6E-9	1.2E-5	1.0E-4
0.875	3.9E-9	-	-	3.9E-9	1.1E-5	1.1E-4
1	4.2E-9	2.6E-6	1.5E-8	4.2E-9	1.1E-5	1.1E-4
1.125	4.5E-9	-	-	4.5E-9	1.1E-5	1.1E-4
1.25	5.0E-9	-	-	5.0E-9	1.1E-5	1.1E-4
1.375	5.5E-9	-	-	5.5E-9	1.1E-5	1.1E-4
1.5	6.2E-9	-	-	6.2E-9	1.2E-5	1.1E-4
1.625	7.0E-9	-	-	7.0E-9	1.2E-5	1.1E-4
1.75	7.9E-9	-	-	7.9E-9	1.2E-5	1.2E-4
1.875	9.0E-9	-	-	9.1E-9	1.2E-5	1.2E-4
2	1.0E-8	4.5E-5	6.9E-9	1.0E-8	1.2E-5	1.2E-4
2.25	1.4E-8	-	-	1.4E-8	1.2E-5	1.2E-4
2.5	1.9E-8	-	-	1.9E-8	1.2E-5	1.2E-4
2.75	2.7E-8	-	-	2.7E-8	1.2E-5	1.3E-4
3	3.7E-8	8.8E-5	1.4E-8	3.8E-8	1.2E-5	1.3E-4
3.25	5.3E-8	-	-	5.4E-8	1.2E-5	1.3E-4
3.5	7.6E-8	-	-	7.7E-8	1.3E-5	1.3E-4
3.75	1.1E-7	-	-	1.1E-7	1.3E-5	1.4E-4
4	1.6E-7	9.8E-5	4.9E-8	1.6E-7	1.3E-5	1.4E-4
4.25	2.3E-7	-	-	2.4E-7	1.3E-5	1.4E-4
4.5	3.3E-7	-	-	3.6E-7	1.3E-5	1.4E-4
4.75	4.8E-7	-	-	5.3E-7	1.3E-5	1.5E-4
5	7.0E-7	1.1E-4	2.1E-7	7.9E-7	1.3E-5	1.5E-4
5.5	1.4E-6	-	-	1.8E-6	1.4E-5	1.6E-4
6	2.5E-6	1.2E-4	9.8E-7	4.1E-6	1.4E-5	1.6E-4
6.5	3.8E-6	-	-	9.5E-6	1.4E-5	1.7E-4
7	5.0E-6	1.3E-4	5.0E-6	2.2E-5	1.4E-5	1.8E-4
7.5	5.8E-6	-	-	5.2E-5	1.5E-5	1.8E-4
8	6.3E-6	1.4E-4	2.7E-5	1.2E-4	1.5E-5	1.9E-4
8.5	6.7E-6	-	-	2.5E-4	1.5E-5	2.0E-4
9	6.9E-6	1.6E-4	1.6E-4	4.7E-4	1.5E-5	2.0E-4
9.5	7.1E-6	-	-	7.6E-4	1.5E-5	2.1E-4
10	7.3E-6	1.7E-4	8.9E-4	1.0E-3	1.6E-5	2.2E-4
11	7.6E-6	1.8E-4	4.9E-3	1.3E-3	1.6E-5	2.4E-4
12	7.9E-6	2.0E-4	2.0E-2	1.4E-3	1.6E-5	2.5E-4
13	8.2E-6	2.2E-4	4.5E-2	1.5E-3	1.7E-5	2.7E-4
14	8.5E-6	2.4E-4	5.9E-2	1.5E-3	1.7E-5	2.9E-4
15	8.8E-6	2.5E-4	6.6E-2	1.5E-3	1.7E-5	3.1E-4
16	9.0E-6	2.7E-4	7.1E-2	1.6E-3	1.7E-5	3.3E-4
17	9.3E-6	3.0E-4	7.6E-2	1.6E-3	1.8E-5	3.5E-4
18	9.6E-6	3.2E-4	8.1E-2	1.7E-3	1.8E-5	3.7E-4
19	9.9E-6	3.4E-4	8.6E-2	1.7E-3	1.8E-5	4.0E-4
20	1.0E-5	3.7E-4	9.2E-2	1.8E-3	1.8E-5	4.2E-4
21	1.0E-5	3.9E-4	9.7E-2	1.8E-3	1.9E-5	4.4E-4
22	1.1E-5	4.2E-4	1.0E-1	1.9E-3	1.9E-5	4.7E-4
23	1.1E-5	4.5E-4	1.1E-1	1.9E-3	1.9E-5	4.9E-4
24	1.1E-5	4.8E-4	1.1E-1	2.0E-3	1.9E-5	5.2E-4
25	1.2E-5	5.1E-4	1.2E-1	2.1E-3	1.9E-5	5.4E-4
26	1.2E-5	5.4E-4	1.2E-1	2.1E-3	1.9E-5	5.7E-4
27	1.2E-5	5.7E-4	1.3E-1	2.2E-3	2.0E-5	5.9E-4
28	1.2E-5	6.0E-4	1.3E-1	2.2E-3	2.0E-5	6.2E-4
29	1.2E-5	6.4E-4	1.4E-1	2.3E-3	2.0E-5	6.4E-4
30	1.3E-5	6.7E-4	1.5E-1	2.4E-3	2.0E-5	6.7E-4
31	1.3E-5	7.1E-4	1.5E-1	2.4E-3	2.0E-5	6.9E-4
32	1.3E-5	7.5E-4	1.6E-1	2.5E-3	2.0E-5	7.1E-4
33	1.3E-5	7.9E-4	1.6E-1	2.6E-3	2.1E-5	7.4E-4
34	1.4E-5	8.3E-4	1.7E-1	2.6E-3	2.1E-5	7.6E-4
35	1.4E-5	8.7E-4	1.7E-1	2.7E-3	2.1E-5	7.8E-4
36	1.4E-5	9.1E-4	1.8E-1	2.8E-3	2.1E-5	8.0E-4
37	1.4E-5	9.5E-4	1.8E-1	2.8E-3	2.1E-5	8.2E-4
38	1.4E-5	9.9E-4	1.9E-1	2.9E-3	2.1E-5	8.4E-4
39	1.5E-5	1.0E-3	2.0E-1	3.0E-3	2.1E-5	8.6E-4
40	1.5E-5	1.1E-3	2.0E-1	3.1E-3	2.1E-5	8.8E-4
41	1.5E-5	1.1E-3	2.1E-1	3.2E-3	2.2E-5	9.0E-4
42	1.5E-5	1.2E-3	2.1E-1	3.2E-3	2.2E-5	9.1E-4
43	1.6E-5	1.2E-3	2.2E-1	3.3E-3	2.2E-5	9.3E-4
44	1.6E-5	1.3E-3	2.3E-1	3.4E-3	2.2E-5	9.4E-4
45	1.6E-5	1.3E-3	2.3E-1	3.5E-3	2.2E-5	9.6E-4
46	1.6E-5	1.3E-3	2.4E-1	3.6E-3	2.2E-5	9.7E-4
47	1.6E-5	1.4E-3	2.4E-1	3.7E-3	2.2E-5	9.8E-4
48	1.6E-5	1.4E-3	2.5E-1	3.8E-3	2.3E-5	9.9E-4
49	1.7E-5	1.5E-3	2.6E-1	3.9E-3	2.3E-5	1.0E-3
50	1.7E-5	1.5E-3	2.6E-1	3.9E-3	2.3E-5	1.0E-3
51	1.7E-5	1.6E-3	2.7E-1	4.0E-3	2.3E-5	1.0E-3
52	1.7E-5	1.6E-3	2.7E-1	4.1E-3	2.3E-5	1.0E-3
53	1.7E-5	1.7E-3	2.8E-1	4.2E-3	2.3E-5	1.0E-3
54	1.8E-5	1.7E-3	2.9E-1	4.3E-3	2.3E-5	1.1E-3
55	1.8E-5	1.8E-3	2.9E-1	4.4E-3	2.3E-5	1.1E-3
56	1.8E-5	1.8E-3	3.0E-1	4.6E-3	2.4E-5	1.1E-3
57	1.8E-5	1.9E-3	3.1E-1	4.7E-3	2.4E-5	1.1E-3
58	1.8E-5	1.9E-3	3.1E-1	4.8E-3	2.4E-5	1.1E-3
59	1.8E-5	2.0E-3	3.2E-1	4.9E-3	2.4E-5	1.1E-3
60	1.9E-5	2.0E-3	3.3E-1	5.0E-3	2.4E-5	1.1E-3
61	1.9E-5	2.1E-3	3.4E-1	5.1E-3	2.4E-5	1.1E-3
62	1.9E-5	2.1E-3	3.4E-1	5.2E-3	2.4E-5	1.1E-3
63	1.9E-5	2.2E-3	3.5E-1	5.3E-3	2.4E-5	1.1E-3
64	1.9E-5	2.2E-3	3.6E-1	5.4E-3	2.5E-5	1.1E-3
65	1.9E-5	2.3E-3	3.7E-1	5.6E-3	2.5E-5	1.1E-3
66	2.0E-5	2.4E-3	3.7E-1	5.7E-3	2.5E-5	1.1E-3
67	2.0E-5	2.4E-3	3.8E-1	5.8E-3	2.5E-5	1.1E-3
68	2.0E-5	2.5E-3	3.9E-1	5.9E-3	2.5E-5	1.1E-3
69	2.0E-5	2.5E-3	4.0E-1	6.1E-3	2.5E-5	1.1E-3
70	2.0E-5	2.6E-3	4.0E-1	6.2E-3	2.5E-5	1.1E-3
71	2.0E-5	2.6E-3	4.1E-1	6.3E-3	2.5E-5	1.1E-3
72	2.1E-5	2.7E-3	4.2E-1	6.4E-3	2.6E-5	1.1E-3
73	2.1E-5	2.8E-3	4.3E-1	6.6E-3	2.6E-5	1.1E-3
74	2.1E-5	2.8E-3	4.4E-1	6.7E-3	2.6E-5	1.2E-3
75	2.1E-5	2.9E-3	4.5E-1	6.8E-3	2.6E-5	1.2E-3
76	2.1E-5	2.9E-3	4.6E-1	7.0E-3	2.6E-5	1.2E-3
77	2.1E-5	3.0E-3	4.6E-1	7.1E-3	2.6E-5	1.2E-3
78	2.1E-5	3.1E-3	4.7E-1	7.2E-3	2.6E-5	1.2E-3
79	2.2E-5	3.1E-3	4.8E-1	7.4E-3	2.6E-5	1.2E-3
80	2.2E-5	3.2E-3	4.9E-1	7.5E-3	2.7E-5	1.2E-3
81	2.2E-5	3.2E-3	5.0E-1	7.6E-3	2.7E-5	1.2E-3
82	2.2E-5	3.3E-3	5.1E-1	7.8E-3	2.7E-5	1.2E-3
83	2.2E-5	3.4E-3	5.2E-1	7.9E-3	2.7E-5	1.2E-3
84	2.2E-5	3.4E-3	5.3E-1	8.0E-3	2.7E-5	1.2E-3
85	2.2E-5	3.5E-3	5.4E-1	8.2E-3	2.7E-5	1.2E-3
86	2.3E-5	3.6E-3	5.5E-1	8.3E-3	2.7E-5	1.2E-3
87	2.3E-5	3.6E-3	5.6E-1	8.5E-3	2.7E-5	1.2E-3
88	2.3E-5	3.7E-3	5.7E-1	8.6E-3	2.8E-5	1.2E-3
89	2.3E-5	3.8E-3	5.8E-1	8.8E-3	2.8E-5	1.2E-3
90	2.3E-5	3.9E-3	5.9E-1	8.9E-3	2.8E-5	1.2E-3
91	2.3E-5	3.9E-3	6.0E-1	9.0E-3	2.8E-5	1.2E-3
92	2.3E-5	4.0E-3	6.1E-1	9.2E-3	2.8E-5	1.2E-3
93	2.4E-5	4.1E-3	6.2E-1	9.3E-3	2.8E-5	1.2E-3
94	2.4E-5	4.2E-3	6.3E-1	9.5E-3	2.8E-5	1.2E-3
95	2.4E-5	4.2E-3	6.5E-1	9.6E-3	2.8E-5	1.2E-3
96	2.4E-5	4.3E-3	6.6E-1	9.8E-3	2.9E-5	1.2E-3
97	2.4E-5	4.4E-3	6.7E-1	9.9E-3	2.9E-5	1.2E-3
98	2.4E-5	4.5E-3	6.8E-1	1.0E-2	2.9E-5	1.2E-3
99	2.4E-5	4.5E-3	6.9E-1	1.0E-2	2.9E-5	1.2E-3
100	2.5E-5	4.6E-3	7.0E-1	1.0E-2	2.9E-5	1.2E-3
110	2.6E-5	5.5E-3	8.3E-1	1.2E-2	3.0E-5	1.2E-3
120	2.7E-5	6.4E-3	9.8E-1	1.3E-2	3.1E-5	1.2E-3
130	2.8E-5	7.5E-3	1.1E+0	1.4E-2	3.2E-5	1.2E-3
140	2.9E-5	8.7E-3	1.3E+0	1.5E-2	3.3E-5	1.2E-3
150	3.0E-5	1.0E-2	1.5E+0	1.6E-2	3.4E-5	1.2E-3
160	3.1E-5	1.1E-2	1.7E+0	1.7E-2	3.5E-5	1.2E-3
170	3.2E-5	1.3E-2	2.0E+0	1.8E-2	3.6E-5	1.2E-3
180	3.2E-5	1.5E-2	2.2E+0	1.8E-2	3.7E-5	1.2E-3
190	3.3E-5	1.7E-2	2.5E+0	1.9E-2	3.8E-5	1.3E-3
200	3.4E-5	1.9E-2	2.9E+0	1.9E-2	3.9E-5	1.3E-3
210	3.4E-5	2.1E-2	3.2E+0	1.9E-2	3.9E-5	1.3E-3
220	3.5E-5	2.4E-2	3.6E+0	2.0E-2	4.0E-5	1.3E-3
230	3.5E-5	2.7E-2	4.0E+0	2.0E-2	4.1E-5	1.3E-3
240	3.6E-5	3.0E-2	4.5E+0	2.0E-2	4.1E-5	1.3E-3
250	3.6E-5	3.3E-2	5.0E+0	2.0E-2	4.2E-5	1.3E-3
260	3.7E-5	3.6E-2	5.5E+0	2.0E-2	4.2E-5	1.3E-3
270	3.7E-5	4.0E-2	6.0E+0	2.1E-2	4.3E-5	1.3E-3
280	3.7E-5	4.4E-2	6.6E+0	2.1E-2	4.3E-5	1.3E-3
290	3.8E-5	4.8E-2	7.2E+0	2.1E-2	4.3E-5	1.3E-3
300	3.8E-5	5.2E-2	7.9E+0	2.1E-2	4.4E-5	1.3E-3
310	3.8E-5	5.7E-2	8.6E+0	2.1E-2	4.4E-5	1.3E-3
320	3.8E-5	6.1E-2	9.3E+0	2.1E-2	4.4E-5	1.3E-3
330	3.9E-5	6.6E-2	1.0E+1	2.1E-2	4.5E-5	1.3E-3
340	3.9E-5	7.1E-2	1.1E+1	2.1E-2	4.5E-5	1.3E-3
350	3.9E-5	7.6E-2	1.2E+1	2.1E-2	4.5E-5	1.3E-3
360	3.9E-5	8.1E-2	1.2E+1	2.1E-2	4.5E-5	1.3E-3
365	3.9E-5	8.4E-2	1.3E+1	2.1E-2	4.5E-5	1.3E-3
370	3.9E-5	8.6E-2	1.3E+1	2.1E-2	4.6E-5	1.3E-3
380	4.0E-5	9.1E-2	1.4E+1	2.1E-2	4.6E-5	1.3E-3
390	4.0E-5	9.6E-2	1.5E+1	2.1E-2	4.6E-5	1.3E-3
400	4.0E-5	1.0E-1	1.5E+1	2.1E-2	4.6E-5	1.3E-3
410	4.0E-5	1.1E-1	1.6E+1	2.1E-2	4.6E-5	1.3E-3
420	4.0E-5	1.1E-1	1.7E+1	2.1E-2	4.7E-5	1.3E-3
430	4.0E-5	1.2E-1	1.7E+1	2.1E-2	4.7E-5	1.3E-3
440	4.0E-5	1.2E-1	1.8E+1	2.1E-2	4.7E-5	1.3E-3
450	4.1E-5	1.2E-1	1.9E+1	2.1E-2	4.7E-5	1.3E-3
460	4.1E-5	1.3E-1	1.9E+1	2.1E-2	4.7E-5	1.3E-3
470	4.1E-5	1.3E-1	2.0E+1	2.1E-2	4.7E-5	1.3E-3
480	4.1E-5	1.3E-1	2.0E+1	2.1E-2	4.8E-5	1.3E-3
490	4.1E-5	1.4E-1	2.1E+1	2.1E-2	4.8E-5	1.3E-3
500	4.1E-5	1.4E-1	2.1E+1	2.1E-2	4.8E-5	1.3E-3
510	4.1E-5	1.4E-1	2.2E+1	2.1E-2	4.8E-5	1.3E-3
520	4.1E-5	1.5E-1	2.2E+1	2.1E-2	4.8E-5	1.3E-3
530	4.2E-5	1.5E-1	2.2E+1	2.1E-2	4.8E-5	1.3E-3
540	4.2E-5	1.5E-1	2.3E+1	2.1E-2	4.9E-5	1.3E-3
550	4.2E-5	1.5E-1	2.3E+1	2.1E-2	4.9E-5	1.3E-3
560	4.2E-5	1.6E-1	2.3E+1	2.1E-2	4.9E-5	1.3E-3
570	4.2E-5	1.6E-1	2.4E+1	2.1E-2	4.9E-5	1.4E-3
580	4.2E-5	1.6E-1	2.4E+1	2.1E-2	4.9E-5	1.4E-3
590	4.2E-5	1.6E-1	2.4E+1	2.1E-2	4.9E-5	1.4E-3
600	4.2E-5	1.6E-1	2.5E+1	2.1E-2	4.9E-5	1.4E-3
610	4.2E-5	1.6E-1	2.5E+1	2.1E-2	5.0E-5	1.4E-3
620	4.3E-5	1.7E-1	2.5E+1	2.1E-2	5.0E-5	1.4E-3
630	4.3E-5	1.7E-1	2.5E+1	2.1E-2	5.0E-5	1.4E-3
640	4.3E-5	1.7E-1	2.5E+1	2.1E-2	5.0E-5	1.4E-3
650	4.3E-5	1.7E-1	2.6E+1	2.1E-2	5.0E-5	1.4E-3
660	4.3E-5	1.7E-1	2.6E+1	2.1E-2	5.0E-5	1.4E-3
670	4.3E-5	1.7E-1	2.6E+1	2.1E-2	5.0E-5	1.4E-3
680	4.3E-5	1.7E-1	2.6E+1	2.1E-2	5.1E-5	1.4E-3
690	4.3E-5	1.7E-1	2.6E+1	2.1E-2	5.1E-5	1.4E-3
700	4.3E-5	1.8E-1	2.6E+1	2.1E-2	5.1E-5	1.4E-3
710	4.4E-5	1.8E-1	2.7E+1	2.1E-2	5.1E-5	1.4E-3
720	4.4E-5	1.8E-1	2.7E+1	2.1E-2	5.1E-5	1.4E-3
730	4.4E-5	1.8E-1	2.7E+1	2.1E-2	5.1E-5	1.4E-3
740	4.4E-5	1.8E-1	2.7E+1	2.1E-2	5.1E-5	1.4E-3
750	4.4E-5	1.8E-1	2.7E+1	2.1E-2	5.2E-5	1.4E-3
760	4.4E-5	1.8E-1	2.7E+1	2.1E-2	5.2E-5	1.4E-3
770	4.4E-5	1.8E-1	2.7E+1	2.1E-2	5.2E-5	1.4E-3
780	4.4E-5	1.8E-1	2.8E+1	2.1E-2	5.2E-5	1.4E-3
790	4.4E-5	1.8E-1	2.8E+1	2.1E-2	5.2E-5	1.4E-3
800	4.5E-5	1.8E-1	2.8E+1	2.1E-2	5.2E-5	1.4E-3
810	4.5E-5	1.9E-1	2.8E+1	2.1E-2	5.2E-5	1.4E-3
820	4.5E-5	1.9E-1	2.8E+1	2.1E-2	5.3E-5	1.4E-3
830	4.5E-5	1.9E-1	2.8E+1	2.1E-2	5.3E-5	1.4E-3
840	4.5E-5	1.9E-1	2.8E+1	2.1E-2	5.3E-5	1.4E-3
850	4.5E-5	1.9E-1	2.8E+1	2.1E-2	5.3E-5	1.4E-3
860	4.5E-5	1.9E-1	2.9E+1	2.1E-2	5.3E-5	1.4E-3
870	4.5E-5	1.9E-1	2.9E+1	2.1E-2	5.3E-5	1.4E-3
880	4.5E-5	1.9E-1	2.9E+1	2.1E-2	5.3E-5	1.4E-3
890	4.5E-5	1.9E-1	2.9E+1	2.1E-2	5.4E-5	1.4E-3
900	4.6E-5	1.9E-1	2.9E+1	2.1E-2	5.4E-5	1.4E-3
910	4.6E-5	1.9E-1	2.9E+1	2.1E-2	5.4E-5	1.4E-3
920	4.6E-5	1.9E-1	2.9E+1	2.1E-2	5.4E-5	1.4E-3
930	4.6E-5	2.0E-1	2.9E+1	2.1E-2	5.4E-5	1.4E-3
940	4.6E-5	2.0E-1	3.0E+1	2.1E-2	5.4E-5	1.4E-3
950	4.6E-5	2.0E-1	3.0E+1	2.1E-2	5.4E-5	1.4E-3
960	4.6E-5	2.0E-1	3.0E+1	2.1E-2	5.5E-5	1.4E-3
970	4.6E-5	2.0E-1	3.0E+1	2.2E-2	5.5E-5	1.5E-3
980	4.6E-5	2.0E-1	3.0E+1	2.2E-2	5.5E-5	1.5E-3
990	4.7E-5	2.0E-1	3.0E+1	2.2E-2	5.5E-5	1.5E-3
1000	4.7E-5	2.0E-1	3.0E+1	2.2E-2	5.5E-5	1.5E-3
1010	4.7E-5	2.0E-1	3.0E+1	2.2E-2	5.5E-5	1.5E-3
1020	4.7E-5	2.0E-1	3.1E+1	2.2E-2	5.5E-5	1.5E-3
1030	4.7E-5	2.0E-1	3.1E+1	2.2E-2	5.6E-5	1.5E-3
1040	4.7E-5	2.0E-1	3.1E+1	2.2E-2	5.6E-5	1.5E-3
1050	4.7E-5	2.1E-1	3.1E+1	2.2E-2	5.6E-5	1.5E-3
1060	4.7E-5	2.1E-1	3.1E+1	2.2E-2	5.6E-5	1.5E-3
1070	4.7E-5	2.1E-1	3.1E+1	2.2E-2	5.6E-5	1.5E-3
1080	4.8E-5	2.1E-1	3.1E+1	2.2E-2	5.6E-5	1.5E-3
1090	4.8E-5	2.1E-1	3.1E+1	2.2E-2	5.6E-5	1.5E-3
1095	4.8E-5	2.1E-1	3.2E+1	2.2E-2	5.7E-5	1.5E-3
1100	4.8E-5	2.1E-1	3.2E+1	2.2E-2	5.7E-5	1.5E-3
1200	4.9E-5	2.2E-1	-	2.2E-2	5.8E-5	1.5E-3
1300	5.0E-5	2.3E-1	-	2.2E-2	6.0E-5	1.5E-3
1400	5.1E-5	2.4E-1	-	2.2E-2	6.1E-5	1.6E-3
1500	5.2E-5	2.5E-1	-	2.2E-2	6.3E-5	1.6E-3
1600	5.3E-5	2.6E-1	-	2.2E-2	6.4E-5	1.6E-3
1700	5.4E-5	2.7E-1	-	2.2E-2	6.6E-5	1.7E-3
1800	5.6E-5	2.8E-1	-	2.2E-2	6.7E-5	1.7E-3
1900	5.7E-5	2.9E-1	-	2.2E-2	6.9E-5	1.7E-3
2000	5.8E-5	3.0E-1	-	2.2E-2	7.0E-5	1.7E-3
2100	5.9E-5	3.1E-1	-	2.2E-2	7.2E-5	1.8E-3
2200	6.0E-5	3.2E-1	-	2.2E-2	7.3E-5	1.8E-3
2300	6.1E-5	3.3E-1	-	2.2E-2	7.5E-5	1.8E-3
2400	6.2E-5	3.5E-1	-	2.2E-2	7.7E-5	1.9E-3
2500	6.3E-5	3.6E-1	-	2.2E-2	7.8E-5	1.9E-3
2600	6.5E-5	3.7E-1	-	2.2E-2	8.0E-5	2.0E-3
2700	6.6E-5	3.8E-1	-	2.2E-2	8.1E-5	2.0E-3
2800	6.7E-5	4.0E-1	-	2.2E-2	8.3E-5	2.0E-3
2900	6.8E-5	4.1E-1	-	2.2E-2	8.5E-5	2.1E-3
3000	6.9E-5	4.3E-1	-	2.2E-2	8.6E-5	2.1E-3
3100	7.0E-5	4.4E-1	-	2.2E-2	8.8E-5	2.1E-3
3200	7.1E-5	4.6E-1	-	2.2E-2	8.9E-5	2.2E-3
3300	7.2E-5	4.7E-1	-	2.2E-2	9.1E-5	2.2E-3
3400	7.4E-5	4.9E-1	-	2.2E-2	9.3E-5	2.3E-3
3500	7.5E-5	5.0E-1	-	2.2E-2	9.4E-5	2.3E-3
3600	7.6E-5	5.2E-1	-	2.2E-2	9.6E-5	2.3E-3
3650	7.6E-5	5.3E-1	-	2.2E-2	9.7E-5	2.4E-3
4000	8.0E-5	5.9E-1	-	2.3E-2	1.0E-4	2.5E-3
5000	9.1E-5	7.9E-1	-	2.3E-2	1.2E-4	3.0E-3
6000	1.0E-4	1.0E+0	-	2.3E-2	1.4E-4	3.6E-3
7000	1.1E-4	1.3E+0	-	2.4E-2	1.5E-4	4.4E-3
8000	1.2E-4	1.5E+0	-	2.4E-2	1.7E-4	5.3E-3
9000	1.3E-4	1.7E+0	-	2.5E-2	1.9E-4	6.4E-3
10000	1.4E-4	2.0E+0	-	2.5E-2	2.0E-4	7.6E-3
11000	1.5E-4	2.2E+0	-	2.5E-2	2.2E-4	9.2E-3
12000	1.6E-4	2.5E+0	-	2.6E-2	2.4E-4	1.1E-2
13000	1.7E-4	2.7E+0	-	2.6E-2	2.6E-4	1.3E-2
14000	1.8E-4	3.0E+0	-	2.7E-2	2.8E-4	1.6E-2
15000	2.0E-4	3.3E+0	-	2.7E-2	3.1E-4	1.9E-2
16000	2.1E-4	3.5E+0	-	2.8E-2	3.4E-4	2.3E-2
17000	2.2E-4	3.8E+0	-	2.8E-2	3.6E-4	2.7E-2
18000	2.3E-4	4.1E+0	-	2.9E-2	3.9E-4	3.3E-2
18250	2.4E-4	4.2E+0	-	2.9E-2	4.0E-4	3.4E-2
Radionuclide	U-235
Route of Intake	Injection
Material	Injection, fA=2E-2
AMTD/AMAD, µm	-

Committed Effective Dose per Predicted Content in an Organ or Excreta Sample (Dose per Content Functions z(t)), Sv/Bq
Time, days	Whole Body	Urine (24-hour sample)	Faeces (24-hour sample)	Alimentary Tract*	Skeleton*	Liver*
0.041667	1.7E-6	-	-	6.1E-5	1.6E-5	4.6E-5
0.083333	2.0E-6	-	-	1.0E-4	1.4E-5	7.6E-5
0.125	2.3E-6	-	-	1.3E-4	1.3E-5	8.9E-5
0.25	3.1E-6	-	-	1.6E-4	1.2E-5	9.7E-5
0.375	3.7E-6	-	-	1.9E-4	1.1E-5	1.0E-4
0.5	4.0E-6	-	-	2.1E-4	1.1E-5	1.0E-4
0.625	4.2E-6	-	-	2.3E-4	1.1E-5	1.0E-4
0.75	4.3E-6	-	-	2.5E-4	1.1E-5	1.0E-4
0.875	4.4E-6	-	-	2.6E-4	1.1E-5	1.1E-4
1	4.5E-6	2.5E-6	1.1E-3	2.8E-4	1.1E-5	1.1E-4
1.125	4.5E-6	-	-	3.0E-4	1.1E-5	1.1E-4
1.25	4.6E-6	-	-	3.2E-4	1.1E-5	1.1E-4
1.375	4.6E-6	-	-	3.5E-4	1.1E-5	1.1E-4
1.5	4.7E-6	-	-	3.7E-4	1.1E-5	1.1E-4
1.625	4.7E-6	-	-	4.0E-4	1.1E-5	1.1E-4
1.75	4.7E-6	-	-	4.3E-4	1.1E-5	1.1E-4
1.875	4.8E-6	-	-	4.6E-4	1.2E-5	1.2E-4
2	4.8E-6	7.2E-5	6.9E-4	4.9E-4	1.2E-5	1.2E-4
2.25	4.9E-6	-	-	5.6E-4	1.2E-5	1.2E-4
2.5	5.0E-6	-	-	6.3E-4	1.2E-5	1.2E-4
2.75	5.0E-6	-	-	7.0E-4	1.2E-5	1.2E-4
3	5.1E-6	8.8E-5	1.5E-3	7.6E-4	1.2E-5	1.3E-4
3.25	5.2E-6	-	-	8.1E-4	1.2E-5	1.3E-4
3.5	5.3E-6	-	-	8.6E-4	1.2E-5	1.3E-4
3.75	5.3E-6	-	-	9.0E-4	1.3E-5	1.4E-4
4	5.4E-6	9.7E-5	4.6E-3	9.3E-4	1.3E-5	1.4E-4
4.25	5.5E-6	-	-	9.6E-4	1.3E-5	1.4E-4
4.5	5.5E-6	-	-	9.9E-4	1.3E-5	1.4E-4
4.75	5.6E-6	-	-	1.0E-3	1.3E-5	1.5E-4
5	5.7E-6	1.1E-4	1.3E-2	1.0E-3	1.3E-5	1.5E-4
5.5	5.8E-6	-	-	1.1E-3	1.3E-5	1.6E-4
6	6.0E-6	1.2E-4	2.4E-2	1.1E-3	1.4E-5	1.6E-4
6.5	6.1E-6	-	-	1.1E-3	1.4E-5	1.7E-4
7	6.3E-6	1.3E-4	3.1E-2	1.1E-3	1.4E-5	1.7E-4
7.5	6.4E-6	-	-	1.2E-3	1.4E-5	1.8E-4
8	6.6E-6	1.4E-4	3.6E-2	1.2E-3	1.4E-5	1.9E-4
8.5	6.7E-6	-	-	1.2E-3	1.5E-5	2.0E-4
9	6.9E-6	1.5E-4	4.0E-2	1.2E-3	1.5E-5	2.0E-4
9.5	7.0E-6	-	-	1.3E-3	1.5E-5	2.1E-4
10	7.1E-6	1.7E-4	4.4E-2	1.3E-3	1.5E-5	2.2E-4
11	7.4E-6	1.8E-4	4.8E-2	1.3E-3	1.6E-5	2.3E-4
12	7.7E-6	2.0E-4	5.2E-2	1.4E-3	1.6E-5	2.5E-4
13	8.0E-6	2.2E-4	5.7E-2	1.4E-3	1.6E-5	2.7E-4
14	8.3E-6	2.3E-4	6.1E-2	1.5E-3	1.7E-5	2.9E-4
15	8.6E-6	2.5E-4	6.6E-2	1.5E-3	1.7E-5	3.1E-4
16	8.9E-6	2.7E-4	7.1E-2	1.6E-3	1.7E-5	3.3E-4
17	9.2E-6	2.9E-4	7.5E-2	1.6E-3	1.7E-5	3.5E-4
18	9.4E-6	3.1E-4	8.0E-2	1.7E-3	1.8E-5	3.7E-4
19	9.7E-6	3.4E-4	8.5E-2	1.7E-3	1.8E-5	3.9E-4
20	1.0E-5	3.6E-4	9.0E-2	1.8E-3	1.8E-5	4.1E-4
21	1.0E-5	3.9E-4	9.5E-2	1.8E-3	1.8E-5	4.4E-4
22	1.0E-5	4.1E-4	1.0E-1	1.9E-3	1.8E-5	4.6E-4
23	1.1E-5	4.4E-4	1.1E-1	1.9E-3	1.9E-5	4.8E-4
24	1.1E-5	4.7E-4	1.1E-1	2.0E-3	1.9E-5	5.1E-4
25	1.1E-5	5.0E-4	1.2E-1	2.0E-3	1.9E-5	5.3E-4
26	1.2E-5	5.3E-4	1.2E-1	2.1E-3	1.9E-5	5.6E-4
27	1.2E-5	5.6E-4	1.3E-1	2.1E-3	1.9E-5	5.8E-4
28	1.2E-5	6.0E-4	1.3E-1	2.2E-3	1.9E-5	6.1E-4
29	1.2E-5	6.3E-4	1.4E-1	2.2E-3	1.9E-5	6.3E-4
30	1.2E-5	6.6E-4	1.4E-1	2.3E-3	2.0E-5	6.5E-4
31	1.3E-5	7.0E-4	1.5E-1	2.4E-3	2.0E-5	6.8E-4
32	1.3E-5	7.4E-4	1.5E-1	2.4E-3	2.0E-5	7.0E-4
33	1.3E-5	7.7E-4	1.6E-1	2.5E-3	2.0E-5	7.2E-4
34	1.3E-5	8.1E-4	1.6E-1	2.6E-3	2.0E-5	7.4E-4
35	1.4E-5	8.5E-4	1.7E-1	2.6E-3	2.0E-5	7.6E-4
36	1.4E-5	8.9E-4	1.8E-1	2.7E-3	2.0E-5	7.9E-4
37	1.4E-5	9.3E-4	1.8E-1	2.8E-3	2.1E-5	8.0E-4
38	1.4E-5	9.7E-4	1.9E-1	2.9E-3	2.1E-5	8.2E-4
39	1.4E-5	1.0E-3	1.9E-1	2.9E-3	2.1E-5	8.4E-4
40	1.5E-5	1.1E-3	2.0E-1	3.0E-3	2.1E-5	8.6E-4
41	1.5E-5	1.1E-3	2.0E-1	3.1E-3	2.1E-5	8.8E-4
42	1.5E-5	1.1E-3	2.1E-1	3.2E-3	2.1E-5	8.9E-4
43	1.5E-5	1.2E-3	2.1E-1	3.2E-3	2.1E-5	9.1E-4
44	1.5E-5	1.2E-3	2.2E-1	3.3E-3	2.1E-5	9.2E-4
45	1.6E-5	1.3E-3	2.3E-1	3.4E-3	2.2E-5	9.3E-4
46	1.6E-5	1.3E-3	2.3E-1	3.5E-3	2.2E-5	9.5E-4
47	1.6E-5	1.4E-3	2.4E-1	3.6E-3	2.2E-5	9.6E-4
48	1.6E-5	1.4E-3	2.4E-1	3.7E-3	2.2E-5	9.7E-4
49	1.6E-5	1.5E-3	2.5E-1	3.8E-3	2.2E-5	9.8E-4
50	1.6E-5	1.5E-3	2.6E-1	3.9E-3	2.2E-5	9.9E-4
51	1.7E-5	1.6E-3	2.6E-1	4.0E-3	2.2E-5	1.0E-3
52	1.7E-5	1.6E-3	2.7E-1	4.1E-3	2.2E-5	1.0E-3
53	1.7E-5	1.6E-3	2.7E-1	4.2E-3	2.3E-5	1.0E-3
54	1.7E-5	1.7E-3	2.8E-1	4.3E-3	2.3E-5	1.0E-3
55	1.7E-5	1.7E-3	2.9E-1	4.4E-3	2.3E-5	1.0E-3
56	1.7E-5	1.8E-3	2.9E-1	4.5E-3	2.3E-5	1.0E-3
57	1.8E-5	1.8E-3	3.0E-1	4.6E-3	2.3E-5	1.1E-3
58	1.8E-5	1.9E-3	3.1E-1	4.7E-3	2.3E-5	1.1E-3
59	1.8E-5	1.9E-3	3.1E-1	4.8E-3	2.3E-5	1.1E-3
60	1.8E-5	2.0E-3	3.2E-1	4.9E-3	2.3E-5	1.1E-3
61	1.8E-5	2.0E-3	3.3E-1	5.0E-3	2.4E-5	1.1E-3
62	1.8E-5	2.1E-3	3.4E-1	5.1E-3	2.4E-5	1.1E-3
63	1.9E-5	2.1E-3	3.4E-1	5.2E-3	2.4E-5	1.1E-3
64	1.9E-5	2.2E-3	3.5E-1	5.3E-3	2.4E-5	1.1E-3
65	1.9E-5	2.3E-3	3.6E-1	5.4E-3	2.4E-5	1.1E-3
66	1.9E-5	2.3E-3	3.6E-1	5.6E-3	2.4E-5	1.1E-3
67	1.9E-5	2.4E-3	3.7E-1	5.7E-3	2.4E-5	1.1E-3
68	1.9E-5	2.4E-3	3.8E-1	5.8E-3	2.4E-5	1.1E-3
69	2.0E-5	2.5E-3	3.9E-1	5.9E-3	2.5E-5	1.1E-3
70	2.0E-5	2.5E-3	4.0E-1	6.0E-3	2.5E-5	1.1E-3
71	2.0E-5	2.6E-3	4.0E-1	6.2E-3	2.5E-5	1.1E-3
72	2.0E-5	2.6E-3	4.1E-1	6.3E-3	2.5E-5	1.1E-3
73	2.0E-5	2.7E-3	4.2E-1	6.4E-3	2.5E-5	1.1E-3
74	2.0E-5	2.8E-3	4.3E-1	6.5E-3	2.5E-5	1.1E-3
75	2.0E-5	2.8E-3	4.4E-1	6.7E-3	2.5E-5	1.1E-3
76	2.1E-5	2.9E-3	4.5E-1	6.8E-3	2.5E-5	1.1E-3
77	2.1E-5	2.9E-3	4.5E-1	6.9E-3	2.6E-5	1.1E-3
78	2.1E-5	3.0E-3	4.6E-1	7.1E-3	2.6E-5	1.1E-3
79	2.1E-5	3.1E-3	4.7E-1	7.2E-3	2.6E-5	1.1E-3
80	2.1E-5	3.1E-3	4.8E-1	7.3E-3	2.6E-5	1.1E-3
81	2.1E-5	3.2E-3	4.9E-1	7.5E-3	2.6E-5	1.1E-3
82	2.1E-5	3.2E-3	5.0E-1	7.6E-3	2.6E-5	1.1E-3
83	2.2E-5	3.3E-3	5.1E-1	7.7E-3	2.6E-5	1.1E-3
84	2.2E-5	3.4E-3	5.2E-1	7.9E-3	2.6E-5	1.1E-3
85	2.2E-5	3.4E-3	5.3E-1	8.0E-3	2.7E-5	1.1E-3
86	2.2E-5	3.5E-3	5.4E-1	8.1E-3	2.7E-5	1.1E-3
87	2.2E-5	3.6E-3	5.5E-1	8.3E-3	2.7E-5	1.1E-3
88	2.2E-5	3.6E-3	5.6E-1	8.4E-3	2.7E-5	1.2E-3
89	2.2E-5	3.7E-3	5.7E-1	8.6E-3	2.7E-5	1.2E-3
90	2.3E-5	3.8E-3	5.8E-1	8.7E-3	2.7E-5	1.2E-3
91	2.3E-5	3.8E-3	5.9E-1	8.8E-3	2.7E-5	1.2E-3
92	2.3E-5	3.9E-3	6.0E-1	9.0E-3	2.7E-5	1.2E-3
93	2.3E-5	4.0E-3	6.1E-1	9.1E-3	2.7E-5	1.2E-3
94	2.3E-5	4.1E-3	6.2E-1	9.3E-3	2.8E-5	1.2E-3
95	2.3E-5	4.1E-3	6.3E-1	9.4E-3	2.8E-5	1.2E-3
96	2.3E-5	4.2E-3	6.4E-1	9.5E-3	2.8E-5	1.2E-3
97	2.4E-5	4.3E-3	6.5E-1	9.7E-3	2.8E-5	1.2E-3
98	2.4E-5	4.4E-3	6.7E-1	9.8E-3	2.8E-5	1.2E-3
99	2.4E-5	4.4E-3	6.8E-1	1.0E-2	2.8E-5	1.2E-3
100	2.4E-5	4.5E-3	6.9E-1	1.0E-2	2.8E-5	1.2E-3
110	2.5E-5	5.3E-3	8.1E-1	1.1E-2	2.9E-5	1.2E-3
120	2.6E-5	6.3E-3	9.5E-1	1.3E-2	3.1E-5	1.2E-3
130	2.7E-5	7.3E-3	1.1E+0	1.4E-2	3.2E-5	1.2E-3
140	2.8E-5	8.5E-3	1.3E+0	1.5E-2	3.3E-5	1.2E-3
150	2.9E-5	9.8E-3	1.5E+0	1.6E-2	3.4E-5	1.2E-3
160	3.0E-5	1.1E-2	1.7E+0	1.7E-2	3.5E-5	1.2E-3
170	3.1E-5	1.3E-2	1.9E+0	1.7E-2	3.5E-5	1.2E-3
180	3.2E-5	1.4E-2	2.2E+0	1.8E-2	3.6E-5	1.2E-3
190	3.2E-5	1.6E-2	2.5E+0	1.8E-2	3.7E-5	1.2E-3
200	3.3E-5	1.8E-2	2.8E+0	1.9E-2	3.8E-5	1.2E-3
210	3.3E-5	2.1E-2	3.1E+0	1.9E-2	3.8E-5	1.2E-3
220	3.4E-5	2.3E-2	3.5E+0	1.9E-2	3.9E-5	1.2E-3
230	3.4E-5	2.6E-2	3.9E+0	1.9E-2	4.0E-5	1.2E-3
240	3.5E-5	2.9E-2	4.4E+0	2.0E-2	4.0E-5	1.2E-3
250	3.5E-5	3.2E-2	4.8E+0	2.0E-2	4.1E-5	1.2E-3
260	3.6E-5	3.5E-2	5.3E+0	2.0E-2	4.1E-5	1.2E-3
270	3.6E-5	3.9E-2	5.9E+0	2.0E-2	4.1E-5	1.2E-3
280	3.6E-5	4.3E-2	6.5E+0	2.0E-2	4.2E-5	1.2E-3
290	3.7E-5	4.7E-2	7.1E+0	2.0E-2	4.2E-5	1.2E-3
300	3.7E-5	5.1E-2	7.7E+0	2.0E-2	4.3E-5	1.3E-3
310	3.7E-5	5.5E-2	8.4E+0	2.0E-2	4.3E-5	1.3E-3
320	3.7E-5	6.0E-2	9.1E+0	2.0E-2	4.3E-5	1.3E-3
330	3.8E-5	6.5E-2	9.8E+0	2.0E-2	4.3E-5	1.3E-3
340	3.8E-5	6.9E-2	1.0E+1	2.0E-2	4.4E-5	1.3E-3
350	3.8E-5	7.4E-2	1.1E+1	2.1E-2	4.4E-5	1.3E-3
360	3.8E-5	7.9E-2	1.2E+1	2.1E-2	4.4E-5	1.3E-3
365	3.8E-5	8.2E-2	1.2E+1	2.1E-2	4.4E-5	1.3E-3
370	3.8E-5	8.4E-2	1.3E+1	2.1E-2	4.4E-5	1.3E-3
380	3.8E-5	8.9E-2	1.3E+1	2.1E-2	4.5E-5	1.3E-3
390	3.9E-5	9.4E-2	1.4E+1	2.1E-2	4.5E-5	1.3E-3
400	3.9E-5	9.9E-2	1.5E+1	2.1E-2	4.5E-5	1.3E-3
410	3.9E-5	1.0E-1	1.6E+1	2.1E-2	4.5E-5	1.3E-3
420	3.9E-5	1.1E-1	1.6E+1	2.1E-2	4.5E-5	1.3E-3
430	3.9E-5	1.1E-1	1.7E+1	2.1E-2	4.6E-5	1.3E-3
440	3.9E-5	1.2E-1	1.8E+1	2.1E-2	4.6E-5	1.3E-3
450	4.0E-5	1.2E-1	1.8E+1	2.1E-2	4.6E-5	1.3E-3
460	4.0E-5	1.2E-1	1.9E+1	2.1E-2	4.6E-5	1.3E-3
470	4.0E-5	1.3E-1	1.9E+1	2.1E-2	4.6E-5	1.3E-3
480	4.0E-5	1.3E-1	2.0E+1	2.1E-2	4.6E-5	1.3E-3
490	4.0E-5	1.3E-1	2.0E+1	2.1E-2	4.7E-5	1.3E-3
500	4.0E-5	1.4E-1	2.1E+1	2.1E-2	4.7E-5	1.3E-3
510	4.0E-5	1.4E-1	2.1E+1	2.1E-2	4.7E-5	1.3E-3
520	4.0E-5	1.4E-1	2.2E+1	2.1E-2	4.7E-5	1.3E-3
530	4.0E-5	1.5E-1	2.2E+1	2.1E-2	4.7E-5	1.3E-3
540	4.1E-5	1.5E-1	2.2E+1	2.1E-2	4.7E-5	1.3E-3
550	4.1E-5	1.5E-1	2.3E+1	2.1E-2	4.7E-5	1.3E-3
560	4.1E-5	1.5E-1	2.3E+1	2.1E-2	4.8E-5	1.3E-3
570	4.1E-5	1.5E-1	2.3E+1	2.1E-2	4.8E-5	1.3E-3
580	4.1E-5	1.6E-1	2.3E+1	2.1E-2	4.8E-5	1.3E-3
590	4.1E-5	1.6E-1	2.4E+1	2.1E-2	4.8E-5	1.3E-3
600	4.1E-5	1.6E-1	2.4E+1	2.1E-2	4.8E-5	1.3E-3
610	4.1E-5	1.6E-1	2.4E+1	2.1E-2	4.8E-5	1.3E-3
620	4.1E-5	1.6E-1	2.4E+1	2.1E-2	4.8E-5	1.3E-3
630	4.2E-5	1.6E-1	2.5E+1	2.1E-2	4.9E-5	1.3E-3
640	4.2E-5	1.6E-1	2.5E+1	2.1E-2	4.9E-5	1.3E-3
650	4.2E-5	1.7E-1	2.5E+1	2.1E-2	4.9E-5	1.3E-3
660	4.2E-5	1.7E-1	2.5E+1	2.1E-2	4.9E-5	1.3E-3
670	4.2E-5	1.7E-1	2.5E+1	2.1E-2	4.9E-5	1.3E-3
680	4.2E-5	1.7E-1	2.5E+1	2.1E-2	4.9E-5	1.3E-3
690	4.2E-5	1.7E-1	2.6E+1	2.1E-2	4.9E-5	1.3E-3
700	4.2E-5	1.7E-1	2.6E+1	2.1E-2	5.0E-5	1.3E-3
710	4.2E-5	1.7E-1	2.6E+1	2.1E-2	5.0E-5	1.3E-3
720	4.3E-5	1.7E-1	2.6E+1	2.1E-2	5.0E-5	1.4E-3
730	4.3E-5	1.7E-1	2.6E+1	2.1E-2	5.0E-5	1.4E-3
740	4.3E-5	1.7E-1	2.6E+1	2.1E-2	5.0E-5	1.4E-3
750	4.3E-5	1.8E-1	2.6E+1	2.1E-2	5.0E-5	1.4E-3
760	4.3E-5	1.8E-1	2.7E+1	2.1E-2	5.0E-5	1.4E-3
770	4.3E-5	1.8E-1	2.7E+1	2.1E-2	5.1E-5	1.4E-3
780	4.3E-5	1.8E-1	2.7E+1	2.1E-2	5.1E-5	1.4E-3
790	4.3E-5	1.8E-1	2.7E+1	2.1E-2	5.1E-5	1.4E-3
800	4.3E-5	1.8E-1	2.7E+1	2.1E-2	5.1E-5	1.4E-3
810	4.3E-5	1.8E-1	2.7E+1	2.1E-2	5.1E-5	1.4E-3
820	4.4E-5	1.8E-1	2.7E+1	2.1E-2	5.1E-5	1.4E-3
830	4.4E-5	1.8E-1	2.7E+1	2.1E-2	5.1E-5	1.4E-3
840	4.4E-5	1.8E-1	2.8E+1	2.1E-2	5.1E-5	1.4E-3
850	4.4E-5	1.8E-1	2.8E+1	2.1E-2	5.2E-5	1.4E-3
860	4.4E-5	1.8E-1	2.8E+1	2.1E-2	5.2E-5	1.4E-3
870	4.4E-5	1.9E-1	2.8E+1	2.1E-2	5.2E-5	1.4E-3
880	4.4E-5	1.9E-1	2.8E+1	2.1E-2	5.2E-5	1.4E-3
890	4.4E-5	1.9E-1	2.8E+1	2.1E-2	5.2E-5	1.4E-3
900	4.4E-5	1.9E-1	2.8E+1	2.1E-2	5.2E-5	1.4E-3
910	4.5E-5	1.9E-1	2.8E+1	2.1E-2	5.2E-5	1.4E-3
920	4.5E-5	1.9E-1	2.9E+1	2.1E-2	5.3E-5	1.4E-3
930	4.5E-5	1.9E-1	2.9E+1	2.1E-2	5.3E-5	1.4E-3
940	4.5E-5	1.9E-1	2.9E+1	2.1E-2	5.3E-5	1.4E-3
950	4.5E-5	1.9E-1	2.9E+1	2.1E-2	5.3E-5	1.4E-3
960	4.5E-5	1.9E-1	2.9E+1	2.1E-2	5.3E-5	1.4E-3
970	4.5E-5	1.9E-1	2.9E+1	2.1E-2	5.3E-5	1.4E-3
980	4.5E-5	1.9E-1	2.9E+1	2.1E-2	5.3E-5	1.4E-3
990	4.5E-5	2.0E-1	2.9E+1	2.1E-2	5.4E-5	1.4E-3
1000	4.5E-5	2.0E-1	3.0E+1	2.1E-2	5.4E-5	1.4E-3
1010	4.6E-5	2.0E-1	3.0E+1	2.1E-2	5.4E-5	1.4E-3
1020	4.6E-5	2.0E-1	3.0E+1	2.1E-2	5.4E-5	1.4E-3
1030	4.6E-5	2.0E-1	3.0E+1	2.1E-2	5.4E-5	1.4E-3
1040	4.6E-5	2.0E-1	3.0E+1	2.1E-2	5.4E-5	1.4E-3
1050	4.6E-5	2.0E-1	3.0E+1	2.1E-2	5.4E-5	1.4E-3
1060	4.6E-5	2.0E-1	3.0E+1	2.1E-2	5.5E-5	1.4E-3
1070	4.6E-5	2.0E-1	3.0E+1	2.1E-2	5.5E-5	1.4E-3
1080	4.6E-5	2.0E-1	3.1E+1	2.1E-2	5.5E-5	1.4E-3
1090	4.6E-5	2.0E-1	3.1E+1	2.1E-2	5.5E-5	1.4E-3
1095	4.6E-5	2.0E-1	3.1E+1	2.1E-2	5.5E-5	1.4E-3
1100	4.7E-5	2.0E-1	3.1E+1	2.1E-2	5.5E-5	1.4E-3
1200	4.8E-5	2.1E-1	3.2E+1	2.1E-2	5.7E-5	1.5E-3
1300	4.9E-5	2.2E-1	3.3E+1	2.1E-2	5.8E-5	1.5E-3
1400	5.0E-5	2.3E-1	3.5E+1	2.1E-2	5.9E-5	1.5E-3
1500	5.1E-5	2.4E-1	3.6E+1	2.1E-2	6.1E-5	1.6E-3
1600	5.2E-5	2.5E-1	3.7E+1	2.1E-2	6.2E-5	1.6E-3
1700	5.3E-5	2.6E-1	3.9E+1	2.1E-2	6.4E-5	1.6E-3
1800	5.4E-5	2.7E-1	4.0E+1	2.1E-2	6.5E-5	1.6E-3
1900	5.5E-5	2.8E-1	4.2E+1	2.1E-2	6.7E-5	1.7E-3
2000	5.6E-5	2.9E-1	4.4E+1	2.1E-2	6.8E-5	1.7E-3
2100	5.7E-5	3.0E-1	4.5E+1	2.1E-2	7.0E-5	1.7E-3
2200	5.9E-5	3.1E-1	4.7E+1	2.1E-2	7.1E-5	1.8E-3
2300	6.0E-5	3.2E-1	4.9E+1	2.1E-2	7.3E-5	1.8E-3
2400	6.1E-5	3.4E-1	5.1E+1	2.1E-2	7.5E-5	1.8E-3
2500	6.2E-5	3.5E-1	5.3E+1	2.1E-2	7.6E-5	1.9E-3
2600	6.3E-5	3.6E-1	5.4E+1	2.1E-2	7.8E-5	1.9E-3
2700	6.4E-5	3.7E-1	5.6E+1	2.1E-2	7.9E-5	1.9E-3
2800	6.5E-5	3.9E-1	5.8E+1	2.2E-2	8.1E-5	2.0E-3
2900	6.6E-5	4.0E-1	6.1E+1	2.2E-2	8.2E-5	2.0E-3
3000	6.7E-5	4.2E-1	6.3E+1	2.2E-2	8.4E-5	2.0E-3
3100	6.8E-5	4.3E-1	6.5E+1	2.2E-2	8.6E-5	2.1E-3
3200	7.0E-5	4.5E-1	6.7E+1	2.2E-2	8.7E-5	2.1E-3
3300	7.1E-5	4.6E-1	6.9E+1	2.2E-2	8.9E-5	2.2E-3
3400	7.2E-5	4.8E-1	7.2E+1	2.2E-2	9.0E-5	2.2E-3
3500	7.3E-5	4.9E-1	7.4E+1	2.2E-2	9.2E-5	2.2E-3
3600	7.4E-5	5.1E-1	7.7E+1	2.2E-2	9.4E-5	2.3E-3
3650	7.4E-5	5.2E-1	7.8E+1	2.2E-2	9.4E-5	2.3E-3
4000	7.8E-5	5.8E-1	8.7E+1	2.2E-2	1.0E-4	2.5E-3
5000	8.9E-5	7.7E-1	1.2E+2	2.2E-2	1.2E-4	3.0E-3
6000	9.9E-5	9.9E-1	1.5E+2	2.3E-2	1.3E-4	3.6E-3
7000	1.1E-4	1.2E+0	1.8E+2	2.3E-2	1.5E-4	4.3E-3
8000	1.2E-4	1.5E+0	2.2E+2	2.4E-2	1.6E-4	5.1E-3
9000	1.3E-4	1.7E+0	2.6E+2	2.4E-2	1.8E-4	6.2E-3
10000	1.4E-4	1.9E+0	2.9E+2	2.4E-2	2.0E-4	7.4E-3
11000	1.5E-4	2.2E+0	3.3E+2	2.5E-2	2.2E-4	9.0E-3
12000	1.6E-4	2.4E+0	3.7E+2	2.5E-2	2.3E-4	1.1E-2
13000	1.7E-4	2.7E+0	4.0E+2	2.6E-2	2.6E-4	1.3E-2
14000	1.8E-4	2.9E+0	4.4E+2	2.6E-2	2.8E-4	1.6E-2
15000	1.9E-4	3.2E+0	4.8E+2	2.7E-2	3.0E-4	1.9E-2
16000	2.0E-4	3.5E+0	5.2E+2	2.7E-2	3.3E-4	2.2E-2
17000	2.1E-4	3.7E+0	5.6E+2	2.8E-2	3.5E-4	2.7E-2
18000	2.3E-4	4.0E+0	6.1E+2	2.8E-2	3.8E-4	3.2E-2
18250	2.3E-4	4.1E+0	6.2E+2	2.8E-2	3.9E-4	3.3E-2
Radionuclide	U-235
Route of Intake	Inhalation
Material	Aerosols Type F, Uranium hexafluoride, uranyl tributyl-phosphate, fA=2E-2
AMTD/AMAD, µm	0.001

Committed Effective Dose per Predicted Content in an Organ or Excreta Sample (Dose per Content Functions z(t)), Sv/Bq
Time, days	Whole Body	Urine (24-hour sample)	Faeces (24-hour sample)	Alimentary Tract*	Lungs*	Skeleton*	Liver*
0.041667	4.3E-7	-	-	1.4E-6	3.9E-6	5.2E-5	9.1E-5
0.083333	4.4E-7	-	-	1.2E-6	6.6E-6	3.2E-5	9.7E-5
0.125	4.5E-7	-	-	1.1E-6	1.1E-5	2.5E-5	1.1E-4
0.25	4.9E-7	-	-	9.8E-7	4.0E-5	1.8E-5	1.2E-4
0.375	5.2E-7	-	-	8.9E-7	1.2E-4	1.6E-5	1.3E-4
0.5	5.4E-7	-	-	8.4E-7	2.8E-4	1.5E-5	1.3E-4
0.625	5.6E-7	-	-	8.1E-7	4.8E-4	1.4E-5	1.3E-4
0.75	5.9E-7	-	-	8.1E-7	6.7E-4	1.4E-5	1.3E-4
0.875	6.2E-7	-	-	8.2E-7	8.1E-4	1.4E-5	1.3E-4
1	6.5E-7	3.1E-6	4.7E-6	8.4E-7	9.1E-4	1.4E-5	1.3E-4
1.125	6.9E-7	-	-	8.8E-7	9.9E-4	1.4E-5	1.3E-4
1.25	7.4E-7	-	-	9.3E-7	1.1E-3	1.4E-5	1.3E-4
1.375	8.0E-7	-	-	1.0E-6	1.1E-3	1.4E-5	1.3E-4
1.5	8.6E-7	-	-	1.1E-6	1.2E-3	1.4E-5	1.3E-4
1.625	9.4E-7	-	-	1.2E-6	1.2E-3	1.4E-5	1.4E-4
1.75	1.0E-6	-	-	1.3E-6	1.3E-3	1.4E-5	1.4E-4
1.875	1.1E-6	-	-	1.4E-6	1.3E-3	1.4E-5	1.4E-4
2	1.2E-6	4.2E-5	1.5E-6	1.6E-6	1.3E-3	1.4E-5	1.4E-4
2.25	1.5E-6	-	-	2.0E-6	1.4E-3	1.4E-5	1.4E-4
2.5	1.8E-6	-	-	2.6E-6	1.5E-3	1.4E-5	1.5E-4
2.75	2.2E-6	-	-	3.5E-6	1.6E-3	1.4E-5	1.5E-4
3	2.6E-6	9.1E-5	2.4E-6	4.7E-6	1.6E-3	1.5E-5	1.5E-4
3.25	3.1E-6	-	-	6.3E-6	1.7E-3	1.5E-5	1.5E-4
3.5	3.7E-6	-	-	8.7E-6	1.8E-3	1.5E-5	1.6E-4
3.75	4.2E-6	-	-	1.2E-5	1.8E-3	1.5E-5	1.6E-4
4	4.7E-6	1.1E-4	6.4E-6	1.7E-5	1.9E-3	1.5E-5	1.6E-4
4.25	5.2E-6	-	-	2.4E-5	2.0E-3	1.5E-5	1.7E-4
4.5	5.6E-6	-	-	3.4E-5	2.0E-3	1.5E-5	1.7E-4
4.75	5.9E-6	-	-	4.8E-5	2.1E-3	1.6E-5	1.7E-4
5	6.2E-6	1.3E-4	2.2E-5	6.8E-5	2.2E-3	1.6E-5	1.8E-4
5.5	6.7E-6	-	-	1.4E-4	2.3E-3	1.6E-5	1.9E-4
6	7.0E-6	1.4E-4	9.2E-5	2.7E-4	2.4E-3	1.6E-5	1.9E-4
6.5	7.3E-6	-	-	4.8E-4	2.5E-3	1.7E-5	2.0E-4
7	7.5E-6	1.5E-4	4.2E-4	7.5E-4	2.6E-3	1.7E-5	2.1E-4
7.5	7.7E-6	-	-	1.0E-3	2.7E-3	1.7E-5	2.2E-4
8	7.9E-6	1.7E-4	2.0E-3	1.2E-3	2.8E-3	1.7E-5	2.2E-4
8.5	8.0E-6	-	-	1.4E-3	2.9E-3	1.8E-5	2.3E-4
9	8.2E-6	1.8E-4	8.7E-3	1.4E-3	3.0E-3	1.8E-5	2.4E-4
9.5	8.4E-6	-	-	1.5E-3	3.1E-3	1.8E-5	2.5E-4
10	8.6E-6	2.0E-4	2.7E-2	1.5E-3	3.2E-3	1.8E-5	2.6E-4
11	8.9E-6	2.2E-4	4.9E-2	1.6E-3	3.4E-3	1.9E-5	2.8E-4
12	9.3E-6	2.4E-4	6.0E-2	1.7E-3	3.5E-3	1.9E-5	3.0E-4
13	9.6E-6	2.6E-4	6.7E-2	1.7E-3	3.7E-3	2.0E-5	3.2E-4
14	1.0E-5	2.8E-4	7.3E-2	1.8E-3	3.8E-3	2.0E-5	3.4E-4
15	1.0E-5	3.0E-4	7.9E-2	1.8E-3	4.0E-3	2.0E-5	3.7E-4
16	1.1E-5	3.2E-4	8.4E-2	1.9E-3	4.1E-3	2.1E-5	3.9E-4
17	1.1E-5	3.5E-4	9.0E-2	1.9E-3	4.2E-3	2.1E-5	4.1E-4
18	1.1E-5	3.7E-4	9.6E-2	2.0E-3	4.4E-3	2.1E-5	4.4E-4
19	1.2E-5	4.0E-4	1.0E-1	2.0E-3	4.5E-3	2.1E-5	4.7E-4
20	1.2E-5	4.3E-4	1.1E-1	2.1E-3	4.6E-3	2.2E-5	4.9E-4
21	1.2E-5	4.6E-4	1.1E-1	2.2E-3	4.8E-3	2.2E-5	5.2E-4
22	1.3E-5	4.9E-4	1.2E-1	2.2E-3	4.9E-3	2.2E-5	5.5E-4
23	1.3E-5	5.3E-4	1.3E-1	2.3E-3	5.1E-3	2.2E-5	5.8E-4
24	1.3E-5	5.6E-4	1.3E-1	2.4E-3	5.2E-3	2.3E-5	6.1E-4
25	1.4E-5	6.0E-4	1.4E-1	2.4E-3	5.4E-3	2.3E-5	6.4E-4
26	1.4E-5	6.3E-4	1.5E-1	2.5E-3	5.5E-3	2.3E-5	6.7E-4
27	1.4E-5	6.7E-4	1.5E-1	2.6E-3	5.7E-3	2.3E-5	7.0E-4
28	1.4E-5	7.1E-4	1.6E-1	2.6E-3	5.8E-3	2.3E-5	7.3E-4
29	1.5E-5	7.5E-4	1.7E-1	2.7E-3	6.0E-3	2.3E-5	7.6E-4
30	1.5E-5	7.9E-4	1.7E-1	2.8E-3	6.2E-3	2.4E-5	7.8E-4
31	1.5E-5	8.4E-4	1.8E-1	2.9E-3	6.3E-3	2.4E-5	8.1E-4
32	1.6E-5	8.8E-4	1.8E-1	2.9E-3	6.5E-3	2.4E-5	8.4E-4
33	1.6E-5	9.3E-4	1.9E-1	3.0E-3	6.7E-3	2.4E-5	8.7E-4
34	1.6E-5	9.7E-4	2.0E-1	3.1E-3	6.9E-3	2.4E-5	8.9E-4
35	1.6E-5	1.0E-3	2.0E-1	3.2E-3	7.1E-3	2.5E-5	9.2E-4
36	1.7E-5	1.1E-3	2.1E-1	3.3E-3	7.2E-3	2.5E-5	9.4E-4
37	1.7E-5	1.1E-3	2.2E-1	3.3E-3	7.4E-3	2.5E-5	9.7E-4
38	1.7E-5	1.2E-3	2.2E-1	3.4E-3	7.6E-3	2.5E-5	9.9E-4
39	1.7E-5	1.2E-3	2.3E-1	3.5E-3	7.8E-3	2.5E-5	1.0E-3
40	1.8E-5	1.3E-3	2.4E-1	3.6E-3	8.0E-3	2.5E-5	1.0E-3
41	1.8E-5	1.3E-3	2.4E-1	3.7E-3	8.3E-3	2.5E-5	1.1E-3
42	1.8E-5	1.4E-3	2.5E-1	3.8E-3	8.5E-3	2.6E-5	1.1E-3
43	1.8E-5	1.4E-3	2.6E-1	3.9E-3	8.7E-3	2.6E-5	1.1E-3
44	1.8E-5	1.5E-3	2.7E-1	4.0E-3	8.9E-3	2.6E-5	1.1E-3
45	1.9E-5	1.5E-3	2.7E-1	4.1E-3	9.1E-3	2.6E-5	1.1E-3
46	1.9E-5	1.6E-3	2.8E-1	4.2E-3	9.4E-3	2.6E-5	1.1E-3
47	1.9E-5	1.6E-3	2.9E-1	4.3E-3	9.6E-3	2.6E-5	1.2E-3
48	1.9E-5	1.7E-3	2.9E-1	4.4E-3	9.8E-3	2.6E-5	1.2E-3
49	2.0E-5	1.8E-3	3.0E-1	4.5E-3	1.0E-2	2.7E-5	1.2E-3
50	2.0E-5	1.8E-3	3.1E-1	4.6E-3	1.0E-2	2.7E-5	1.2E-3
51	2.0E-5	1.9E-3	3.2E-1	4.8E-3	1.1E-2	2.7E-5	1.2E-3
52	2.0E-5	1.9E-3	3.2E-1	4.9E-3	1.1E-2	2.7E-5	1.2E-3
53	2.0E-5	2.0E-3	3.3E-1	5.0E-3	1.1E-2	2.7E-5	1.2E-3
54	2.1E-5	2.0E-3	3.4E-1	5.1E-3	1.1E-2	2.7E-5	1.2E-3
55	2.1E-5	2.1E-3	3.5E-1	5.2E-3	1.2E-2	2.8E-5	1.2E-3
56	2.1E-5	2.2E-3	3.5E-1	5.4E-3	1.2E-2	2.8E-5	1.3E-3
57	2.1E-5	2.2E-3	3.6E-1	5.5E-3	1.2E-2	2.8E-5	1.3E-3
58	2.1E-5	2.3E-3	3.7E-1	5.6E-3	1.2E-2	2.8E-5	1.3E-3
59	2.2E-5	2.3E-3	3.8E-1	5.7E-3	1.3E-2	2.8E-5	1.3E-3
60	2.2E-5	2.4E-3	3.9E-1	5.9E-3	1.3E-2	2.8E-5	1.3E-3
61	2.2E-5	2.5E-3	4.0E-1	6.0E-3	1.3E-2	2.8E-5	1.3E-3
62	2.2E-5	2.5E-3	4.0E-1	6.1E-3	1.4E-2	2.9E-5	1.3E-3
63	2.2E-5	2.6E-3	4.1E-1	6.3E-3	1.4E-2	2.9E-5	1.3E-3
64	2.3E-5	2.6E-3	4.2E-1	6.4E-3	1.4E-2	2.9E-5	1.3E-3
65	2.3E-5	2.7E-3	4.3E-1	6.6E-3	1.5E-2	2.9E-5	1.3E-3
66	2.3E-5	2.8E-3	4.4E-1	6.7E-3	1.5E-2	2.9E-5	1.3E-3
67	2.3E-5	2.8E-3	4.5E-1	6.8E-3	1.5E-2	2.9E-5	1.3E-3
68	2.3E-5	2.9E-3	4.6E-1	7.0E-3	1.6E-2	2.9E-5	1.3E-3
69	2.4E-5	3.0E-3	4.7E-1	7.1E-3	1.6E-2	3.0E-5	1.3E-3
70	2.4E-5	3.0E-3	4.8E-1	7.3E-3	1.6E-2	3.0E-5	1.3E-3
71	2.4E-5	3.1E-3	4.9E-1	7.4E-3	1.6E-2	3.0E-5	1.3E-3
72	2.4E-5	3.2E-3	5.0E-1	7.6E-3	1.7E-2	3.0E-5	1.3E-3
73	2.4E-5	3.2E-3	5.1E-1	7.7E-3	1.7E-2	3.0E-5	1.4E-3
74	2.5E-5	3.3E-3	5.2E-1	7.9E-3	1.8E-2	3.0E-5	1.4E-3
75	2.5E-5	3.4E-3	5.3E-1	8.0E-3	1.8E-2	3.1E-5	1.4E-3
76	2.5E-5	3.5E-3	5.4E-1	8.2E-3	1.8E-2	3.1E-5	1.4E-3
77	2.5E-5	3.5E-3	5.5E-1	8.3E-3	1.9E-2	3.1E-5	1.4E-3
78	2.5E-5	3.6E-3	5.6E-1	8.5E-3	1.9E-2	3.1E-5	1.4E-3
79	2.5E-5	3.7E-3	5.7E-1	8.7E-3	1.9E-2	3.1E-5	1.4E-3
80	2.6E-5	3.8E-3	5.8E-1	8.8E-3	2.0E-2	3.1E-5	1.4E-3
81	2.6E-5	3.8E-3	5.9E-1	9.0E-3	2.0E-2	3.1E-5	1.4E-3
82	2.6E-5	3.9E-3	6.0E-1	9.1E-3	2.0E-2	3.2E-5	1.4E-3
83	2.6E-5	4.0E-3	6.1E-1	9.3E-3	2.1E-2	3.2E-5	1.4E-3
84	2.6E-5	4.1E-3	6.2E-1	9.5E-3	2.1E-2	3.2E-5	1.4E-3
85	2.6E-5	4.1E-3	6.4E-1	9.6E-3	2.1E-2	3.2E-5	1.4E-3
86	2.7E-5	4.2E-3	6.5E-1	9.8E-3	2.2E-2	3.2E-5	1.4E-3
87	2.7E-5	4.3E-3	6.6E-1	1.0E-2	2.2E-2	3.2E-5	1.4E-3
88	2.7E-5	4.4E-3	6.7E-1	1.0E-2	2.3E-2	3.2E-5	1.4E-3
89	2.7E-5	4.5E-3	6.8E-1	1.0E-2	2.3E-2	3.3E-5	1.4E-3
90	2.7E-5	4.5E-3	7.0E-1	1.0E-2	2.3E-2	3.3E-5	1.4E-3
91	2.7E-5	4.6E-3	7.1E-1	1.1E-2	2.4E-2	3.3E-5	1.4E-3
92	2.8E-5	4.7E-3	7.2E-1	1.1E-2	2.4E-2	3.3E-5	1.4E-3
93	2.8E-5	4.8E-3	7.3E-1	1.1E-2	2.4E-2	3.3E-5	1.4E-3
94	2.8E-5	4.9E-3	7.5E-1	1.1E-2	2.5E-2	3.3E-5	1.4E-3
95	2.8E-5	5.0E-3	7.6E-1	1.1E-2	2.5E-2	3.3E-5	1.4E-3
96	2.8E-5	5.1E-3	7.7E-1	1.1E-2	2.6E-2	3.4E-5	1.4E-3
97	2.8E-5	5.2E-3	7.9E-1	1.2E-2	2.6E-2	3.4E-5	1.4E-3
98	2.9E-5	5.3E-3	8.0E-1	1.2E-2	2.6E-2	3.4E-5	1.4E-3
99	2.9E-5	5.3E-3	8.2E-1	1.2E-2	2.7E-2	3.4E-5	1.4E-3
100	2.9E-5	5.4E-3	8.3E-1	1.2E-2	2.7E-2	3.4E-5	1.4E-3
110	3.0E-5	6.4E-3	9.8E-1	1.4E-2	3.1E-2	3.6E-5	1.4E-3
120	3.2E-5	7.6E-3	1.1E+0	1.5E-2	3.4E-2	3.7E-5	1.4E-3
130	3.3E-5	8.8E-3	1.3E+0	1.7E-2	3.7E-2	3.8E-5	1.4E-3
140	3.4E-5	1.0E-2	1.6E+0	1.8E-2	4.0E-2	3.9E-5	1.4E-3
150	3.5E-5	1.2E-2	1.8E+0	1.9E-2	4.3E-2	4.1E-5	1.5E-3
160	3.6E-5	1.3E-2	2.0E+0	2.0E-2	4.5E-2	4.2E-5	1.5E-3
170	3.7E-5	1.5E-2	2.3E+0	2.1E-2	4.7E-2	4.3E-5	1.5E-3
180	3.8E-5	1.7E-2	2.6E+0	2.2E-2	4.8E-2	4.4E-5	1.5E-3
190	3.9E-5	2.0E-2	3.0E+0	2.2E-2	5.0E-2	4.5E-5	1.5E-3
200	4.0E-5	2.2E-2	3.4E+0	2.2E-2	5.1E-2	4.5E-5	1.5E-3
210	4.0E-5	2.5E-2	3.8E+0	2.3E-2	5.2E-2	4.6E-5	1.5E-3
220	4.1E-5	2.8E-2	4.2E+0	2.3E-2	5.2E-2	4.7E-5	1.5E-3
230	4.1E-5	3.1E-2	4.7E+0	2.3E-2	5.3E-2	4.8E-5	1.5E-3
240	4.2E-5	3.5E-2	5.3E+0	2.4E-2	5.3E-2	4.8E-5	1.5E-3
250	4.3E-5	3.9E-2	5.8E+0	2.4E-2	5.4E-2	4.9E-5	1.5E-3
260	4.3E-5	4.3E-2	6.4E+0	2.4E-2	5.4E-2	5.0E-5	1.5E-3
270	4.3E-5	4.7E-2	7.1E+0	2.4E-2	5.5E-2	5.0E-5	1.5E-3
280	4.4E-5	5.2E-2	7.8E+0	2.4E-2	5.5E-2	5.0E-5	1.5E-3
290	4.4E-5	5.6E-2	8.5E+0	2.4E-2	5.5E-2	5.1E-5	1.5E-3
300	4.4E-5	6.2E-2	9.3E+0	2.4E-2	5.5E-2	5.1E-5	1.5E-3
310	4.5E-5	6.7E-2	1.0E+1	2.5E-2	5.6E-2	5.2E-5	1.5E-3
320	4.5E-5	7.2E-2	1.1E+1	2.5E-2	5.6E-2	5.2E-5	1.5E-3
330	4.5E-5	7.8E-2	1.2E+1	2.5E-2	5.6E-2	5.2E-5	1.5E-3
340	4.6E-5	8.4E-2	1.3E+1	2.5E-2	5.6E-2	5.3E-5	1.5E-3
350	4.6E-5	9.0E-2	1.4E+1	2.5E-2	5.6E-2	5.3E-5	1.5E-3
360	4.6E-5	9.6E-2	1.4E+1	2.5E-2	5.6E-2	5.3E-5	1.5E-3
365	4.6E-5	9.9E-2	1.5E+1	2.5E-2	5.6E-2	5.3E-5	1.5E-3
370	4.6E-5	1.0E-1	1.5E+1	2.5E-2	5.6E-2	5.4E-5	1.5E-3
380	4.6E-5	1.1E-1	1.6E+1	2.5E-2	5.6E-2	5.4E-5	1.5E-3
390	4.7E-5	1.1E-1	1.7E+1	2.5E-2	5.6E-2	5.4E-5	1.5E-3
400	4.7E-5	1.2E-1	1.8E+1	2.5E-2	5.7E-2	5.4E-5	1.5E-3
410	4.7E-5	1.2E-1	1.9E+1	2.5E-2	5.7E-2	5.5E-5	1.5E-3
420	4.7E-5	1.3E-1	2.0E+1	2.5E-2	5.7E-2	5.5E-5	1.5E-3
430	4.7E-5	1.4E-1	2.0E+1	2.5E-2	5.7E-2	5.5E-5	1.5E-3
440	4.8E-5	1.4E-1	2.1E+1	2.5E-2	5.7E-2	5.5E-5	1.6E-3
450	4.8E-5	1.5E-1	2.2E+1	2.5E-2	5.7E-2	5.5E-5	1.6E-3
460	4.8E-5	1.5E-1	2.3E+1	2.5E-2	5.7E-2	5.6E-5	1.6E-3
470	4.8E-5	1.5E-1	2.3E+1	2.5E-2	5.7E-2	5.6E-5	1.6E-3
480	4.8E-5	1.6E-1	2.4E+1	2.5E-2	5.7E-2	5.6E-5	1.6E-3
490	4.8E-5	1.6E-1	2.4E+1	2.5E-2	5.7E-2	5.6E-5	1.6E-3
500	4.8E-5	1.7E-1	2.5E+1	2.5E-2	5.7E-2	5.6E-5	1.6E-3
510	4.9E-5	1.7E-1	2.5E+1	2.5E-2	5.7E-2	5.7E-5	1.6E-3
520	4.9E-5	1.7E-1	2.6E+1	2.5E-2	5.7E-2	5.7E-5	1.6E-3
530	4.9E-5	1.8E-1	2.6E+1	2.5E-2	5.7E-2	5.7E-5	1.6E-3
540	4.9E-5	1.8E-1	2.7E+1	2.5E-2	5.7E-2	5.7E-5	1.6E-3
550	4.9E-5	1.8E-1	2.7E+1	2.5E-2	5.7E-2	5.7E-5	1.6E-3
560	4.9E-5	1.8E-1	2.8E+1	2.5E-2	5.7E-2	5.7E-5	1.6E-3
570	4.9E-5	1.9E-1	2.8E+1	2.5E-2	5.7E-2	5.8E-5	1.6E-3
580	5.0E-5	1.9E-1	2.8E+1	2.5E-2	5.7E-2	5.8E-5	1.6E-3
590	5.0E-5	1.9E-1	2.9E+1	2.5E-2	5.7E-2	5.8E-5	1.6E-3
600	5.0E-5	1.9E-1	2.9E+1	2.5E-2	5.7E-2	5.8E-5	1.6E-3
610	5.0E-5	1.9E-1	2.9E+1	2.5E-2	5.7E-2	5.8E-5	1.6E-3
620	5.0E-5	2.0E-1	2.9E+1	2.5E-2	5.7E-2	5.9E-5	1.6E-3
630	5.0E-5	2.0E-1	3.0E+1	2.5E-2	5.7E-2	5.9E-5	1.6E-3
640	5.0E-5	2.0E-1	3.0E+1	2.5E-2	5.7E-2	5.9E-5	1.6E-3
650	5.0E-5	2.0E-1	3.0E+1	2.5E-2	5.7E-2	5.9E-5	1.6E-3
660	5.1E-5	2.0E-1	3.0E+1	2.5E-2	5.7E-2	5.9E-5	1.6E-3
670	5.1E-5	2.0E-1	3.1E+1	2.5E-2	5.7E-2	5.9E-5	1.6E-3
680	5.1E-5	2.0E-1	3.1E+1	2.5E-2	5.7E-2	6.0E-5	1.6E-3
690	5.1E-5	2.1E-1	3.1E+1	2.5E-2	5.7E-2	6.0E-5	1.6E-3
700	5.1E-5	2.1E-1	3.1E+1	2.5E-2	5.7E-2	6.0E-5	1.6E-3
710	5.1E-5	2.1E-1	3.1E+1	2.5E-2	5.7E-2	6.0E-5	1.6E-3
720	5.1E-5	2.1E-1	3.1E+1	2.5E-2	5.7E-2	6.0E-5	1.6E-3
730	5.1E-5	2.1E-1	3.2E+1	2.5E-2	5.7E-2	6.0E-5	1.6E-3
740	5.2E-5	2.1E-1	3.2E+1	2.5E-2	5.7E-2	6.1E-5	1.6E-3
750	5.2E-5	2.1E-1	3.2E+1	2.5E-2	5.7E-2	6.1E-5	1.6E-3
760	5.2E-5	2.1E-1	3.2E+1	2.5E-2	5.7E-2	6.1E-5	1.6E-3
770	5.2E-5	2.1E-1	3.2E+1	2.5E-2	5.7E-2	6.1E-5	1.6E-3
780	5.2E-5	2.2E-1	3.2E+1	2.5E-2	5.7E-2	6.1E-5	1.6E-3
790	5.2E-5	2.2E-1	3.3E+1	2.5E-2	5.7E-2	6.1E-5	1.7E-3
800	5.2E-5	2.2E-1	3.3E+1	2.5E-2	5.7E-2	6.2E-5	1.7E-3
810	5.2E-5	2.2E-1	3.3E+1	2.5E-2	5.7E-2	6.2E-5	1.7E-3
820	5.3E-5	2.2E-1	3.3E+1	2.5E-2	5.7E-2	6.2E-5	1.7E-3
830	5.3E-5	2.2E-1	3.3E+1	2.5E-2	5.7E-2	6.2E-5	1.7E-3
840	5.3E-5	2.2E-1	3.3E+1	2.5E-2	5.7E-2	6.2E-5	1.7E-3
850	5.3E-5	2.2E-1	3.3E+1	2.5E-2	5.7E-2	6.2E-5	1.7E-3
860	5.3E-5	2.2E-1	3.4E+1	2.5E-2	5.7E-2	6.3E-5	1.7E-3
870	5.3E-5	2.2E-1	3.4E+1	2.5E-2	5.7E-2	6.3E-5	1.7E-3
880	5.3E-5	2.3E-1	3.4E+1	2.5E-2	5.7E-2	6.3E-5	1.7E-3
890	5.4E-5	2.3E-1	3.4E+1	2.5E-2	5.7E-2	6.3E-5	1.7E-3
900	5.4E-5	2.3E-1	3.4E+1	2.5E-2	5.7E-2	6.3E-5	1.7E-3
910	5.4E-5	2.3E-1	3.4E+1	2.5E-2	5.7E-2	6.3E-5	1.7E-3
920	5.4E-5	2.3E-1	3.5E+1	2.5E-2	5.7E-2	6.4E-5	1.7E-3
930	5.4E-5	2.3E-1	3.5E+1	2.5E-2	5.7E-2	6.4E-5	1.7E-3
940	5.4E-5	2.3E-1	3.5E+1	2.5E-2	5.7E-2	6.4E-5	1.7E-3
950	5.4E-5	2.3E-1	3.5E+1	2.5E-2	5.7E-2	6.4E-5	1.7E-3
960	5.4E-5	2.3E-1	3.5E+1	2.5E-2	5.7E-2	6.4E-5	1.7E-3
970	5.5E-5	2.3E-1	3.5E+1	2.5E-2	5.7E-2	6.4E-5	1.7E-3
980	5.5E-5	2.3E-1	3.5E+1	2.5E-2	5.7E-2	6.5E-5	1.7E-3
990	5.5E-5	2.4E-1	3.6E+1	2.5E-2	5.7E-2	6.5E-5	1.7E-3
1000	5.5E-5	2.4E-1	3.6E+1	2.5E-2	5.7E-2	6.5E-5	1.7E-3
1010	5.5E-5	2.4E-1	3.6E+1	2.5E-2	5.7E-2	6.5E-5	1.7E-3
1020	5.5E-5	2.4E-1	3.6E+1	2.5E-2	5.7E-2	6.5E-5	1.7E-3
1030	5.5E-5	2.4E-1	3.6E+1	2.5E-2	5.7E-2	6.5E-5	1.7E-3
1040	5.5E-5	2.4E-1	3.6E+1	2.5E-2	5.7E-2	6.6E-5	1.7E-3
1050	5.6E-5	2.4E-1	3.6E+1	2.5E-2	5.7E-2	6.6E-5	1.7E-3
1060	5.6E-5	2.4E-1	3.7E+1	2.5E-2	5.7E-2	6.6E-5	1.7E-3
1070	5.6E-5	2.4E-1	3.7E+1	2.5E-2	5.7E-2	6.6E-5	1.7E-3
1080	5.6E-5	2.4E-1	3.7E+1	2.5E-2	5.7E-2	6.6E-5	1.7E-3
1090	5.6E-5	2.5E-1	3.7E+1	2.5E-2	5.7E-2	6.6E-5	1.7E-3
1095	5.6E-5	2.5E-1	3.7E+1	2.5E-2	5.8E-2	6.6E-5	1.7E-3
1100	5.6E-5	2.5E-1	3.7E+1	2.5E-2	5.8E-2	6.7E-5	1.7E-3
1200	5.7E-5	2.6E-1	3.9E+1	2.5E-2	5.8E-2	6.8E-5	1.8E-3
1300	5.9E-5	2.7E-1	4.0E+1	2.5E-2	5.8E-2	7.0E-5	1.8E-3
1400	6.0E-5	2.8E-1	4.2E+1	2.5E-2	5.8E-2	7.2E-5	1.8E-3
1500	6.1E-5	2.9E-1	4.4E+1	2.5E-2	5.8E-2	7.4E-5	1.9E-3
1600	6.3E-5	3.0E-1	4.5E+1	2.6E-2	5.8E-2	7.5E-5	1.9E-3
1700	6.4E-5	3.1E-1	4.7E+1	2.6E-2	5.8E-2	7.7E-5	1.9E-3
1800	6.5E-5	3.2E-1	4.9E+1	2.6E-2	5.8E-2	7.9E-5	2.0E-3
1900	6.7E-5	3.4E-1	5.1E+1	2.6E-2	5.8E-2	8.1E-5	2.0E-3
2000	6.8E-5	3.5E-1	5.3E+1	2.6E-2	5.8E-2	8.3E-5	2.1E-3
2100	6.9E-5	3.6E-1	5.5E+1	2.6E-2	5.8E-2	8.4E-5	2.1E-3
2200	7.1E-5	3.8E-1	5.7E+1	2.6E-2	5.8E-2	8.6E-5	2.1E-3
2300	7.2E-5	3.9E-1	5.9E+1	2.6E-2	5.9E-2	8.8E-5	2.2E-3
2400	7.3E-5	4.1E-1	6.1E+1	2.6E-2	5.9E-2	9.0E-5	2.2E-3
2500	7.5E-5	4.2E-1	6.3E+1	2.6E-2	5.9E-2	9.2E-5	2.3E-3
2600	7.6E-5	4.4E-1	6.6E+1	2.6E-2	5.9E-2	9.4E-5	2.3E-3
2700	7.7E-5	4.5E-1	6.8E+1	2.6E-2	5.9E-2	9.6E-5	2.3E-3
2800	7.9E-5	4.7E-1	7.1E+1	2.6E-2	5.9E-2	9.8E-5	2.4E-3
2900	8.0E-5	4.9E-1	7.3E+1	2.6E-2	5.9E-2	1.0E-4	2.4E-3
3000	8.1E-5	5.0E-1	7.6E+1	2.6E-2	5.9E-2	1.0E-4	2.5E-3
3100	8.3E-5	5.2E-1	7.8E+1	2.6E-2	5.9E-2	1.0E-4	2.5E-3
3200	8.4E-5	5.4E-1	8.1E+1	2.6E-2	5.9E-2	1.1E-4	2.6E-3
3300	8.5E-5	5.6E-1	8.4E+1	2.6E-2	5.9E-2	1.1E-4	2.6E-3
3400	8.7E-5	5.7E-1	8.7E+1	2.6E-2	6.0E-2	1.1E-4	2.7E-3
3500	8.8E-5	5.9E-1	8.9E+1	2.6E-2	6.0E-2	1.1E-4	2.7E-3
3600	8.9E-5	6.1E-1	9.2E+1	2.6E-2	6.0E-2	1.1E-4	2.8E-3
3650	9.0E-5	6.2E-1	9.4E+1	2.6E-2	6.0E-2	1.1E-4	2.8E-3
4000	9.4E-5	7.0E-1	1.0E+2	2.6E-2	6.0E-2	1.2E-4	3.0E-3
5000	1.1E-4	9.3E-1	1.4E+2	2.7E-2	6.1E-2	1.4E-4	3.6E-3
6000	1.2E-4	1.2E+0	1.8E+2	2.7E-2	6.2E-2	1.6E-4	4.3E-3
7000	1.3E-4	1.5E+0	2.2E+2	2.8E-2	6.3E-2	1.8E-4	5.2E-3
8000	1.4E-4	1.8E+0	2.7E+2	2.8E-2	6.5E-2	2.0E-4	6.2E-3
9000	1.5E-4	2.1E+0	3.1E+2	2.9E-2	6.6E-2	2.2E-4	7.5E-3
10000	1.7E-4	2.4E+0	3.5E+2	2.9E-2	6.7E-2	2.4E-4	9.0E-3
11000	1.8E-4	2.6E+0	4.0E+2	3.0E-2	6.8E-2	2.6E-4	1.1E-2
12000	1.9E-4	2.9E+0	4.4E+2	3.1E-2	6.9E-2	2.8E-4	1.3E-2
13000	2.0E-4	3.2E+0	4.9E+2	3.1E-2	7.1E-2	3.1E-4	1.6E-2
14000	2.2E-4	3.5E+0	5.3E+2	3.2E-2	7.2E-2	3.3E-4	1.9E-2
15000	2.3E-4	3.8E+0	5.8E+2	3.2E-2	7.3E-2	3.6E-4	2.2E-2
16000	2.4E-4	4.2E+0	6.3E+2	3.3E-2	7.5E-2	3.9E-4	2.7E-2
17000	2.6E-4	4.5E+0	6.8E+2	3.3E-2	7.6E-2	4.3E-4	3.2E-2
18000	2.7E-4	4.9E+0	7.4E+2	3.4E-2	7.7E-2	4.6E-4	3.9E-2
18250	2.8E-4	5.0E+0	7.5E+2	3.4E-2	7.8E-2	4.7E-4	4.0E-2
Radionuclide	U-235
Route of Intake	Inhalation
Material	Aerosols Type F, Uranium hexafluoride, uranyl tributyl-phosphate, fA=2E-2
AMTD/AMAD, µm	0.003

Committed Effective Dose per Predicted Content in an Organ or Excreta Sample (Dose per Content Functions z(t)), Sv/Bq
Time, days	Whole Body	Urine (24-hour sample)	Faeces (24-hour sample)	Alimentary Tract*	Lungs*	Skeleton*	Liver*
0.041667	9.8E-7	-	-	4.9E-6	3.1E-6	6.0E-5	9.6E-5
0.083333	1.0E-6	-	-	4.2E-6	4.8E-6	3.3E-5	9.2E-5
0.125	1.1E-6	-	-	3.9E-6	7.4E-6	2.5E-5	9.8E-5
0.25	1.2E-6	-	-	3.4E-6	2.6E-5	1.7E-5	1.1E-4
0.375	1.4E-6	-	-	3.1E-6	8.0E-5	1.5E-5	1.2E-4
0.5	1.5E-6	-	-	2.9E-6	2.2E-4	1.4E-5	1.2E-4
0.625	1.6E-6	-	-	2.8E-6	4.5E-4	1.4E-5	1.3E-4
0.75	1.6E-6	-	-	2.8E-6	7.1E-4	1.4E-5	1.3E-4
0.875	1.7E-6	-	-	2.9E-6	9.0E-4	1.4E-5	1.3E-4
1	1.8E-6	3.1E-6	1.6E-5	3.0E-6	1.0E-3	1.4E-5	1.3E-4
1.125	1.9E-6	-	-	3.1E-6	1.1E-3	1.4E-5	1.3E-4
1.25	2.0E-6	-	-	3.3E-6	1.2E-3	1.4E-5	1.3E-4
1.375	2.1E-6	-	-	3.5E-6	1.2E-3	1.4E-5	1.4E-4
1.5	2.2E-6	-	-	3.8E-6	1.3E-3	1.4E-5	1.4E-4
1.625	2.4E-6	-	-	4.1E-6	1.3E-3	1.4E-5	1.4E-4
1.75	2.5E-6	-	-	4.6E-6	1.3E-3	1.4E-5	1.4E-4
1.875	2.7E-6	-	-	5.1E-6	1.4E-3	1.4E-5	1.4E-4
2	2.9E-6	6.4E-5	5.4E-6	5.7E-6	1.4E-3	1.4E-5	1.4E-4
2.25	3.3E-6	-	-	7.2E-6	1.5E-3	1.4E-5	1.5E-4
2.5	3.7E-6	-	-	9.3E-6	1.6E-3	1.5E-5	1.5E-4
2.75	4.1E-6	-	-	1.2E-5	1.6E-3	1.5E-5	1.5E-4
3	4.6E-6	1.0E-4	8.4E-6	1.6E-5	1.7E-3	1.5E-5	1.6E-4
3.25	5.0E-6	-	-	2.2E-5	1.8E-3	1.5E-5	1.6E-4
3.5	5.3E-6	-	-	3.1E-5	1.8E-3	1.5E-5	1.6E-4
3.75	5.7E-6	-	-	4.2E-5	1.9E-3	1.5E-5	1.7E-4
4	6.0E-6	1.2E-4	2.3E-5	5.9E-5	2.0E-3	1.6E-5	1.7E-4
4.25	6.2E-6	-	-	8.1E-5	2.0E-3	1.6E-5	1.7E-4
4.5	6.5E-6	-	-	1.1E-4	2.1E-3	1.6E-5	1.8E-4
4.75	6.6E-6	-	-	1.6E-4	2.2E-3	1.6E-5	1.8E-4
5	6.8E-6	1.3E-4	8.0E-5	2.2E-4	2.2E-3	1.6E-5	1.8E-4
5.5	7.1E-6	-	-	3.9E-4	2.3E-3	1.6E-5	1.9E-4
6	7.3E-6	1.4E-4	3.3E-4	6.4E-4	2.5E-3	1.7E-5	2.0E-4
6.5	7.5E-6	-	-	9.1E-4	2.6E-3	1.7E-5	2.1E-4
7	7.7E-6	1.6E-4	1.5E-3	1.1E-3	2.7E-3	1.7E-5	2.1E-4
7.5	7.9E-6	-	-	1.3E-3	2.8E-3	1.8E-5	2.2E-4
8	8.1E-6	1.7E-4	6.3E-3	1.4E-3	2.9E-3	1.8E-5	2.3E-4
8.5	8.2E-6	-	-	1.5E-3	3.0E-3	1.8E-5	2.4E-4
9	8.4E-6	1.9E-4	2.2E-2	1.5E-3	3.1E-3	1.8E-5	2.5E-4
9.5	8.6E-6	-	-	1.6E-3	3.2E-3	1.9E-5	2.6E-4
10	8.8E-6	2.1E-4	4.3E-2	1.6E-3	3.3E-3	1.9E-5	2.7E-4
11	9.1E-6	2.2E-4	5.6E-2	1.6E-3	3.4E-3	1.9E-5	2.9E-4
12	9.5E-6	2.4E-4	6.3E-2	1.7E-3	3.6E-3	2.0E-5	3.1E-4
13	9.9E-6	2.6E-4	6.9E-2	1.8E-3	3.8E-3	2.0E-5	3.3E-4
14	1.0E-5	2.8E-4	7.5E-2	1.8E-3	3.9E-3	2.0E-5	3.5E-4
15	1.1E-5	3.1E-4	8.1E-2	1.9E-3	4.0E-3	2.1E-5	3.8E-4
16	1.1E-5	3.3E-4	8.6E-2	1.9E-3	4.2E-3	2.1E-5	4.0E-4
17	1.1E-5	3.6E-4	9.2E-2	2.0E-3	4.3E-3	2.1E-5	4.3E-4
18	1.2E-5	3.8E-4	9.8E-2	2.0E-3	4.5E-3	2.2E-5	4.5E-4
19	1.2E-5	4.1E-4	1.0E-1	2.1E-3	4.6E-3	2.2E-5	4.8E-4
20	1.2E-5	4.4E-4	1.1E-1	2.2E-3	4.7E-3	2.2E-5	5.1E-4
21	1.3E-5	4.7E-4	1.2E-1	2.2E-3	4.9E-3	2.2E-5	5.4E-4
22	1.3E-5	5.1E-4	1.2E-1	2.3E-3	5.0E-3	2.3E-5	5.6E-4
23	1.3E-5	5.4E-4	1.3E-1	2.3E-3	5.2E-3	2.3E-5	5.9E-4
24	1.4E-5	5.8E-4	1.4E-1	2.4E-3	5.3E-3	2.3E-5	6.2E-4
25	1.4E-5	6.1E-4	1.4E-1	2.5E-3	5.5E-3	2.3E-5	6.5E-4
26	1.4E-5	6.5E-4	1.5E-1	2.6E-3	5.6E-3	2.3E-5	6.8E-4
27	1.4E-5	6.9E-4	1.6E-1	2.6E-3	5.8E-3	2.4E-5	7.1E-4
28	1.5E-5	7.3E-4	1.6E-1	2.7E-3	6.0E-3	2.4E-5	7.4E-4
29	1.5E-5	7.7E-4	1.7E-1	2.8E-3	6.1E-3	2.4E-5	7.7E-4
30	1.5E-5	8.1E-4	1.8E-1	2.8E-3	6.3E-3	2.4E-5	8.0E-4
31	1.6E-5	8.6E-4	1.8E-1	2.9E-3	6.5E-3	2.4E-5	8.3E-4
32	1.6E-5	9.0E-4	1.9E-1	3.0E-3	6.7E-3	2.5E-5	8.6E-4
33	1.6E-5	9.5E-4	2.0E-1	3.1E-3	6.8E-3	2.5E-5	8.9E-4
34	1.6E-5	1.0E-3	2.0E-1	3.2E-3	7.0E-3	2.5E-5	9.1E-4
35	1.7E-5	1.0E-3	2.1E-1	3.3E-3	7.2E-3	2.5E-5	9.4E-4
36	1.7E-5	1.1E-3	2.2E-1	3.3E-3	7.4E-3	2.5E-5	9.7E-4
37	1.7E-5	1.1E-3	2.2E-1	3.4E-3	7.6E-3	2.5E-5	9.9E-4
38	1.7E-5	1.2E-3	2.3E-1	3.5E-3	7.8E-3	2.6E-5	1.0E-3
39	1.8E-5	1.2E-3	2.4E-1	3.6E-3	8.0E-3	2.6E-5	1.0E-3
40	1.8E-5	1.3E-3	2.4E-1	3.7E-3	8.2E-3	2.6E-5	1.1E-3
41	1.8E-5	1.4E-3	2.5E-1	3.8E-3	8.4E-3	2.6E-5	1.1E-3
42	1.8E-5	1.4E-3	2.6E-1	3.9E-3	8.7E-3	2.6E-5	1.1E-3
43	1.9E-5	1.5E-3	2.6E-1	4.0E-3	8.9E-3	2.6E-5	1.1E-3
44	1.9E-5	1.5E-3	2.7E-1	4.1E-3	9.1E-3	2.6E-5	1.1E-3
45	1.9E-5	1.6E-3	2.8E-1	4.2E-3	9.4E-3	2.7E-5	1.2E-3
46	1.9E-5	1.6E-3	2.9E-1	4.3E-3	9.6E-3	2.7E-5	1.2E-3
47	2.0E-5	1.7E-3	2.9E-1	4.4E-3	9.8E-3	2.7E-5	1.2E-3
48	2.0E-5	1.7E-3	3.0E-1	4.5E-3	1.0E-2	2.7E-5	1.2E-3
49	2.0E-5	1.8E-3	3.1E-1	4.6E-3	1.0E-2	2.7E-5	1.2E-3
50	2.0E-5	1.9E-3	3.2E-1	4.8E-3	1.1E-2	2.7E-5	1.2E-3
51	2.0E-5	1.9E-3	3.2E-1	4.9E-3	1.1E-2	2.8E-5	1.2E-3
52	2.1E-5	2.0E-3	3.3E-1	5.0E-3	1.1E-2	2.8E-5	1.2E-3
53	2.1E-5	2.0E-3	3.4E-1	5.1E-3	1.1E-2	2.8E-5	1.3E-3
54	2.1E-5	2.1E-3	3.5E-1	5.2E-3	1.2E-2	2.8E-5	1.3E-3
55	2.1E-5	2.1E-3	3.5E-1	5.4E-3	1.2E-2	2.8E-5	1.3E-3
56	2.2E-5	2.2E-3	3.6E-1	5.5E-3	1.2E-2	2.8E-5	1.3E-3
57	2.2E-5	2.3E-3	3.7E-1	5.6E-3	1.2E-2	2.8E-5	1.3E-3
58	2.2E-5	2.3E-3	3.8E-1	5.7E-3	1.3E-2	2.9E-5	1.3E-3
59	2.2E-5	2.4E-3	3.9E-1	5.9E-3	1.3E-2	2.9E-5	1.3E-3
60	2.2E-5	2.5E-3	4.0E-1	6.0E-3	1.3E-2	2.9E-5	1.3E-3
61	2.3E-5	2.5E-3	4.0E-1	6.1E-3	1.4E-2	2.9E-5	1.3E-3
62	2.3E-5	2.6E-3	4.1E-1	6.3E-3	1.4E-2	2.9E-5	1.3E-3
63	2.3E-5	2.6E-3	4.2E-1	6.4E-3	1.4E-2	2.9E-5	1.3E-3
64	2.3E-5	2.7E-3	4.3E-1	6.6E-3	1.5E-2	3.0E-5	1.3E-3
65	2.3E-5	2.8E-3	4.4E-1	6.7E-3	1.5E-2	3.0E-5	1.3E-3
66	2.4E-5	2.8E-3	4.5E-1	6.8E-3	1.5E-2	3.0E-5	1.4E-3
67	2.4E-5	2.9E-3	4.6E-1	7.0E-3	1.6E-2	3.0E-5	1.4E-3
68	2.4E-5	3.0E-3	4.7E-1	7.1E-3	1.6E-2	3.0E-5	1.4E-3
69	2.4E-5	3.0E-3	4.8E-1	7.3E-3	1.6E-2	3.0E-5	1.4E-3
70	2.4E-5	3.1E-3	4.9E-1	7.4E-3	1.7E-2	3.0E-5	1.4E-3
71	2.5E-5	3.2E-3	5.0E-1	7.6E-3	1.7E-2	3.1E-5	1.4E-3
72	2.5E-5	3.3E-3	5.1E-1	7.8E-3	1.7E-2	3.1E-5	1.4E-3
73	2.5E-5	3.3E-3	5.2E-1	7.9E-3	1.8E-2	3.1E-5	1.4E-3
74	2.5E-5	3.4E-3	5.3E-1	8.1E-3	1.8E-2	3.1E-5	1.4E-3
75	2.5E-5	3.5E-3	5.4E-1	8.2E-3	1.8E-2	3.1E-5	1.4E-3
76	2.5E-5	3.5E-3	5.5E-1	8.4E-3	1.9E-2	3.1E-5	1.4E-3
77	2.6E-5	3.6E-3	5.6E-1	8.5E-3	1.9E-2	3.2E-5	1.4E-3
78	2.6E-5	3.7E-3	5.7E-1	8.7E-3	1.9E-2	3.2E-5	1.4E-3
79	2.6E-5	3.8E-3	5.8E-1	8.9E-3	2.0E-2	3.2E-5	1.4E-3
80	2.6E-5	3.8E-3	5.9E-1	9.0E-3	2.0E-2	3.2E-5	1.4E-3
81	2.6E-5	3.9E-3	6.0E-1	9.2E-3	2.0E-2	3.2E-5	1.4E-3
82	2.7E-5	4.0E-3	6.2E-1	9.4E-3	2.1E-2	3.2E-5	1.4E-3
83	2.7E-5	4.1E-3	6.3E-1	9.5E-3	2.1E-2	3.2E-5	1.4E-3
84	2.7E-5	4.2E-3	6.4E-1	9.7E-3	2.2E-2	3.3E-5	1.4E-3
85	2.7E-5	4.2E-3	6.5E-1	9.9E-3	2.2E-2	3.3E-5	1.4E-3
86	2.7E-5	4.3E-3	6.6E-1	1.0E-2	2.2E-2	3.3E-5	1.4E-3
87	2.7E-5	4.4E-3	6.7E-1	1.0E-2	2.3E-2	3.3E-5	1.4E-3
88	2.8E-5	4.5E-3	6.9E-1	1.0E-2	2.3E-2	3.3E-5	1.4E-3
89	2.8E-5	4.6E-3	7.0E-1	1.1E-2	2.3E-2	3.3E-5	1.4E-3
90	2.8E-5	4.7E-3	7.1E-1	1.1E-2	2.4E-2	3.3E-5	1.4E-3
91	2.8E-5	4.7E-3	7.3E-1	1.1E-2	2.4E-2	3.4E-5	1.4E-3
92	2.8E-5	4.8E-3	7.4E-1	1.1E-2	2.5E-2	3.4E-5	1.4E-3
93	2.8E-5	4.9E-3	7.5E-1	1.1E-2	2.5E-2	3.4E-5	1.4E-3
94	2.9E-5	5.0E-3	7.6E-1	1.1E-2	2.5E-2	3.4E-5	1.4E-3
95	2.9E-5	5.1E-3	7.8E-1	1.2E-2	2.6E-2	3.4E-5	1.4E-3
96	2.9E-5	5.2E-3	7.9E-1	1.2E-2	2.6E-2	3.4E-5	1.4E-3
97	2.9E-5	5.3E-3	8.1E-1	1.2E-2	2.7E-2	3.4E-5	1.4E-3
98	2.9E-5	5.4E-3	8.2E-1	1.2E-2	2.7E-2	3.5E-5	1.4E-3
99	2.9E-5	5.5E-3	8.3E-1	1.2E-2	2.7E-2	3.5E-5	1.4E-3
100	3.0E-5	5.6E-3	8.5E-1	1.2E-2	2.8E-2	3.5E-5	1.4E-3
110	3.1E-5	6.6E-3	1.0E+0	1.4E-2	3.1E-2	3.6E-5	1.5E-3
120	3.2E-5	7.7E-3	1.2E+0	1.6E-2	3.5E-2	3.8E-5	1.5E-3
130	3.4E-5	9.0E-3	1.4E+0	1.7E-2	3.8E-2	3.9E-5	1.5E-3
140	3.5E-5	1.0E-2	1.6E+0	1.8E-2	4.1E-2	4.0E-5	1.5E-3
150	3.6E-5	1.2E-2	1.8E+0	2.0E-2	4.4E-2	4.1E-5	1.5E-3
160	3.7E-5	1.4E-2	2.1E+0	2.1E-2	4.6E-2	4.3E-5	1.5E-3
170	3.8E-5	1.6E-2	2.4E+0	2.1E-2	4.8E-2	4.4E-5	1.5E-3
180	3.9E-5	1.8E-2	2.7E+0	2.2E-2	4.9E-2	4.5E-5	1.5E-3
190	4.0E-5	2.0E-2	3.1E+0	2.3E-2	5.1E-2	4.6E-5	1.5E-3
200	4.1E-5	2.3E-2	3.5E+0	2.3E-2	5.2E-2	4.7E-5	1.5E-3
210	4.1E-5	2.6E-2	3.9E+0	2.3E-2	5.3E-2	4.7E-5	1.5E-3
220	4.2E-5	2.9E-2	4.3E+0	2.4E-2	5.3E-2	4.8E-5	1.5E-3
230	4.2E-5	3.2E-2	4.8E+0	2.4E-2	5.4E-2	4.9E-5	1.5E-3
240	4.3E-5	3.6E-2	5.4E+0	2.4E-2	5.5E-2	4.9E-5	1.5E-3
250	4.3E-5	3.9E-2	6.0E+0	2.4E-2	5.5E-2	5.0E-5	1.5E-3
260	4.4E-5	4.4E-2	6.6E+0	2.5E-2	5.6E-2	5.1E-5	1.5E-3
270	4.4E-5	4.8E-2	7.3E+0	2.5E-2	5.6E-2	5.1E-5	1.5E-3
280	4.5E-5	5.3E-2	8.0E+0	2.5E-2	5.6E-2	5.2E-5	1.5E-3
290	4.5E-5	5.8E-2	8.7E+0	2.5E-2	5.6E-2	5.2E-5	1.5E-3
300	4.5E-5	6.3E-2	9.5E+0	2.5E-2	5.7E-2	5.3E-5	1.5E-3
310	4.6E-5	6.8E-2	1.0E+1	2.5E-2	5.7E-2	5.3E-5	1.5E-3
320	4.6E-5	7.4E-2	1.1E+1	2.5E-2	5.7E-2	5.3E-5	1.6E-3
330	4.6E-5	8.0E-2	1.2E+1	2.5E-2	5.7E-2	5.4E-5	1.6E-3
340	4.7E-5	8.6E-2	1.3E+1	2.5E-2	5.7E-2	5.4E-5	1.6E-3
350	4.7E-5	9.2E-2	1.4E+1	2.5E-2	5.7E-2	5.4E-5	1.6E-3
360	4.7E-5	9.8E-2	1.5E+1	2.5E-2	5.8E-2	5.5E-5	1.6E-3
365	4.7E-5	1.0E-1	1.5E+1	2.5E-2	5.8E-2	5.5E-5	1.6E-3
370	4.7E-5	1.0E-1	1.6E+1	2.5E-2	5.8E-2	5.5E-5	1.6E-3
380	4.8E-5	1.1E-1	1.7E+1	2.5E-2	5.8E-2	5.5E-5	1.6E-3
390	4.8E-5	1.2E-1	1.7E+1	2.5E-2	5.8E-2	5.5E-5	1.6E-3
400	4.8E-5	1.2E-1	1.8E+1	2.6E-2	5.8E-2	5.6E-5	1.6E-3
410	4.8E-5	1.3E-1	1.9E+1	2.6E-2	5.8E-2	5.6E-5	1.6E-3
420	4.8E-5	1.3E-1	2.0E+1	2.6E-2	5.8E-2	5.6E-5	1.6E-3
430	4.8E-5	1.4E-1	2.1E+1	2.6E-2	5.8E-2	5.6E-5	1.6E-3
440	4.9E-5	1.4E-1	2.2E+1	2.6E-2	5.8E-2	5.7E-5	1.6E-3
450	4.9E-5	1.5E-1	2.2E+1	2.6E-2	5.8E-2	5.7E-5	1.6E-3
460	4.9E-5	1.5E-1	2.3E+1	2.6E-2	5.8E-2	5.7E-5	1.6E-3
470	4.9E-5	1.6E-1	2.4E+1	2.6E-2	5.8E-2	5.7E-5	1.6E-3
480	4.9E-5	1.6E-1	2.4E+1	2.6E-2	5.8E-2	5.7E-5	1.6E-3
490	4.9E-5	1.7E-1	2.5E+1	2.6E-2	5.8E-2	5.8E-5	1.6E-3
500	5.0E-5	1.7E-1	2.6E+1	2.6E-2	5.8E-2	5.8E-5	1.6E-3
510	5.0E-5	1.7E-1	2.6E+1	2.6E-2	5.8E-2	5.8E-5	1.6E-3
520	5.0E-5	1.8E-1	2.7E+1	2.6E-2	5.8E-2	5.8E-5	1.6E-3
530	5.0E-5	1.8E-1	2.7E+1	2.6E-2	5.8E-2	5.8E-5	1.6E-3
540	5.0E-5	1.8E-1	2.7E+1	2.6E-2	5.8E-2	5.8E-5	1.6E-3
550	5.0E-5	1.8E-1	2.8E+1	2.6E-2	5.8E-2	5.9E-5	1.6E-3
560	5.0E-5	1.9E-1	2.8E+1	2.6E-2	5.8E-2	5.9E-5	1.6E-3
570	5.1E-5	1.9E-1	2.9E+1	2.6E-2	5.8E-2	5.9E-5	1.6E-3
580	5.1E-5	1.9E-1	2.9E+1	2.6E-2	5.8E-2	5.9E-5	1.6E-3
590	5.1E-5	1.9E-1	2.9E+1	2.6E-2	5.8E-2	5.9E-5	1.6E-3
600	5.1E-5	2.0E-1	3.0E+1	2.6E-2	5.8E-2	5.9E-5	1.6E-3
610	5.1E-5	2.0E-1	3.0E+1	2.6E-2	5.8E-2	6.0E-5	1.6E-3
620	5.1E-5	2.0E-1	3.0E+1	2.6E-2	5.8E-2	6.0E-5	1.6E-3
630	5.1E-5	2.0E-1	3.0E+1	2.6E-2	5.8E-2	6.0E-5	1.6E-3
640	5.1E-5	2.0E-1	3.1E+1	2.6E-2	5.8E-2	6.0E-5	1.6E-3
650	5.2E-5	2.0E-1	3.1E+1	2.6E-2	5.8E-2	6.0E-5	1.6E-3
660	5.2E-5	2.1E-1	3.1E+1	2.6E-2	5.8E-2	6.1E-5	1.7E-3
670	5.2E-5	2.1E-1	3.1E+1	2.6E-2	5.8E-2	6.1E-5	1.7E-3
680	5.2E-5	2.1E-1	3.1E+1	2.6E-2	5.8E-2	6.1E-5	1.7E-3
690	5.2E-5	2.1E-1	3.2E+1	2.6E-2	5.8E-2	6.1E-5	1.7E-3
700	5.2E-5	2.1E-1	3.2E+1	2.6E-2	5.8E-2	6.1E-5	1.7E-3
710	5.2E-5	2.1E-1	3.2E+1	2.6E-2	5.8E-2	6.1E-5	1.7E-3
720	5.2E-5	2.1E-1	3.2E+1	2.6E-2	5.8E-2	6.2E-5	1.7E-3
730	5.3E-5	2.1E-1	3.2E+1	2.6E-2	5.8E-2	6.2E-5	1.7E-3
740	5.3E-5	2.2E-1	3.3E+1	2.6E-2	5.9E-2	6.2E-5	1.7E-3
750	5.3E-5	2.2E-1	3.3E+1	2.6E-2	5.9E-2	6.2E-5	1.7E-3
760	5.3E-5	2.2E-1	3.3E+1	2.6E-2	5.9E-2	6.2E-5	1.7E-3
770	5.3E-5	2.2E-1	3.3E+1	2.6E-2	5.9E-2	6.2E-5	1.7E-3
780	5.3E-5	2.2E-1	3.3E+1	2.6E-2	5.9E-2	6.3E-5	1.7E-3
790	5.3E-5	2.2E-1	3.3E+1	2.6E-2	5.9E-2	6.3E-5	1.7E-3
800	5.4E-5	2.2E-1	3.3E+1	2.6E-2	5.9E-2	6.3E-5	1.7E-3
810	5.4E-5	2.2E-1	3.4E+1	2.6E-2	5.9E-2	6.3E-5	1.7E-3
820	5.4E-5	2.2E-1	3.4E+1	2.6E-2	5.9E-2	6.3E-5	1.7E-3
830	5.4E-5	2.3E-1	3.4E+1	2.6E-2	5.9E-2	6.3E-5	1.7E-3
840	5.4E-5	2.3E-1	3.4E+1	2.6E-2	5.9E-2	6.4E-5	1.7E-3
850	5.4E-5	2.3E-1	3.4E+1	2.6E-2	5.9E-2	6.4E-5	1.7E-3
860	5.4E-5	2.3E-1	3.4E+1	2.6E-2	5.9E-2	6.4E-5	1.7E-3
870	5.4E-5	2.3E-1	3.5E+1	2.6E-2	5.9E-2	6.4E-5	1.7E-3
880	5.5E-5	2.3E-1	3.5E+1	2.6E-2	5.9E-2	6.4E-5	1.7E-3
890	5.5E-5	2.3E-1	3.5E+1	2.6E-2	5.9E-2	6.4E-5	1.7E-3
900	5.5E-5	2.3E-1	3.5E+1	2.6E-2	5.9E-2	6.5E-5	1.7E-3
910	5.5E-5	2.3E-1	3.5E+1	2.6E-2	5.9E-2	6.5E-5	1.7E-3
920	5.5E-5	2.3E-1	3.5E+1	2.6E-2	5.9E-2	6.5E-5	1.7E-3
930	5.5E-5	2.4E-1	3.5E+1	2.6E-2	5.9E-2	6.5E-5	1.7E-3
940	5.5E-5	2.4E-1	3.6E+1	2.6E-2	5.9E-2	6.5E-5	1.7E-3
950	5.5E-5	2.4E-1	3.6E+1	2.6E-2	5.9E-2	6.5E-5	1.7E-3
960	5.6E-5	2.4E-1	3.6E+1	2.6E-2	5.9E-2	6.6E-5	1.7E-3
970	5.6E-5	2.4E-1	3.6E+1	2.6E-2	5.9E-2	6.6E-5	1.7E-3
980	5.6E-5	2.4E-1	3.6E+1	2.6E-2	5.9E-2	6.6E-5	1.7E-3
990	5.6E-5	2.4E-1	3.6E+1	2.6E-2	5.9E-2	6.6E-5	1.8E-3
1000	5.6E-5	2.4E-1	3.6E+1	2.6E-2	5.9E-2	6.6E-5	1.8E-3
1010	5.6E-5	2.4E-1	3.7E+1	2.6E-2	5.9E-2	6.6E-5	1.8E-3
1020	5.6E-5	2.4E-1	3.7E+1	2.6E-2	5.9E-2	6.7E-5	1.8E-3
1030	5.7E-5	2.5E-1	3.7E+1	2.6E-2	5.9E-2	6.7E-5	1.8E-3
1040	5.7E-5	2.5E-1	3.7E+1	2.6E-2	5.9E-2	6.7E-5	1.8E-3
1050	5.7E-5	2.5E-1	3.7E+1	2.6E-2	5.9E-2	6.7E-5	1.8E-3
1060	5.7E-5	2.5E-1	3.7E+1	2.6E-2	5.9E-2	6.7E-5	1.8E-3
1070	5.7E-5	2.5E-1	3.8E+1	2.6E-2	5.9E-2	6.8E-5	1.8E-3
1080	5.7E-5	2.5E-1	3.8E+1	2.6E-2	5.9E-2	6.8E-5	1.8E-3
1090	5.7E-5	2.5E-1	3.8E+1	2.6E-2	5.9E-2	6.8E-5	1.8E-3
1095	5.7E-5	2.5E-1	3.8E+1	2.6E-2	5.9E-2	6.8E-5	1.8E-3
1100	5.7E-5	2.5E-1	3.8E+1	2.6E-2	5.9E-2	6.8E-5	1.8E-3
1200	5.9E-5	2.6E-1	4.0E+1	2.6E-2	5.9E-2	7.0E-5	1.8E-3
1300	6.0E-5	2.7E-1	4.1E+1	2.6E-2	5.9E-2	7.2E-5	1.9E-3
1400	6.1E-5	2.8E-1	4.3E+1	2.6E-2	5.9E-2	7.3E-5	1.9E-3
1500	6.3E-5	3.0E-1	4.4E+1	2.6E-2	5.9E-2	7.5E-5	1.9E-3
1600	6.4E-5	3.1E-1	4.6E+1	2.6E-2	5.9E-2	7.7E-5	2.0E-3
1700	6.5E-5	3.2E-1	4.8E+1	2.6E-2	5.9E-2	7.9E-5	2.0E-3
1800	6.7E-5	3.3E-1	5.0E+1	2.6E-2	5.9E-2	8.1E-5	2.0E-3
1900	6.8E-5	3.4E-1	5.2E+1	2.6E-2	5.9E-2	8.3E-5	2.1E-3
2000	7.0E-5	3.6E-1	5.4E+1	2.6E-2	6.0E-2	8.4E-5	2.1E-3
2100	7.1E-5	3.7E-1	5.6E+1	2.6E-2	6.0E-2	8.6E-5	2.1E-3
2200	7.2E-5	3.9E-1	5.8E+1	2.6E-2	6.0E-2	8.8E-5	2.2E-3
2300	7.4E-5	4.0E-1	6.0E+1	2.6E-2	6.0E-2	9.0E-5	2.2E-3
2400	7.5E-5	4.2E-1	6.3E+1	2.6E-2	6.0E-2	9.2E-5	2.3E-3
2500	7.6E-5	4.3E-1	6.5E+1	2.6E-2	6.0E-2	9.4E-5	2.3E-3
2600	7.8E-5	4.5E-1	6.7E+1	2.6E-2	6.0E-2	9.6E-5	2.3E-3
2700	7.9E-5	4.6E-1	7.0E+1	2.7E-2	6.0E-2	9.8E-5	2.4E-3
2800	8.0E-5	4.8E-1	7.2E+1	2.7E-2	6.0E-2	1.0E-4	2.4E-3
2900	8.2E-5	5.0E-1	7.5E+1	2.7E-2	6.0E-2	1.0E-4	2.5E-3
3000	8.3E-5	5.1E-1	7.7E+1	2.7E-2	6.1E-2	1.0E-4	2.5E-3
3100	8.4E-5	5.3E-1	8.0E+1	2.7E-2	6.1E-2	1.1E-4	2.6E-3
3200	8.6E-5	5.5E-1	8.3E+1	2.7E-2	6.1E-2	1.1E-4	2.6E-3
3300	8.7E-5	5.7E-1	8.6E+1	2.7E-2	6.1E-2	1.1E-4	2.7E-3
3400	8.9E-5	5.9E-1	8.9E+1	2.7E-2	6.1E-2	1.1E-4	2.7E-3
3500	9.0E-5	6.1E-1	9.1E+1	2.7E-2	6.1E-2	1.1E-4	2.8E-3
3600	9.1E-5	6.3E-1	9.4E+1	2.7E-2	6.1E-2	1.2E-4	2.8E-3
3650	9.2E-5	6.4E-1	9.6E+1	2.7E-2	6.1E-2	1.2E-4	2.8E-3
4000	9.7E-5	7.1E-1	1.1E+2	2.7E-2	6.2E-2	1.2E-4	3.0E-3
5000	1.1E-4	9.5E-1	1.4E+2	2.8E-2	6.3E-2	1.4E-4	3.6E-3
6000	1.2E-4	1.2E+0	1.8E+2	2.8E-2	6.4E-2	1.6E-4	4.4E-3
7000	1.3E-4	1.5E+0	2.3E+2	2.9E-2	6.5E-2	1.8E-4	5.3E-3
8000	1.5E-4	1.8E+0	2.7E+2	2.9E-2	6.6E-2	2.0E-4	6.4E-3
9000	1.6E-4	2.1E+0	3.2E+2	3.0E-2	6.7E-2	2.2E-4	7.6E-3
10000	1.7E-4	2.4E+0	3.6E+2	3.0E-2	6.8E-2	2.4E-4	9.2E-3
11000	1.8E-4	2.7E+0	4.1E+2	3.1E-2	7.0E-2	2.7E-4	1.1E-2
12000	1.9E-4	3.0E+0	4.5E+2	3.1E-2	7.1E-2	2.9E-4	1.3E-2
13000	2.1E-4	3.3E+0	5.0E+2	3.2E-2	7.2E-2	3.2E-4	1.6E-2
14000	2.2E-4	3.6E+0	5.4E+2	3.2E-2	7.4E-2	3.4E-4	1.9E-2
15000	2.3E-4	3.9E+0	5.9E+2	3.3E-2	7.5E-2	3.7E-4	2.3E-2
16000	2.5E-4	4.3E+0	6.4E+2	3.4E-2	7.6E-2	4.0E-4	2.8E-2
17000	2.6E-4	4.6E+0	7.0E+2	3.4E-2	7.8E-2	4.4E-4	3.3E-2
18000	2.8E-4	5.0E+0	7.5E+2	3.5E-2	7.9E-2	4.7E-4	3.9E-2
18250	2.8E-4	5.1E+0	7.7E+2	3.5E-2	8.0E-2	4.8E-4	4.1E-2
Radionuclide	U-235
Route of Intake	Inhalation
Material	Aerosols Type F, Uranium hexafluoride, uranyl tributyl-phosphate, fA=2E-2
AMTD/AMAD, µm	0.01

Committed Effective Dose per Predicted Content in an Organ or Excreta Sample (Dose per Content Functions z(t)), Sv/Bq
Time, days	Whole Body	Urine (24-hour sample)	Faeces (24-hour sample)	Alimentary Tract*	Lungs*	Skeleton*	Liver*
0.041667	1.4E-6	-	-	1.5E-5	2.6E-6	5.7E-5	9.0E-5
0.083333	1.5E-6	-	-	1.3E-5	4.0E-6	3.1E-5	8.2E-5
0.125	1.6E-6	-	-	1.2E-5	6.0E-6	2.3E-5	8.6E-5
0.25	2.0E-6	-	-	1.1E-5	2.0E-5	1.5E-5	9.9E-5
0.375	2.3E-6	-	-	1.0E-5	6.3E-5	1.3E-5	1.1E-4
0.5	2.6E-6	-	-	9.7E-6	1.7E-4	1.3E-5	1.1E-4
0.625	2.8E-6	-	-	9.5E-6	3.8E-4	1.2E-5	1.1E-4
0.75	3.0E-6	-	-	9.5E-6	6.3E-4	1.2E-5	1.2E-4
0.875	3.1E-6	-	-	9.6E-6	8.3E-4	1.2E-5	1.2E-4
1	3.2E-6	2.8E-6	5.5E-5	9.9E-6	9.6E-4	1.2E-5	1.2E-4
1.125	3.3E-6	-	-	1.0E-5	1.0E-3	1.2E-5	1.2E-4
1.25	3.4E-6	-	-	1.1E-5	1.1E-3	1.2E-5	1.2E-4
1.375	3.5E-6	-	-	1.2E-5	1.1E-3	1.2E-5	1.2E-4
1.5	3.6E-6	-	-	1.3E-5	1.2E-3	1.3E-5	1.2E-4
1.625	3.8E-6	-	-	1.4E-5	1.2E-3	1.3E-5	1.2E-4
1.75	3.9E-6	-	-	1.5E-5	1.2E-3	1.3E-5	1.3E-4
1.875	4.0E-6	-	-	1.7E-5	1.3E-3	1.3E-5	1.3E-4
2	4.2E-6	6.7E-5	1.8E-5	1.9E-5	1.3E-3	1.3E-5	1.3E-4
2.25	4.4E-6	-	-	2.4E-5	1.3E-3	1.3E-5	1.3E-4
2.5	4.7E-6	-	-	3.1E-5	1.4E-3	1.3E-5	1.3E-4
2.75	4.9E-6	-	-	4.1E-5	1.5E-3	1.3E-5	1.4E-4
3	5.1E-6	9.6E-5	2.9E-5	5.4E-5	1.5E-3	1.3E-5	1.4E-4
3.25	5.3E-6	-	-	7.3E-5	1.6E-3	1.4E-5	1.4E-4
3.5	5.5E-6	-	-	9.8E-5	1.6E-3	1.4E-5	1.5E-4
3.75	5.7E-6	-	-	1.3E-4	1.7E-3	1.4E-5	1.5E-4
4	5.8E-6	1.1E-4	7.8E-5	1.8E-4	1.8E-3	1.4E-5	1.5E-4
4.25	5.9E-6	-	-	2.4E-4	1.8E-3	1.4E-5	1.6E-4
4.5	6.0E-6	-	-	3.1E-4	1.9E-3	1.4E-5	1.6E-4
4.75	6.1E-6	-	-	4.0E-4	1.9E-3	1.4E-5	1.6E-4
5	6.2E-6	1.2E-4	2.7E-4	5.0E-4	2.0E-3	1.5E-5	1.6E-4
5.5	6.4E-6	-	-	7.3E-4	2.1E-3	1.5E-5	1.7E-4
6	6.6E-6	1.3E-4	1.1E-3	9.4E-4	2.2E-3	1.5E-5	1.8E-4
6.5	6.8E-6	-	-	1.1E-3	2.3E-3	1.5E-5	1.9E-4
7	6.9E-6	1.4E-4	4.5E-3	1.2E-3	2.4E-3	1.6E-5	1.9E-4
7.5	7.1E-6	-	-	1.3E-3	2.5E-3	1.6E-5	2.0E-4
8	7.3E-6	1.6E-4	1.6E-2	1.3E-3	2.6E-3	1.6E-5	2.1E-4
8.5	7.4E-6	-	-	1.3E-3	2.7E-3	1.6E-5	2.2E-4
9	7.6E-6	1.7E-4	3.3E-2	1.4E-3	2.8E-3	1.6E-5	2.2E-4
9.5	7.7E-6	-	-	1.4E-3	2.9E-3	1.7E-5	2.3E-4
10	7.9E-6	1.9E-4	4.5E-2	1.4E-3	3.0E-3	1.7E-5	2.4E-4
11	8.2E-6	2.0E-4	5.2E-2	1.5E-3	3.1E-3	1.7E-5	2.6E-4
12	8.6E-6	2.2E-4	5.8E-2	1.5E-3	3.2E-3	1.8E-5	2.8E-4
13	8.9E-6	2.4E-4	6.2E-2	1.6E-3	3.4E-3	1.8E-5	3.0E-4
14	9.2E-6	2.6E-4	6.7E-2	1.6E-3	3.5E-3	1.8E-5	3.2E-4
15	9.5E-6	2.8E-4	7.3E-2	1.7E-3	3.6E-3	1.9E-5	3.4E-4
16	9.8E-6	3.0E-4	7.8E-2	1.7E-3	3.8E-3	1.9E-5	3.6E-4
17	1.0E-5	3.2E-4	8.3E-2	1.8E-3	3.9E-3	1.9E-5	3.8E-4
18	1.0E-5	3.5E-4	8.9E-2	1.8E-3	4.0E-3	1.9E-5	4.1E-4
19	1.1E-5	3.7E-4	9.4E-2	1.9E-3	4.1E-3	2.0E-5	4.3E-4
20	1.1E-5	4.0E-4	1.0E-1	1.9E-3	4.3E-3	2.0E-5	4.6E-4
21	1.1E-5	4.3E-4	1.1E-1	2.0E-3	4.4E-3	2.0E-5	4.8E-4
22	1.2E-5	4.6E-4	1.1E-1	2.1E-3	4.5E-3	2.0E-5	5.1E-4
23	1.2E-5	4.9E-4	1.2E-1	2.1E-3	4.7E-3	2.1E-5	5.3E-4
24	1.2E-5	5.2E-4	1.2E-1	2.2E-3	4.8E-3	2.1E-5	5.6E-4
25	1.2E-5	5.5E-4	1.3E-1	2.2E-3	4.9E-3	2.1E-5	5.9E-4
26	1.3E-5	5.9E-4	1.3E-1	2.3E-3	5.1E-3	2.1E-5	6.2E-4
27	1.3E-5	6.2E-4	1.4E-1	2.4E-3	5.2E-3	2.1E-5	6.4E-4
28	1.3E-5	6.6E-4	1.5E-1	2.4E-3	5.4E-3	2.1E-5	6.7E-4
29	1.4E-5	7.0E-4	1.5E-1	2.5E-3	5.5E-3	2.2E-5	7.0E-4
30	1.4E-5	7.3E-4	1.6E-1	2.6E-3	5.7E-3	2.2E-5	7.2E-4
31	1.4E-5	7.7E-4	1.6E-1	2.6E-3	5.8E-3	2.2E-5	7.5E-4
32	1.4E-5	8.1E-4	1.7E-1	2.7E-3	6.0E-3	2.2E-5	7.7E-4
33	1.5E-5	8.6E-4	1.8E-1	2.8E-3	6.2E-3	2.2E-5	8.0E-4
34	1.5E-5	9.0E-4	1.8E-1	2.9E-3	6.3E-3	2.2E-5	8.2E-4
35	1.5E-5	9.4E-4	1.9E-1	2.9E-3	6.5E-3	2.3E-5	8.5E-4
36	1.5E-5	9.9E-4	1.9E-1	3.0E-3	6.7E-3	2.3E-5	8.7E-4
37	1.5E-5	1.0E-3	2.0E-1	3.1E-3	6.9E-3	2.3E-5	8.9E-4
38	1.6E-5	1.1E-3	2.1E-1	3.2E-3	7.0E-3	2.3E-5	9.1E-4
39	1.6E-5	1.1E-3	2.1E-1	3.3E-3	7.2E-3	2.3E-5	9.3E-4
40	1.6E-5	1.2E-3	2.2E-1	3.3E-3	7.4E-3	2.3E-5	9.5E-4
41	1.6E-5	1.2E-3	2.3E-1	3.4E-3	7.6E-3	2.3E-5	9.7E-4
42	1.7E-5	1.3E-3	2.3E-1	3.5E-3	7.8E-3	2.4E-5	9.9E-4
43	1.7E-5	1.3E-3	2.4E-1	3.6E-3	8.0E-3	2.4E-5	1.0E-3
44	1.7E-5	1.4E-3	2.4E-1	3.7E-3	8.2E-3	2.4E-5	1.0E-3
45	1.7E-5	1.4E-3	2.5E-1	3.8E-3	8.4E-3	2.4E-5	1.0E-3
46	1.7E-5	1.5E-3	2.6E-1	3.9E-3	8.6E-3	2.4E-5	1.1E-3
47	1.8E-5	1.5E-3	2.6E-1	4.0E-3	8.8E-3	2.4E-5	1.1E-3
48	1.8E-5	1.6E-3	2.7E-1	4.1E-3	9.1E-3	2.4E-5	1.1E-3
49	1.8E-5	1.6E-3	2.8E-1	4.2E-3	9.3E-3	2.5E-5	1.1E-3
50	1.8E-5	1.7E-3	2.8E-1	4.3E-3	9.5E-3	2.5E-5	1.1E-3
51	1.8E-5	1.7E-3	2.9E-1	4.4E-3	9.8E-3	2.5E-5	1.1E-3
52	1.9E-5	1.8E-3	3.0E-1	4.5E-3	1.0E-2	2.5E-5	1.1E-3
53	1.9E-5	1.8E-3	3.0E-1	4.6E-3	1.0E-2	2.5E-5	1.1E-3
54	1.9E-5	1.9E-3	3.1E-1	4.7E-3	1.0E-2	2.5E-5	1.1E-3
55	1.9E-5	1.9E-3	3.2E-1	4.8E-3	1.1E-2	2.5E-5	1.2E-3
56	1.9E-5	2.0E-3	3.3E-1	4.9E-3	1.1E-2	2.5E-5	1.2E-3
57	2.0E-5	2.0E-3	3.3E-1	5.1E-3	1.1E-2	2.6E-5	1.2E-3
58	2.0E-5	2.1E-3	3.4E-1	5.2E-3	1.1E-2	2.6E-5	1.2E-3
59	2.0E-5	2.2E-3	3.5E-1	5.3E-3	1.2E-2	2.6E-5	1.2E-3
60	2.0E-5	2.2E-3	3.6E-1	5.4E-3	1.2E-2	2.6E-5	1.2E-3
61	2.0E-5	2.3E-3	3.6E-1	5.5E-3	1.2E-2	2.6E-5	1.2E-3
62	2.0E-5	2.3E-3	3.7E-1	5.7E-3	1.3E-2	2.6E-5	1.2E-3
63	2.1E-5	2.4E-3	3.8E-1	5.8E-3	1.3E-2	2.6E-5	1.2E-3
64	2.1E-5	2.4E-3	3.9E-1	5.9E-3	1.3E-2	2.7E-5	1.2E-3
65	2.1E-5	2.5E-3	4.0E-1	6.0E-3	1.3E-2	2.7E-5	1.2E-3
66	2.1E-5	2.6E-3	4.0E-1	6.2E-3	1.4E-2	2.7E-5	1.2E-3
67	2.1E-5	2.6E-3	4.1E-1	6.3E-3	1.4E-2	2.7E-5	1.2E-3
68	2.2E-5	2.7E-3	4.2E-1	6.4E-3	1.4E-2	2.7E-5	1.2E-3
69	2.2E-5	2.7E-3	4.3E-1	6.6E-3	1.5E-2	2.7E-5	1.2E-3
70	2.2E-5	2.8E-3	4.4E-1	6.7E-3	1.5E-2	2.7E-5	1.2E-3
71	2.2E-5	2.9E-3	4.5E-1	6.8E-3	1.5E-2	2.8E-5	1.2E-3
72	2.2E-5	2.9E-3	4.6E-1	7.0E-3	1.6E-2	2.8E-5	1.2E-3
73	2.2E-5	3.0E-3	4.7E-1	7.1E-3	1.6E-2	2.8E-5	1.2E-3
74	2.3E-5	3.1E-3	4.7E-1	7.3E-3	1.6E-2	2.8E-5	1.2E-3
75	2.3E-5	3.1E-3	4.8E-1	7.4E-3	1.6E-2	2.8E-5	1.2E-3
76	2.3E-5	3.2E-3	4.9E-1	7.5E-3	1.7E-2	2.8E-5	1.3E-3
77	2.3E-5	3.3E-3	5.0E-1	7.7E-3	1.7E-2	2.8E-5	1.3E-3
78	2.3E-5	3.3E-3	5.1E-1	7.8E-3	1.7E-2	2.8E-5	1.3E-3
79	2.3E-5	3.4E-3	5.2E-1	8.0E-3	1.8E-2	2.9E-5	1.3E-3
80	2.4E-5	3.5E-3	5.3E-1	8.1E-3	1.8E-2	2.9E-5	1.3E-3
81	2.4E-5	3.5E-3	5.4E-1	8.3E-3	1.8E-2	2.9E-5	1.3E-3
82	2.4E-5	3.6E-3	5.5E-1	8.4E-3	1.9E-2	2.9E-5	1.3E-3
83	2.4E-5	3.7E-3	5.6E-1	8.6E-3	1.9E-2	2.9E-5	1.3E-3
84	2.4E-5	3.7E-3	5.7E-1	8.7E-3	1.9E-2	2.9E-5	1.3E-3
85	2.4E-5	3.8E-3	5.9E-1	8.9E-3	2.0E-2	2.9E-5	1.3E-3
86	2.4E-5	3.9E-3	6.0E-1	9.0E-3	2.0E-2	3.0E-5	1.3E-3
87	2.5E-5	4.0E-3	6.1E-1	9.2E-3	2.0E-2	3.0E-5	1.3E-3
88	2.5E-5	4.0E-3	6.2E-1	9.3E-3	2.1E-2	3.0E-5	1.3E-3
89	2.5E-5	4.1E-3	6.3E-1	9.5E-3	2.1E-2	3.0E-5	1.3E-3
90	2.5E-5	4.2E-3	6.4E-1	9.6E-3	2.1E-2	3.0E-5	1.3E-3
91	2.5E-5	4.3E-3	6.5E-1	9.8E-3	2.2E-2	3.0E-5	1.3E-3
92	2.5E-5	4.3E-3	6.6E-1	1.0E-2	2.2E-2	3.0E-5	1.3E-3
93	2.6E-5	4.4E-3	6.8E-1	1.0E-2	2.2E-2	3.1E-5	1.3E-3
94	2.6E-5	4.5E-3	6.9E-1	1.0E-2	2.3E-2	3.1E-5	1.3E-3
95	2.6E-5	4.6E-3	7.0E-1	1.0E-2	2.3E-2	3.1E-5	1.3E-3
96	2.6E-5	4.7E-3	7.1E-1	1.1E-2	2.4E-2	3.1E-5	1.3E-3
97	2.6E-5	4.8E-3	7.3E-1	1.1E-2	2.4E-2	3.1E-5	1.3E-3
98	2.6E-5	4.8E-3	7.4E-1	1.1E-2	2.4E-2	3.1E-5	1.3E-3
99	2.6E-5	4.9E-3	7.5E-1	1.1E-2	2.5E-2	3.1E-5	1.3E-3
100	2.7E-5	5.0E-3	7.6E-1	1.1E-2	2.5E-2	3.1E-5	1.3E-3
110	2.8E-5	5.9E-3	9.0E-1	1.3E-2	2.8E-2	3.3E-5	1.3E-3
120	2.9E-5	7.0E-3	1.1E+0	1.4E-2	3.2E-2	3.4E-5	1.3E-3
130	3.0E-5	8.1E-3	1.2E+0	1.5E-2	3.4E-2	3.5E-5	1.3E-3
140	3.1E-5	9.4E-3	1.4E+0	1.7E-2	3.7E-2	3.6E-5	1.3E-3
150	3.2E-5	1.1E-2	1.6E+0	1.8E-2	3.9E-2	3.7E-5	1.3E-3
160	3.3E-5	1.2E-2	1.9E+0	1.8E-2	4.1E-2	3.8E-5	1.3E-3
170	3.4E-5	1.4E-2	2.1E+0	1.9E-2	4.3E-2	3.9E-5	1.3E-3
180	3.5E-5	1.6E-2	2.4E+0	2.0E-2	4.4E-2	4.0E-5	1.4E-3
190	3.6E-5	1.8E-2	2.8E+0	2.0E-2	4.6E-2	4.1E-5	1.4E-3
200	3.6E-5	2.1E-2	3.1E+0	2.1E-2	4.7E-2	4.2E-5	1.4E-3
210	3.7E-5	2.3E-2	3.5E+0	2.1E-2	4.7E-2	4.3E-5	1.4E-3
220	3.8E-5	2.6E-2	3.9E+0	2.1E-2	4.8E-2	4.3E-5	1.4E-3
230	3.8E-5	2.9E-2	4.4E+0	2.2E-2	4.9E-2	4.4E-5	1.4E-3
240	3.9E-5	3.2E-2	4.8E+0	2.2E-2	4.9E-2	4.4E-5	1.4E-3
250	3.9E-5	3.6E-2	5.4E+0	2.2E-2	5.0E-2	4.5E-5	1.4E-3
260	4.0E-5	3.9E-2	5.9E+0	2.2E-2	5.0E-2	4.6E-5	1.4E-3
270	4.0E-5	4.3E-2	6.5E+0	2.2E-2	5.0E-2	4.6E-5	1.4E-3
280	4.0E-5	4.7E-2	7.2E+0	2.2E-2	5.1E-2	4.6E-5	1.4E-3
290	4.1E-5	5.2E-2	7.9E+0	2.2E-2	5.1E-2	4.7E-5	1.4E-3
300	4.1E-5	5.7E-2	8.6E+0	2.3E-2	5.1E-2	4.7E-5	1.4E-3
310	4.1E-5	6.2E-2	9.3E+0	2.3E-2	5.1E-2	4.8E-5	1.4E-3
320	4.1E-5	6.7E-2	1.0E+1	2.3E-2	5.1E-2	4.8E-5	1.4E-3
330	4.2E-5	7.2E-2	1.1E+1	2.3E-2	5.1E-2	4.8E-5	1.4E-3
340	4.2E-5	7.7E-2	1.2E+1	2.3E-2	5.2E-2	4.9E-5	1.4E-3
350	4.2E-5	8.3E-2	1.2E+1	2.3E-2	5.2E-2	4.9E-5	1.4E-3
360	4.2E-5	8.8E-2	1.3E+1	2.3E-2	5.2E-2	4.9E-5	1.4E-3
365	4.2E-5	9.1E-2	1.4E+1	2.3E-2	5.2E-2	4.9E-5	1.4E-3
370	4.3E-5	9.3E-2	1.4E+1	2.3E-2	5.2E-2	4.9E-5	1.4E-3
380	4.3E-5	9.9E-2	1.5E+1	2.3E-2	5.2E-2	5.0E-5	1.4E-3
390	4.3E-5	1.0E-1	1.6E+1	2.3E-2	5.2E-2	5.0E-5	1.4E-3
400	4.3E-5	1.1E-1	1.7E+1	2.3E-2	5.2E-2	5.0E-5	1.4E-3
410	4.3E-5	1.1E-1	1.7E+1	2.3E-2	5.2E-2	5.0E-5	1.4E-3
420	4.3E-5	1.2E-1	1.8E+1	2.3E-2	5.2E-2	5.0E-5	1.4E-3
430	4.4E-5	1.2E-1	1.9E+1	2.3E-2	5.2E-2	5.1E-5	1.4E-3
440	4.4E-5	1.3E-1	1.9E+1	2.3E-2	5.2E-2	5.1E-5	1.4E-3
450	4.4E-5	1.3E-1	2.0E+1	2.3E-2	5.2E-2	5.1E-5	1.4E-3
460	4.4E-5	1.4E-1	2.1E+1	2.3E-2	5.2E-2	5.1E-5	1.4E-3
470	4.4E-5	1.4E-1	2.1E+1	2.3E-2	5.2E-2	5.1E-5	1.4E-3
480	4.4E-5	1.5E-1	2.2E+1	2.3E-2	5.2E-2	5.2E-5	1.4E-3
490	4.4E-5	1.5E-1	2.2E+1	2.3E-2	5.2E-2	5.2E-5	1.4E-3
500	4.5E-5	1.5E-1	2.3E+1	2.3E-2	5.2E-2	5.2E-5	1.4E-3
510	4.5E-5	1.6E-1	2.3E+1	2.3E-2	5.2E-2	5.2E-5	1.4E-3
520	4.5E-5	1.6E-1	2.4E+1	2.3E-2	5.2E-2	5.2E-5	1.4E-3
530	4.5E-5	1.6E-1	2.4E+1	2.3E-2	5.2E-2	5.2E-5	1.5E-3
540	4.5E-5	1.6E-1	2.5E+1	2.3E-2	5.2E-2	5.3E-5	1.5E-3
550	4.5E-5	1.7E-1	2.5E+1	2.3E-2	5.2E-2	5.3E-5	1.5E-3
560	4.5E-5	1.7E-1	2.5E+1	2.3E-2	5.2E-2	5.3E-5	1.5E-3
570	4.5E-5	1.7E-1	2.6E+1	2.3E-2	5.2E-2	5.3E-5	1.5E-3
580	4.6E-5	1.7E-1	2.6E+1	2.3E-2	5.3E-2	5.3E-5	1.5E-3
590	4.6E-5	1.7E-1	2.6E+1	2.3E-2	5.3E-2	5.3E-5	1.5E-3
600	4.6E-5	1.8E-1	2.7E+1	2.3E-2	5.3E-2	5.4E-5	1.5E-3
610	4.6E-5	1.8E-1	2.7E+1	2.3E-2	5.3E-2	5.4E-5	1.5E-3
620	4.6E-5	1.8E-1	2.7E+1	2.3E-2	5.3E-2	5.4E-5	1.5E-3
630	4.6E-5	1.8E-1	2.7E+1	2.3E-2	5.3E-2	5.4E-5	1.5E-3
640	4.6E-5	1.8E-1	2.8E+1	2.3E-2	5.3E-2	5.4E-5	1.5E-3
650	4.6E-5	1.8E-1	2.8E+1	2.3E-2	5.3E-2	5.4E-5	1.5E-3
660	4.7E-5	1.9E-1	2.8E+1	2.3E-2	5.3E-2	5.4E-5	1.5E-3
670	4.7E-5	1.9E-1	2.8E+1	2.3E-2	5.3E-2	5.5E-5	1.5E-3
680	4.7E-5	1.9E-1	2.8E+1	2.3E-2	5.3E-2	5.5E-5	1.5E-3
690	4.7E-5	1.9E-1	2.8E+1	2.3E-2	5.3E-2	5.5E-5	1.5E-3
700	4.7E-5	1.9E-1	2.9E+1	2.3E-2	5.3E-2	5.5E-5	1.5E-3
710	4.7E-5	1.9E-1	2.9E+1	2.3E-2	5.3E-2	5.5E-5	1.5E-3
720	4.7E-5	1.9E-1	2.9E+1	2.3E-2	5.3E-2	5.5E-5	1.5E-3
730	4.7E-5	1.9E-1	2.9E+1	2.3E-2	5.3E-2	5.6E-5	1.5E-3
740	4.7E-5	1.9E-1	2.9E+1	2.3E-2	5.3E-2	5.6E-5	1.5E-3
750	4.8E-5	2.0E-1	2.9E+1	2.3E-2	5.3E-2	5.6E-5	1.5E-3
760	4.8E-5	2.0E-1	3.0E+1	2.3E-2	5.3E-2	5.6E-5	1.5E-3
770	4.8E-5	2.0E-1	3.0E+1	2.3E-2	5.3E-2	5.6E-5	1.5E-3
780	4.8E-5	2.0E-1	3.0E+1	2.3E-2	5.3E-2	5.6E-5	1.5E-3
790	4.8E-5	2.0E-1	3.0E+1	2.3E-2	5.3E-2	5.6E-5	1.5E-3
800	4.8E-5	2.0E-1	3.0E+1	2.3E-2	5.3E-2	5.7E-5	1.5E-3
810	4.8E-5	2.0E-1	3.0E+1	2.3E-2	5.3E-2	5.7E-5	1.5E-3
820	4.8E-5	2.0E-1	3.0E+1	2.3E-2	5.3E-2	5.7E-5	1.5E-3
830	4.9E-5	2.0E-1	3.1E+1	2.3E-2	5.3E-2	5.7E-5	1.5E-3
840	4.9E-5	2.0E-1	3.1E+1	2.3E-2	5.3E-2	5.7E-5	1.5E-3
850	4.9E-5	2.0E-1	3.1E+1	2.3E-2	5.3E-2	5.7E-5	1.5E-3
860	4.9E-5	2.1E-1	3.1E+1	2.3E-2	5.3E-2	5.8E-5	1.5E-3
870	4.9E-5	2.1E-1	3.1E+1	2.3E-2	5.3E-2	5.8E-5	1.5E-3
880	4.9E-5	2.1E-1	3.1E+1	2.3E-2	5.3E-2	5.8E-5	1.5E-3
890	4.9E-5	2.1E-1	3.1E+1	2.3E-2	5.3E-2	5.8E-5	1.5E-3
900	4.9E-5	2.1E-1	3.1E+1	2.3E-2	5.3E-2	5.8E-5	1.6E-3
910	4.9E-5	2.1E-1	3.2E+1	2.3E-2	5.3E-2	5.8E-5	1.6E-3
920	5.0E-5	2.1E-1	3.2E+1	2.3E-2	5.3E-2	5.8E-5	1.6E-3
930	5.0E-5	2.1E-1	3.2E+1	2.3E-2	5.3E-2	5.9E-5	1.6E-3
940	5.0E-5	2.1E-1	3.2E+1	2.3E-2	5.3E-2	5.9E-5	1.6E-3
950	5.0E-5	2.1E-1	3.2E+1	2.3E-2	5.3E-2	5.9E-5	1.6E-3
960	5.0E-5	2.1E-1	3.2E+1	2.3E-2	5.3E-2	5.9E-5	1.6E-3
970	5.0E-5	2.2E-1	3.2E+1	2.3E-2	5.3E-2	5.9E-5	1.6E-3
980	5.0E-5	2.2E-1	3.3E+1	2.3E-2	5.3E-2	5.9E-5	1.6E-3
990	5.0E-5	2.2E-1	3.3E+1	2.3E-2	5.3E-2	6.0E-5	1.6E-3
1000	5.1E-5	2.2E-1	3.3E+1	2.3E-2	5.3E-2	6.0E-5	1.6E-3
1010	5.1E-5	2.2E-1	3.3E+1	2.3E-2	5.3E-2	6.0E-5	1.6E-3
1020	5.1E-5	2.2E-1	3.3E+1	2.3E-2	5.3E-2	6.0E-5	1.6E-3
1030	5.1E-5	2.2E-1	3.3E+1	2.3E-2	5.3E-2	6.0E-5	1.6E-3
1040	5.1E-5	2.2E-1	3.3E+1	2.3E-2	5.3E-2	6.0E-5	1.6E-3
1050	5.1E-5	2.2E-1	3.3E+1	2.3E-2	5.3E-2	6.0E-5	1.6E-3
1060	5.1E-5	2.2E-1	3.4E+1	2.3E-2	5.3E-2	6.1E-5	1.6E-3
1070	5.1E-5	2.2E-1	3.4E+1	2.3E-2	5.3E-2	6.1E-5	1.6E-3
1080	5.1E-5	2.3E-1	3.4E+1	2.3E-2	5.3E-2	6.1E-5	1.6E-3
1090	5.2E-5	2.3E-1	3.4E+1	2.3E-2	5.3E-2	6.1E-5	1.6E-3
1095	5.2E-5	2.3E-1	3.4E+1	2.3E-2	5.3E-2	6.1E-5	1.6E-3
1100	5.2E-5	2.3E-1	3.4E+1	2.3E-2	5.3E-2	6.1E-5	1.6E-3
1200	5.3E-5	2.4E-1	3.6E+1	2.3E-2	5.3E-2	6.3E-5	1.6E-3
1300	5.4E-5	2.5E-1	3.7E+1	2.3E-2	5.3E-2	6.4E-5	1.7E-3
1400	5.5E-5	2.6E-1	3.8E+1	2.3E-2	5.3E-2	6.6E-5	1.7E-3
1500	5.6E-5	2.7E-1	4.0E+1	2.3E-2	5.3E-2	6.8E-5	1.7E-3
1600	5.8E-5	2.8E-1	4.2E+1	2.3E-2	5.3E-2	6.9E-5	1.8E-3
1700	5.9E-5	2.9E-1	4.3E+1	2.4E-2	5.3E-2	7.1E-5	1.8E-3
1800	6.0E-5	3.0E-1	4.5E+1	2.4E-2	5.3E-2	7.3E-5	1.8E-3
1900	6.1E-5	3.1E-1	4.7E+1	2.4E-2	5.4E-2	7.4E-5	1.9E-3
2000	6.3E-5	3.2E-1	4.9E+1	2.4E-2	5.4E-2	7.6E-5	1.9E-3
2100	6.4E-5	3.3E-1	5.0E+1	2.4E-2	5.4E-2	7.8E-5	1.9E-3
2200	6.5E-5	3.5E-1	5.2E+1	2.4E-2	5.4E-2	7.9E-5	2.0E-3
2300	6.6E-5	3.6E-1	5.4E+1	2.4E-2	5.4E-2	8.1E-5	2.0E-3
2400	6.7E-5	3.7E-1	5.6E+1	2.4E-2	5.4E-2	8.3E-5	2.0E-3
2500	6.9E-5	3.9E-1	5.8E+1	2.4E-2	5.4E-2	8.5E-5	2.1E-3
2600	7.0E-5	4.0E-1	6.0E+1	2.4E-2	5.4E-2	8.6E-5	2.1E-3
2700	7.1E-5	4.2E-1	6.3E+1	2.4E-2	5.4E-2	8.8E-5	2.2E-3
2800	7.2E-5	4.3E-1	6.5E+1	2.4E-2	5.4E-2	9.0E-5	2.2E-3
2900	7.4E-5	4.5E-1	6.7E+1	2.4E-2	5.4E-2	9.2E-5	2.2E-3
3000	7.5E-5	4.6E-1	7.0E+1	2.4E-2	5.4E-2	9.3E-5	2.3E-3
3100	7.6E-5	4.8E-1	7.2E+1	2.4E-2	5.5E-2	9.5E-5	2.3E-3
3200	7.7E-5	4.9E-1	7.5E+1	2.4E-2	5.5E-2	9.7E-5	2.4E-3
3300	7.8E-5	5.1E-1	7.7E+1	2.4E-2	5.5E-2	9.9E-5	2.4E-3
3400	8.0E-5	5.3E-1	8.0E+1	2.4E-2	5.5E-2	1.0E-4	2.4E-3
3500	8.1E-5	5.5E-1	8.2E+1	2.4E-2	5.5E-2	1.0E-4	2.5E-3
3600	8.2E-5	5.6E-1	8.5E+1	2.4E-2	5.5E-2	1.0E-4	2.5E-3
3650	8.3E-5	5.7E-1	8.6E+1	2.4E-2	5.5E-2	1.0E-4	2.6E-3
4000	8.7E-5	6.4E-1	9.6E+1	2.4E-2	5.5E-2	1.1E-4	2.7E-3
5000	9.9E-5	8.5E-1	1.3E+2	2.5E-2	5.6E-2	1.3E-4	3.3E-3
6000	1.1E-4	1.1E+0	1.7E+2	2.5E-2	5.7E-2	1.5E-4	3.9E-3
7000	1.2E-4	1.4E+0	2.0E+2	2.6E-2	5.8E-2	1.6E-4	4.8E-3
8000	1.3E-4	1.6E+0	2.4E+2	2.6E-2	5.9E-2	1.8E-4	5.7E-3
9000	1.4E-4	1.9E+0	2.9E+2	2.7E-2	6.0E-2	2.0E-4	6.9E-3
10000	1.5E-4	2.2E+0	3.3E+2	2.7E-2	6.2E-2	2.2E-4	8.3E-3
11000	1.6E-4	2.4E+0	3.7E+2	2.8E-2	6.3E-2	2.4E-4	1.0E-2
12000	1.8E-4	2.7E+0	4.1E+2	2.8E-2	6.4E-2	2.6E-4	1.2E-2
13000	1.9E-4	3.0E+0	4.5E+2	2.9E-2	6.5E-2	2.8E-4	1.4E-2
14000	2.0E-4	3.2E+0	4.9E+2	2.9E-2	6.6E-2	3.1E-4	1.7E-2
15000	2.1E-4	3.5E+0	5.3E+2	3.0E-2	6.7E-2	3.3E-4	2.1E-2
16000	2.2E-4	3.8E+0	5.8E+2	3.0E-2	6.9E-2	3.6E-4	2.5E-2
17000	2.4E-4	4.2E+0	6.3E+2	3.1E-2	7.0E-2	3.9E-4	3.0E-2
18000	2.5E-4	4.5E+0	6.8E+2	3.1E-2	7.1E-2	4.3E-4	3.6E-2
18250	2.6E-4	4.6E+0	6.9E+2	3.2E-2	7.2E-2	4.4E-4	3.7E-2
Radionuclide	U-235
Route of Intake	Inhalation
Material	Aerosols Type F, Uranium hexafluoride, uranyl tributyl-phosphate, fA=2E-2
AMTD/AMAD, µm	0.03

Committed Effective Dose per Predicted Content in an Organ or Excreta Sample (Dose per Content Functions z(t)), Sv/Bq
Time, days	Whole Body	Urine (24-hour sample)	Faeces (24-hour sample)	Alimentary Tract*	Lungs*	Skeleton*	Liver*
0.041667	1.5E-6	-	-	2.2E-5	2.5E-6	5.6E-5	8.7E-5
0.083333	1.6E-6	-	-	1.9E-5	3.8E-6	3.0E-5	7.9E-5
0.125	1.7E-6	-	-	1.8E-5	5.7E-6	2.2E-5	8.3E-5
0.25	2.1E-6	-	-	1.6E-5	1.9E-5	1.5E-5	9.6E-5
0.375	2.6E-6	-	-	1.5E-5	6.0E-5	1.3E-5	1.0E-4
0.5	2.9E-6	-	-	1.5E-5	1.7E-4	1.2E-5	1.1E-4
0.625	3.2E-6	-	-	1.5E-5	3.7E-4	1.2E-5	1.1E-4
0.75	3.3E-6	-	-	1.5E-5	6.1E-4	1.2E-5	1.1E-4
0.875	3.5E-6	-	-	1.5E-5	8.1E-4	1.2E-5	1.1E-4
1	3.6E-6	2.7E-6	8.5E-5	1.5E-5	9.3E-4	1.2E-5	1.1E-4
1.125	3.7E-6	-	-	1.6E-5	1.0E-3	1.2E-5	1.2E-4
1.25	3.8E-6	-	-	1.7E-5	1.1E-3	1.2E-5	1.2E-4
1.375	3.9E-6	-	-	1.8E-5	1.1E-3	1.2E-5	1.2E-4
1.5	4.0E-6	-	-	2.0E-5	1.1E-3	1.2E-5	1.2E-4
1.625	4.1E-6	-	-	2.1E-5	1.2E-3	1.2E-5	1.2E-4
1.75	4.2E-6	-	-	2.4E-5	1.2E-3	1.2E-5	1.2E-4
1.875	4.3E-6	-	-	2.6E-5	1.2E-3	1.2E-5	1.2E-4
2	4.4E-6	6.6E-5	2.8E-5	2.9E-5	1.3E-3	1.2E-5	1.2E-4
2.25	4.6E-6	-	-	3.7E-5	1.3E-3	1.3E-5	1.3E-4
2.5	4.8E-6	-	-	4.7E-5	1.4E-3	1.3E-5	1.3E-4
2.75	5.0E-6	-	-	6.2E-5	1.4E-3	1.3E-5	1.3E-4
3	5.2E-6	9.3E-5	4.4E-5	8.2E-5	1.5E-3	1.3E-5	1.4E-4
3.25	5.3E-6	-	-	1.1E-4	1.5E-3	1.3E-5	1.4E-4
3.5	5.5E-6	-	-	1.4E-4	1.6E-3	1.3E-5	1.4E-4
3.75	5.6E-6	-	-	1.9E-4	1.7E-3	1.3E-5	1.4E-4
4	5.7E-6	1.0E-4	1.2E-4	2.5E-4	1.7E-3	1.4E-5	1.5E-4
4.25	5.8E-6	-	-	3.2E-4	1.8E-3	1.4E-5	1.5E-4
4.5	5.9E-6	-	-	4.1E-4	1.8E-3	1.4E-5	1.5E-4
4.75	6.0E-6	-	-	5.1E-4	1.9E-3	1.4E-5	1.6E-4
5	6.1E-6	1.1E-4	4.2E-4	6.2E-4	1.9E-3	1.4E-5	1.6E-4
5.5	6.2E-6	-	-	8.3E-4	2.0E-3	1.4E-5	1.7E-4
6	6.4E-6	1.3E-4	1.7E-3	9.9E-4	2.2E-3	1.5E-5	1.7E-4
6.5	6.6E-6	-	-	1.1E-3	2.3E-3	1.5E-5	1.8E-4
7	6.7E-6	1.4E-4	6.6E-3	1.2E-3	2.4E-3	1.5E-5	1.9E-4
7.5	6.9E-6	-	-	1.2E-3	2.4E-3	1.5E-5	1.9E-4
8	7.0E-6	1.5E-4	2.0E-2	1.3E-3	2.5E-3	1.6E-5	2.0E-4
8.5	7.2E-6	-	-	1.3E-3	2.6E-3	1.6E-5	2.1E-4
9	7.4E-6	1.6E-4	3.5E-2	1.3E-3	2.7E-3	1.6E-5	2.2E-4
9.5	7.5E-6	-	-	1.4E-3	2.8E-3	1.6E-5	2.2E-4
10	7.7E-6	1.8E-4	4.5E-2	1.4E-3	2.9E-3	1.6E-5	2.3E-4
11	8.0E-6	2.0E-4	5.1E-2	1.4E-3	3.0E-3	1.7E-5	2.5E-4
12	8.3E-6	2.1E-4	5.6E-2	1.5E-3	3.1E-3	1.7E-5	2.7E-4
13	8.6E-6	2.3E-4	6.1E-2	1.5E-3	3.3E-3	1.7E-5	2.9E-4
14	8.9E-6	2.5E-4	6.5E-2	1.6E-3	3.4E-3	1.8E-5	3.1E-4
15	9.2E-6	2.7E-4	7.0E-2	1.6E-3	3.5E-3	1.8E-5	3.3E-4
16	9.5E-6	2.9E-4	7.5E-2	1.7E-3	3.7E-3	1.8E-5	3.5E-4
17	9.8E-6	3.1E-4	8.1E-2	1.7E-3	3.8E-3	1.9E-5	3.7E-4
18	1.0E-5	3.4E-4	8.6E-2	1.8E-3	3.9E-3	1.9E-5	3.9E-4
19	1.0E-5	3.6E-4	9.1E-2	1.8E-3	4.0E-3	1.9E-5	4.2E-4
20	1.1E-5	3.9E-4	9.7E-2	1.9E-3	4.1E-3	1.9E-5	4.4E-4
21	1.1E-5	4.1E-4	1.0E-1	1.9E-3	4.3E-3	2.0E-5	4.7E-4
22	1.1E-5	4.4E-4	1.1E-1	2.0E-3	4.4E-3	2.0E-5	4.9E-4
23	1.2E-5	4.7E-4	1.1E-1	2.0E-3	4.5E-3	2.0E-5	5.2E-4
24	1.2E-5	5.0E-4	1.2E-1	2.1E-3	4.7E-3	2.0E-5	5.4E-4
25	1.2E-5	5.3E-4	1.2E-1	2.2E-3	4.8E-3	2.0E-5	5.7E-4
26	1.2E-5	5.7E-4	1.3E-1	2.2E-3	4.9E-3	2.0E-5	6.0E-4
27	1.3E-5	6.0E-4	1.4E-1	2.3E-3	5.1E-3	2.1E-5	6.2E-4
28	1.3E-5	6.4E-4	1.4E-1	2.4E-3	5.2E-3	2.1E-5	6.5E-4
29	1.3E-5	6.7E-4	1.5E-1	2.4E-3	5.4E-3	2.1E-5	6.8E-4
30	1.3E-5	7.1E-4	1.5E-1	2.5E-3	5.5E-3	2.1E-5	7.0E-4
31	1.4E-5	7.5E-4	1.6E-1	2.6E-3	5.7E-3	2.1E-5	7.3E-4
32	1.4E-5	7.9E-4	1.7E-1	2.6E-3	5.8E-3	2.1E-5	7.5E-4
33	1.4E-5	8.3E-4	1.7E-1	2.7E-3	6.0E-3	2.2E-5	7.8E-4
34	1.4E-5	8.7E-4	1.8E-1	2.8E-3	6.1E-3	2.2E-5	8.0E-4
35	1.5E-5	9.1E-4	1.8E-1	2.8E-3	6.3E-3	2.2E-5	8.2E-4
36	1.5E-5	9.6E-4	1.9E-1	2.9E-3	6.5E-3	2.2E-5	8.4E-4
37	1.5E-5	1.0E-3	1.9E-1	3.0E-3	6.6E-3	2.2E-5	8.6E-4
38	1.5E-5	1.0E-3	2.0E-1	3.1E-3	6.8E-3	2.2E-5	8.9E-4
39	1.5E-5	1.1E-3	2.1E-1	3.2E-3	7.0E-3	2.2E-5	9.1E-4
40	1.6E-5	1.1E-3	2.1E-1	3.2E-3	7.2E-3	2.3E-5	9.2E-4
41	1.6E-5	1.2E-3	2.2E-1	3.3E-3	7.4E-3	2.3E-5	9.4E-4
42	1.6E-5	1.2E-3	2.2E-1	3.4E-3	7.6E-3	2.3E-5	9.6E-4
43	1.6E-5	1.3E-3	2.3E-1	3.5E-3	7.8E-3	2.3E-5	9.8E-4
44	1.7E-5	1.3E-3	2.4E-1	3.6E-3	8.0E-3	2.3E-5	9.9E-4
45	1.7E-5	1.4E-3	2.4E-1	3.7E-3	8.2E-3	2.3E-5	1.0E-3
46	1.7E-5	1.4E-3	2.5E-1	3.8E-3	8.4E-3	2.3E-5	1.0E-3
47	1.7E-5	1.5E-3	2.6E-1	3.9E-3	8.6E-3	2.4E-5	1.0E-3
48	1.7E-5	1.5E-3	2.6E-1	4.0E-3	8.8E-3	2.4E-5	1.0E-3
49	1.7E-5	1.6E-3	2.7E-1	4.1E-3	9.0E-3	2.4E-5	1.1E-3
50	1.8E-5	1.6E-3	2.8E-1	4.2E-3	9.2E-3	2.4E-5	1.1E-3
51	1.8E-5	1.7E-3	2.8E-1	4.3E-3	9.5E-3	2.4E-5	1.1E-3
52	1.8E-5	1.7E-3	2.9E-1	4.4E-3	9.7E-3	2.4E-5	1.1E-3
53	1.8E-5	1.8E-3	3.0E-1	4.5E-3	9.9E-3	2.4E-5	1.1E-3
54	1.8E-5	1.8E-3	3.0E-1	4.6E-3	1.0E-2	2.4E-5	1.1E-3
55	1.9E-5	1.9E-3	3.1E-1	4.7E-3	1.0E-2	2.5E-5	1.1E-3
56	1.9E-5	1.9E-3	3.2E-1	4.8E-3	1.1E-2	2.5E-5	1.1E-3
57	1.9E-5	2.0E-3	3.2E-1	4.9E-3	1.1E-2	2.5E-5	1.1E-3
58	1.9E-5	2.0E-3	3.3E-1	5.0E-3	1.1E-2	2.5E-5	1.1E-3
59	1.9E-5	2.1E-3	3.4E-1	5.1E-3	1.1E-2	2.5E-5	1.1E-3
60	2.0E-5	2.1E-3	3.5E-1	5.2E-3	1.2E-2	2.5E-5	1.2E-3
61	2.0E-5	2.2E-3	3.5E-1	5.4E-3	1.2E-2	2.5E-5	1.2E-3
62	2.0E-5	2.3E-3	3.6E-1	5.5E-3	1.2E-2	2.6E-5	1.2E-3
63	2.0E-5	2.3E-3	3.7E-1	5.6E-3	1.2E-2	2.6E-5	1.2E-3
64	2.0E-5	2.4E-3	3.8E-1	5.7E-3	1.3E-2	2.6E-5	1.2E-3
65	2.0E-5	2.4E-3	3.8E-1	5.9E-3	1.3E-2	2.6E-5	1.2E-3
66	2.1E-5	2.5E-3	3.9E-1	6.0E-3	1.3E-2	2.6E-5	1.2E-3
67	2.1E-5	2.5E-3	4.0E-1	6.1E-3	1.4E-2	2.6E-5	1.2E-3
68	2.1E-5	2.6E-3	4.1E-1	6.2E-3	1.4E-2	2.6E-5	1.2E-3
69	2.1E-5	2.7E-3	4.2E-1	6.4E-3	1.4E-2	2.6E-5	1.2E-3
70	2.1E-5	2.7E-3	4.3E-1	6.5E-3	1.4E-2	2.7E-5	1.2E-3
71	2.1E-5	2.8E-3	4.3E-1	6.6E-3	1.5E-2	2.7E-5	1.2E-3
72	2.2E-5	2.8E-3	4.4E-1	6.8E-3	1.5E-2	2.7E-5	1.2E-3
73	2.2E-5	2.9E-3	4.5E-1	6.9E-3	1.5E-2	2.7E-5	1.2E-3
74	2.2E-5	3.0E-3	4.6E-1	7.0E-3	1.6E-2	2.7E-5	1.2E-3
75	2.2E-5	3.0E-3	4.7E-1	7.2E-3	1.6E-2	2.7E-5	1.2E-3
76	2.2E-5	3.1E-3	4.8E-1	7.3E-3	1.6E-2	2.7E-5	1.2E-3
77	2.2E-5	3.2E-3	4.9E-1	7.5E-3	1.7E-2	2.7E-5	1.2E-3
78	2.3E-5	3.2E-3	5.0E-1	7.6E-3	1.7E-2	2.8E-5	1.2E-3
79	2.3E-5	3.3E-3	5.1E-1	7.7E-3	1.7E-2	2.8E-5	1.2E-3
80	2.3E-5	3.4E-3	5.2E-1	7.9E-3	1.8E-2	2.8E-5	1.2E-3
81	2.3E-5	3.4E-3	5.3E-1	8.0E-3	1.8E-2	2.8E-5	1.2E-3
82	2.3E-5	3.5E-3	5.4E-1	8.2E-3	1.8E-2	2.8E-5	1.2E-3
83	2.3E-5	3.6E-3	5.5E-1	8.3E-3	1.8E-2	2.8E-5	1.2E-3
84	2.3E-5	3.6E-3	5.6E-1	8.5E-3	1.9E-2	2.8E-5	1.2E-3
85	2.4E-5	3.7E-3	5.7E-1	8.6E-3	1.9E-2	2.9E-5	1.2E-3
86	2.4E-5	3.8E-3	5.8E-1	8.8E-3	1.9E-2	2.9E-5	1.2E-3
87	2.4E-5	3.8E-3	5.9E-1	8.9E-3	2.0E-2	2.9E-5	1.2E-3
88	2.4E-5	3.9E-3	6.0E-1	9.1E-3	2.0E-2	2.9E-5	1.2E-3
89	2.4E-5	4.0E-3	6.1E-1	9.2E-3	2.0E-2	2.9E-5	1.2E-3
90	2.4E-5	4.1E-3	6.2E-1	9.4E-3	2.1E-2	2.9E-5	1.2E-3
91	2.4E-5	4.1E-3	6.3E-1	9.5E-3	2.1E-2	2.9E-5	1.2E-3
92	2.5E-5	4.2E-3	6.4E-1	9.7E-3	2.1E-2	2.9E-5	1.2E-3
93	2.5E-5	4.3E-3	6.6E-1	9.8E-3	2.2E-2	3.0E-5	1.2E-3
94	2.5E-5	4.4E-3	6.7E-1	1.0E-2	2.2E-2	3.0E-5	1.2E-3
95	2.5E-5	4.4E-3	6.8E-1	1.0E-2	2.2E-2	3.0E-5	1.3E-3
96	2.5E-5	4.5E-3	6.9E-1	1.0E-2	2.3E-2	3.0E-5	1.3E-3
97	2.5E-5	4.6E-3	7.0E-1	1.0E-2	2.3E-2	3.0E-5	1.3E-3
98	2.5E-5	4.7E-3	7.2E-1	1.1E-2	2.3E-2	3.0E-5	1.3E-3
99	2.6E-5	4.8E-3	7.3E-1	1.1E-2	2.4E-2	3.0E-5	1.3E-3
100	2.6E-5	4.9E-3	7.4E-1	1.1E-2	2.4E-2	3.0E-5	1.3E-3
110	2.7E-5	5.7E-3	8.8E-1	1.2E-2	2.7E-2	3.2E-5	1.3E-3
120	2.8E-5	6.8E-3	1.0E+0	1.4E-2	3.1E-2	3.3E-5	1.3E-3
130	2.9E-5	7.9E-3	1.2E+0	1.5E-2	3.3E-2	3.4E-5	1.3E-3
140	3.0E-5	9.1E-3	1.4E+0	1.6E-2	3.6E-2	3.5E-5	1.3E-3
150	3.1E-5	1.1E-2	1.6E+0	1.7E-2	3.8E-2	3.6E-5	1.3E-3
160	3.2E-5	1.2E-2	1.8E+0	1.8E-2	4.0E-2	3.7E-5	1.3E-3
170	3.3E-5	1.4E-2	2.1E+0	1.9E-2	4.2E-2	3.8E-5	1.3E-3
180	3.4E-5	1.6E-2	2.4E+0	1.9E-2	4.3E-2	3.9E-5	1.3E-3
190	3.5E-5	1.8E-2	2.7E+0	2.0E-2	4.4E-2	4.0E-5	1.3E-3
200	3.5E-5	2.0E-2	3.0E+0	2.0E-2	4.5E-2	4.1E-5	1.3E-3
210	3.6E-5	2.2E-2	3.4E+0	2.0E-2	4.6E-2	4.1E-5	1.3E-3
220	3.7E-5	2.5E-2	3.8E+0	2.1E-2	4.7E-2	4.2E-5	1.3E-3
230	3.7E-5	2.8E-2	4.2E+0	2.1E-2	4.7E-2	4.3E-5	1.3E-3
240	3.7E-5	3.1E-2	4.7E+0	2.1E-2	4.8E-2	4.3E-5	1.3E-3
250	3.8E-5	3.4E-2	5.2E+0	2.1E-2	4.8E-2	4.4E-5	1.3E-3
260	3.8E-5	3.8E-2	5.8E+0	2.1E-2	4.8E-2	4.4E-5	1.3E-3
270	3.9E-5	4.2E-2	6.3E+0	2.2E-2	4.9E-2	4.5E-5	1.3E-3
280	3.9E-5	4.6E-2	7.0E+0	2.2E-2	4.9E-2	4.5E-5	1.3E-3
290	3.9E-5	5.0E-2	7.6E+0	2.2E-2	4.9E-2	4.5E-5	1.3E-3
300	4.0E-5	5.5E-2	8.3E+0	2.2E-2	4.9E-2	4.6E-5	1.3E-3
310	4.0E-5	6.0E-2	9.0E+0	2.2E-2	5.0E-2	4.6E-5	1.4E-3
320	4.0E-5	6.5E-2	9.8E+0	2.2E-2	5.0E-2	4.6E-5	1.4E-3
330	4.0E-5	7.0E-2	1.1E+1	2.2E-2	5.0E-2	4.7E-5	1.4E-3
340	4.1E-5	7.5E-2	1.1E+1	2.2E-2	5.0E-2	4.7E-5	1.4E-3
350	4.1E-5	8.0E-2	1.2E+1	2.2E-2	5.0E-2	4.7E-5	1.4E-3
360	4.1E-5	8.5E-2	1.3E+1	2.2E-2	5.0E-2	4.8E-5	1.4E-3
365	4.1E-5	8.8E-2	1.3E+1	2.2E-2	5.0E-2	4.8E-5	1.4E-3
370	4.1E-5	9.1E-2	1.4E+1	2.2E-2	5.0E-2	4.8E-5	1.4E-3
380	4.1E-5	9.6E-2	1.4E+1	2.2E-2	5.0E-2	4.8E-5	1.4E-3
390	4.2E-5	1.0E-1	1.5E+1	2.2E-2	5.0E-2	4.8E-5	1.4E-3
400	4.2E-5	1.1E-1	1.6E+1	2.2E-2	5.0E-2	4.9E-5	1.4E-3
410	4.2E-5	1.1E-1	1.7E+1	2.2E-2	5.0E-2	4.9E-5	1.4E-3
420	4.2E-5	1.2E-1	1.8E+1	2.2E-2	5.1E-2	4.9E-5	1.4E-3
430	4.2E-5	1.2E-1	1.8E+1	2.2E-2	5.1E-2	4.9E-5	1.4E-3
440	4.2E-5	1.3E-1	1.9E+1	2.2E-2	5.1E-2	4.9E-5	1.4E-3
450	4.3E-5	1.3E-1	2.0E+1	2.2E-2	5.1E-2	4.9E-5	1.4E-3
460	4.3E-5	1.3E-1	2.0E+1	2.2E-2	5.1E-2	5.0E-5	1.4E-3
470	4.3E-5	1.4E-1	2.1E+1	2.2E-2	5.1E-2	5.0E-5	1.4E-3
480	4.3E-5	1.4E-1	2.1E+1	2.2E-2	5.1E-2	5.0E-5	1.4E-3
490	4.3E-5	1.4E-1	2.2E+1	2.2E-2	5.1E-2	5.0E-5	1.4E-3
500	4.3E-5	1.5E-1	2.2E+1	2.2E-2	5.1E-2	5.0E-5	1.4E-3
510	4.3E-5	1.5E-1	2.3E+1	2.2E-2	5.1E-2	5.1E-5	1.4E-3
520	4.3E-5	1.5E-1	2.3E+1	2.2E-2	5.1E-2	5.1E-5	1.4E-3
530	4.4E-5	1.6E-1	2.4E+1	2.2E-2	5.1E-2	5.1E-5	1.4E-3
540	4.4E-5	1.6E-1	2.4E+1	2.2E-2	5.1E-2	5.1E-5	1.4E-3
550	4.4E-5	1.6E-1	2.4E+1	2.2E-2	5.1E-2	5.1E-5	1.4E-3
560	4.4E-5	1.6E-1	2.5E+1	2.2E-2	5.1E-2	5.1E-5	1.4E-3
570	4.4E-5	1.7E-1	2.5E+1	2.2E-2	5.1E-2	5.1E-5	1.4E-3
580	4.4E-5	1.7E-1	2.5E+1	2.2E-2	5.1E-2	5.2E-5	1.4E-3
590	4.4E-5	1.7E-1	2.6E+1	2.2E-2	5.1E-2	5.2E-5	1.4E-3
600	4.4E-5	1.7E-1	2.6E+1	2.2E-2	5.1E-2	5.2E-5	1.4E-3
610	4.5E-5	1.7E-1	2.6E+1	2.2E-2	5.1E-2	5.2E-5	1.4E-3
620	4.5E-5	1.7E-1	2.6E+1	2.2E-2	5.1E-2	5.2E-5	1.4E-3
630	4.5E-5	1.8E-1	2.6E+1	2.2E-2	5.1E-2	5.2E-5	1.4E-3
640	4.5E-5	1.8E-1	2.7E+1	2.2E-2	5.1E-2	5.2E-5	1.4E-3
650	4.5E-5	1.8E-1	2.7E+1	2.2E-2	5.1E-2	5.3E-5	1.4E-3
660	4.5E-5	1.8E-1	2.7E+1	2.2E-2	5.1E-2	5.3E-5	1.4E-3
670	4.5E-5	1.8E-1	2.7E+1	2.2E-2	5.1E-2	5.3E-5	1.4E-3
680	4.5E-5	1.8E-1	2.7E+1	2.2E-2	5.1E-2	5.3E-5	1.4E-3
690	4.5E-5	1.8E-1	2.8E+1	2.2E-2	5.1E-2	5.3E-5	1.4E-3
700	4.6E-5	1.8E-1	2.8E+1	2.2E-2	5.1E-2	5.3E-5	1.5E-3
710	4.6E-5	1.9E-1	2.8E+1	2.2E-2	5.1E-2	5.4E-5	1.5E-3
720	4.6E-5	1.9E-1	2.8E+1	2.2E-2	5.1E-2	5.4E-5	1.5E-3
730	4.6E-5	1.9E-1	2.8E+1	2.2E-2	5.1E-2	5.4E-5	1.5E-3
740	4.6E-5	1.9E-1	2.8E+1	2.2E-2	5.1E-2	5.4E-5	1.5E-3
750	4.6E-5	1.9E-1	2.9E+1	2.2E-2	5.1E-2	5.4E-5	1.5E-3
760	4.6E-5	1.9E-1	2.9E+1	2.3E-2	5.1E-2	5.4E-5	1.5E-3
770	4.6E-5	1.9E-1	2.9E+1	2.3E-2	5.1E-2	5.4E-5	1.5E-3
780	4.6E-5	1.9E-1	2.9E+1	2.3E-2	5.1E-2	5.5E-5	1.5E-3
790	4.7E-5	1.9E-1	2.9E+1	2.3E-2	5.1E-2	5.5E-5	1.5E-3
800	4.7E-5	1.9E-1	2.9E+1	2.3E-2	5.1E-2	5.5E-5	1.5E-3
810	4.7E-5	1.9E-1	2.9E+1	2.3E-2	5.1E-2	5.5E-5	1.5E-3
820	4.7E-5	2.0E-1	2.9E+1	2.3E-2	5.1E-2	5.5E-5	1.5E-3
830	4.7E-5	2.0E-1	3.0E+1	2.3E-2	5.1E-2	5.5E-5	1.5E-3
840	4.7E-5	2.0E-1	3.0E+1	2.3E-2	5.1E-2	5.5E-5	1.5E-3
850	4.7E-5	2.0E-1	3.0E+1	2.3E-2	5.1E-2	5.6E-5	1.5E-3
860	4.7E-5	2.0E-1	3.0E+1	2.3E-2	5.1E-2	5.6E-5	1.5E-3
870	4.8E-5	2.0E-1	3.0E+1	2.3E-2	5.1E-2	5.6E-5	1.5E-3
880	4.8E-5	2.0E-1	3.0E+1	2.3E-2	5.1E-2	5.6E-5	1.5E-3
890	4.8E-5	2.0E-1	3.0E+1	2.3E-2	5.1E-2	5.6E-5	1.5E-3
900	4.8E-5	2.0E-1	3.1E+1	2.3E-2	5.1E-2	5.6E-5	1.5E-3
910	4.8E-5	2.0E-1	3.1E+1	2.3E-2	5.1E-2	5.7E-5	1.5E-3
920	4.8E-5	2.0E-1	3.1E+1	2.3E-2	5.1E-2	5.7E-5	1.5E-3
930	4.8E-5	2.1E-1	3.1E+1	2.3E-2	5.1E-2	5.7E-5	1.5E-3
940	4.8E-5	2.1E-1	3.1E+1	2.3E-2	5.1E-2	5.7E-5	1.5E-3
950	4.8E-5	2.1E-1	3.1E+1	2.3E-2	5.1E-2	5.7E-5	1.5E-3
960	4.9E-5	2.1E-1	3.1E+1	2.3E-2	5.1E-2	5.7E-5	1.5E-3
970	4.9E-5	2.1E-1	3.1E+1	2.3E-2	5.1E-2	5.7E-5	1.5E-3
980	4.9E-5	2.1E-1	3.2E+1	2.3E-2	5.1E-2	5.8E-5	1.5E-3
990	4.9E-5	2.1E-1	3.2E+1	2.3E-2	5.1E-2	5.8E-5	1.5E-3
1000	4.9E-5	2.1E-1	3.2E+1	2.3E-2	5.1E-2	5.8E-5	1.5E-3
1010	4.9E-5	2.1E-1	3.2E+1	2.3E-2	5.1E-2	5.8E-5	1.5E-3
1020	4.9E-5	2.1E-1	3.2E+1	2.3E-2	5.1E-2	5.8E-5	1.5E-3
1030	4.9E-5	2.1E-1	3.2E+1	2.3E-2	5.1E-2	5.8E-5	1.5E-3
1040	4.9E-5	2.1E-1	3.2E+1	2.3E-2	5.1E-2	5.8E-5	1.5E-3
1050	5.0E-5	2.2E-1	3.2E+1	2.3E-2	5.1E-2	5.9E-5	1.5E-3
1060	5.0E-5	2.2E-1	3.3E+1	2.3E-2	5.1E-2	5.9E-5	1.5E-3
1070	5.0E-5	2.2E-1	3.3E+1	2.3E-2	5.1E-2	5.9E-5	1.6E-3
1080	5.0E-5	2.2E-1	3.3E+1	2.3E-2	5.1E-2	5.9E-5	1.6E-3
1090	5.0E-5	2.2E-1	3.3E+1	2.3E-2	5.1E-2	5.9E-5	1.6E-3
1095	5.0E-5	2.2E-1	3.3E+1	2.3E-2	5.1E-2	5.9E-5	1.6E-3
1100	5.0E-5	2.2E-1	3.3E+1	2.3E-2	5.1E-2	5.9E-5	1.6E-3
1200	5.1E-5	2.3E-1	3.4E+1	2.3E-2	5.1E-2	6.1E-5	1.6E-3
1300	5.2E-5	2.4E-1	3.6E+1	2.3E-2	5.1E-2	6.2E-5	1.6E-3
1400	5.4E-5	2.5E-1	3.7E+1	2.3E-2	5.2E-2	6.4E-5	1.6E-3
1500	5.5E-5	2.6E-1	3.9E+1	2.3E-2	5.2E-2	6.6E-5	1.7E-3
1600	5.6E-5	2.7E-1	4.0E+1	2.3E-2	5.2E-2	6.7E-5	1.7E-3
1700	5.7E-5	2.8E-1	4.2E+1	2.3E-2	5.2E-2	6.9E-5	1.7E-3
1800	5.8E-5	2.9E-1	4.4E+1	2.3E-2	5.2E-2	7.0E-5	1.8E-3
1900	5.9E-5	3.0E-1	4.5E+1	2.3E-2	5.2E-2	7.2E-5	1.8E-3
2000	6.1E-5	3.1E-1	4.7E+1	2.3E-2	5.2E-2	7.4E-5	1.8E-3
2100	6.2E-5	3.2E-1	4.9E+1	2.3E-2	5.2E-2	7.5E-5	1.9E-3
2200	6.3E-5	3.4E-1	5.1E+1	2.3E-2	5.2E-2	7.7E-5	1.9E-3
2300	6.4E-5	3.5E-1	5.3E+1	2.3E-2	5.2E-2	7.9E-5	1.9E-3
2400	6.5E-5	3.6E-1	5.5E+1	2.3E-2	5.2E-2	8.0E-5	2.0E-3
2500	6.7E-5	3.8E-1	5.7E+1	2.3E-2	5.2E-2	8.2E-5	2.0E-3
2600	6.8E-5	3.9E-1	5.9E+1	2.3E-2	5.2E-2	8.4E-5	2.0E-3
2700	6.9E-5	4.0E-1	6.1E+1	2.3E-2	5.3E-2	8.5E-5	2.1E-3
2800	7.0E-5	4.2E-1	6.3E+1	2.3E-2	5.3E-2	8.7E-5	2.1E-3
2900	7.1E-5	4.3E-1	6.5E+1	2.3E-2	5.3E-2	8.9E-5	2.2E-3
3000	7.3E-5	4.5E-1	6.7E+1	2.3E-2	5.3E-2	9.0E-5	2.2E-3
3100	7.4E-5	4.6E-1	7.0E+1	2.3E-2	5.3E-2	9.2E-5	2.2E-3
3200	7.5E-5	4.8E-1	7.2E+1	2.3E-2	5.3E-2	9.4E-5	2.3E-3
3300	7.6E-5	5.0E-1	7.5E+1	2.3E-2	5.3E-2	9.6E-5	2.3E-3
3400	7.7E-5	5.1E-1	7.7E+1	2.3E-2	5.3E-2	9.7E-5	2.4E-3
3500	7.8E-5	5.3E-1	8.0E+1	2.3E-2	5.3E-2	9.9E-5	2.4E-3
3600	8.0E-5	5.5E-1	8.2E+1	2.3E-2	5.3E-2	1.0E-4	2.5E-3
3650	8.0E-5	5.6E-1	8.4E+1	2.4E-2	5.3E-2	1.0E-4	2.5E-3
4000	8.4E-5	6.2E-1	9.3E+1	2.4E-2	5.4E-2	1.1E-4	2.6E-3
5000	9.6E-5	8.3E-1	1.2E+2	2.4E-2	5.5E-2	1.2E-4	3.2E-3
6000	1.1E-4	1.1E+0	1.6E+2	2.4E-2	5.6E-2	1.4E-4	3.8E-3
7000	1.2E-4	1.3E+0	2.0E+2	2.5E-2	5.7E-2	1.6E-4	4.6E-3
8000	1.3E-4	1.6E+0	2.4E+2	2.5E-2	5.8E-2	1.8E-4	5.5E-3
9000	1.4E-4	1.8E+0	2.8E+2	2.6E-2	5.9E-2	1.9E-4	6.7E-3
10000	1.5E-4	2.1E+0	3.2E+2	2.6E-2	6.0E-2	2.1E-4	8.0E-3
11000	1.6E-4	2.4E+0	3.5E+2	2.7E-2	6.1E-2	2.3E-4	9.6E-3
12000	1.7E-4	2.6E+0	3.9E+2	2.7E-2	6.2E-2	2.5E-4	1.2E-2
13000	1.8E-4	2.9E+0	4.3E+2	2.8E-2	6.3E-2	2.7E-4	1.4E-2
14000	1.9E-4	3.2E+0	4.7E+2	2.8E-2	6.4E-2	3.0E-4	1.7E-2
15000	2.0E-4	3.4E+0	5.2E+2	2.9E-2	6.5E-2	3.2E-4	2.0E-2
16000	2.2E-4	3.7E+0	5.6E+2	2.9E-2	6.7E-2	3.5E-4	2.4E-2
17000	2.3E-4	4.0E+0	6.1E+2	3.0E-2	6.8E-2	3.8E-4	2.9E-2
18000	2.4E-4	4.4E+0	6.6E+2	3.0E-2	6.9E-2	4.1E-4	3.4E-2
18250	2.5E-4	4.4E+0	6.7E+2	3.1E-2	6.9E-2	4.2E-4	3.6E-2
Radionuclide	U-235
Route of Intake	Inhalation
Material	Aerosols Type F, Uranium hexafluoride, uranyl tributyl-phosphate, fA=2E-2
AMTD/AMAD, µm	0.3

Committed Effective Dose per Predicted Content in an Organ or Excreta Sample (Dose per Content Functions z(t)), Sv/Bq
Time, days	Whole Body	Urine (24-hour sample)	Faeces (24-hour sample)	Alimentary Tract*	Lungs*	Skeleton*	Liver*
0.041667	1.1E-6	-	-	7.8E-6	2.6E-6	5.5E-5	8.7E-5
0.083333	1.2E-6	-	-	6.9E-6	3.9E-6	3.0E-5	8.0E-5
0.125	1.2E-6	-	-	6.5E-6	5.9E-6	2.2E-5	8.4E-5
0.25	1.5E-6	-	-	5.6E-6	2.0E-5	1.5E-5	9.6E-5
0.375	1.7E-6	-	-	5.1E-6	6.1E-5	1.3E-5	1.0E-4
0.5	1.9E-6	-	-	4.8E-6	1.7E-4	1.2E-5	1.1E-4
0.625	2.0E-6	-	-	4.7E-6	3.7E-4	1.2E-5	1.1E-4
0.75	2.1E-6	-	-	4.7E-6	6.0E-4	1.2E-5	1.1E-4
0.875	2.2E-6	-	-	4.7E-6	7.9E-4	1.2E-5	1.1E-4
1	2.3E-6	2.7E-6	2.8E-5	4.9E-6	9.0E-4	1.2E-5	1.1E-4
1.125	2.4E-6	-	-	5.1E-6	9.8E-4	1.2E-5	1.1E-4
1.25	2.5E-6	-	-	5.4E-6	1.0E-3	1.2E-5	1.2E-4
1.375	2.6E-6	-	-	5.7E-6	1.1E-3	1.2E-5	1.2E-4
1.5	2.7E-6	-	-	6.2E-6	1.1E-3	1.2E-5	1.2E-4
1.625	2.8E-6	-	-	6.8E-6	1.1E-3	1.2E-5	1.2E-4
1.75	3.0E-6	-	-	7.4E-6	1.2E-3	1.2E-5	1.2E-4
1.875	3.1E-6	-	-	8.3E-6	1.2E-3	1.2E-5	1.2E-4
2	3.3E-6	6.0E-5	8.9E-6	9.2E-6	1.2E-3	1.2E-5	1.2E-4
2.25	3.6E-6	-	-	1.2E-5	1.3E-3	1.2E-5	1.3E-4
2.5	3.9E-6	-	-	1.5E-5	1.4E-3	1.3E-5	1.3E-4
2.75	4.2E-6	-	-	2.0E-5	1.4E-3	1.3E-5	1.3E-4
3	4.5E-6	9.1E-5	1.4E-5	2.6E-5	1.5E-3	1.3E-5	1.3E-4
3.25	4.8E-6	-	-	3.6E-5	1.5E-3	1.3E-5	1.4E-4
3.5	5.0E-6	-	-	4.8E-5	1.6E-3	1.3E-5	1.4E-4
3.75	5.2E-6	-	-	6.6E-5	1.6E-3	1.3E-5	1.4E-4
4	5.4E-6	1.0E-4	3.7E-5	9.1E-5	1.7E-3	1.3E-5	1.5E-4
4.25	5.6E-6	-	-	1.2E-4	1.8E-3	1.4E-5	1.5E-4
4.5	5.7E-6	-	-	1.7E-4	1.8E-3	1.4E-5	1.5E-4
4.75	5.8E-6	-	-	2.3E-4	1.9E-3	1.4E-5	1.5E-4
5	6.0E-6	1.1E-4	1.3E-4	3.0E-4	1.9E-3	1.4E-5	1.6E-4
5.5	6.2E-6	-	-	5.0E-4	2.0E-3	1.4E-5	1.6E-4
6	6.3E-6	1.2E-4	5.2E-4	7.3E-4	2.1E-3	1.4E-5	1.7E-4
6.5	6.5E-6	-	-	9.3E-4	2.2E-3	1.5E-5	1.8E-4
7	6.7E-6	1.4E-4	2.3E-3	1.1E-3	2.3E-3	1.5E-5	1.8E-4
7.5	6.8E-6	-	-	1.2E-3	2.4E-3	1.5E-5	1.9E-4
8	7.0E-6	1.5E-4	9.1E-3	1.2E-3	2.5E-3	1.5E-5	2.0E-4
8.5	7.1E-6	-	-	1.3E-3	2.6E-3	1.6E-5	2.1E-4
9	7.3E-6	1.6E-4	2.5E-2	1.3E-3	2.7E-3	1.6E-5	2.1E-4
9.5	7.4E-6	-	-	1.3E-3	2.8E-3	1.6E-5	2.2E-4
10	7.6E-6	1.8E-4	4.1E-2	1.4E-3	2.8E-3	1.6E-5	2.3E-4
11	7.9E-6	1.9E-4	5.0E-2	1.4E-3	3.0E-3	1.7E-5	2.5E-4
12	8.2E-6	2.1E-4	5.5E-2	1.5E-3	3.1E-3	1.7E-5	2.7E-4
13	8.5E-6	2.3E-4	6.0E-2	1.5E-3	3.3E-3	1.7E-5	2.8E-4
14	8.8E-6	2.5E-4	6.5E-2	1.6E-3	3.4E-3	1.8E-5	3.0E-4
15	9.1E-6	2.7E-4	7.0E-2	1.6E-3	3.5E-3	1.8E-5	3.2E-4
16	9.4E-6	2.9E-4	7.5E-2	1.7E-3	3.6E-3	1.8E-5	3.5E-4
17	9.7E-6	3.1E-4	8.0E-2	1.7E-3	3.7E-3	1.8E-5	3.7E-4
18	1.0E-5	3.3E-4	8.5E-2	1.8E-3	3.9E-3	1.9E-5	3.9E-4
19	1.0E-5	3.6E-4	9.0E-2	1.8E-3	4.0E-3	1.9E-5	4.1E-4
20	1.1E-5	3.8E-4	9.6E-2	1.9E-3	4.1E-3	1.9E-5	4.4E-4
21	1.1E-5	4.1E-4	1.0E-1	1.9E-3	4.2E-3	1.9E-5	4.6E-4
22	1.1E-5	4.4E-4	1.1E-1	2.0E-3	4.4E-3	2.0E-5	4.9E-4
23	1.1E-5	4.7E-4	1.1E-1	2.0E-3	4.5E-3	2.0E-5	5.1E-4
24	1.2E-5	5.0E-4	1.2E-1	2.1E-3	4.6E-3	2.0E-5	5.4E-4
25	1.2E-5	5.3E-4	1.2E-1	2.1E-3	4.7E-3	2.0E-5	5.7E-4
26	1.2E-5	5.6E-4	1.3E-1	2.2E-3	4.9E-3	2.0E-5	5.9E-4
27	1.3E-5	6.0E-4	1.3E-1	2.3E-3	5.0E-3	2.0E-5	6.2E-4
28	1.3E-5	6.3E-4	1.4E-1	2.3E-3	5.2E-3	2.1E-5	6.4E-4
29	1.3E-5	6.7E-4	1.5E-1	2.4E-3	5.3E-3	2.1E-5	6.7E-4
30	1.3E-5	7.0E-4	1.5E-1	2.5E-3	5.5E-3	2.1E-5	6.9E-4
31	1.3E-5	7.4E-4	1.6E-1	2.5E-3	5.6E-3	2.1E-5	7.2E-4
32	1.4E-5	7.8E-4	1.6E-1	2.6E-3	5.8E-3	2.1E-5	7.4E-4
33	1.4E-5	8.2E-4	1.7E-1	2.7E-3	5.9E-3	2.1E-5	7.7E-4
34	1.4E-5	8.6E-4	1.8E-1	2.7E-3	6.1E-3	2.2E-5	7.9E-4
35	1.4E-5	9.0E-4	1.8E-1	2.8E-3	6.2E-3	2.2E-5	8.1E-4
36	1.5E-5	9.5E-4	1.9E-1	2.9E-3	6.4E-3	2.2E-5	8.4E-4
37	1.5E-5	9.9E-4	1.9E-1	3.0E-3	6.6E-3	2.2E-5	8.6E-4
38	1.5E-5	1.0E-3	2.0E-1	3.0E-3	6.8E-3	2.2E-5	8.8E-4
39	1.5E-5	1.1E-3	2.0E-1	3.1E-3	6.9E-3	2.2E-5	9.0E-4
40	1.6E-5	1.1E-3	2.1E-1	3.2E-3	7.1E-3	2.2E-5	9.2E-4
41	1.6E-5	1.2E-3	2.2E-1	3.3E-3	7.3E-3	2.2E-5	9.3E-4
42	1.6E-5	1.2E-3	2.2E-1	3.4E-3	7.5E-3	2.3E-5	9.5E-4
43	1.6E-5	1.3E-3	2.3E-1	3.5E-3	7.7E-3	2.3E-5	9.7E-4
44	1.6E-5	1.3E-3	2.3E-1	3.5E-3	7.9E-3	2.3E-5	9.8E-4
45	1.7E-5	1.4E-3	2.4E-1	3.6E-3	8.1E-3	2.3E-5	1.0E-3
46	1.7E-5	1.4E-3	2.5E-1	3.7E-3	8.3E-3	2.3E-5	1.0E-3
47	1.7E-5	1.5E-3	2.5E-1	3.8E-3	8.5E-3	2.3E-5	1.0E-3
48	1.7E-5	1.5E-3	2.6E-1	3.9E-3	8.7E-3	2.3E-5	1.0E-3
49	1.7E-5	1.6E-3	2.7E-1	4.0E-3	8.9E-3	2.4E-5	1.0E-3
50	1.8E-5	1.6E-3	2.7E-1	4.1E-3	9.1E-3	2.4E-5	1.1E-3
51	1.8E-5	1.7E-3	2.8E-1	4.2E-3	9.4E-3	2.4E-5	1.1E-3
52	1.8E-5	1.7E-3	2.9E-1	4.3E-3	9.6E-3	2.4E-5	1.1E-3
53	1.8E-5	1.8E-3	2.9E-1	4.4E-3	9.8E-3	2.4E-5	1.1E-3
54	1.8E-5	1.8E-3	3.0E-1	4.5E-3	1.0E-2	2.4E-5	1.1E-3
55	1.8E-5	1.9E-3	3.1E-1	4.6E-3	1.0E-2	2.4E-5	1.1E-3
56	1.9E-5	1.9E-3	3.1E-1	4.7E-3	1.1E-2	2.4E-5	1.1E-3
57	1.9E-5	2.0E-3	3.2E-1	4.9E-3	1.1E-2	2.5E-5	1.1E-3
58	1.9E-5	2.0E-3	3.3E-1	5.0E-3	1.1E-2	2.5E-5	1.1E-3
59	1.9E-5	2.1E-3	3.3E-1	5.1E-3	1.1E-2	2.5E-5	1.1E-3
60	1.9E-5	2.1E-3	3.4E-1	5.2E-3	1.2E-2	2.5E-5	1.1E-3
61	2.0E-5	2.2E-3	3.5E-1	5.3E-3	1.2E-2	2.5E-5	1.1E-3
62	2.0E-5	2.2E-3	3.6E-1	5.4E-3	1.2E-2	2.5E-5	1.2E-3
63	2.0E-5	2.3E-3	3.6E-1	5.6E-3	1.2E-2	2.5E-5	1.2E-3
64	2.0E-5	2.3E-3	3.7E-1	5.7E-3	1.3E-2	2.6E-5	1.2E-3
65	2.0E-5	2.4E-3	3.8E-1	5.8E-3	1.3E-2	2.6E-5	1.2E-3
66	2.0E-5	2.5E-3	3.9E-1	5.9E-3	1.3E-2	2.6E-5	1.2E-3
67	2.1E-5	2.5E-3	4.0E-1	6.0E-3	1.3E-2	2.6E-5	1.2E-3
68	2.1E-5	2.6E-3	4.0E-1	6.2E-3	1.4E-2	2.6E-5	1.2E-3
69	2.1E-5	2.6E-3	4.1E-1	6.3E-3	1.4E-2	2.6E-5	1.2E-3
70	2.1E-5	2.7E-3	4.2E-1	6.4E-3	1.4E-2	2.6E-5	1.2E-3
71	2.1E-5	2.8E-3	4.3E-1	6.6E-3	1.5E-2	2.6E-5	1.2E-3
72	2.1E-5	2.8E-3	4.4E-1	6.7E-3	1.5E-2	2.7E-5	1.2E-3
73	2.2E-5	2.9E-3	4.5E-1	6.8E-3	1.5E-2	2.7E-5	1.2E-3
74	2.2E-5	2.9E-3	4.6E-1	7.0E-3	1.5E-2	2.7E-5	1.2E-3
75	2.2E-5	3.0E-3	4.7E-1	7.1E-3	1.6E-2	2.7E-5	1.2E-3
76	2.2E-5	3.1E-3	4.7E-1	7.2E-3	1.6E-2	2.7E-5	1.2E-3
77	2.2E-5	3.1E-3	4.8E-1	7.4E-3	1.6E-2	2.7E-5	1.2E-3
78	2.2E-5	3.2E-3	4.9E-1	7.5E-3	1.7E-2	2.7E-5	1.2E-3
79	2.2E-5	3.3E-3	5.0E-1	7.7E-3	1.7E-2	2.7E-5	1.2E-3
80	2.3E-5	3.3E-3	5.1E-1	7.8E-3	1.7E-2	2.8E-5	1.2E-3
81	2.3E-5	3.4E-3	5.2E-1	8.0E-3	1.8E-2	2.8E-5	1.2E-3
82	2.3E-5	3.5E-3	5.3E-1	8.1E-3	1.8E-2	2.8E-5	1.2E-3
83	2.3E-5	3.5E-3	5.4E-1	8.2E-3	1.8E-2	2.8E-5	1.2E-3
84	2.3E-5	3.6E-3	5.5E-1	8.4E-3	1.9E-2	2.8E-5	1.2E-3
85	2.3E-5	3.7E-3	5.6E-1	8.5E-3	1.9E-2	2.8E-5	1.2E-3
86	2.4E-5	3.7E-3	5.7E-1	8.7E-3	1.9E-2	2.8E-5	1.2E-3
87	2.4E-5	3.8E-3	5.8E-1	8.8E-3	2.0E-2	2.9E-5	1.2E-3
88	2.4E-5	3.9E-3	5.9E-1	9.0E-3	2.0E-2	2.9E-5	1.2E-3
89	2.4E-5	3.9E-3	6.0E-1	9.1E-3	2.0E-2	2.9E-5	1.2E-3
90	2.4E-5	4.0E-3	6.2E-1	9.3E-3	2.1E-2	2.9E-5	1.2E-3
91	2.4E-5	4.1E-3	6.3E-1	9.4E-3	2.1E-2	2.9E-5	1.2E-3
92	2.4E-5	4.2E-3	6.4E-1	9.6E-3	2.1E-2	2.9E-5	1.2E-3
93	2.5E-5	4.2E-3	6.5E-1	9.7E-3	2.2E-2	2.9E-5	1.2E-3
94	2.5E-5	4.3E-3	6.6E-1	9.9E-3	2.2E-2	2.9E-5	1.2E-3
95	2.5E-5	4.4E-3	6.7E-1	1.0E-2	2.2E-2	3.0E-5	1.2E-3
96	2.5E-5	4.5E-3	6.8E-1	1.0E-2	2.3E-2	3.0E-5	1.2E-3
97	2.5E-5	4.6E-3	7.0E-1	1.0E-2	2.3E-2	3.0E-5	1.2E-3
98	2.5E-5	4.6E-3	7.1E-1	1.0E-2	2.3E-2	3.0E-5	1.2E-3
99	2.5E-5	4.7E-3	7.2E-1	1.1E-2	2.4E-2	3.0E-5	1.2E-3
100	2.6E-5	4.8E-3	7.3E-1	1.1E-2	2.4E-2	3.0E-5	1.2E-3
110	2.7E-5	5.7E-3	8.7E-1	1.2E-2	2.7E-2	3.1E-5	1.3E-3
120	2.8E-5	6.7E-3	1.0E+0	1.4E-2	3.0E-2	3.3E-5	1.3E-3
130	2.9E-5	7.8E-3	1.2E+0	1.5E-2	3.3E-2	3.4E-5	1.3E-3
140	3.0E-5	9.0E-3	1.4E+0	1.6E-2	3.6E-2	3.5E-5	1.3E-3
150	3.1E-5	1.0E-2	1.6E+0	1.7E-2	3.8E-2	3.6E-5	1.3E-3
160	3.2E-5	1.2E-2	1.8E+0	1.8E-2	4.0E-2	3.7E-5	1.3E-3
170	3.3E-5	1.4E-2	2.1E+0	1.8E-2	4.1E-2	3.8E-5	1.3E-3
180	3.4E-5	1.5E-2	2.3E+0	1.9E-2	4.3E-2	3.9E-5	1.3E-3
190	3.4E-5	1.7E-2	2.6E+0	1.9E-2	4.4E-2	3.9E-5	1.3E-3
200	3.5E-5	2.0E-2	3.0E+0	2.0E-2	4.5E-2	4.0E-5	1.3E-3
210	3.6E-5	2.2E-2	3.4E+0	2.0E-2	4.6E-2	4.1E-5	1.3E-3
220	3.6E-5	2.5E-2	3.8E+0	2.0E-2	4.6E-2	4.2E-5	1.3E-3
230	3.7E-5	2.8E-2	4.2E+0	2.1E-2	4.7E-2	4.2E-5	1.3E-3
240	3.7E-5	3.1E-2	4.7E+0	2.1E-2	4.7E-2	4.3E-5	1.3E-3
250	3.8E-5	3.4E-2	5.2E+0	2.1E-2	4.8E-2	4.3E-5	1.3E-3
260	3.8E-5	3.8E-2	5.7E+0	2.1E-2	4.8E-2	4.4E-5	1.3E-3
270	3.8E-5	4.2E-2	6.3E+0	2.1E-2	4.8E-2	4.4E-5	1.3E-3
280	3.9E-5	4.6E-2	6.9E+0	2.1E-2	4.9E-2	4.5E-5	1.3E-3
290	3.9E-5	5.0E-2	7.5E+0	2.2E-2	4.9E-2	4.5E-5	1.3E-3
300	3.9E-5	5.4E-2	8.2E+0	2.2E-2	4.9E-2	4.5E-5	1.3E-3
310	4.0E-5	5.9E-2	8.9E+0	2.2E-2	4.9E-2	4.6E-5	1.3E-3
320	4.0E-5	6.4E-2	9.7E+0	2.2E-2	4.9E-2	4.6E-5	1.3E-3
330	4.0E-5	6.9E-2	1.0E+1	2.2E-2	4.9E-2	4.6E-5	1.3E-3
340	4.0E-5	7.4E-2	1.1E+1	2.2E-2	5.0E-2	4.7E-5	1.3E-3
350	4.1E-5	7.9E-2	1.2E+1	2.2E-2	5.0E-2	4.7E-5	1.3E-3
360	4.1E-5	8.5E-2	1.3E+1	2.2E-2	5.0E-2	4.7E-5	1.4E-3
365	4.1E-5	8.7E-2	1.3E+1	2.2E-2	5.0E-2	4.7E-5	1.4E-3
370	4.1E-5	9.0E-2	1.4E+1	2.2E-2	5.0E-2	4.7E-5	1.4E-3
380	4.1E-5	9.5E-2	1.4E+1	2.2E-2	5.0E-2	4.8E-5	1.4E-3
390	4.1E-5	1.0E-1	1.5E+1	2.2E-2	5.0E-2	4.8E-5	1.4E-3
400	4.1E-5	1.1E-1	1.6E+1	2.2E-2	5.0E-2	4.8E-5	1.4E-3
410	4.2E-5	1.1E-1	1.7E+1	2.2E-2	5.0E-2	4.8E-5	1.4E-3
420	4.2E-5	1.1E-1	1.7E+1	2.2E-2	5.0E-2	4.8E-5	1.4E-3
430	4.2E-5	1.2E-1	1.8E+1	2.2E-2	5.0E-2	4.9E-5	1.4E-3
440	4.2E-5	1.2E-1	1.9E+1	2.2E-2	5.0E-2	4.9E-5	1.4E-3
450	4.2E-5	1.3E-1	1.9E+1	2.2E-2	5.0E-2	4.9E-5	1.4E-3
460	4.2E-5	1.3E-1	2.0E+1	2.2E-2	5.0E-2	4.9E-5	1.4E-3
470	4.2E-5	1.4E-1	2.1E+1	2.2E-2	5.0E-2	4.9E-5	1.4E-3
480	4.3E-5	1.4E-1	2.1E+1	2.2E-2	5.0E-2	5.0E-5	1.4E-3
490	4.3E-5	1.4E-1	2.2E+1	2.2E-2	5.0E-2	5.0E-5	1.4E-3
500	4.3E-5	1.5E-1	2.2E+1	2.2E-2	5.0E-2	5.0E-5	1.4E-3
510	4.3E-5	1.5E-1	2.3E+1	2.2E-2	5.0E-2	5.0E-5	1.4E-3
520	4.3E-5	1.5E-1	2.3E+1	2.2E-2	5.0E-2	5.0E-5	1.4E-3
530	4.3E-5	1.6E-1	2.3E+1	2.2E-2	5.0E-2	5.0E-5	1.4E-3
540	4.3E-5	1.6E-1	2.4E+1	2.2E-2	5.0E-2	5.1E-5	1.4E-3
550	4.3E-5	1.6E-1	2.4E+1	2.2E-2	5.0E-2	5.1E-5	1.4E-3
560	4.4E-5	1.6E-1	2.4E+1	2.2E-2	5.0E-2	5.1E-5	1.4E-3
570	4.4E-5	1.6E-1	2.5E+1	2.2E-2	5.0E-2	5.1E-5	1.4E-3
580	4.4E-5	1.7E-1	2.5E+1	2.2E-2	5.0E-2	5.1E-5	1.4E-3
590	4.4E-5	1.7E-1	2.5E+1	2.2E-2	5.0E-2	5.1E-5	1.4E-3
600	4.4E-5	1.7E-1	2.6E+1	2.2E-2	5.0E-2	5.1E-5	1.4E-3
610	4.4E-5	1.7E-1	2.6E+1	2.2E-2	5.0E-2	5.2E-5	1.4E-3
620	4.4E-5	1.7E-1	2.6E+1	2.2E-2	5.0E-2	5.2E-5	1.4E-3
630	4.4E-5	1.7E-1	2.6E+1	2.2E-2	5.0E-2	5.2E-5	1.4E-3
640	4.4E-5	1.8E-1	2.6E+1	2.2E-2	5.0E-2	5.2E-5	1.4E-3
650	4.5E-5	1.8E-1	2.7E+1	2.2E-2	5.1E-2	5.2E-5	1.4E-3
660	4.5E-5	1.8E-1	2.7E+1	2.2E-2	5.1E-2	5.2E-5	1.4E-3
670	4.5E-5	1.8E-1	2.7E+1	2.2E-2	5.1E-2	5.2E-5	1.4E-3
680	4.5E-5	1.8E-1	2.7E+1	2.2E-2	5.1E-2	5.3E-5	1.4E-3
690	4.5E-5	1.8E-1	2.7E+1	2.2E-2	5.1E-2	5.3E-5	1.4E-3
700	4.5E-5	1.8E-1	2.8E+1	2.2E-2	5.1E-2	5.3E-5	1.4E-3
710	4.5E-5	1.8E-1	2.8E+1	2.2E-2	5.1E-2	5.3E-5	1.4E-3
720	4.5E-5	1.8E-1	2.8E+1	2.2E-2	5.1E-2	5.3E-5	1.4E-3
730	4.5E-5	1.9E-1	2.8E+1	2.2E-2	5.1E-2	5.3E-5	1.4E-3
740	4.6E-5	1.9E-1	2.8E+1	2.2E-2	5.1E-2	5.3E-5	1.4E-3
750	4.6E-5	1.9E-1	2.8E+1	2.2E-2	5.1E-2	5.4E-5	1.4E-3
760	4.6E-5	1.9E-1	2.8E+1	2.2E-2	5.1E-2	5.4E-5	1.5E-3
770	4.6E-5	1.9E-1	2.9E+1	2.2E-2	5.1E-2	5.4E-5	1.5E-3
780	4.6E-5	1.9E-1	2.9E+1	2.2E-2	5.1E-2	5.4E-5	1.5E-3
790	4.6E-5	1.9E-1	2.9E+1	2.2E-2	5.1E-2	5.4E-5	1.5E-3
800	4.6E-5	1.9E-1	2.9E+1	2.2E-2	5.1E-2	5.4E-5	1.5E-3
810	4.6E-5	1.9E-1	2.9E+1	2.2E-2	5.1E-2	5.5E-5	1.5E-3
820	4.7E-5	1.9E-1	2.9E+1	2.2E-2	5.1E-2	5.5E-5	1.5E-3
830	4.7E-5	1.9E-1	2.9E+1	2.2E-2	5.1E-2	5.5E-5	1.5E-3
840	4.7E-5	2.0E-1	2.9E+1	2.2E-2	5.1E-2	5.5E-5	1.5E-3
850	4.7E-5	2.0E-1	3.0E+1	2.2E-2	5.1E-2	5.5E-5	1.5E-3
860	4.7E-5	2.0E-1	3.0E+1	2.2E-2	5.1E-2	5.5E-5	1.5E-3
870	4.7E-5	2.0E-1	3.0E+1	2.2E-2	5.1E-2	5.5E-5	1.5E-3
880	4.7E-5	2.0E-1	3.0E+1	2.2E-2	5.1E-2	5.6E-5	1.5E-3
890	4.7E-5	2.0E-1	3.0E+1	2.2E-2	5.1E-2	5.6E-5	1.5E-3
900	4.7E-5	2.0E-1	3.0E+1	2.2E-2	5.1E-2	5.6E-5	1.5E-3
910	4.8E-5	2.0E-1	3.0E+1	2.2E-2	5.1E-2	5.6E-5	1.5E-3
920	4.8E-5	2.0E-1	3.0E+1	2.2E-2	5.1E-2	5.6E-5	1.5E-3
930	4.8E-5	2.0E-1	3.1E+1	2.2E-2	5.1E-2	5.6E-5	1.5E-3
940	4.8E-5	2.0E-1	3.1E+1	2.2E-2	5.1E-2	5.6E-5	1.5E-3
950	4.8E-5	2.1E-1	3.1E+1	2.2E-2	5.1E-2	5.7E-5	1.5E-3
960	4.8E-5	2.1E-1	3.1E+1	2.2E-2	5.1E-2	5.7E-5	1.5E-3
970	4.8E-5	2.1E-1	3.1E+1	2.2E-2	5.1E-2	5.7E-5	1.5E-3
980	4.8E-5	2.1E-1	3.1E+1	2.2E-2	5.1E-2	5.7E-5	1.5E-3
990	4.8E-5	2.1E-1	3.1E+1	2.2E-2	5.1E-2	5.7E-5	1.5E-3
1000	4.9E-5	2.1E-1	3.2E+1	2.2E-2	5.1E-2	5.7E-5	1.5E-3
1010	4.9E-5	2.1E-1	3.2E+1	2.2E-2	5.1E-2	5.7E-5	1.5E-3
1020	4.9E-5	2.1E-1	3.2E+1	2.2E-2	5.1E-2	5.8E-5	1.5E-3
1030	4.9E-5	2.1E-1	3.2E+1	2.2E-2	5.1E-2	5.8E-5	1.5E-3
1040	4.9E-5	2.1E-1	3.2E+1	2.2E-2	5.1E-2	5.8E-5	1.5E-3
1050	4.9E-5	2.1E-1	3.2E+1	2.2E-2	5.1E-2	5.8E-5	1.5E-3
1060	4.9E-5	2.1E-1	3.2E+1	2.2E-2	5.1E-2	5.8E-5	1.5E-3
1070	4.9E-5	2.2E-1	3.2E+1	2.2E-2	5.1E-2	5.8E-5	1.5E-3
1080	4.9E-5	2.2E-1	3.3E+1	2.2E-2	5.1E-2	5.9E-5	1.5E-3
1090	5.0E-5	2.2E-1	3.3E+1	2.2E-2	5.1E-2	5.9E-5	1.5E-3
1095	5.0E-5	2.2E-1	3.3E+1	2.2E-2	5.1E-2	5.9E-5	1.5E-3
1100	5.0E-5	2.2E-1	3.3E+1	2.2E-2	5.1E-2	5.9E-5	1.5E-3
1200	5.1E-5	2.3E-1	3.4E+1	2.2E-2	5.1E-2	6.0E-5	1.6E-3
1300	5.2E-5	2.4E-1	3.6E+1	2.2E-2	5.1E-2	6.2E-5	1.6E-3
1400	5.3E-5	2.5E-1	3.7E+1	2.2E-2	5.1E-2	6.3E-5	1.6E-3
1500	5.4E-5	2.6E-1	3.8E+1	2.3E-2	5.1E-2	6.5E-5	1.7E-3
1600	5.5E-5	2.7E-1	4.0E+1	2.3E-2	5.1E-2	6.7E-5	1.7E-3
1700	5.7E-5	2.8E-1	4.2E+1	2.3E-2	5.1E-2	6.8E-5	1.7E-3
1800	5.8E-5	2.9E-1	4.3E+1	2.3E-2	5.1E-2	7.0E-5	1.8E-3
1900	5.9E-5	3.0E-1	4.5E+1	2.3E-2	5.1E-2	7.1E-5	1.8E-3
2000	6.0E-5	3.1E-1	4.7E+1	2.3E-2	5.1E-2	7.3E-5	1.8E-3
2100	6.1E-5	3.2E-1	4.8E+1	2.3E-2	5.2E-2	7.5E-5	1.9E-3
2200	6.2E-5	3.3E-1	5.0E+1	2.3E-2	5.2E-2	7.6E-5	1.9E-3
2300	6.4E-5	3.5E-1	5.2E+1	2.3E-2	5.2E-2	7.8E-5	1.9E-3
2400	6.5E-5	3.6E-1	5.4E+1	2.3E-2	5.2E-2	8.0E-5	2.0E-3
2500	6.6E-5	3.7E-1	5.6E+1	2.3E-2	5.2E-2	8.1E-5	2.0E-3
2600	6.7E-5	3.9E-1	5.8E+1	2.3E-2	5.2E-2	8.3E-5	2.0E-3
2700	6.8E-5	4.0E-1	6.0E+1	2.3E-2	5.2E-2	8.5E-5	2.1E-3
2800	7.0E-5	4.1E-1	6.2E+1	2.3E-2	5.2E-2	8.6E-5	2.1E-3
2900	7.1E-5	4.3E-1	6.5E+1	2.3E-2	5.2E-2	8.8E-5	2.1E-3
3000	7.2E-5	4.4E-1	6.7E+1	2.3E-2	5.2E-2	9.0E-5	2.2E-3
3100	7.3E-5	4.6E-1	6.9E+1	2.3E-2	5.2E-2	9.1E-5	2.2E-3
3200	7.4E-5	4.8E-1	7.2E+1	2.3E-2	5.2E-2	9.3E-5	2.3E-3
3300	7.5E-5	4.9E-1	7.4E+1	2.3E-2	5.3E-2	9.5E-5	2.3E-3
3400	7.7E-5	5.1E-1	7.7E+1	2.3E-2	5.3E-2	9.6E-5	2.3E-3
3500	7.8E-5	5.3E-1	7.9E+1	2.3E-2	5.3E-2	9.8E-5	2.4E-3
3600	7.9E-5	5.4E-1	8.2E+1	2.3E-2	5.3E-2	1.0E-4	2.4E-3
3650	7.9E-5	5.5E-1	8.3E+1	2.3E-2	5.3E-2	1.0E-4	2.5E-3
4000	8.3E-5	6.2E-1	9.3E+1	2.3E-2	5.3E-2	1.1E-4	2.6E-3
5000	9.5E-5	8.2E-1	1.2E+2	2.4E-2	5.4E-2	1.2E-4	3.2E-3
6000	1.1E-4	1.1E+0	1.6E+2	2.4E-2	5.5E-2	1.4E-4	3.8E-3
7000	1.2E-4	1.3E+0	2.0E+2	2.5E-2	5.6E-2	1.6E-4	4.6E-3
8000	1.3E-4	1.6E+0	2.3E+2	2.5E-2	5.7E-2	1.7E-4	5.5E-3
9000	1.4E-4	1.8E+0	2.7E+2	2.6E-2	5.8E-2	1.9E-4	6.6E-3
10000	1.5E-4	2.1E+0	3.1E+2	2.6E-2	5.9E-2	2.1E-4	7.9E-3
11000	1.6E-4	2.3E+0	3.5E+2	2.7E-2	6.0E-2	2.3E-4	9.6E-3
12000	1.7E-4	2.6E+0	3.9E+2	2.7E-2	6.1E-2	2.5E-4	1.1E-2
13000	1.8E-4	2.9E+0	4.3E+2	2.7E-2	6.2E-2	2.7E-4	1.4E-2
14000	1.9E-4	3.1E+0	4.7E+2	2.8E-2	6.4E-2	3.0E-4	1.7E-2
15000	2.0E-4	3.4E+0	5.1E+2	2.9E-2	6.5E-2	3.2E-4	2.0E-2
16000	2.2E-4	3.7E+0	5.6E+2	2.9E-2	6.6E-2	3.5E-4	2.4E-2
17000	2.3E-4	4.0E+0	6.0E+2	3.0E-2	6.7E-2	3.8E-4	2.9E-2
18000	2.4E-4	4.3E+0	6.5E+2	3.0E-2	6.8E-2	4.1E-4	3.4E-2
18250	2.5E-4	4.4E+0	6.6E+2	3.0E-2	6.9E-2	4.2E-4	3.6E-2
Radionuclide	U-235
Route of Intake	Inhalation
Material	Aerosols Type F, Uranium hexafluoride, uranyl tributyl-phosphate, fA=2E-2
AMTD/AMAD, µm	1

Committed Effective Dose per Predicted Content in an Organ or Excreta Sample (Dose per Content Functions z(t)), Sv/Bq
Time, days	Whole Body	Urine (24-hour sample)	Faeces (24-hour sample)	Alimentary Tract*	Lungs*	Skeleton*	Liver*
0.041667	5.4E-7	-	-	2.0E-6	3.0E-6	5.1E-5	8.5E-5
0.083333	5.6E-7	-	-	1.8E-6	4.6E-6	3.0E-5	8.4E-5
0.125	5.7E-7	-	-	1.7E-6	7.0E-6	2.2E-5	8.8E-5
0.25	6.3E-7	-	-	1.4E-6	2.3E-5	1.5E-5	1.0E-4
0.375	6.8E-7	-	-	1.3E-6	7.1E-5	1.3E-5	1.0E-4
0.5	7.2E-7	-	-	1.2E-6	1.8E-4	1.3E-5	1.1E-4
0.625	7.6E-7	-	-	1.2E-6	3.7E-4	1.2E-5	1.1E-4
0.75	8.0E-7	-	-	1.2E-6	5.7E-4	1.2E-5	1.1E-4
0.875	8.3E-7	-	-	1.2E-6	7.2E-4	1.2E-5	1.1E-4
1	8.8E-7	2.7E-6	7.0E-6	1.2E-6	8.3E-4	1.2E-5	1.1E-4
1.125	9.3E-7	-	-	1.3E-6	9.0E-4	1.2E-5	1.1E-4
1.25	9.9E-7	-	-	1.4E-6	9.6E-4	1.2E-5	1.1E-4
1.375	1.1E-6	-	-	1.4E-6	1.0E-3	1.2E-5	1.2E-4
1.5	1.1E-6	-	-	1.6E-6	1.0E-3	1.2E-5	1.2E-4
1.625	1.2E-6	-	-	1.7E-6	1.1E-3	1.2E-5	1.2E-4
1.75	1.3E-6	-	-	1.9E-6	1.1E-3	1.2E-5	1.2E-4
1.875	1.4E-6	-	-	2.1E-6	1.2E-3	1.2E-5	1.2E-4
2	1.6E-6	4.4E-5	2.2E-6	2.3E-6	1.2E-3	1.2E-5	1.2E-4
2.25	1.8E-6	-	-	2.9E-6	1.3E-3	1.2E-5	1.2E-4
2.5	2.2E-6	-	-	3.8E-6	1.3E-3	1.2E-5	1.3E-4
2.75	2.6E-6	-	-	5.0E-6	1.4E-3	1.2E-5	1.3E-4
3	3.0E-6	8.3E-5	3.4E-6	6.7E-6	1.4E-3	1.3E-5	1.3E-4
3.25	3.4E-6	-	-	9.1E-6	1.5E-3	1.3E-5	1.3E-4
3.5	3.8E-6	-	-	1.2E-5	1.5E-3	1.3E-5	1.4E-4
3.75	4.2E-6	-	-	1.7E-5	1.6E-3	1.3E-5	1.4E-4
4	4.6E-6	1.0E-4	9.2E-6	2.4E-5	1.7E-3	1.3E-5	1.4E-4
4.25	4.9E-6	-	-	3.4E-5	1.7E-3	1.3E-5	1.5E-4
4.5	5.2E-6	-	-	4.7E-5	1.8E-3	1.3E-5	1.5E-4
4.75	5.4E-6	-	-	6.7E-5	1.8E-3	1.4E-5	1.5E-4
5	5.6E-6	1.1E-4	3.2E-5	9.4E-5	1.9E-3	1.4E-5	1.5E-4
5.5	5.9E-6	-	-	1.8E-4	2.0E-3	1.4E-5	1.6E-4
6	6.1E-6	1.2E-4	1.3E-4	3.4E-4	2.1E-3	1.4E-5	1.7E-4
6.5	6.3E-6	-	-	5.5E-4	2.2E-3	1.4E-5	1.7E-4
7	6.5E-6	1.3E-4	5.9E-4	7.9E-4	2.3E-3	1.5E-5	1.8E-4
7.5	6.7E-6	-	-	1.0E-3	2.4E-3	1.5E-5	1.9E-4
8	6.8E-6	1.5E-4	2.7E-3	1.1E-3	2.5E-3	1.5E-5	2.0E-4
8.5	7.0E-6	-	-	1.2E-3	2.5E-3	1.5E-5	2.0E-4
9	7.1E-6	1.6E-4	1.1E-2	1.3E-3	2.6E-3	1.6E-5	2.1E-4
9.5	7.3E-6	-	-	1.3E-3	2.7E-3	1.6E-5	2.2E-4
10	7.5E-6	1.7E-4	2.9E-2	1.3E-3	2.8E-3	1.6E-5	2.3E-4
11	7.8E-6	1.9E-4	4.5E-2	1.4E-3	2.9E-3	1.6E-5	2.4E-4
12	8.1E-6	2.1E-4	5.3E-2	1.4E-3	3.1E-3	1.7E-5	2.6E-4
13	8.4E-6	2.2E-4	5.9E-2	1.5E-3	3.2E-3	1.7E-5	2.8E-4
14	8.7E-6	2.4E-4	6.3E-2	1.5E-3	3.3E-3	1.7E-5	3.0E-4
15	9.0E-6	2.6E-4	6.8E-2	1.6E-3	3.4E-3	1.8E-5	3.2E-4
16	9.3E-6	2.8E-4	7.3E-2	1.6E-3	3.6E-3	1.8E-5	3.4E-4
17	9.6E-6	3.0E-4	7.8E-2	1.7E-3	3.7E-3	1.8E-5	3.6E-4
18	9.8E-6	3.3E-4	8.3E-2	1.7E-3	3.8E-3	1.8E-5	3.8E-4
19	1.0E-5	3.5E-4	8.9E-2	1.8E-3	3.9E-3	1.9E-5	4.1E-4
20	1.0E-5	3.8E-4	9.4E-2	1.8E-3	4.0E-3	1.9E-5	4.3E-4
21	1.1E-5	4.0E-4	9.9E-2	1.9E-3	4.2E-3	1.9E-5	4.5E-4
22	1.1E-5	4.3E-4	1.0E-1	1.9E-3	4.3E-3	1.9E-5	4.8E-4
23	1.1E-5	4.6E-4	1.1E-1	2.0E-3	4.4E-3	1.9E-5	5.0E-4
24	1.2E-5	4.9E-4	1.2E-1	2.0E-3	4.5E-3	2.0E-5	5.3E-4
25	1.2E-5	5.2E-4	1.2E-1	2.1E-3	4.7E-3	2.0E-5	5.5E-4
26	1.2E-5	5.5E-4	1.3E-1	2.2E-3	4.8E-3	2.0E-5	5.8E-4
27	1.2E-5	5.8E-4	1.3E-1	2.2E-3	4.9E-3	2.0E-5	6.1E-4
28	1.3E-5	6.2E-4	1.4E-1	2.3E-3	5.1E-3	2.0E-5	6.3E-4
29	1.3E-5	6.5E-4	1.4E-1	2.3E-3	5.2E-3	2.0E-5	6.6E-4
30	1.3E-5	6.9E-4	1.5E-1	2.4E-3	5.4E-3	2.1E-5	6.8E-4
31	1.3E-5	7.3E-4	1.5E-1	2.5E-3	5.5E-3	2.1E-5	7.1E-4
32	1.3E-5	7.7E-4	1.6E-1	2.5E-3	5.7E-3	2.1E-5	7.3E-4
33	1.4E-5	8.1E-4	1.7E-1	2.6E-3	5.8E-3	2.1E-5	7.5E-4
34	1.4E-5	8.5E-4	1.7E-1	2.7E-3	6.0E-3	2.1E-5	7.8E-4
35	1.4E-5	8.9E-4	1.8E-1	2.8E-3	6.1E-3	2.1E-5	8.0E-4
36	1.4E-5	9.3E-4	1.8E-1	2.8E-3	6.3E-3	2.1E-5	8.2E-4
37	1.5E-5	9.7E-4	1.9E-1	2.9E-3	6.5E-3	2.2E-5	8.4E-4
38	1.5E-5	1.0E-3	1.9E-1	3.0E-3	6.6E-3	2.2E-5	8.6E-4
39	1.5E-5	1.1E-3	2.0E-1	3.1E-3	6.8E-3	2.2E-5	8.8E-4
40	1.5E-5	1.1E-3	2.1E-1	3.1E-3	7.0E-3	2.2E-5	9.0E-4
41	1.5E-5	1.1E-3	2.1E-1	3.2E-3	7.2E-3	2.2E-5	9.2E-4
42	1.6E-5	1.2E-3	2.2E-1	3.3E-3	7.4E-3	2.2E-5	9.3E-4
43	1.6E-5	1.2E-3	2.2E-1	3.4E-3	7.5E-3	2.2E-5	9.5E-4
44	1.6E-5	1.3E-3	2.3E-1	3.5E-3	7.7E-3	2.2E-5	9.6E-4
45	1.6E-5	1.3E-3	2.4E-1	3.6E-3	7.9E-3	2.3E-5	9.8E-4
46	1.6E-5	1.4E-3	2.4E-1	3.7E-3	8.1E-3	2.3E-5	9.9E-4
47	1.7E-5	1.4E-3	2.5E-1	3.8E-3	8.3E-3	2.3E-5	1.0E-3
48	1.7E-5	1.5E-3	2.5E-1	3.8E-3	8.5E-3	2.3E-5	1.0E-3
49	1.7E-5	1.5E-3	2.6E-1	3.9E-3	8.8E-3	2.3E-5	1.0E-3
50	1.7E-5	1.6E-3	2.7E-1	4.0E-3	9.0E-3	2.3E-5	1.0E-3
51	1.7E-5	1.6E-3	2.7E-1	4.1E-3	9.2E-3	2.3E-5	1.0E-3
52	1.8E-5	1.7E-3	2.8E-1	4.2E-3	9.4E-3	2.4E-5	1.1E-3
53	1.8E-5	1.7E-3	2.9E-1	4.3E-3	9.6E-3	2.4E-5	1.1E-3
54	1.8E-5	1.8E-3	2.9E-1	4.4E-3	9.9E-3	2.4E-5	1.1E-3
55	1.8E-5	1.8E-3	3.0E-1	4.5E-3	1.0E-2	2.4E-5	1.1E-3
56	1.8E-5	1.9E-3	3.1E-1	4.7E-3	1.0E-2	2.4E-5	1.1E-3
57	1.8E-5	1.9E-3	3.1E-1	4.8E-3	1.1E-2	2.4E-5	1.1E-3
58	1.9E-5	2.0E-3	3.2E-1	4.9E-3	1.1E-2	2.4E-5	1.1E-3
59	1.9E-5	2.0E-3	3.3E-1	5.0E-3	1.1E-2	2.4E-5	1.1E-3
60	1.9E-5	2.1E-3	3.4E-1	5.1E-3	1.1E-2	2.5E-5	1.1E-3
61	1.9E-5	2.1E-3	3.4E-1	5.2E-3	1.2E-2	2.5E-5	1.1E-3
62	1.9E-5	2.2E-3	3.5E-1	5.3E-3	1.2E-2	2.5E-5	1.1E-3
63	2.0E-5	2.2E-3	3.6E-1	5.4E-3	1.2E-2	2.5E-5	1.1E-3
64	2.0E-5	2.3E-3	3.7E-1	5.6E-3	1.2E-2	2.5E-5	1.1E-3
65	2.0E-5	2.4E-3	3.7E-1	5.7E-3	1.3E-2	2.5E-5	1.1E-3
66	2.0E-5	2.4E-3	3.8E-1	5.8E-3	1.3E-2	2.5E-5	1.1E-3
67	2.0E-5	2.5E-3	3.9E-1	5.9E-3	1.3E-2	2.5E-5	1.2E-3
68	2.0E-5	2.5E-3	4.0E-1	6.1E-3	1.3E-2	2.6E-5	1.2E-3
69	2.0E-5	2.6E-3	4.1E-1	6.2E-3	1.4E-2	2.6E-5	1.2E-3
70	2.1E-5	2.6E-3	4.1E-1	6.3E-3	1.4E-2	2.6E-5	1.2E-3
71	2.1E-5	2.7E-3	4.2E-1	6.4E-3	1.4E-2	2.6E-5	1.2E-3
72	2.1E-5	2.8E-3	4.3E-1	6.6E-3	1.5E-2	2.6E-5	1.2E-3
73	2.1E-5	2.8E-3	4.4E-1	6.7E-3	1.5E-2	2.6E-5	1.2E-3
74	2.1E-5	2.9E-3	4.5E-1	6.8E-3	1.5E-2	2.6E-5	1.2E-3
75	2.1E-5	2.9E-3	4.6E-1	7.0E-3	1.6E-2	2.6E-5	1.2E-3
76	2.2E-5	3.0E-3	4.7E-1	7.1E-3	1.6E-2	2.7E-5	1.2E-3
77	2.2E-5	3.1E-3	4.7E-1	7.3E-3	1.6E-2	2.7E-5	1.2E-3
78	2.2E-5	3.1E-3	4.8E-1	7.4E-3	1.6E-2	2.7E-5	1.2E-3
79	2.2E-5	3.2E-3	4.9E-1	7.5E-3	1.7E-2	2.7E-5	1.2E-3
80	2.2E-5	3.3E-3	5.0E-1	7.7E-3	1.7E-2	2.7E-5	1.2E-3
81	2.2E-5	3.3E-3	5.1E-1	7.8E-3	1.7E-2	2.7E-5	1.2E-3
82	2.3E-5	3.4E-3	5.2E-1	7.9E-3	1.8E-2	2.7E-5	1.2E-3
83	2.3E-5	3.5E-3	5.3E-1	8.1E-3	1.8E-2	2.8E-5	1.2E-3
84	2.3E-5	3.5E-3	5.4E-1	8.2E-3	1.8E-2	2.8E-5	1.2E-3
85	2.3E-5	3.6E-3	5.5E-1	8.4E-3	1.9E-2	2.8E-5	1.2E-3
86	2.3E-5	3.7E-3	5.6E-1	8.5E-3	1.9E-2	2.8E-5	1.2E-3
87	2.3E-5	3.7E-3	5.7E-1	8.7E-3	1.9E-2	2.8E-5	1.2E-3
88	2.3E-5	3.8E-3	5.8E-1	8.8E-3	2.0E-2	2.8E-5	1.2E-3
89	2.4E-5	3.9E-3	5.9E-1	9.0E-3	2.0E-2	2.8E-5	1.2E-3
90	2.4E-5	3.9E-3	6.0E-1	9.1E-3	2.0E-2	2.8E-5	1.2E-3
91	2.4E-5	4.0E-3	6.2E-1	9.2E-3	2.1E-2	2.9E-5	1.2E-3
92	2.4E-5	4.1E-3	6.3E-1	9.4E-3	2.1E-2	2.9E-5	1.2E-3
93	2.4E-5	4.2E-3	6.4E-1	9.5E-3	2.1E-2	2.9E-5	1.2E-3
94	2.4E-5	4.2E-3	6.5E-1	9.7E-3	2.2E-2	2.9E-5	1.2E-3
95	2.4E-5	4.3E-3	6.6E-1	9.8E-3	2.2E-2	2.9E-5	1.2E-3
96	2.5E-5	4.4E-3	6.7E-1	1.0E-2	2.2E-2	2.9E-5	1.2E-3
97	2.5E-5	4.5E-3	6.8E-1	1.0E-2	2.3E-2	2.9E-5	1.2E-3
98	2.5E-5	4.6E-3	7.0E-1	1.0E-2	2.3E-2	2.9E-5	1.2E-3
99	2.5E-5	4.6E-3	7.1E-1	1.0E-2	2.3E-2	3.0E-5	1.2E-3
100	2.5E-5	4.7E-3	7.2E-1	1.1E-2	2.3E-2	3.0E-5	1.2E-3
110	2.6E-5	5.6E-3	8.5E-1	1.2E-2	2.7E-2	3.1E-5	1.2E-3
120	2.8E-5	6.6E-3	1.0E+0	1.3E-2	3.0E-2	3.2E-5	1.2E-3
130	2.9E-5	7.7E-3	1.2E+0	1.5E-2	3.3E-2	3.3E-5	1.2E-3
140	3.0E-5	8.9E-3	1.3E+0	1.6E-2	3.5E-2	3.4E-5	1.3E-3
150	3.1E-5	1.0E-2	1.6E+0	1.7E-2	3.7E-2	3.5E-5	1.3E-3
160	3.2E-5	1.2E-2	1.8E+0	1.7E-2	3.9E-2	3.6E-5	1.3E-3
170	3.2E-5	1.3E-2	2.0E+0	1.8E-2	4.1E-2	3.7E-5	1.3E-3
180	3.3E-5	1.5E-2	2.3E+0	1.9E-2	4.2E-2	3.8E-5	1.3E-3
190	3.4E-5	1.7E-2	2.6E+0	1.9E-2	4.3E-2	3.9E-5	1.3E-3
200	3.4E-5	1.9E-2	2.9E+0	2.0E-2	4.4E-2	3.9E-5	1.3E-3
210	3.5E-5	2.2E-2	3.3E+0	2.0E-2	4.5E-2	4.0E-5	1.3E-3
220	3.6E-5	2.4E-2	3.7E+0	2.0E-2	4.5E-2	4.1E-5	1.3E-3
230	3.6E-5	2.7E-2	4.1E+0	2.0E-2	4.6E-2	4.1E-5	1.3E-3
240	3.6E-5	3.0E-2	4.6E+0	2.1E-2	4.6E-2	4.2E-5	1.3E-3
250	3.7E-5	3.4E-2	5.1E+0	2.1E-2	4.7E-2	4.3E-5	1.3E-3
260	3.7E-5	3.7E-2	5.6E+0	2.1E-2	4.7E-2	4.3E-5	1.3E-3
270	3.8E-5	4.1E-2	6.2E+0	2.1E-2	4.7E-2	4.3E-5	1.3E-3
280	3.8E-5	4.5E-2	6.8E+0	2.1E-2	4.8E-2	4.4E-5	1.3E-3
290	3.8E-5	4.9E-2	7.4E+0	2.1E-2	4.8E-2	4.4E-5	1.3E-3
300	3.9E-5	5.3E-2	8.1E+0	2.1E-2	4.8E-2	4.5E-5	1.3E-3
310	3.9E-5	5.8E-2	8.8E+0	2.1E-2	4.8E-2	4.5E-5	1.3E-3
320	3.9E-5	6.3E-2	9.5E+0	2.1E-2	4.8E-2	4.5E-5	1.3E-3
330	3.9E-5	6.8E-2	1.0E+1	2.1E-2	4.9E-2	4.6E-5	1.3E-3
340	4.0E-5	7.3E-2	1.1E+1	2.1E-2	4.9E-2	4.6E-5	1.3E-3
350	4.0E-5	7.8E-2	1.2E+1	2.2E-2	4.9E-2	4.6E-5	1.3E-3
360	4.0E-5	8.3E-2	1.3E+1	2.2E-2	4.9E-2	4.6E-5	1.3E-3
365	4.0E-5	8.6E-2	1.3E+1	2.2E-2	4.9E-2	4.6E-5	1.3E-3
370	4.0E-5	8.8E-2	1.3E+1	2.2E-2	4.9E-2	4.7E-5	1.3E-3
380	4.0E-5	9.3E-2	1.4E+1	2.2E-2	4.9E-2	4.7E-5	1.3E-3
390	4.1E-5	9.8E-2	1.5E+1	2.2E-2	4.9E-2	4.7E-5	1.3E-3
400	4.1E-5	1.0E-1	1.6E+1	2.2E-2	4.9E-2	4.7E-5	1.3E-3
410	4.1E-5	1.1E-1	1.6E+1	2.2E-2	4.9E-2	4.7E-5	1.3E-3
420	4.1E-5	1.1E-1	1.7E+1	2.2E-2	4.9E-2	4.8E-5	1.3E-3
430	4.1E-5	1.2E-1	1.8E+1	2.2E-2	4.9E-2	4.8E-5	1.3E-3
440	4.1E-5	1.2E-1	1.8E+1	2.2E-2	4.9E-2	4.8E-5	1.3E-3
450	4.1E-5	1.3E-1	1.9E+1	2.2E-2	4.9E-2	4.8E-5	1.3E-3
460	4.2E-5	1.3E-1	2.0E+1	2.2E-2	4.9E-2	4.8E-5	1.4E-3
470	4.2E-5	1.3E-1	2.0E+1	2.2E-2	4.9E-2	4.9E-5	1.4E-3
480	4.2E-5	1.4E-1	2.1E+1	2.2E-2	4.9E-2	4.9E-5	1.4E-3
490	4.2E-5	1.4E-1	2.1E+1	2.2E-2	4.9E-2	4.9E-5	1.4E-3
500	4.2E-5	1.4E-1	2.2E+1	2.2E-2	4.9E-2	4.9E-5	1.4E-3
510	4.2E-5	1.5E-1	2.2E+1	2.2E-2	4.9E-2	4.9E-5	1.4E-3
520	4.2E-5	1.5E-1	2.3E+1	2.2E-2	4.9E-2	4.9E-5	1.4E-3
530	4.2E-5	1.5E-1	2.3E+1	2.2E-2	4.9E-2	4.9E-5	1.4E-3
540	4.3E-5	1.5E-1	2.3E+1	2.2E-2	4.9E-2	5.0E-5	1.4E-3
550	4.3E-5	1.6E-1	2.4E+1	2.2E-2	5.0E-2	5.0E-5	1.4E-3
560	4.3E-5	1.6E-1	2.4E+1	2.2E-2	5.0E-2	5.0E-5	1.4E-3
570	4.3E-5	1.6E-1	2.4E+1	2.2E-2	5.0E-2	5.0E-5	1.4E-3
580	4.3E-5	1.6E-1	2.5E+1	2.2E-2	5.0E-2	5.0E-5	1.4E-3
590	4.3E-5	1.6E-1	2.5E+1	2.2E-2	5.0E-2	5.0E-5	1.4E-3
600	4.3E-5	1.7E-1	2.5E+1	2.2E-2	5.0E-2	5.1E-5	1.4E-3
610	4.3E-5	1.7E-1	2.5E+1	2.2E-2	5.0E-2	5.1E-5	1.4E-3
620	4.3E-5	1.7E-1	2.6E+1	2.2E-2	5.0E-2	5.1E-5	1.4E-3
630	4.4E-5	1.7E-1	2.6E+1	2.2E-2	5.0E-2	5.1E-5	1.4E-3
640	4.4E-5	1.7E-1	2.6E+1	2.2E-2	5.0E-2	5.1E-5	1.4E-3
650	4.4E-5	1.7E-1	2.6E+1	2.2E-2	5.0E-2	5.1E-5	1.4E-3
660	4.4E-5	1.7E-1	2.6E+1	2.2E-2	5.0E-2	5.1E-5	1.4E-3
670	4.4E-5	1.8E-1	2.7E+1	2.2E-2	5.0E-2	5.2E-5	1.4E-3
680	4.4E-5	1.8E-1	2.7E+1	2.2E-2	5.0E-2	5.2E-5	1.4E-3
690	4.4E-5	1.8E-1	2.7E+1	2.2E-2	5.0E-2	5.2E-5	1.4E-3
700	4.4E-5	1.8E-1	2.7E+1	2.2E-2	5.0E-2	5.2E-5	1.4E-3
710	4.4E-5	1.8E-1	2.7E+1	2.2E-2	5.0E-2	5.2E-5	1.4E-3
720	4.5E-5	1.8E-1	2.7E+1	2.2E-2	5.0E-2	5.2E-5	1.4E-3
730	4.5E-5	1.8E-1	2.7E+1	2.2E-2	5.0E-2	5.2E-5	1.4E-3
740	4.5E-5	1.8E-1	2.8E+1	2.2E-2	5.0E-2	5.3E-5	1.4E-3
750	4.5E-5	1.8E-1	2.8E+1	2.2E-2	5.0E-2	5.3E-5	1.4E-3
760	4.5E-5	1.9E-1	2.8E+1	2.2E-2	5.0E-2	5.3E-5	1.4E-3
770	4.5E-5	1.9E-1	2.8E+1	2.2E-2	5.0E-2	5.3E-5	1.4E-3
780	4.5E-5	1.9E-1	2.8E+1	2.2E-2	5.0E-2	5.3E-5	1.4E-3
790	4.5E-5	1.9E-1	2.8E+1	2.2E-2	5.0E-2	5.3E-5	1.4E-3
800	4.5E-5	1.9E-1	2.8E+1	2.2E-2	5.0E-2	5.3E-5	1.4E-3
810	4.6E-5	1.9E-1	2.9E+1	2.2E-2	5.0E-2	5.4E-5	1.4E-3
820	4.6E-5	1.9E-1	2.9E+1	2.2E-2	5.0E-2	5.4E-5	1.4E-3
830	4.6E-5	1.9E-1	2.9E+1	2.2E-2	5.0E-2	5.4E-5	1.4E-3
840	4.6E-5	1.9E-1	2.9E+1	2.2E-2	5.0E-2	5.4E-5	1.4E-3
850	4.6E-5	1.9E-1	2.9E+1	2.2E-2	5.0E-2	5.4E-5	1.5E-3
860	4.6E-5	1.9E-1	2.9E+1	2.2E-2	5.0E-2	5.4E-5	1.5E-3
870	4.6E-5	1.9E-1	2.9E+1	2.2E-2	5.0E-2	5.4E-5	1.5E-3
880	4.6E-5	2.0E-1	2.9E+1	2.2E-2	5.0E-2	5.5E-5	1.5E-3
890	4.6E-5	2.0E-1	3.0E+1	2.2E-2	5.0E-2	5.5E-5	1.5E-3
900	4.7E-5	2.0E-1	3.0E+1	2.2E-2	5.0E-2	5.5E-5	1.5E-3
910	4.7E-5	2.0E-1	3.0E+1	2.2E-2	5.0E-2	5.5E-5	1.5E-3
920	4.7E-5	2.0E-1	3.0E+1	2.2E-2	5.0E-2	5.5E-5	1.5E-3
930	4.7E-5	2.0E-1	3.0E+1	2.2E-2	5.0E-2	5.5E-5	1.5E-3
940	4.7E-5	2.0E-1	3.0E+1	2.2E-2	5.0E-2	5.5E-5	1.5E-3
950	4.7E-5	2.0E-1	3.0E+1	2.2E-2	5.0E-2	5.6E-5	1.5E-3
960	4.7E-5	2.0E-1	3.0E+1	2.2E-2	5.0E-2	5.6E-5	1.5E-3
970	4.7E-5	2.0E-1	3.1E+1	2.2E-2	5.0E-2	5.6E-5	1.5E-3
980	4.7E-5	2.0E-1	3.1E+1	2.2E-2	5.0E-2	5.6E-5	1.5E-3
990	4.8E-5	2.0E-1	3.1E+1	2.2E-2	5.0E-2	5.6E-5	1.5E-3
1000	4.8E-5	2.1E-1	3.1E+1	2.2E-2	5.0E-2	5.6E-5	1.5E-3
1010	4.8E-5	2.1E-1	3.1E+1	2.2E-2	5.0E-2	5.6E-5	1.5E-3
1020	4.8E-5	2.1E-1	3.1E+1	2.2E-2	5.0E-2	5.7E-5	1.5E-3
1030	4.8E-5	2.1E-1	3.1E+1	2.2E-2	5.0E-2	5.7E-5	1.5E-3
1040	4.8E-5	2.1E-1	3.1E+1	2.2E-2	5.0E-2	5.7E-5	1.5E-3
1050	4.8E-5	2.1E-1	3.2E+1	2.2E-2	5.0E-2	5.7E-5	1.5E-3
1060	4.8E-5	2.1E-1	3.2E+1	2.2E-2	5.0E-2	5.7E-5	1.5E-3
1070	4.8E-5	2.1E-1	3.2E+1	2.2E-2	5.0E-2	5.7E-5	1.5E-3
1080	4.9E-5	2.1E-1	3.2E+1	2.2E-2	5.0E-2	5.8E-5	1.5E-3
1090	4.9E-5	2.1E-1	3.2E+1	2.2E-2	5.0E-2	5.8E-5	1.5E-3
1095	4.9E-5	2.1E-1	3.2E+1	2.2E-2	5.0E-2	5.8E-5	1.5E-3
1100	4.9E-5	2.1E-1	3.2E+1	2.2E-2	5.0E-2	5.8E-5	1.5E-3
1200	5.0E-5	2.2E-1	3.4E+1	2.2E-2	5.0E-2	5.9E-5	1.5E-3
1300	5.1E-5	2.3E-1	3.5E+1	2.2E-2	5.0E-2	6.1E-5	1.6E-3
1400	5.2E-5	2.4E-1	3.6E+1	2.2E-2	5.0E-2	6.2E-5	1.6E-3
1500	5.3E-5	2.5E-1	3.8E+1	2.2E-2	5.0E-2	6.4E-5	1.6E-3
1600	5.4E-5	2.6E-1	3.9E+1	2.2E-2	5.0E-2	6.5E-5	1.7E-3
1700	5.6E-5	2.7E-1	4.1E+1	2.2E-2	5.0E-2	6.7E-5	1.7E-3
1800	5.7E-5	2.8E-1	4.2E+1	2.2E-2	5.0E-2	6.9E-5	1.7E-3
1900	5.8E-5	2.9E-1	4.4E+1	2.2E-2	5.1E-2	7.0E-5	1.8E-3
2000	5.9E-5	3.0E-1	4.6E+1	2.2E-2	5.1E-2	7.2E-5	1.8E-3
2100	6.0E-5	3.2E-1	4.8E+1	2.2E-2	5.1E-2	7.3E-5	1.8E-3
2200	6.1E-5	3.3E-1	4.9E+1	2.2E-2	5.1E-2	7.5E-5	1.9E-3
2300	6.3E-5	3.4E-1	5.1E+1	2.2E-2	5.1E-2	7.7E-5	1.9E-3
2400	6.4E-5	3.5E-1	5.3E+1	2.2E-2	5.1E-2	7.8E-5	1.9E-3
2500	6.5E-5	3.7E-1	5.5E+1	2.2E-2	5.1E-2	8.0E-5	2.0E-3
2600	6.6E-5	3.8E-1	5.7E+1	2.2E-2	5.1E-2	8.1E-5	2.0E-3
2700	6.7E-5	3.9E-1	5.9E+1	2.3E-2	5.1E-2	8.3E-5	2.0E-3
2800	6.8E-5	4.1E-1	6.1E+1	2.3E-2	5.1E-2	8.5E-5	2.1E-3
2900	6.9E-5	4.2E-1	6.3E+1	2.3E-2	5.1E-2	8.6E-5	2.1E-3
3000	7.1E-5	4.4E-1	6.6E+1	2.3E-2	5.1E-2	8.8E-5	2.1E-3
3100	7.2E-5	4.5E-1	6.8E+1	2.3E-2	5.1E-2	9.0E-5	2.2E-3
3200	7.3E-5	4.7E-1	7.0E+1	2.3E-2	5.2E-2	9.1E-5	2.2E-3
3300	7.4E-5	4.8E-1	7.3E+1	2.3E-2	5.2E-2	9.3E-5	2.3E-3
3400	7.5E-5	5.0E-1	7.5E+1	2.3E-2	5.2E-2	9.5E-5	2.3E-3
3500	7.6E-5	5.2E-1	7.8E+1	2.3E-2	5.2E-2	9.6E-5	2.3E-3
3600	7.7E-5	5.3E-1	8.0E+1	2.3E-2	5.2E-2	9.8E-5	2.4E-3
3650	7.8E-5	5.4E-1	8.2E+1	2.3E-2	5.2E-2	9.9E-5	2.4E-3
4000	8.2E-5	6.0E-1	9.1E+1	2.3E-2	5.2E-2	1.0E-4	2.6E-3
5000	9.3E-5	8.1E-1	1.2E+2	2.3E-2	5.3E-2	1.2E-4	3.1E-3
6000	1.0E-4	1.0E+0	1.6E+2	2.4E-2	5.4E-2	1.4E-4	3.7E-3
7000	1.1E-4	1.3E+0	1.9E+2	2.4E-2	5.5E-2	1.5E-4	4.5E-3
8000	1.2E-4	1.5E+0	2.3E+2	2.5E-2	5.6E-2	1.7E-4	5.4E-3
9000	1.3E-4	1.8E+0	2.7E+2	2.5E-2	5.7E-2	1.9E-4	6.5E-3
10000	1.4E-4	2.0E+0	3.1E+2	2.6E-2	5.8E-2	2.1E-4	7.8E-3
11000	1.5E-4	2.3E+0	3.5E+2	2.6E-2	5.9E-2	2.3E-4	9.4E-3
12000	1.7E-4	2.5E+0	3.8E+2	2.7E-2	6.0E-2	2.5E-4	1.1E-2
13000	1.8E-4	2.8E+0	4.2E+2	2.7E-2	6.1E-2	2.7E-4	1.4E-2
14000	1.9E-4	3.1E+0	4.6E+2	2.8E-2	6.2E-2	2.9E-4	1.6E-2
15000	2.0E-4	3.3E+0	5.0E+2	2.8E-2	6.4E-2	3.2E-4	2.0E-2
16000	2.1E-4	3.6E+0	5.5E+2	2.9E-2	6.5E-2	3.4E-4	2.3E-2
17000	2.2E-4	3.9E+0	5.9E+2	2.9E-2	6.6E-2	3.7E-4	2.8E-2
18000	2.4E-4	4.2E+0	6.4E+2	3.0E-2	6.7E-2	4.0E-4	3.4E-2
18250	2.4E-4	4.3E+0	6.5E+2	3.0E-2	6.8E-2	4.1E-4	3.5E-2
Radionuclide	U-235
Route of Intake	Inhalation
Material	Aerosols Type F, Uranium hexafluoride, uranyl tributyl-phosphate, fA=2E-2
AMTD/AMAD, µm	3

Committed Effective Dose per Predicted Content in an Organ or Excreta Sample (Dose per Content Functions z(t)), Sv/Bq
Time, days	Whole Body	Urine (24-hour sample)	Faeces (24-hour sample)	Alimentary Tract*	Lungs*	Skeleton*	Liver*
0.041667	3.5E-7	-	-	1.1E-6	3.7E-6	4.9E-5	8.6E-5
0.083333	3.6E-7	-	-	1.0E-6	5.8E-6	3.0E-5	9.0E-5
0.125	3.7E-7	-	-	9.5E-7	8.9E-6	2.3E-5	9.6E-5
0.25	3.9E-7	-	-	8.1E-7	3.0E-5	1.6E-5	1.1E-4
0.375	4.2E-7	-	-	7.3E-7	8.7E-5	1.4E-5	1.1E-4
0.5	4.4E-7	-	-	6.8E-7	2.1E-4	1.3E-5	1.1E-4
0.625	4.6E-7	-	-	6.6E-7	3.8E-4	1.3E-5	1.1E-4
0.75	4.8E-7	-	-	6.6E-7	5.5E-4	1.2E-5	1.1E-4
0.875	5.0E-7	-	-	6.6E-7	6.7E-4	1.2E-5	1.1E-4
1	5.3E-7	2.7E-6	3.9E-6	6.8E-7	7.7E-4	1.2E-5	1.1E-4
1.125	5.6E-7	-	-	7.1E-7	8.4E-4	1.2E-5	1.1E-4
1.25	6.0E-7	-	-	7.5E-7	9.0E-4	1.2E-5	1.1E-4
1.375	6.5E-7	-	-	8.0E-7	9.5E-4	1.2E-5	1.2E-4
1.5	7.0E-7	-	-	8.7E-7	1.0E-3	1.2E-5	1.2E-4
1.625	7.6E-7	-	-	9.4E-7	1.0E-3	1.2E-5	1.2E-4
1.75	8.3E-7	-	-	1.0E-6	1.1E-3	1.2E-5	1.2E-4
1.875	9.1E-7	-	-	1.2E-6	1.1E-3	1.2E-5	1.2E-4
2	1.0E-6	3.4E-5	1.2E-6	1.3E-6	1.2E-3	1.2E-5	1.2E-4
2.25	1.2E-6	-	-	1.6E-6	1.2E-3	1.2E-5	1.2E-4
2.5	1.5E-6	-	-	2.1E-6	1.3E-3	1.2E-5	1.3E-4
2.75	1.8E-6	-	-	2.8E-6	1.4E-3	1.2E-5	1.3E-4
3	2.2E-6	7.7E-5	1.9E-6	3.7E-6	1.4E-3	1.3E-5	1.3E-4
3.25	2.6E-6	-	-	5.0E-6	1.5E-3	1.3E-5	1.3E-4
3.5	3.0E-6	-	-	6.9E-6	1.5E-3	1.3E-5	1.4E-4
3.75	3.5E-6	-	-	9.6E-6	1.6E-3	1.3E-5	1.4E-4
4	4.0E-6	9.8E-5	5.1E-6	1.3E-5	1.6E-3	1.3E-5	1.4E-4
4.25	4.4E-6	-	-	1.9E-5	1.7E-3	1.3E-5	1.5E-4
4.5	4.8E-6	-	-	2.7E-5	1.8E-3	1.3E-5	1.5E-4
4.75	5.1E-6	-	-	3.8E-5	1.8E-3	1.4E-5	1.5E-4
5	5.3E-6	1.1E-4	1.8E-5	5.4E-5	1.9E-3	1.4E-5	1.5E-4
5.5	5.8E-6	-	-	1.1E-4	2.0E-3	1.4E-5	1.6E-4
6	6.1E-6	1.2E-4	7.3E-5	2.1E-4	2.1E-3	1.4E-5	1.7E-4
6.5	6.3E-6	-	-	3.9E-4	2.2E-3	1.4E-5	1.7E-4
7	6.5E-6	1.3E-4	3.3E-4	6.2E-4	2.3E-3	1.5E-5	1.8E-4
7.5	6.6E-6	-	-	8.6E-4	2.4E-3	1.5E-5	1.9E-4
8	6.8E-6	1.5E-4	1.5E-3	1.1E-3	2.4E-3	1.5E-5	1.9E-4
8.5	7.0E-6	-	-	1.2E-3	2.5E-3	1.5E-5	2.0E-4
9	7.1E-6	1.6E-4	6.9E-3	1.2E-3	2.6E-3	1.5E-5	2.1E-4
9.5	7.3E-6	-	-	1.3E-3	2.7E-3	1.6E-5	2.2E-4
10	7.4E-6	1.7E-4	2.3E-2	1.3E-3	2.8E-3	1.6E-5	2.2E-4
11	7.7E-6	1.9E-4	4.1E-2	1.4E-3	2.9E-3	1.6E-5	2.4E-4
12	8.0E-6	2.0E-4	5.2E-2	1.4E-3	3.0E-3	1.7E-5	2.6E-4
13	8.3E-6	2.2E-4	5.8E-2	1.5E-3	3.2E-3	1.7E-5	2.8E-4
14	8.6E-6	2.4E-4	6.3E-2	1.5E-3	3.3E-3	1.7E-5	3.0E-4
15	8.9E-6	2.6E-4	6.8E-2	1.6E-3	3.4E-3	1.8E-5	3.2E-4
16	9.2E-6	2.8E-4	7.3E-2	1.6E-3	3.5E-3	1.8E-5	3.4E-4
17	9.5E-6	3.0E-4	7.8E-2	1.7E-3	3.7E-3	1.8E-5	3.6E-4
18	9.8E-6	3.2E-4	8.3E-2	1.7E-3	3.8E-3	1.8E-5	3.8E-4
19	1.0E-5	3.5E-4	8.8E-2	1.8E-3	3.9E-3	1.9E-5	4.0E-4
20	1.0E-5	3.7E-4	9.4E-2	1.8E-3	4.0E-3	1.9E-5	4.3E-4
21	1.1E-5	4.0E-4	9.9E-2	1.9E-3	4.1E-3	1.9E-5	4.5E-4
22	1.1E-5	4.3E-4	1.0E-1	1.9E-3	4.3E-3	1.9E-5	4.8E-4
23	1.1E-5	4.6E-4	1.1E-1	2.0E-3	4.4E-3	1.9E-5	5.0E-4
24	1.1E-5	4.9E-4	1.2E-1	2.0E-3	4.5E-3	2.0E-5	5.3E-4
25	1.2E-5	5.2E-4	1.2E-1	2.1E-3	4.6E-3	2.0E-5	5.5E-4
26	1.2E-5	5.5E-4	1.3E-1	2.2E-3	4.8E-3	2.0E-5	5.8E-4
27	1.2E-5	5.8E-4	1.3E-1	2.2E-3	4.9E-3	2.0E-5	6.0E-4
28	1.2E-5	6.2E-4	1.4E-1	2.3E-3	5.1E-3	2.0E-5	6.3E-4
29	1.3E-5	6.5E-4	1.4E-1	2.3E-3	5.2E-3	2.0E-5	6.5E-4
30	1.3E-5	6.9E-4	1.5E-1	2.4E-3	5.3E-3	2.0E-5	6.8E-4
31	1.3E-5	7.3E-4	1.5E-1	2.5E-3	5.5E-3	2.1E-5	7.0E-4
32	1.3E-5	7.6E-4	1.6E-1	2.5E-3	5.6E-3	2.1E-5	7.3E-4
33	1.4E-5	8.0E-4	1.7E-1	2.6E-3	5.8E-3	2.1E-5	7.5E-4
34	1.4E-5	8.4E-4	1.7E-1	2.7E-3	5.9E-3	2.1E-5	7.7E-4
35	1.4E-5	8.8E-4	1.8E-1	2.8E-3	6.1E-3	2.1E-5	8.0E-4
36	1.4E-5	9.2E-4	1.8E-1	2.8E-3	6.3E-3	2.1E-5	8.2E-4
37	1.5E-5	9.7E-4	1.9E-1	2.9E-3	6.4E-3	2.1E-5	8.4E-4
38	1.5E-5	1.0E-3	1.9E-1	3.0E-3	6.6E-3	2.2E-5	8.6E-4
39	1.5E-5	1.1E-3	2.0E-1	3.1E-3	6.8E-3	2.2E-5	8.8E-4
40	1.5E-5	1.1E-3	2.1E-1	3.1E-3	7.0E-3	2.2E-5	9.0E-4
41	1.5E-5	1.1E-3	2.1E-1	3.2E-3	7.1E-3	2.2E-5	9.1E-4
42	1.6E-5	1.2E-3	2.2E-1	3.3E-3	7.3E-3	2.2E-5	9.3E-4
43	1.6E-5	1.2E-3	2.2E-1	3.4E-3	7.5E-3	2.2E-5	9.5E-4
44	1.6E-5	1.3E-3	2.3E-1	3.5E-3	7.7E-3	2.2E-5	9.6E-4
45	1.6E-5	1.3E-3	2.4E-1	3.6E-3	7.9E-3	2.3E-5	9.8E-4
46	1.6E-5	1.4E-3	2.4E-1	3.6E-3	8.1E-3	2.3E-5	9.9E-4
47	1.7E-5	1.4E-3	2.5E-1	3.7E-3	8.3E-3	2.3E-5	1.0E-3
48	1.7E-5	1.5E-3	2.5E-1	3.8E-3	8.5E-3	2.3E-5	1.0E-3
49	1.7E-5	1.5E-3	2.6E-1	3.9E-3	8.7E-3	2.3E-5	1.0E-3
50	1.7E-5	1.6E-3	2.7E-1	4.0E-3	8.9E-3	2.3E-5	1.0E-3
51	1.7E-5	1.6E-3	2.7E-1	4.1E-3	9.2E-3	2.3E-5	1.0E-3
52	1.8E-5	1.7E-3	2.8E-1	4.2E-3	9.4E-3	2.3E-5	1.1E-3
53	1.8E-5	1.7E-3	2.9E-1	4.3E-3	9.6E-3	2.4E-5	1.1E-3
54	1.8E-5	1.8E-3	2.9E-1	4.4E-3	9.8E-3	2.4E-5	1.1E-3
55	1.8E-5	1.8E-3	3.0E-1	4.5E-3	1.0E-2	2.4E-5	1.1E-3
56	1.8E-5	1.9E-3	3.1E-1	4.6E-3	1.0E-2	2.4E-5	1.1E-3
57	1.8E-5	1.9E-3	3.1E-1	4.7E-3	1.1E-2	2.4E-5	1.1E-3
58	1.9E-5	2.0E-3	3.2E-1	4.9E-3	1.1E-2	2.4E-5	1.1E-3
59	1.9E-5	2.0E-3	3.3E-1	5.0E-3	1.1E-2	2.4E-5	1.1E-3
60	1.9E-5	2.1E-3	3.3E-1	5.1E-3	1.1E-2	2.4E-5	1.1E-3
61	1.9E-5	2.1E-3	3.4E-1	5.2E-3	1.2E-2	2.5E-5	1.1E-3
62	1.9E-5	2.2E-3	3.5E-1	5.3E-3	1.2E-2	2.5E-5	1.1E-3
63	1.9E-5	2.2E-3	3.6E-1	5.4E-3	1.2E-2	2.5E-5	1.1E-3
64	2.0E-5	2.3E-3	3.6E-1	5.6E-3	1.2E-2	2.5E-5	1.1E-3
65	2.0E-5	2.3E-3	3.7E-1	5.7E-3	1.3E-2	2.5E-5	1.1E-3
66	2.0E-5	2.4E-3	3.8E-1	5.8E-3	1.3E-2	2.5E-5	1.1E-3
67	2.0E-5	2.5E-3	3.9E-1	5.9E-3	1.3E-2	2.5E-5	1.2E-3
68	2.0E-5	2.5E-3	4.0E-1	6.0E-3	1.3E-2	2.6E-5	1.2E-3
69	2.0E-5	2.6E-3	4.0E-1	6.2E-3	1.4E-2	2.6E-5	1.2E-3
70	2.1E-5	2.6E-3	4.1E-1	6.3E-3	1.4E-2	2.6E-5	1.2E-3
71	2.1E-5	2.7E-3	4.2E-1	6.4E-3	1.4E-2	2.6E-5	1.2E-3
72	2.1E-5	2.8E-3	4.3E-1	6.6E-3	1.5E-2	2.6E-5	1.2E-3
73	2.1E-5	2.8E-3	4.4E-1	6.7E-3	1.5E-2	2.6E-5	1.2E-3
74	2.1E-5	2.9E-3	4.5E-1	6.8E-3	1.5E-2	2.6E-5	1.2E-3
75	2.1E-5	2.9E-3	4.6E-1	7.0E-3	1.5E-2	2.6E-5	1.2E-3
76	2.2E-5	3.0E-3	4.6E-1	7.1E-3	1.6E-2	2.7E-5	1.2E-3
77	2.2E-5	3.1E-3	4.7E-1	7.2E-3	1.6E-2	2.7E-5	1.2E-3
78	2.2E-5	3.1E-3	4.8E-1	7.4E-3	1.6E-2	2.7E-5	1.2E-3
79	2.2E-5	3.2E-3	4.9E-1	7.5E-3	1.7E-2	2.7E-5	1.2E-3
80	2.2E-5	3.2E-3	5.0E-1	7.6E-3	1.7E-2	2.7E-5	1.2E-3
81	2.2E-5	3.3E-3	5.1E-1	7.8E-3	1.7E-2	2.7E-5	1.2E-3
82	2.2E-5	3.4E-3	5.2E-1	7.9E-3	1.8E-2	2.7E-5	1.2E-3
83	2.3E-5	3.4E-3	5.3E-1	8.1E-3	1.8E-2	2.7E-5	1.2E-3
84	2.3E-5	3.5E-3	5.4E-1	8.2E-3	1.8E-2	2.8E-5	1.2E-3
85	2.3E-5	3.6E-3	5.5E-1	8.3E-3	1.9E-2	2.8E-5	1.2E-3
86	2.3E-5	3.7E-3	5.6E-1	8.5E-3	1.9E-2	2.8E-5	1.2E-3
87	2.3E-5	3.7E-3	5.7E-1	8.6E-3	1.9E-2	2.8E-5	1.2E-3
88	2.3E-5	3.8E-3	5.8E-1	8.8E-3	2.0E-2	2.8E-5	1.2E-3
89	2.3E-5	3.9E-3	5.9E-1	8.9E-3	2.0E-2	2.8E-5	1.2E-3
90	2.4E-5	3.9E-3	6.0E-1	9.1E-3	2.0E-2	2.8E-5	1.2E-3
91	2.4E-5	4.0E-3	6.1E-1	9.2E-3	2.0E-2	2.8E-5	1.2E-3
92	2.4E-5	4.1E-3	6.2E-1	9.4E-3	2.1E-2	2.9E-5	1.2E-3
93	2.4E-5	4.2E-3	6.4E-1	9.5E-3	2.1E-2	2.9E-5	1.2E-3
94	2.4E-5	4.2E-3	6.5E-1	9.7E-3	2.1E-2	2.9E-5	1.2E-3
95	2.4E-5	4.3E-3	6.6E-1	9.8E-3	2.2E-2	2.9E-5	1.2E-3
96	2.4E-5	4.4E-3	6.7E-1	9.9E-3	2.2E-2	2.9E-5	1.2E-3
97	2.5E-5	4.5E-3	6.8E-1	1.0E-2	2.2E-2	2.9E-5	1.2E-3
98	2.5E-5	4.5E-3	6.9E-1	1.0E-2	2.3E-2	2.9E-5	1.2E-3
99	2.5E-5	4.6E-3	7.1E-1	1.0E-2	2.3E-2	2.9E-5	1.2E-3
100	2.5E-5	4.7E-3	7.2E-1	1.1E-2	2.3E-2	3.0E-5	1.2E-3
110	2.6E-5	5.6E-3	8.5E-1	1.2E-2	2.7E-2	3.1E-5	1.2E-3
120	2.7E-5	6.5E-3	1.0E+0	1.3E-2	3.0E-2	3.2E-5	1.2E-3
130	2.9E-5	7.6E-3	1.2E+0	1.5E-2	3.2E-2	3.3E-5	1.2E-3
140	3.0E-5	8.8E-3	1.3E+0	1.6E-2	3.5E-2	3.4E-5	1.3E-3
150	3.1E-5	1.0E-2	1.5E+0	1.7E-2	3.7E-2	3.5E-5	1.3E-3
160	3.1E-5	1.2E-2	1.8E+0	1.7E-2	3.9E-2	3.6E-5	1.3E-3
170	3.2E-5	1.3E-2	2.0E+0	1.8E-2	4.0E-2	3.7E-5	1.3E-3
180	3.3E-5	1.5E-2	2.3E+0	1.9E-2	4.2E-2	3.8E-5	1.3E-3
190	3.4E-5	1.7E-2	2.6E+0	1.9E-2	4.3E-2	3.9E-5	1.3E-3
200	3.4E-5	1.9E-2	2.9E+0	1.9E-2	4.4E-2	3.9E-5	1.3E-3
210	3.5E-5	2.2E-2	3.3E+0	2.0E-2	4.5E-2	4.0E-5	1.3E-3
220	3.5E-5	2.4E-2	3.7E+0	2.0E-2	4.5E-2	4.1E-5	1.3E-3
230	3.6E-5	2.7E-2	4.1E+0	2.0E-2	4.6E-2	4.1E-5	1.3E-3
240	3.6E-5	3.0E-2	4.6E+0	2.1E-2	4.6E-2	4.2E-5	1.3E-3
250	3.7E-5	3.3E-2	5.1E+0	2.1E-2	4.7E-2	4.2E-5	1.3E-3
260	3.7E-5	3.7E-2	5.6E+0	2.1E-2	4.7E-2	4.3E-5	1.3E-3
270	3.8E-5	4.1E-2	6.1E+0	2.1E-2	4.7E-2	4.3E-5	1.3E-3
280	3.8E-5	4.5E-2	6.8E+0	2.1E-2	4.8E-2	4.4E-5	1.3E-3
290	3.8E-5	4.9E-2	7.4E+0	2.1E-2	4.8E-2	4.4E-5	1.3E-3
300	3.8E-5	5.3E-2	8.0E+0	2.1E-2	4.8E-2	4.4E-5	1.3E-3
310	3.9E-5	5.8E-2	8.7E+0	2.1E-2	4.8E-2	4.5E-5	1.3E-3
320	3.9E-5	6.3E-2	9.5E+0	2.1E-2	4.8E-2	4.5E-5	1.3E-3
330	3.9E-5	6.8E-2	1.0E+1	2.1E-2	4.8E-2	4.5E-5	1.3E-3
340	3.9E-5	7.3E-2	1.1E+1	2.1E-2	4.9E-2	4.6E-5	1.3E-3
350	4.0E-5	7.8E-2	1.2E+1	2.1E-2	4.9E-2	4.6E-5	1.3E-3
360	4.0E-5	8.3E-2	1.2E+1	2.1E-2	4.9E-2	4.6E-5	1.3E-3
365	4.0E-5	8.5E-2	1.3E+1	2.2E-2	4.9E-2	4.6E-5	1.3E-3
370	4.0E-5	8.8E-2	1.3E+1	2.2E-2	4.9E-2	4.6E-5	1.3E-3
380	4.0E-5	9.3E-2	1.4E+1	2.2E-2	4.9E-2	4.7E-5	1.3E-3
390	4.0E-5	9.8E-2	1.5E+1	2.2E-2	4.9E-2	4.7E-5	1.3E-3
400	4.1E-5	1.0E-1	1.6E+1	2.2E-2	4.9E-2	4.7E-5	1.3E-3
410	4.1E-5	1.1E-1	1.6E+1	2.2E-2	4.9E-2	4.7E-5	1.3E-3
420	4.1E-5	1.1E-1	1.7E+1	2.2E-2	4.9E-2	4.7E-5	1.3E-3
430	4.1E-5	1.2E-1	1.8E+1	2.2E-2	4.9E-2	4.8E-5	1.3E-3
440	4.1E-5	1.2E-1	1.8E+1	2.2E-2	4.9E-2	4.8E-5	1.3E-3
450	4.1E-5	1.3E-1	1.9E+1	2.2E-2	4.9E-2	4.8E-5	1.3E-3
460	4.1E-5	1.3E-1	2.0E+1	2.2E-2	4.9E-2	4.8E-5	1.3E-3
470	4.2E-5	1.3E-1	2.0E+1	2.2E-2	4.9E-2	4.8E-5	1.4E-3
480	4.2E-5	1.4E-1	2.1E+1	2.2E-2	4.9E-2	4.9E-5	1.4E-3
490	4.2E-5	1.4E-1	2.1E+1	2.2E-2	4.9E-2	4.9E-5	1.4E-3
500	4.2E-5	1.4E-1	2.2E+1	2.2E-2	4.9E-2	4.9E-5	1.4E-3
510	4.2E-5	1.5E-1	2.2E+1	2.2E-2	4.9E-2	4.9E-5	1.4E-3
520	4.2E-5	1.5E-1	2.2E+1	2.2E-2	4.9E-2	4.9E-5	1.4E-3
530	4.2E-5	1.5E-1	2.3E+1	2.2E-2	4.9E-2	4.9E-5	1.4E-3
540	4.2E-5	1.5E-1	2.3E+1	2.2E-2	4.9E-2	4.9E-5	1.4E-3
550	4.3E-5	1.6E-1	2.4E+1	2.2E-2	4.9E-2	5.0E-5	1.4E-3
560	4.3E-5	1.6E-1	2.4E+1	2.2E-2	4.9E-2	5.0E-5	1.4E-3
570	4.3E-5	1.6E-1	2.4E+1	2.2E-2	4.9E-2	5.0E-5	1.4E-3
580	4.3E-5	1.6E-1	2.5E+1	2.2E-2	4.9E-2	5.0E-5	1.4E-3
590	4.3E-5	1.6E-1	2.5E+1	2.2E-2	4.9E-2	5.0E-5	1.4E-3
600	4.3E-5	1.7E-1	2.5E+1	2.2E-2	4.9E-2	5.0E-5	1.4E-3
610	4.3E-5	1.7E-1	2.5E+1	2.2E-2	4.9E-2	5.1E-5	1.4E-3
620	4.3E-5	1.7E-1	2.5E+1	2.2E-2	4.9E-2	5.1E-5	1.4E-3
630	4.3E-5	1.7E-1	2.6E+1	2.2E-2	4.9E-2	5.1E-5	1.4E-3
640	4.4E-5	1.7E-1	2.6E+1	2.2E-2	4.9E-2	5.1E-5	1.4E-3
650	4.4E-5	1.7E-1	2.6E+1	2.2E-2	4.9E-2	5.1E-5	1.4E-3
660	4.4E-5	1.7E-1	2.6E+1	2.2E-2	4.9E-2	5.1E-5	1.4E-3
670	4.4E-5	1.8E-1	2.6E+1	2.2E-2	5.0E-2	5.1E-5	1.4E-3
680	4.4E-5	1.8E-1	2.7E+1	2.2E-2	5.0E-2	5.2E-5	1.4E-3
690	4.4E-5	1.8E-1	2.7E+1	2.2E-2	5.0E-2	5.2E-5	1.4E-3
700	4.4E-5	1.8E-1	2.7E+1	2.2E-2	5.0E-2	5.2E-5	1.4E-3
710	4.4E-5	1.8E-1	2.7E+1	2.2E-2	5.0E-2	5.2E-5	1.4E-3
720	4.4E-5	1.8E-1	2.7E+1	2.2E-2	5.0E-2	5.2E-5	1.4E-3
730	4.5E-5	1.8E-1	2.7E+1	2.2E-2	5.0E-2	5.2E-5	1.4E-3
740	4.5E-5	1.8E-1	2.8E+1	2.2E-2	5.0E-2	5.2E-5	1.4E-3
750	4.5E-5	1.8E-1	2.8E+1	2.2E-2	5.0E-2	5.3E-5	1.4E-3
760	4.5E-5	1.8E-1	2.8E+1	2.2E-2	5.0E-2	5.3E-5	1.4E-3
770	4.5E-5	1.9E-1	2.8E+1	2.2E-2	5.0E-2	5.3E-5	1.4E-3
780	4.5E-5	1.9E-1	2.8E+1	2.2E-2	5.0E-2	5.3E-5	1.4E-3
790	4.5E-5	1.9E-1	2.8E+1	2.2E-2	5.0E-2	5.3E-5	1.4E-3
800	4.5E-5	1.9E-1	2.8E+1	2.2E-2	5.0E-2	5.3E-5	1.4E-3
810	4.5E-5	1.9E-1	2.8E+1	2.2E-2	5.0E-2	5.3E-5	1.4E-3
820	4.6E-5	1.9E-1	2.9E+1	2.2E-2	5.0E-2	5.4E-5	1.4E-3
830	4.6E-5	1.9E-1	2.9E+1	2.2E-2	5.0E-2	5.4E-5	1.4E-3
840	4.6E-5	1.9E-1	2.9E+1	2.2E-2	5.0E-2	5.4E-5	1.4E-3
850	4.6E-5	1.9E-1	2.9E+1	2.2E-2	5.0E-2	5.4E-5	1.4E-3
860	4.6E-5	1.9E-1	2.9E+1	2.2E-2	5.0E-2	5.4E-5	1.4E-3
870	4.6E-5	1.9E-1	2.9E+1	2.2E-2	5.0E-2	5.4E-5	1.5E-3
880	4.6E-5	2.0E-1	2.9E+1	2.2E-2	5.0E-2	5.4E-5	1.5E-3
890	4.6E-5	2.0E-1	3.0E+1	2.2E-2	5.0E-2	5.5E-5	1.5E-3
900	4.6E-5	2.0E-1	3.0E+1	2.2E-2	5.0E-2	5.5E-5	1.5E-3
910	4.7E-5	2.0E-1	3.0E+1	2.2E-2	5.0E-2	5.5E-5	1.5E-3
920	4.7E-5	2.0E-1	3.0E+1	2.2E-2	5.0E-2	5.5E-5	1.5E-3
930	4.7E-5	2.0E-1	3.0E+1	2.2E-2	5.0E-2	5.5E-5	1.5E-3
940	4.7E-5	2.0E-1	3.0E+1	2.2E-2	5.0E-2	5.5E-5	1.5E-3
950	4.7E-5	2.0E-1	3.0E+1	2.2E-2	5.0E-2	5.5E-5	1.5E-3
960	4.7E-5	2.0E-1	3.0E+1	2.2E-2	5.0E-2	5.6E-5	1.5E-3
970	4.7E-5	2.0E-1	3.1E+1	2.2E-2	5.0E-2	5.6E-5	1.5E-3
980	4.7E-5	2.0E-1	3.1E+1	2.2E-2	5.0E-2	5.6E-5	1.5E-3
990	4.7E-5	2.0E-1	3.1E+1	2.2E-2	5.0E-2	5.6E-5	1.5E-3
1000	4.8E-5	2.1E-1	3.1E+1	2.2E-2	5.0E-2	5.6E-5	1.5E-3
1010	4.8E-5	2.1E-1	3.1E+1	2.2E-2	5.0E-2	5.6E-5	1.5E-3
1020	4.8E-5	2.1E-1	3.1E+1	2.2E-2	5.0E-2	5.6E-5	1.5E-3
1030	4.8E-5	2.1E-1	3.1E+1	2.2E-2	5.0E-2	5.7E-5	1.5E-3
1040	4.8E-5	2.1E-1	3.1E+1	2.2E-2	5.0E-2	5.7E-5	1.5E-3
1050	4.8E-5	2.1E-1	3.2E+1	2.2E-2	5.0E-2	5.7E-5	1.5E-3
1060	4.8E-5	2.1E-1	3.2E+1	2.2E-2	5.0E-2	5.7E-5	1.5E-3
1070	4.8E-5	2.1E-1	3.2E+1	2.2E-2	5.0E-2	5.7E-5	1.5E-3
1080	4.8E-5	2.1E-1	3.2E+1	2.2E-2	5.0E-2	5.7E-5	1.5E-3
1090	4.9E-5	2.1E-1	3.2E+1	2.2E-2	5.0E-2	5.8E-5	1.5E-3
1095	4.9E-5	2.1E-1	3.2E+1	2.2E-2	5.0E-2	5.8E-5	1.5E-3
1100	4.9E-5	2.1E-1	3.2E+1	2.2E-2	5.0E-2	5.8E-5	1.5E-3
1200	5.0E-5	2.2E-1	3.3E+1	2.2E-2	5.0E-2	5.9E-5	1.5E-3
1300	5.1E-5	2.3E-1	3.5E+1	2.2E-2	5.0E-2	6.1E-5	1.6E-3
1400	5.2E-5	2.4E-1	3.6E+1	2.2E-2	5.0E-2	6.2E-5	1.6E-3
1500	5.3E-5	2.5E-1	3.8E+1	2.2E-2	5.0E-2	6.4E-5	1.6E-3
1600	5.4E-5	2.6E-1	3.9E+1	2.2E-2	5.0E-2	6.5E-5	1.7E-3
1700	5.5E-5	2.7E-1	4.1E+1	2.2E-2	5.0E-2	6.7E-5	1.7E-3
1800	5.7E-5	2.8E-1	4.2E+1	2.2E-2	5.0E-2	6.8E-5	1.7E-3
1900	5.8E-5	2.9E-1	4.4E+1	2.2E-2	5.0E-2	7.0E-5	1.7E-3
2000	5.9E-5	3.0E-1	4.6E+1	2.2E-2	5.0E-2	7.2E-5	1.8E-3
2100	6.0E-5	3.1E-1	4.7E+1	2.2E-2	5.1E-2	7.3E-5	1.8E-3
2200	6.1E-5	3.3E-1	4.9E+1	2.2E-2	5.1E-2	7.5E-5	1.8E-3
2300	6.2E-5	3.4E-1	5.1E+1	2.2E-2	5.1E-2	7.6E-5	1.9E-3
2400	6.4E-5	3.5E-1	5.3E+1	2.2E-2	5.1E-2	7.8E-5	1.9E-3
2500	6.5E-5	3.6E-1	5.5E+1	2.2E-2	5.1E-2	8.0E-5	2.0E-3
2600	6.6E-5	3.8E-1	5.7E+1	2.2E-2	5.1E-2	8.1E-5	2.0E-3
2700	6.7E-5	3.9E-1	5.9E+1	2.2E-2	5.1E-2	8.3E-5	2.0E-3
2800	6.8E-5	4.1E-1	6.1E+1	2.3E-2	5.1E-2	8.5E-5	2.1E-3
2900	6.9E-5	4.2E-1	6.3E+1	2.3E-2	5.1E-2	8.6E-5	2.1E-3
3000	7.0E-5	4.4E-1	6.6E+1	2.3E-2	5.1E-2	8.8E-5	2.1E-3
3100	7.2E-5	4.5E-1	6.8E+1	2.3E-2	5.1E-2	9.0E-5	2.2E-3
3200	7.3E-5	4.7E-1	7.0E+1	2.3E-2	5.1E-2	9.1E-5	2.2E-3
3300	7.4E-5	4.8E-1	7.3E+1	2.3E-2	5.2E-2	9.3E-5	2.3E-3
3400	7.5E-5	5.0E-1	7.5E+1	2.3E-2	5.2E-2	9.4E-5	2.3E-3
3500	7.6E-5	5.1E-1	7.7E+1	2.3E-2	5.2E-2	9.6E-5	2.3E-3
3600	7.7E-5	5.3E-1	8.0E+1	2.3E-2	5.2E-2	9.8E-5	2.4E-3
3650	7.8E-5	5.4E-1	8.1E+1	2.3E-2	5.2E-2	9.9E-5	2.4E-3
4000	8.2E-5	6.0E-1	9.1E+1	2.3E-2	5.2E-2	1.0E-4	2.6E-3
5000	9.3E-5	8.0E-1	1.2E+2	2.3E-2	5.3E-2	1.2E-4	3.1E-3
6000	1.0E-4	1.0E+0	1.6E+2	2.4E-2	5.4E-2	1.4E-4	3.7E-3
7000	1.1E-4	1.3E+0	1.9E+2	2.4E-2	5.5E-2	1.5E-4	4.5E-3
8000	1.2E-4	1.5E+0	2.3E+2	2.5E-2	5.6E-2	1.7E-4	5.4E-3
9000	1.3E-4	1.8E+0	2.7E+2	2.5E-2	5.7E-2	1.9E-4	6.5E-3
10000	1.4E-4	2.0E+0	3.1E+2	2.6E-2	5.8E-2	2.1E-4	7.8E-3
11000	1.5E-4	2.3E+0	3.4E+2	2.6E-2	5.9E-2	2.3E-4	9.4E-3
12000	1.6E-4	2.5E+0	3.8E+2	2.6E-2	6.0E-2	2.5E-4	1.1E-2
13000	1.8E-4	2.8E+0	4.2E+2	2.7E-2	6.1E-2	2.7E-4	1.4E-2
14000	1.9E-4	3.1E+0	4.6E+2	2.7E-2	6.2E-2	2.9E-4	1.6E-2
15000	2.0E-4	3.3E+0	5.0E+2	2.8E-2	6.3E-2	3.1E-4	1.9E-2
16000	2.1E-4	3.6E+0	5.4E+2	2.8E-2	6.5E-2	3.4E-4	2.3E-2
17000	2.2E-4	3.9E+0	5.9E+2	2.9E-2	6.6E-2	3.7E-4	2.8E-2
18000	2.4E-4	4.2E+0	6.4E+2	3.0E-2	6.7E-2	4.0E-4	3.3E-2
18250	2.4E-4	4.3E+0	6.5E+2	3.0E-2	6.7E-2	4.1E-4	3.5E-2
Radionuclide	U-235
Route of Intake	Inhalation
Material	Aerosols Type F, Uranium hexafluoride, uranyl tributyl-phosphate, fA=2E-2
AMTD/AMAD, µm	5

Committed Effective Dose per Predicted Content in an Organ or Excreta Sample (Dose per Content Functions z(t)), Sv/Bq
Time, days	Whole Body	Urine (24-hour sample)	Faeces (24-hour sample)	Alimentary Tract*	Lungs*	Skeleton*	Liver*
0.041667	2.9E-7	-	-	9.0E-7	4.4E-6	4.8E-5	8.6E-5
0.083333	2.9E-7	-	-	8.1E-7	6.9E-6	3.0E-5	9.5E-5
0.125	3.0E-7	-	-	7.5E-7	1.1E-5	2.4E-5	1.0E-4
0.25	3.2E-7	-	-	6.4E-7	3.5E-5	1.7E-5	1.1E-4
0.375	3.4E-7	-	-	5.8E-7	1.0E-4	1.4E-5	1.1E-4
0.5	3.6E-7	-	-	5.4E-7	2.3E-4	1.3E-5	1.1E-4
0.625	3.7E-7	-	-	5.2E-7	3.9E-4	1.3E-5	1.1E-4
0.75	3.9E-7	-	-	5.2E-7	5.4E-4	1.2E-5	1.1E-4
0.875	4.1E-7	-	-	5.2E-7	6.5E-4	1.2E-5	1.1E-4
1	4.3E-7	2.7E-6	3.1E-6	5.4E-7	7.4E-4	1.2E-5	1.1E-4
1.125	4.6E-7	-	-	5.6E-7	8.1E-4	1.2E-5	1.1E-4
1.25	4.9E-7	-	-	5.9E-7	8.7E-4	1.2E-5	1.1E-4
1.375	5.3E-7	-	-	6.3E-7	9.3E-4	1.2E-5	1.2E-4
1.5	5.7E-7	-	-	6.9E-7	9.8E-4	1.2E-5	1.2E-4
1.625	6.2E-7	-	-	7.5E-7	1.0E-3	1.2E-5	1.2E-4
1.75	6.8E-7	-	-	8.2E-7	1.1E-3	1.2E-5	1.2E-4
1.875	7.5E-7	-	-	9.1E-7	1.1E-3	1.2E-5	1.2E-4
2	8.2E-7	3.0E-5	9.9E-7	1.0E-6	1.1E-3	1.2E-5	1.2E-4
2.25	1.0E-6	-	-	1.3E-6	1.2E-3	1.2E-5	1.2E-4
2.5	1.2E-6	-	-	1.7E-6	1.3E-3	1.2E-5	1.3E-4
2.75	1.5E-6	-	-	2.2E-6	1.3E-3	1.2E-5	1.3E-4
3	1.9E-6	7.4E-5	1.5E-6	2.9E-6	1.4E-3	1.3E-5	1.3E-4
3.25	2.3E-6	-	-	4.0E-6	1.5E-3	1.3E-5	1.3E-4
3.5	2.7E-6	-	-	5.5E-6	1.5E-3	1.3E-5	1.4E-4
3.75	3.2E-6	-	-	7.6E-6	1.6E-3	1.3E-5	1.4E-4
4	3.7E-6	9.7E-5	4.0E-6	1.1E-5	1.6E-3	1.3E-5	1.4E-4
4.25	4.1E-6	-	-	1.5E-5	1.7E-3	1.3E-5	1.4E-4
4.5	4.5E-6	-	-	2.1E-5	1.7E-3	1.3E-5	1.5E-4
4.75	4.9E-6	-	-	3.0E-5	1.8E-3	1.3E-5	1.5E-4
5	5.2E-6	1.1E-4	1.4E-5	4.3E-5	1.9E-3	1.4E-5	1.5E-4
5.5	5.7E-6	-	-	8.8E-5	2.0E-3	1.4E-5	1.6E-4
6	6.0E-6	1.2E-4	5.7E-5	1.8E-4	2.1E-3	1.4E-5	1.7E-4
6.5	6.3E-6	-	-	3.3E-4	2.2E-3	1.4E-5	1.7E-4
7	6.4E-6	1.3E-4	2.6E-4	5.5E-4	2.3E-3	1.5E-5	1.8E-4
7.5	6.6E-6	-	-	8.0E-4	2.4E-3	1.5E-5	1.9E-4
8	6.8E-6	1.5E-4	1.2E-3	1.0E-3	2.4E-3	1.5E-5	1.9E-4
8.5	6.9E-6	-	-	1.1E-3	2.5E-3	1.5E-5	2.0E-4
9	7.1E-6	1.6E-4	5.7E-3	1.2E-3	2.6E-3	1.5E-5	2.1E-4
9.5	7.3E-6	-	-	1.3E-3	2.7E-3	1.6E-5	2.2E-4
10	7.4E-6	1.7E-4	2.0E-2	1.3E-3	2.8E-3	1.6E-5	2.2E-4
11	7.7E-6	1.9E-4	4.0E-2	1.4E-3	2.9E-3	1.6E-5	2.4E-4
12	8.0E-6	2.0E-4	5.1E-2	1.4E-3	3.0E-3	1.7E-5	2.6E-4
13	8.3E-6	2.2E-4	5.8E-2	1.5E-3	3.2E-3	1.7E-5	2.8E-4
14	8.6E-6	2.4E-4	6.3E-2	1.5E-3	3.3E-3	1.7E-5	3.0E-4
15	8.9E-6	2.6E-4	6.8E-2	1.6E-3	3.4E-3	1.7E-5	3.2E-4
16	9.2E-6	2.8E-4	7.3E-2	1.6E-3	3.5E-3	1.8E-5	3.4E-4
17	9.5E-6	3.0E-4	7.8E-2	1.7E-3	3.7E-3	1.8E-5	3.6E-4
18	9.8E-6	3.2E-4	8.3E-2	1.7E-3	3.8E-3	1.8E-5	3.8E-4
19	1.0E-5	3.5E-4	8.8E-2	1.8E-3	3.9E-3	1.8E-5	4.0E-4
20	1.0E-5	3.7E-4	9.3E-2	1.8E-3	4.0E-3	1.9E-5	4.3E-4
21	1.1E-5	4.0E-4	9.9E-2	1.9E-3	4.1E-3	1.9E-5	4.5E-4
22	1.1E-5	4.3E-4	1.0E-1	1.9E-3	4.3E-3	1.9E-5	4.8E-4
23	1.1E-5	4.5E-4	1.1E-1	2.0E-3	4.4E-3	1.9E-5	5.0E-4
24	1.1E-5	4.8E-4	1.1E-1	2.0E-3	4.5E-3	1.9E-5	5.3E-4
25	1.2E-5	5.2E-4	1.2E-1	2.1E-3	4.6E-3	2.0E-5	5.5E-4
26	1.2E-5	5.5E-4	1.3E-1	2.2E-3	4.8E-3	2.0E-5	5.8E-4
27	1.2E-5	5.8E-4	1.3E-1	2.2E-3	4.9E-3	2.0E-5	6.0E-4
28	1.2E-5	6.1E-4	1.4E-1	2.3E-3	5.0E-3	2.0E-5	6.3E-4
29	1.3E-5	6.5E-4	1.4E-1	2.3E-3	5.2E-3	2.0E-5	6.5E-4
30	1.3E-5	6.9E-4	1.5E-1	2.4E-3	5.3E-3	2.0E-5	6.8E-4
31	1.3E-5	7.2E-4	1.5E-1	2.5E-3	5.5E-3	2.1E-5	7.0E-4
32	1.3E-5	7.6E-4	1.6E-1	2.5E-3	5.6E-3	2.1E-5	7.3E-4
33	1.4E-5	8.0E-4	1.7E-1	2.6E-3	5.8E-3	2.1E-5	7.5E-4
34	1.4E-5	8.4E-4	1.7E-1	2.7E-3	5.9E-3	2.1E-5	7.7E-4
35	1.4E-5	8.8E-4	1.8E-1	2.7E-3	6.1E-3	2.1E-5	7.9E-4
36	1.4E-5	9.2E-4	1.8E-1	2.8E-3	6.3E-3	2.1E-5	8.2E-4
37	1.5E-5	9.6E-4	1.9E-1	2.9E-3	6.4E-3	2.1E-5	8.4E-4
38	1.5E-5	1.0E-3	1.9E-1	3.0E-3	6.6E-3	2.2E-5	8.6E-4
39	1.5E-5	1.1E-3	2.0E-1	3.0E-3	6.8E-3	2.2E-5	8.8E-4
40	1.5E-5	1.1E-3	2.1E-1	3.1E-3	7.0E-3	2.2E-5	8.9E-4
41	1.5E-5	1.1E-3	2.1E-1	3.2E-3	7.1E-3	2.2E-5	9.1E-4
42	1.6E-5	1.2E-3	2.2E-1	3.3E-3	7.3E-3	2.2E-5	9.3E-4
43	1.6E-5	1.2E-3	2.2E-1	3.4E-3	7.5E-3	2.2E-5	9.4E-4
44	1.6E-5	1.3E-3	2.3E-1	3.5E-3	7.7E-3	2.2E-5	9.6E-4
45	1.6E-5	1.3E-3	2.4E-1	3.6E-3	7.9E-3	2.3E-5	9.7E-4
46	1.6E-5	1.4E-3	2.4E-1	3.6E-3	8.1E-3	2.3E-5	9.9E-4
47	1.7E-5	1.4E-3	2.5E-1	3.7E-3	8.3E-3	2.3E-5	1.0E-3
48	1.7E-5	1.5E-3	2.5E-1	3.8E-3	8.5E-3	2.3E-5	1.0E-3
49	1.7E-5	1.5E-3	2.6E-1	3.9E-3	8.7E-3	2.3E-5	1.0E-3
50	1.7E-5	1.6E-3	2.7E-1	4.0E-3	8.9E-3	2.3E-5	1.0E-3
51	1.7E-5	1.6E-3	2.7E-1	4.1E-3	9.1E-3	2.3E-5	1.0E-3
52	1.7E-5	1.7E-3	2.8E-1	4.2E-3	9.4E-3	2.3E-5	1.1E-3
53	1.8E-5	1.7E-3	2.9E-1	4.3E-3	9.6E-3	2.4E-5	1.1E-3
54	1.8E-5	1.8E-3	2.9E-1	4.4E-3	9.8E-3	2.4E-5	1.1E-3
55	1.8E-5	1.8E-3	3.0E-1	4.5E-3	1.0E-2	2.4E-5	1.1E-3
56	1.8E-5	1.9E-3	3.1E-1	4.6E-3	1.0E-2	2.4E-5	1.1E-3
57	1.8E-5	1.9E-3	3.1E-1	4.7E-3	1.1E-2	2.4E-5	1.1E-3
58	1.9E-5	2.0E-3	3.2E-1	4.8E-3	1.1E-2	2.4E-5	1.1E-3
59	1.9E-5	2.0E-3	3.3E-1	5.0E-3	1.1E-2	2.4E-5	1.1E-3
60	1.9E-5	2.1E-3	3.3E-1	5.1E-3	1.1E-2	2.4E-5	1.1E-3
61	1.9E-5	2.1E-3	3.4E-1	5.2E-3	1.2E-2	2.5E-5	1.1E-3
62	1.9E-5	2.2E-3	3.5E-1	5.3E-3	1.2E-2	2.5E-5	1.1E-3
63	1.9E-5	2.2E-3	3.6E-1	5.4E-3	1.2E-2	2.5E-5	1.1E-3
64	2.0E-5	2.3E-3	3.6E-1	5.5E-3	1.2E-2	2.5E-5	1.1E-3
65	2.0E-5	2.3E-3	3.7E-1	5.7E-3	1.3E-2	2.5E-5	1.1E-3
66	2.0E-5	2.4E-3	3.8E-1	5.8E-3	1.3E-2	2.5E-5	1.1E-3
67	2.0E-5	2.5E-3	3.9E-1	5.9E-3	1.3E-2	2.5E-5	1.1E-3
68	2.0E-5	2.5E-3	4.0E-1	6.0E-3	1.3E-2	2.5E-5	1.2E-3
69	2.0E-5	2.6E-3	4.0E-1	6.2E-3	1.4E-2	2.6E-5	1.2E-3
70	2.1E-5	2.6E-3	4.1E-1	6.3E-3	1.4E-2	2.6E-5	1.2E-3
71	2.1E-5	2.7E-3	4.2E-1	6.4E-3	1.4E-2	2.6E-5	1.2E-3
72	2.1E-5	2.7E-3	4.3E-1	6.5E-3	1.5E-2	2.6E-5	1.2E-3
73	2.1E-5	2.8E-3	4.4E-1	6.7E-3	1.5E-2	2.6E-5	1.2E-3
74	2.1E-5	2.9E-3	4.5E-1	6.8E-3	1.5E-2	2.6E-5	1.2E-3
75	2.1E-5	2.9E-3	4.5E-1	6.9E-3	1.5E-2	2.6E-5	1.2E-3
76	2.2E-5	3.0E-3	4.6E-1	7.1E-3	1.6E-2	2.7E-5	1.2E-3
77	2.2E-5	3.1E-3	4.7E-1	7.2E-3	1.6E-2	2.7E-5	1.2E-3
78	2.2E-5	3.1E-3	4.8E-1	7.4E-3	1.6E-2	2.7E-5	1.2E-3
79	2.2E-5	3.2E-3	4.9E-1	7.5E-3	1.7E-2	2.7E-5	1.2E-3
80	2.2E-5	3.2E-3	5.0E-1	7.6E-3	1.7E-2	2.7E-5	1.2E-3
81	2.2E-5	3.3E-3	5.1E-1	7.8E-3	1.7E-2	2.7E-5	1.2E-3
82	2.2E-5	3.4E-3	5.2E-1	7.9E-3	1.8E-2	2.7E-5	1.2E-3
83	2.3E-5	3.4E-3	5.3E-1	8.1E-3	1.8E-2	2.7E-5	1.2E-3
84	2.3E-5	3.5E-3	5.4E-1	8.2E-3	1.8E-2	2.8E-5	1.2E-3
85	2.3E-5	3.6E-3	5.5E-1	8.3E-3	1.9E-2	2.8E-5	1.2E-3
86	2.3E-5	3.6E-3	5.6E-1	8.5E-3	1.9E-2	2.8E-5	1.2E-3
87	2.3E-5	3.7E-3	5.7E-1	8.6E-3	1.9E-2	2.8E-5	1.2E-3
88	2.3E-5	3.8E-3	5.8E-1	8.8E-3	1.9E-2	2.8E-5	1.2E-3
89	2.3E-5	3.9E-3	5.9E-1	8.9E-3	2.0E-2	2.8E-5	1.2E-3
90	2.4E-5	3.9E-3	6.0E-1	9.1E-3	2.0E-2	2.8E-5	1.2E-3
91	2.4E-5	4.0E-3	6.1E-1	9.2E-3	2.0E-2	2.8E-5	1.2E-3
92	2.4E-5	4.1E-3	6.2E-1	9.3E-3	2.1E-2	2.9E-5	1.2E-3
93	2.4E-5	4.2E-3	6.3E-1	9.5E-3	2.1E-2	2.9E-5	1.2E-3
94	2.4E-5	4.2E-3	6.5E-1	9.6E-3	2.1E-2	2.9E-5	1.2E-3
95	2.4E-5	4.3E-3	6.6E-1	9.8E-3	2.2E-2	2.9E-5	1.2E-3
96	2.4E-5	4.4E-3	6.7E-1	9.9E-3	2.2E-2	2.9E-5	1.2E-3
97	2.5E-5	4.5E-3	6.8E-1	1.0E-2	2.2E-2	2.9E-5	1.2E-3
98	2.5E-5	4.5E-3	6.9E-1	1.0E-2	2.3E-2	2.9E-5	1.2E-3
99	2.5E-5	4.6E-3	7.0E-1	1.0E-2	2.3E-2	2.9E-5	1.2E-3
100	2.5E-5	4.7E-3	7.2E-1	1.1E-2	2.3E-2	3.0E-5	1.2E-3
110	2.6E-5	5.6E-3	8.5E-1	1.2E-2	2.7E-2	3.1E-5	1.2E-3
120	2.7E-5	6.5E-3	9.9E-1	1.3E-2	3.0E-2	3.2E-5	1.2E-3
130	2.9E-5	7.6E-3	1.2E+0	1.5E-2	3.2E-2	3.3E-5	1.2E-3
140	3.0E-5	8.8E-3	1.3E+0	1.6E-2	3.5E-2	3.4E-5	1.3E-3
150	3.0E-5	1.0E-2	1.5E+0	1.7E-2	3.7E-2	3.5E-5	1.3E-3
160	3.1E-5	1.2E-2	1.8E+0	1.7E-2	3.9E-2	3.6E-5	1.3E-3
170	3.2E-5	1.3E-2	2.0E+0	1.8E-2	4.0E-2	3.7E-5	1.3E-3
180	3.3E-5	1.5E-2	2.3E+0	1.9E-2	4.2E-2	3.8E-5	1.3E-3
190	3.4E-5	1.7E-2	2.6E+0	1.9E-2	4.3E-2	3.9E-5	1.3E-3
200	3.4E-5	1.9E-2	2.9E+0	1.9E-2	4.4E-2	3.9E-5	1.3E-3
210	3.5E-5	2.2E-2	3.3E+0	2.0E-2	4.5E-2	4.0E-5	1.3E-3
220	3.5E-5	2.4E-2	3.7E+0	2.0E-2	4.5E-2	4.1E-5	1.3E-3
230	3.6E-5	2.7E-2	4.1E+0	2.0E-2	4.6E-2	4.1E-5	1.3E-3
240	3.6E-5	3.0E-2	4.6E+0	2.0E-2	4.6E-2	4.2E-5	1.3E-3
250	3.7E-5	3.3E-2	5.0E+0	2.1E-2	4.7E-2	4.2E-5	1.3E-3
260	3.7E-5	3.7E-2	5.6E+0	2.1E-2	4.7E-2	4.3E-5	1.3E-3
270	3.8E-5	4.1E-2	6.1E+0	2.1E-2	4.7E-2	4.3E-5	1.3E-3
280	3.8E-5	4.5E-2	6.7E+0	2.1E-2	4.8E-2	4.4E-5	1.3E-3
290	3.8E-5	4.9E-2	7.4E+0	2.1E-2	4.8E-2	4.4E-5	1.3E-3
300	3.8E-5	5.3E-2	8.0E+0	2.1E-2	4.8E-2	4.4E-5	1.3E-3
310	3.9E-5	5.8E-2	8.7E+0	2.1E-2	4.8E-2	4.5E-5	1.3E-3
320	3.9E-5	6.3E-2	9.4E+0	2.1E-2	4.8E-2	4.5E-5	1.3E-3
330	3.9E-5	6.7E-2	1.0E+1	2.1E-2	4.8E-2	4.5E-5	1.3E-3
340	3.9E-5	7.2E-2	1.1E+1	2.1E-2	4.8E-2	4.6E-5	1.3E-3
350	4.0E-5	7.8E-2	1.2E+1	2.1E-2	4.9E-2	4.6E-5	1.3E-3
360	4.0E-5	8.3E-2	1.2E+1	2.1E-2	4.9E-2	4.6E-5	1.3E-3
365	4.0E-5	8.5E-2	1.3E+1	2.1E-2	4.9E-2	4.6E-5	1.3E-3
370	4.0E-5	8.8E-2	1.3E+1	2.2E-2	4.9E-2	4.6E-5	1.3E-3
380	4.0E-5	9.3E-2	1.4E+1	2.2E-2	4.9E-2	4.7E-5	1.3E-3
390	4.0E-5	9.8E-2	1.5E+1	2.2E-2	4.9E-2	4.7E-5	1.3E-3
400	4.1E-5	1.0E-1	1.6E+1	2.2E-2	4.9E-2	4.7E-5	1.3E-3
410	4.1E-5	1.1E-1	1.6E+1	2.2E-2	4.9E-2	4.7E-5	1.3E-3
420	4.1E-5	1.1E-1	1.7E+1	2.2E-2	4.9E-2	4.7E-5	1.3E-3
430	4.1E-5	1.2E-1	1.8E+1	2.2E-2	4.9E-2	4.8E-5	1.3E-3
440	4.1E-5	1.2E-1	1.8E+1	2.2E-2	4.9E-2	4.8E-5	1.3E-3
450	4.1E-5	1.3E-1	1.9E+1	2.2E-2	4.9E-2	4.8E-5	1.3E-3
460	4.1E-5	1.3E-1	2.0E+1	2.2E-2	4.9E-2	4.8E-5	1.3E-3
470	4.2E-5	1.3E-1	2.0E+1	2.2E-2	4.9E-2	4.8E-5	1.3E-3
480	4.2E-5	1.4E-1	2.1E+1	2.2E-2	4.9E-2	4.8E-5	1.4E-3
490	4.2E-5	1.4E-1	2.1E+1	2.2E-2	4.9E-2	4.9E-5	1.4E-3
500	4.2E-5	1.4E-1	2.2E+1	2.2E-2	4.9E-2	4.9E-5	1.4E-3
510	4.2E-5	1.5E-1	2.2E+1	2.2E-2	4.9E-2	4.9E-5	1.4E-3
520	4.2E-5	1.5E-1	2.2E+1	2.2E-2	4.9E-2	4.9E-5	1.4E-3
530	4.2E-5	1.5E-1	2.3E+1	2.2E-2	4.9E-2	4.9E-5	1.4E-3
540	4.2E-5	1.5E-1	2.3E+1	2.2E-2	4.9E-2	4.9E-5	1.4E-3
550	4.3E-5	1.6E-1	2.4E+1	2.2E-2	4.9E-2	5.0E-5	1.4E-3
560	4.3E-5	1.6E-1	2.4E+1	2.2E-2	4.9E-2	5.0E-5	1.4E-3
570	4.3E-5	1.6E-1	2.4E+1	2.2E-2	4.9E-2	5.0E-5	1.4E-3
580	4.3E-5	1.6E-1	2.4E+1	2.2E-2	4.9E-2	5.0E-5	1.4E-3
590	4.3E-5	1.6E-1	2.5E+1	2.2E-2	4.9E-2	5.0E-5	1.4E-3
600	4.3E-5	1.7E-1	2.5E+1	2.2E-2	4.9E-2	5.0E-5	1.4E-3
610	4.3E-5	1.7E-1	2.5E+1	2.2E-2	4.9E-2	5.0E-5	1.4E-3
620	4.3E-5	1.7E-1	2.5E+1	2.2E-2	4.9E-2	5.1E-5	1.4E-3
630	4.3E-5	1.7E-1	2.6E+1	2.2E-2	4.9E-2	5.1E-5	1.4E-3
640	4.4E-5	1.7E-1	2.6E+1	2.2E-2	4.9E-2	5.1E-5	1.4E-3
650	4.4E-5	1.7E-1	2.6E+1	2.2E-2	4.9E-2	5.1E-5	1.4E-3
660	4.4E-5	1.7E-1	2.6E+1	2.2E-2	4.9E-2	5.1E-5	1.4E-3
670	4.4E-5	1.8E-1	2.6E+1	2.2E-2	4.9E-2	5.1E-5	1.4E-3
680	4.4E-5	1.8E-1	2.7E+1	2.2E-2	4.9E-2	5.1E-5	1.4E-3
690	4.4E-5	1.8E-1	2.7E+1	2.2E-2	4.9E-2	5.2E-5	1.4E-3
700	4.4E-5	1.8E-1	2.7E+1	2.2E-2	4.9E-2	5.2E-5	1.4E-3
710	4.4E-5	1.8E-1	2.7E+1	2.2E-2	4.9E-2	5.2E-5	1.4E-3
720	4.4E-5	1.8E-1	2.7E+1	2.2E-2	4.9E-2	5.2E-5	1.4E-3
730	4.5E-5	1.8E-1	2.7E+1	2.2E-2	4.9E-2	5.2E-5	1.4E-3
740	4.5E-5	1.8E-1	2.8E+1	2.2E-2	4.9E-2	5.2E-5	1.4E-3
750	4.5E-5	1.8E-1	2.8E+1	2.2E-2	5.0E-2	5.2E-5	1.4E-3
760	4.5E-5	1.8E-1	2.8E+1	2.2E-2	5.0E-2	5.3E-5	1.4E-3
770	4.5E-5	1.9E-1	2.8E+1	2.2E-2	5.0E-2	5.3E-5	1.4E-3
780	4.5E-5	1.9E-1	2.8E+1	2.2E-2	5.0E-2	5.3E-5	1.4E-3
790	4.5E-5	1.9E-1	2.8E+1	2.2E-2	5.0E-2	5.3E-5	1.4E-3
800	4.5E-5	1.9E-1	2.8E+1	2.2E-2	5.0E-2	5.3E-5	1.4E-3
810	4.5E-5	1.9E-1	2.8E+1	2.2E-2	5.0E-2	5.3E-5	1.4E-3
820	4.6E-5	1.9E-1	2.9E+1	2.2E-2	5.0E-2	5.3E-5	1.4E-3
830	4.6E-5	1.9E-1	2.9E+1	2.2E-2	5.0E-2	5.4E-5	1.4E-3
840	4.6E-5	1.9E-1	2.9E+1	2.2E-2	5.0E-2	5.4E-5	1.4E-3
850	4.6E-5	1.9E-1	2.9E+1	2.2E-2	5.0E-2	5.4E-5	1.4E-3
860	4.6E-5	1.9E-1	2.9E+1	2.2E-2	5.0E-2	5.4E-5	1.4E-3
870	4.6E-5	1.9E-1	2.9E+1	2.2E-2	5.0E-2	5.4E-5	1.4E-3
880	4.6E-5	1.9E-1	2.9E+1	2.2E-2	5.0E-2	5.4E-5	1.5E-3
890	4.6E-5	2.0E-1	2.9E+1	2.2E-2	5.0E-2	5.5E-5	1.5E-3
900	4.6E-5	2.0E-1	3.0E+1	2.2E-2	5.0E-2	5.5E-5	1.5E-3
910	4.6E-5	2.0E-1	3.0E+1	2.2E-2	5.0E-2	5.5E-5	1.5E-3
920	4.7E-5	2.0E-1	3.0E+1	2.2E-2	5.0E-2	5.5E-5	1.5E-3
930	4.7E-5	2.0E-1	3.0E+1	2.2E-2	5.0E-2	5.5E-5	1.5E-3
940	4.7E-5	2.0E-1	3.0E+1	2.2E-2	5.0E-2	5.5E-5	1.5E-3
950	4.7E-5	2.0E-1	3.0E+1	2.2E-2	5.0E-2	5.5E-5	1.5E-3
960	4.7E-5	2.0E-1	3.0E+1	2.2E-2	5.0E-2	5.6E-5	1.5E-3
970	4.7E-5	2.0E-1	3.0E+1	2.2E-2	5.0E-2	5.6E-5	1.5E-3
980	4.7E-5	2.0E-1	3.1E+1	2.2E-2	5.0E-2	5.6E-5	1.5E-3
990	4.7E-5	2.0E-1	3.1E+1	2.2E-2	5.0E-2	5.6E-5	1.5E-3
1000	4.7E-5	2.0E-1	3.1E+1	2.2E-2	5.0E-2	5.6E-5	1.5E-3
1010	4.8E-5	2.1E-1	3.1E+1	2.2E-2	5.0E-2	5.6E-5	1.5E-3
1020	4.8E-5	2.1E-1	3.1E+1	2.2E-2	5.0E-2	5.6E-5	1.5E-3
1030	4.8E-5	2.1E-1	3.1E+1	2.2E-2	5.0E-2	5.7E-5	1.5E-3
1040	4.8E-5	2.1E-1	3.1E+1	2.2E-2	5.0E-2	5.7E-5	1.5E-3
1050	4.8E-5	2.1E-1	3.1E+1	2.2E-2	5.0E-2	5.7E-5	1.5E-3
1060	4.8E-5	2.1E-1	3.2E+1	2.2E-2	5.0E-2	5.7E-5	1.5E-3
1070	4.8E-5	2.1E-1	3.2E+1	2.2E-2	5.0E-2	5.7E-5	1.5E-3
1080	4.8E-5	2.1E-1	3.2E+1	2.2E-2	5.0E-2	5.7E-5	1.5E-3
1090	4.8E-5	2.1E-1	3.2E+1	2.2E-2	5.0E-2	5.7E-5	1.5E-3
1095	4.9E-5	2.1E-1	3.2E+1	2.2E-2	5.0E-2	5.8E-5	1.5E-3
1100	4.9E-5	2.1E-1	3.2E+1	2.2E-2	5.0E-2	5.8E-5	1.5E-3
1200	5.0E-5	2.2E-1	3.3E+1	2.2E-2	5.0E-2	5.9E-5	1.5E-3
1300	5.1E-5	2.3E-1	3.5E+1	2.2E-2	5.0E-2	6.1E-5	1.6E-3
1400	5.2E-5	2.4E-1	3.6E+1	2.2E-2	5.0E-2	6.2E-5	1.6E-3
1500	5.3E-5	2.5E-1	3.8E+1	2.2E-2	5.0E-2	6.4E-5	1.6E-3
1600	5.4E-5	2.6E-1	3.9E+1	2.2E-2	5.0E-2	6.5E-5	1.7E-3
1700	5.5E-5	2.7E-1	4.1E+1	2.2E-2	5.0E-2	6.7E-5	1.7E-3
1800	5.7E-5	2.8E-1	4.2E+1	2.2E-2	5.0E-2	6.8E-5	1.7E-3
1900	5.8E-5	2.9E-1	4.4E+1	2.2E-2	5.0E-2	7.0E-5	1.7E-3
2000	5.9E-5	3.0E-1	4.6E+1	2.2E-2	5.0E-2	7.1E-5	1.8E-3
2100	6.0E-5	3.1E-1	4.7E+1	2.2E-2	5.0E-2	7.3E-5	1.8E-3
2200	6.1E-5	3.3E-1	4.9E+1	2.2E-2	5.1E-2	7.5E-5	1.8E-3
2300	6.2E-5	3.4E-1	5.1E+1	2.2E-2	5.1E-2	7.6E-5	1.9E-3
2400	6.3E-5	3.5E-1	5.3E+1	2.2E-2	5.1E-2	7.8E-5	1.9E-3
2500	6.5E-5	3.6E-1	5.5E+1	2.2E-2	5.1E-2	8.0E-5	1.9E-3
2600	6.6E-5	3.8E-1	5.7E+1	2.2E-2	5.1E-2	8.1E-5	2.0E-3
2700	6.7E-5	3.9E-1	5.9E+1	2.2E-2	5.1E-2	8.3E-5	2.0E-3
2800	6.8E-5	4.1E-1	6.1E+1	2.2E-2	5.1E-2	8.4E-5	2.1E-3
2900	6.9E-5	4.2E-1	6.3E+1	2.3E-2	5.1E-2	8.6E-5	2.1E-3
3000	7.0E-5	4.3E-1	6.5E+1	2.3E-2	5.1E-2	8.8E-5	2.1E-3
3100	7.1E-5	4.5E-1	6.8E+1	2.3E-2	5.1E-2	8.9E-5	2.2E-3
3200	7.3E-5	4.7E-1	7.0E+1	2.3E-2	5.1E-2	9.1E-5	2.2E-3
3300	7.4E-5	4.8E-1	7.2E+1	2.3E-2	5.1E-2	9.3E-5	2.3E-3
3400	7.5E-5	5.0E-1	7.5E+1	2.3E-2	5.2E-2	9.4E-5	2.3E-3
3500	7.6E-5	5.1E-1	7.7E+1	2.3E-2	5.2E-2	9.6E-5	2.3E-3
3600	7.7E-5	5.3E-1	8.0E+1	2.3E-2	5.2E-2	9.8E-5	2.4E-3
3650	7.8E-5	5.4E-1	8.1E+1	2.3E-2	5.2E-2	9.9E-5	2.4E-3
4000	8.2E-5	6.0E-1	9.1E+1	2.3E-2	5.2E-2	1.0E-4	2.6E-3
5000	9.3E-5	8.0E-1	1.2E+2	2.3E-2	5.3E-2	1.2E-4	3.1E-3
6000	1.0E-4	1.0E+0	1.6E+2	2.4E-2	5.4E-2	1.4E-4	3.7E-3
7000	1.1E-4	1.3E+0	1.9E+2	2.4E-2	5.5E-2	1.5E-4	4.5E-3
8000	1.2E-4	1.5E+0	2.3E+2	2.5E-2	5.6E-2	1.7E-4	5.4E-3
9000	1.3E-4	1.8E+0	2.7E+2	2.5E-2	5.7E-2	1.9E-4	6.5E-3
10000	1.4E-4	2.0E+0	3.1E+2	2.5E-2	5.8E-2	2.1E-4	7.8E-3
11000	1.5E-4	2.3E+0	3.4E+2	2.6E-2	5.9E-2	2.3E-4	9.4E-3
12000	1.6E-4	2.5E+0	3.8E+2	2.6E-2	6.0E-2	2.5E-4	1.1E-2
13000	1.8E-4	2.8E+0	4.2E+2	2.7E-2	6.1E-2	2.7E-4	1.4E-2
14000	1.9E-4	3.1E+0	4.6E+2	2.7E-2	6.2E-2	2.9E-4	1.6E-2
15000	2.0E-4	3.3E+0	5.0E+2	2.8E-2	6.3E-2	3.1E-4	1.9E-2
16000	2.1E-4	3.6E+0	5.4E+2	2.8E-2	6.5E-2	3.4E-4	2.3E-2
17000	2.2E-4	3.9E+0	5.9E+2	2.9E-2	6.6E-2	3.7E-4	2.8E-2
18000	2.4E-4	4.2E+0	6.4E+2	2.9E-2	6.7E-2	4.0E-4	3.3E-2
18250	2.4E-4	4.3E+0	6.5E+2	3.0E-2	6.7E-2	4.1E-4	3.5E-2
Radionuclide	U-235
Route of Intake	Inhalation
Material	Aerosols Type F, Uranium hexafluoride, uranyl tributyl-phosphate, fA=2E-2
AMTD/AMAD, µm	10

Committed Effective Dose per Predicted Content in an Organ or Excreta Sample (Dose per Content Functions z(t)), Sv/Bq
Time, days	Whole Body	Urine (24-hour sample)	Faeces (24-hour sample)	Alimentary Tract*	Lungs*	Skeleton*	Liver*
0.041667	2.2E-7	-	-	6.6E-7	6.1E-6	4.6E-5	8.7E-5
0.083333	2.3E-7	-	-	6.0E-7	9.9E-6	3.1E-5	1.0E-4
0.125	2.3E-7	-	-	5.6E-7	1.6E-5	2.5E-5	1.1E-4
0.25	2.4E-7	-	-	4.7E-7	5.0E-5	1.8E-5	1.2E-4
0.375	2.6E-7	-	-	4.3E-7	1.3E-4	1.5E-5	1.2E-4
0.5	2.7E-7	-	-	4.0E-7	2.6E-4	1.4E-5	1.1E-4
0.625	2.8E-7	-	-	3.9E-7	4.0E-4	1.3E-5	1.1E-4
0.75	2.9E-7	-	-	3.8E-7	5.1E-4	1.3E-5	1.1E-4
0.875	3.1E-7	-	-	3.9E-7	6.0E-4	1.2E-5	1.1E-4
1	3.2E-7	2.8E-6	2.3E-6	4.0E-7	6.8E-4	1.2E-5	1.1E-4
1.125	3.4E-7	-	-	4.1E-7	7.5E-4	1.2E-5	1.1E-4
1.25	3.7E-7	-	-	4.4E-7	8.2E-4	1.2E-5	1.1E-4
1.375	4.0E-7	-	-	4.7E-7	8.8E-4	1.2E-5	1.1E-4
1.5	4.3E-7	-	-	5.0E-7	9.3E-4	1.2E-5	1.2E-4
1.625	4.7E-7	-	-	5.5E-7	9.8E-4	1.2E-5	1.2E-4
1.75	5.2E-7	-	-	6.0E-7	1.0E-3	1.2E-5	1.2E-4
1.875	5.7E-7	-	-	6.7E-7	1.1E-3	1.2E-5	1.2E-4
2	6.3E-7	2.5E-5	7.3E-7	7.5E-7	1.1E-3	1.2E-5	1.2E-4
2.25	7.8E-7	-	-	9.5E-7	1.2E-3	1.2E-5	1.2E-4
2.5	9.7E-7	-	-	1.2E-6	1.3E-3	1.2E-5	1.2E-4
2.75	1.2E-6	-	-	1.6E-6	1.3E-3	1.2E-5	1.3E-4
3	1.5E-6	6.9E-5	1.1E-6	2.2E-6	1.4E-3	1.2E-5	1.3E-4
3.25	1.9E-6	-	-	2.9E-6	1.4E-3	1.3E-5	1.3E-4
3.5	2.3E-6	-	-	4.0E-6	1.5E-3	1.3E-5	1.3E-4
3.75	2.8E-6	-	-	5.6E-6	1.6E-3	1.3E-5	1.4E-4
4	3.2E-6	9.5E-5	3.0E-6	7.8E-6	1.6E-3	1.3E-5	1.4E-4
4.25	3.7E-6	-	-	1.1E-5	1.7E-3	1.3E-5	1.4E-4
4.5	4.2E-6	-	-	1.6E-5	1.7E-3	1.3E-5	1.5E-4
4.75	4.6E-6	-	-	2.2E-5	1.8E-3	1.3E-5	1.5E-4
5	5.0E-6	1.1E-4	1.0E-5	3.2E-5	1.8E-3	1.3E-5	1.5E-4
5.5	5.5E-6	-	-	6.6E-5	1.9E-3	1.4E-5	1.6E-4
6	5.9E-6	1.2E-4	4.2E-5	1.3E-4	2.0E-3	1.4E-5	1.6E-4
6.5	6.2E-6	-	-	2.6E-4	2.1E-3	1.4E-5	1.7E-4
7	6.4E-6	1.3E-4	1.9E-4	4.6E-4	2.2E-3	1.4E-5	1.8E-4
7.5	6.6E-6	-	-	7.1E-4	2.3E-3	1.5E-5	1.8E-4
8	6.7E-6	1.4E-4	9.1E-4	9.4E-4	2.4E-3	1.5E-5	1.9E-4
8.5	6.9E-6	-	-	1.1E-3	2.5E-3	1.5E-5	2.0E-4
9	7.0E-6	1.6E-4	4.3E-3	1.2E-3	2.6E-3	1.5E-5	2.1E-4
9.5	7.2E-6	-	-	1.3E-3	2.7E-3	1.6E-5	2.1E-4
10	7.3E-6	1.7E-4	1.6E-2	1.3E-3	2.7E-3	1.6E-5	2.2E-4
11	7.6E-6	1.9E-4	3.7E-2	1.4E-3	2.9E-3	1.6E-5	2.4E-4
12	7.9E-6	2.0E-4	5.0E-2	1.4E-3	3.0E-3	1.6E-5	2.6E-4
13	8.2E-6	2.2E-4	5.7E-2	1.5E-3	3.1E-3	1.7E-5	2.7E-4
14	8.5E-6	2.4E-4	6.2E-2	1.5E-3	3.3E-3	1.7E-5	2.9E-4
15	8.8E-6	2.6E-4	6.7E-2	1.6E-3	3.4E-3	1.7E-5	3.1E-4
16	9.1E-6	2.8E-4	7.2E-2	1.6E-3	3.5E-3	1.8E-5	3.3E-4
17	9.4E-6	3.0E-4	7.7E-2	1.7E-3	3.6E-3	1.8E-5	3.5E-4
18	9.7E-6	3.2E-4	8.2E-2	1.7E-3	3.7E-3	1.8E-5	3.8E-4
19	1.0E-5	3.4E-4	8.7E-2	1.8E-3	3.9E-3	1.8E-5	4.0E-4
20	1.0E-5	3.7E-4	9.2E-2	1.8E-3	4.0E-3	1.9E-5	4.2E-4
21	1.1E-5	3.9E-4	9.8E-2	1.9E-3	4.1E-3	1.9E-5	4.5E-4
22	1.1E-5	4.2E-4	1.0E-1	1.9E-3	4.2E-3	1.9E-5	4.7E-4
23	1.1E-5	4.5E-4	1.1E-1	2.0E-3	4.3E-3	1.9E-5	5.0E-4
24	1.1E-5	4.8E-4	1.1E-1	2.0E-3	4.5E-3	1.9E-5	5.2E-4
25	1.2E-5	5.1E-4	1.2E-1	2.1E-3	4.6E-3	2.0E-5	5.5E-4
26	1.2E-5	5.4E-4	1.2E-1	2.1E-3	4.7E-3	2.0E-5	5.7E-4
27	1.2E-5	5.8E-4	1.3E-1	2.2E-3	4.9E-3	2.0E-5	6.0E-4
28	1.2E-5	6.1E-4	1.4E-1	2.3E-3	5.0E-3	2.0E-5	6.2E-4
29	1.3E-5	6.4E-4	1.4E-1	2.3E-3	5.1E-3	2.0E-5	6.5E-4
30	1.3E-5	6.8E-4	1.5E-1	2.4E-3	5.3E-3	2.0E-5	6.7E-4
31	1.3E-5	7.2E-4	1.5E-1	2.4E-3	5.4E-3	2.0E-5	7.0E-4
32	1.3E-5	7.6E-4	1.6E-1	2.5E-3	5.6E-3	2.1E-5	7.2E-4
33	1.4E-5	7.9E-4	1.6E-1	2.6E-3	5.7E-3	2.1E-5	7.4E-4
34	1.4E-5	8.3E-4	1.7E-1	2.7E-3	5.9E-3	2.1E-5	7.7E-4
35	1.4E-5	8.7E-4	1.8E-1	2.7E-3	6.0E-3	2.1E-5	7.9E-4
36	1.4E-5	9.1E-4	1.8E-1	2.8E-3	6.2E-3	2.1E-5	8.1E-4
37	1.4E-5	9.6E-4	1.9E-1	2.9E-3	6.4E-3	2.1E-5	8.3E-4
38	1.5E-5	1.0E-3	1.9E-1	2.9E-3	6.5E-3	2.1E-5	8.5E-4
39	1.5E-5	1.0E-3	2.0E-1	3.0E-3	6.7E-3	2.2E-5	8.7E-4
40	1.5E-5	1.1E-3	2.0E-1	3.1E-3	6.9E-3	2.2E-5	8.9E-4
41	1.5E-5	1.1E-3	2.1E-1	3.2E-3	7.1E-3	2.2E-5	9.0E-4
42	1.5E-5	1.2E-3	2.2E-1	3.3E-3	7.3E-3	2.2E-5	9.2E-4
43	1.6E-5	1.2E-3	2.2E-1	3.4E-3	7.4E-3	2.2E-5	9.4E-4
44	1.6E-5	1.3E-3	2.3E-1	3.4E-3	7.6E-3	2.2E-5	9.5E-4
45	1.6E-5	1.3E-3	2.3E-1	3.5E-3	7.8E-3	2.2E-5	9.7E-4
46	1.6E-5	1.4E-3	2.4E-1	3.6E-3	8.0E-3	2.2E-5	9.8E-4
47	1.6E-5	1.4E-3	2.5E-1	3.7E-3	8.2E-3	2.3E-5	9.9E-4
48	1.7E-5	1.5E-3	2.5E-1	3.8E-3	8.4E-3	2.3E-5	1.0E-3
49	1.7E-5	1.5E-3	2.6E-1	3.9E-3	8.6E-3	2.3E-5	1.0E-3
50	1.7E-5	1.6E-3	2.6E-1	4.0E-3	8.9E-3	2.3E-5	1.0E-3
51	1.7E-5	1.6E-3	2.7E-1	4.1E-3	9.1E-3	2.3E-5	1.0E-3
52	1.7E-5	1.6E-3	2.8E-1	4.2E-3	9.3E-3	2.3E-5	1.0E-3
53	1.8E-5	1.7E-3	2.8E-1	4.3E-3	9.5E-3	2.3E-5	1.1E-3
54	1.8E-5	1.7E-3	2.9E-1	4.4E-3	9.7E-3	2.4E-5	1.1E-3
55	1.8E-5	1.8E-3	3.0E-1	4.5E-3	1.0E-2	2.4E-5	1.1E-3
56	1.8E-5	1.8E-3	3.0E-1	4.6E-3	1.0E-2	2.4E-5	1.1E-3
57	1.8E-5	1.9E-3	3.1E-1	4.7E-3	1.0E-2	2.4E-5	1.1E-3
58	1.8E-5	2.0E-3	3.2E-1	4.8E-3	1.1E-2	2.4E-5	1.1E-3
59	1.9E-5	2.0E-3	3.2E-1	4.9E-3	1.1E-2	2.4E-5	1.1E-3
60	1.9E-5	2.1E-3	3.3E-1	5.0E-3	1.1E-2	2.4E-5	1.1E-3
61	1.9E-5	2.1E-3	3.4E-1	5.1E-3	1.1E-2	2.4E-5	1.1E-3
62	1.9E-5	2.2E-3	3.5E-1	5.3E-3	1.2E-2	2.5E-5	1.1E-3
63	1.9E-5	2.2E-3	3.5E-1	5.4E-3	1.2E-2	2.5E-5	1.1E-3
64	1.9E-5	2.3E-3	3.6E-1	5.5E-3	1.2E-2	2.5E-5	1.1E-3
65	2.0E-5	2.3E-3	3.7E-1	5.6E-3	1.2E-2	2.5E-5	1.1E-3
66	2.0E-5	2.4E-3	3.8E-1	5.7E-3	1.3E-2	2.5E-5	1.1E-3
67	2.0E-5	2.4E-3	3.8E-1	5.9E-3	1.3E-2	2.5E-5	1.1E-3
68	2.0E-5	2.5E-3	3.9E-1	6.0E-3	1.3E-2	2.5E-5	1.1E-3
69	2.0E-5	2.6E-3	4.0E-1	6.1E-3	1.4E-2	2.5E-5	1.1E-3
70	2.0E-5	2.6E-3	4.1E-1	6.2E-3	1.4E-2	2.6E-5	1.2E-3
71	2.1E-5	2.7E-3	4.2E-1	6.4E-3	1.4E-2	2.6E-5	1.2E-3
72	2.1E-5	2.7E-3	4.3E-1	6.5E-3	1.4E-2	2.6E-5	1.2E-3
73	2.1E-5	2.8E-3	4.3E-1	6.6E-3	1.5E-2	2.6E-5	1.2E-3
74	2.1E-5	2.8E-3	4.4E-1	6.8E-3	1.5E-2	2.6E-5	1.2E-3
75	2.1E-5	2.9E-3	4.5E-1	6.9E-3	1.5E-2	2.6E-5	1.2E-3
76	2.1E-5	3.0E-3	4.6E-1	7.0E-3	1.6E-2	2.6E-5	1.2E-3
77	2.2E-5	3.0E-3	4.7E-1	7.2E-3	1.6E-2	2.6E-5	1.2E-3
78	2.2E-5	3.1E-3	4.8E-1	7.3E-3	1.6E-2	2.7E-5	1.2E-3
79	2.2E-5	3.2E-3	4.9E-1	7.4E-3	1.7E-2	2.7E-5	1.2E-3
80	2.2E-5	3.2E-3	5.0E-1	7.6E-3	1.7E-2	2.7E-5	1.2E-3
81	2.2E-5	3.3E-3	5.1E-1	7.7E-3	1.7E-2	2.7E-5	1.2E-3
82	2.2E-5	3.3E-3	5.2E-1	7.9E-3	1.7E-2	2.7E-5	1.2E-3
83	2.2E-5	3.4E-3	5.3E-1	8.0E-3	1.8E-2	2.7E-5	1.2E-3
84	2.3E-5	3.5E-3	5.4E-1	8.1E-3	1.8E-2	2.7E-5	1.2E-3
85	2.3E-5	3.5E-3	5.5E-1	8.3E-3	1.8E-2	2.7E-5	1.2E-3
86	2.3E-5	3.6E-3	5.6E-1	8.4E-3	1.9E-2	2.8E-5	1.2E-3
87	2.3E-5	3.7E-3	5.7E-1	8.6E-3	1.9E-2	2.8E-5	1.2E-3
88	2.3E-5	3.8E-3	5.8E-1	8.7E-3	1.9E-2	2.8E-5	1.2E-3
89	2.3E-5	3.8E-3	5.9E-1	8.8E-3	2.0E-2	2.8E-5	1.2E-3
90	2.3E-5	3.9E-3	6.0E-1	9.0E-3	2.0E-2	2.8E-5	1.2E-3
91	2.4E-5	4.0E-3	6.1E-1	9.1E-3	2.0E-2	2.8E-5	1.2E-3
92	2.4E-5	4.0E-3	6.2E-1	9.3E-3	2.1E-2	2.8E-5	1.2E-3
93	2.4E-5	4.1E-3	6.3E-1	9.4E-3	2.1E-2	2.8E-5	1.2E-3
94	2.4E-5	4.2E-3	6.4E-1	9.6E-3	2.1E-2	2.9E-5	1.2E-3
95	2.4E-5	4.3E-3	6.5E-1	9.7E-3	2.2E-2	2.9E-5	1.2E-3
96	2.4E-5	4.3E-3	6.6E-1	9.9E-3	2.2E-2	2.9E-5	1.2E-3
97	2.4E-5	4.4E-3	6.8E-1	1.0E-2	2.2E-2	2.9E-5	1.2E-3
98	2.5E-5	4.5E-3	6.9E-1	1.0E-2	2.3E-2	2.9E-5	1.2E-3
99	2.5E-5	4.6E-3	7.0E-1	1.0E-2	2.3E-2	2.9E-5	1.2E-3
100	2.5E-5	4.7E-3	7.1E-1	1.0E-2	2.3E-2	2.9E-5	1.2E-3
110	2.6E-5	5.5E-3	8.4E-1	1.2E-2	2.6E-2	3.1E-5	1.2E-3
120	2.7E-5	6.5E-3	9.9E-1	1.3E-2	2.9E-2	3.2E-5	1.2E-3
130	2.8E-5	7.6E-3	1.1E+0	1.4E-2	3.2E-2	3.3E-5	1.2E-3
140	2.9E-5	8.8E-3	1.3E+0	1.5E-2	3.5E-2	3.4E-5	1.2E-3
150	3.0E-5	1.0E-2	1.5E+0	1.6E-2	3.7E-2	3.5E-5	1.2E-3
160	3.1E-5	1.2E-2	1.8E+0	1.7E-2	3.9E-2	3.6E-5	1.3E-3
170	3.2E-5	1.3E-2	2.0E+0	1.8E-2	4.0E-2	3.7E-5	1.3E-3
180	3.3E-5	1.5E-2	2.3E+0	1.8E-2	4.1E-2	3.8E-5	1.3E-3
190	3.3E-5	1.7E-2	2.6E+0	1.9E-2	4.3E-2	3.8E-5	1.3E-3
200	3.4E-5	1.9E-2	2.9E+0	1.9E-2	4.3E-2	3.9E-5	1.3E-3
210	3.5E-5	2.1E-2	3.3E+0	2.0E-2	4.4E-2	4.0E-5	1.3E-3
220	3.5E-5	2.4E-2	3.6E+0	2.0E-2	4.5E-2	4.0E-5	1.3E-3
230	3.6E-5	2.7E-2	4.1E+0	2.0E-2	4.5E-2	4.1E-5	1.3E-3
240	3.6E-5	3.0E-2	4.5E+0	2.0E-2	4.6E-2	4.2E-5	1.3E-3
250	3.7E-5	3.3E-2	5.0E+0	2.1E-2	4.6E-2	4.2E-5	1.3E-3
260	3.7E-5	3.7E-2	5.5E+0	2.1E-2	4.7E-2	4.3E-5	1.3E-3
270	3.7E-5	4.0E-2	6.1E+0	2.1E-2	4.7E-2	4.3E-5	1.3E-3
280	3.8E-5	4.4E-2	6.7E+0	2.1E-2	4.7E-2	4.3E-5	1.3E-3
290	3.8E-5	4.8E-2	7.3E+0	2.1E-2	4.7E-2	4.4E-5	1.3E-3
300	3.8E-5	5.3E-2	8.0E+0	2.1E-2	4.8E-2	4.4E-5	1.3E-3
310	3.8E-5	5.7E-2	8.7E+0	2.1E-2	4.8E-2	4.4E-5	1.3E-3
320	3.9E-5	6.2E-2	9.4E+0	2.1E-2	4.8E-2	4.5E-5	1.3E-3
330	3.9E-5	6.7E-2	1.0E+1	2.1E-2	4.8E-2	4.5E-5	1.3E-3
340	3.9E-5	7.2E-2	1.1E+1	2.1E-2	4.8E-2	4.5E-5	1.3E-3
350	3.9E-5	7.7E-2	1.2E+1	2.1E-2	4.8E-2	4.6E-5	1.3E-3
360	4.0E-5	8.2E-2	1.2E+1	2.1E-2	4.8E-2	4.6E-5	1.3E-3
365	4.0E-5	8.5E-2	1.3E+1	2.1E-2	4.8E-2	4.6E-5	1.3E-3
370	4.0E-5	8.7E-2	1.3E+1	2.1E-2	4.8E-2	4.6E-5	1.3E-3
380	4.0E-5	9.2E-2	1.4E+1	2.1E-2	4.8E-2	4.6E-5	1.3E-3
390	4.0E-5	9.7E-2	1.5E+1	2.1E-2	4.9E-2	4.7E-5	1.3E-3
400	4.0E-5	1.0E-1	1.5E+1	2.1E-2	4.9E-2	4.7E-5	1.3E-3
410	4.0E-5	1.1E-1	1.6E+1	2.1E-2	4.9E-2	4.7E-5	1.3E-3
420	4.1E-5	1.1E-1	1.7E+1	2.1E-2	4.9E-2	4.7E-5	1.3E-3
430	4.1E-5	1.2E-1	1.8E+1	2.1E-2	4.9E-2	4.7E-5	1.3E-3
440	4.1E-5	1.2E-1	1.8E+1	2.1E-2	4.9E-2	4.7E-5	1.3E-3
450	4.1E-5	1.2E-1	1.9E+1	2.2E-2	4.9E-2	4.8E-5	1.3E-3
460	4.1E-5	1.3E-1	1.9E+1	2.2E-2	4.9E-2	4.8E-5	1.3E-3
470	4.1E-5	1.3E-1	2.0E+1	2.2E-2	4.9E-2	4.8E-5	1.3E-3
480	4.1E-5	1.4E-1	2.0E+1	2.2E-2	4.9E-2	4.8E-5	1.3E-3
490	4.2E-5	1.4E-1	2.1E+1	2.2E-2	4.9E-2	4.8E-5	1.3E-3
500	4.2E-5	1.4E-1	2.1E+1	2.2E-2	4.9E-2	4.8E-5	1.3E-3
510	4.2E-5	1.5E-1	2.2E+1	2.2E-2	4.9E-2	4.9E-5	1.3E-3
520	4.2E-5	1.5E-1	2.2E+1	2.2E-2	4.9E-2	4.9E-5	1.4E-3
530	4.2E-5	1.5E-1	2.3E+1	2.2E-2	4.9E-2	4.9E-5	1.4E-3
540	4.2E-5	1.5E-1	2.3E+1	2.2E-2	4.9E-2	4.9E-5	1.4E-3
550	4.2E-5	1.6E-1	2.3E+1	2.2E-2	4.9E-2	4.9E-5	1.4E-3
560	4.2E-5	1.6E-1	2.4E+1	2.2E-2	4.9E-2	4.9E-5	1.4E-3
570	4.2E-5	1.6E-1	2.4E+1	2.2E-2	4.9E-2	5.0E-5	1.4E-3
580	4.3E-5	1.6E-1	2.4E+1	2.2E-2	4.9E-2	5.0E-5	1.4E-3
590	4.3E-5	1.6E-1	2.5E+1	2.2E-2	4.9E-2	5.0E-5	1.4E-3
600	4.3E-5	1.6E-1	2.5E+1	2.2E-2	4.9E-2	5.0E-5	1.4E-3
610	4.3E-5	1.7E-1	2.5E+1	2.2E-2	4.9E-2	5.0E-5	1.4E-3
620	4.3E-5	1.7E-1	2.5E+1	2.2E-2	4.9E-2	5.0E-5	1.4E-3
630	4.3E-5	1.7E-1	2.5E+1	2.2E-2	4.9E-2	5.0E-5	1.4E-3
640	4.3E-5	1.7E-1	2.6E+1	2.2E-2	4.9E-2	5.1E-5	1.4E-3
650	4.3E-5	1.7E-1	2.6E+1	2.2E-2	4.9E-2	5.1E-5	1.4E-3
660	4.3E-5	1.7E-1	2.6E+1	2.2E-2	4.9E-2	5.1E-5	1.4E-3
670	4.4E-5	1.7E-1	2.6E+1	2.2E-2	4.9E-2	5.1E-5	1.4E-3
680	4.4E-5	1.8E-1	2.6E+1	2.2E-2	4.9E-2	5.1E-5	1.4E-3
690	4.4E-5	1.8E-1	2.7E+1	2.2E-2	4.9E-2	5.1E-5	1.4E-3
700	4.4E-5	1.8E-1	2.7E+1	2.2E-2	4.9E-2	5.1E-5	1.4E-3
710	4.4E-5	1.8E-1	2.7E+1	2.2E-2	4.9E-2	5.2E-5	1.4E-3
720	4.4E-5	1.8E-1	2.7E+1	2.2E-2	4.9E-2	5.2E-5	1.4E-3
730	4.4E-5	1.8E-1	2.7E+1	2.2E-2	4.9E-2	5.2E-5	1.4E-3
740	4.4E-5	1.8E-1	2.7E+1	2.2E-2	4.9E-2	5.2E-5	1.4E-3
750	4.4E-5	1.8E-1	2.7E+1	2.2E-2	4.9E-2	5.2E-5	1.4E-3
760	4.5E-5	1.8E-1	2.8E+1	2.2E-2	4.9E-2	5.2E-5	1.4E-3
770	4.5E-5	1.8E-1	2.8E+1	2.2E-2	4.9E-2	5.2E-5	1.4E-3
780	4.5E-5	1.9E-1	2.8E+1	2.2E-2	4.9E-2	5.3E-5	1.4E-3
790	4.5E-5	1.9E-1	2.8E+1	2.2E-2	4.9E-2	5.3E-5	1.4E-3
800	4.5E-5	1.9E-1	2.8E+1	2.2E-2	4.9E-2	5.3E-5	1.4E-3
810	4.5E-5	1.9E-1	2.8E+1	2.2E-2	4.9E-2	5.3E-5	1.4E-3
820	4.5E-5	1.9E-1	2.8E+1	2.2E-2	4.9E-2	5.3E-5	1.4E-3
830	4.5E-5	1.9E-1	2.9E+1	2.2E-2	4.9E-2	5.3E-5	1.4E-3
840	4.5E-5	1.9E-1	2.9E+1	2.2E-2	4.9E-2	5.3E-5	1.4E-3
850	4.6E-5	1.9E-1	2.9E+1	2.2E-2	4.9E-2	5.4E-5	1.4E-3
860	4.6E-5	1.9E-1	2.9E+1	2.2E-2	4.9E-2	5.4E-5	1.4E-3
870	4.6E-5	1.9E-1	2.9E+1	2.2E-2	4.9E-2	5.4E-5	1.4E-3
880	4.6E-5	1.9E-1	2.9E+1	2.2E-2	4.9E-2	5.4E-5	1.4E-3
890	4.6E-5	1.9E-1	2.9E+1	2.2E-2	4.9E-2	5.4E-5	1.4E-3
900	4.6E-5	2.0E-1	2.9E+1	2.2E-2	4.9E-2	5.4E-5	1.4E-3
910	4.6E-5	2.0E-1	3.0E+1	2.2E-2	4.9E-2	5.4E-5	1.5E-3
920	4.6E-5	2.0E-1	3.0E+1	2.2E-2	4.9E-2	5.5E-5	1.5E-3
930	4.6E-5	2.0E-1	3.0E+1	2.2E-2	4.9E-2	5.5E-5	1.5E-3
940	4.7E-5	2.0E-1	3.0E+1	2.2E-2	4.9E-2	5.5E-5	1.5E-3
950	4.7E-5	2.0E-1	3.0E+1	2.2E-2	4.9E-2	5.5E-5	1.5E-3
960	4.7E-5	2.0E-1	3.0E+1	2.2E-2	4.9E-2	5.5E-5	1.5E-3
970	4.7E-5	2.0E-1	3.0E+1	2.2E-2	4.9E-2	5.5E-5	1.5E-3
980	4.7E-5	2.0E-1	3.0E+1	2.2E-2	4.9E-2	5.5E-5	1.5E-3
990	4.7E-5	2.0E-1	3.1E+1	2.2E-2	4.9E-2	5.6E-5	1.5E-3
1000	4.7E-5	2.0E-1	3.1E+1	2.2E-2	4.9E-2	5.6E-5	1.5E-3
1010	4.7E-5	2.0E-1	3.1E+1	2.2E-2	4.9E-2	5.6E-5	1.5E-3
1020	4.7E-5	2.1E-1	3.1E+1	2.2E-2	4.9E-2	5.6E-5	1.5E-3
1030	4.8E-5	2.1E-1	3.1E+1	2.2E-2	4.9E-2	5.6E-5	1.5E-3
1040	4.8E-5	2.1E-1	3.1E+1	2.2E-2	4.9E-2	5.6E-5	1.5E-3
1050	4.8E-5	2.1E-1	3.1E+1	2.2E-2	4.9E-2	5.6E-5	1.5E-3
1060	4.8E-5	2.1E-1	3.1E+1	2.2E-2	4.9E-2	5.7E-5	1.5E-3
1070	4.8E-5	2.1E-1	3.2E+1	2.2E-2	4.9E-2	5.7E-5	1.5E-3
1080	4.8E-5	2.1E-1	3.2E+1	2.2E-2	4.9E-2	5.7E-5	1.5E-3
1090	4.8E-5	2.1E-1	3.2E+1	2.2E-2	4.9E-2	5.7E-5	1.5E-3
1095	4.8E-5	2.1E-1	3.2E+1	2.2E-2	4.9E-2	5.7E-5	1.5E-3
1100	4.8E-5	2.1E-1	3.2E+1	2.2E-2	4.9E-2	5.7E-5	1.5E-3
1200	4.9E-5	2.2E-1	3.3E+1	2.2E-2	4.9E-2	5.9E-5	1.5E-3
1300	5.1E-5	2.3E-1	3.5E+1	2.2E-2	5.0E-2	6.0E-5	1.6E-3
1400	5.2E-5	2.4E-1	3.6E+1	2.2E-2	5.0E-2	6.2E-5	1.6E-3
1500	5.3E-5	2.5E-1	3.7E+1	2.2E-2	5.0E-2	6.3E-5	1.6E-3
1600	5.4E-5	2.6E-1	3.9E+1	2.2E-2	5.0E-2	6.5E-5	1.6E-3
1700	5.5E-5	2.7E-1	4.0E+1	2.2E-2	5.0E-2	6.6E-5	1.7E-3
1800	5.6E-5	2.8E-1	4.2E+1	2.2E-2	5.0E-2	6.8E-5	1.7E-3
1900	5.7E-5	2.9E-1	4.4E+1	2.2E-2	5.0E-2	6.9E-5	1.7E-3
2000	5.8E-5	3.0E-1	4.5E+1	2.2E-2	5.0E-2	7.1E-5	1.8E-3
2100	6.0E-5	3.1E-1	4.7E+1	2.2E-2	5.0E-2	7.3E-5	1.8E-3
2200	6.1E-5	3.2E-1	4.9E+1	2.2E-2	5.0E-2	7.4E-5	1.8E-3
2300	6.2E-5	3.4E-1	5.1E+1	2.2E-2	5.0E-2	7.6E-5	1.9E-3
2400	6.3E-5	3.5E-1	5.3E+1	2.2E-2	5.0E-2	7.7E-5	1.9E-3
2500	6.4E-5	3.6E-1	5.4E+1	2.2E-2	5.0E-2	7.9E-5	1.9E-3
2600	6.5E-5	3.7E-1	5.6E+1	2.2E-2	5.1E-2	8.1E-5	2.0E-3
2700	6.6E-5	3.9E-1	5.9E+1	2.2E-2	5.1E-2	8.2E-5	2.0E-3
2800	6.8E-5	4.0E-1	6.1E+1	2.2E-2	5.1E-2	8.4E-5	2.0E-3
2900	6.9E-5	4.2E-1	6.3E+1	2.2E-2	5.1E-2	8.6E-5	2.1E-3
3000	7.0E-5	4.3E-1	6.5E+1	2.2E-2	5.1E-2	8.7E-5	2.1E-3
3100	7.1E-5	4.5E-1	6.7E+1	2.2E-2	5.1E-2	8.9E-5	2.2E-3
3200	7.2E-5	4.6E-1	7.0E+1	2.2E-2	5.1E-2	9.0E-5	2.2E-3
3300	7.3E-5	4.8E-1	7.2E+1	2.3E-2	5.1E-2	9.2E-5	2.2E-3
3400	7.4E-5	4.9E-1	7.4E+1	2.3E-2	5.1E-2	9.4E-5	2.3E-3
3500	7.6E-5	5.1E-1	7.7E+1	2.3E-2	5.1E-2	9.5E-5	2.3E-3
3600	7.7E-5	5.3E-1	7.9E+1	2.3E-2	5.1E-2	9.7E-5	2.4E-3
3650	7.7E-5	5.4E-1	8.1E+1	2.3E-2	5.1E-2	9.8E-5	2.4E-3
4000	8.1E-5	6.0E-1	9.0E+1	2.3E-2	5.2E-2	1.0E-4	2.5E-3
5000	9.2E-5	8.0E-1	1.2E+2	2.3E-2	5.3E-2	1.2E-4	3.1E-3
6000	1.0E-4	1.0E+0	1.5E+2	2.4E-2	5.4E-2	1.4E-4	3.7E-3
7000	1.1E-4	1.3E+0	1.9E+2	2.4E-2	5.4E-2	1.5E-4	4.4E-3
8000	1.2E-4	1.5E+0	2.3E+2	2.4E-2	5.5E-2	1.7E-4	5.3E-3
9000	1.3E-4	1.8E+0	2.7E+2	2.5E-2	5.6E-2	1.9E-4	6.4E-3
10000	1.4E-4	2.0E+0	3.0E+2	2.5E-2	5.7E-2	2.0E-4	7.7E-3
11000	1.5E-4	2.3E+0	3.4E+2	2.6E-2	5.9E-2	2.2E-4	9.3E-3
12000	1.6E-4	2.5E+0	3.8E+2	2.6E-2	6.0E-2	2.4E-4	1.1E-2
13000	1.7E-4	2.8E+0	4.2E+2	2.7E-2	6.1E-2	2.6E-4	1.3E-2
14000	1.9E-4	3.0E+0	4.6E+2	2.7E-2	6.2E-2	2.9E-4	1.6E-2
15000	2.0E-4	3.3E+0	5.0E+2	2.8E-2	6.3E-2	3.1E-4	1.9E-2
16000	2.1E-4	3.6E+0	5.4E+2	2.8E-2	6.4E-2	3.4E-4	2.3E-2
17000	2.2E-4	3.9E+0	5.8E+2	2.9E-2	6.5E-2	3.7E-4	2.8E-2
18000	2.4E-4	4.2E+0	6.3E+2	2.9E-2	6.7E-2	4.0E-4	3.3E-2
18250	2.4E-4	4.3E+0	6.4E+2	2.9E-2	6.7E-2	4.1E-4	3.5E-2
Radionuclide	U-235
Route of Intake	Inhalation
Material	Aerosols Type F, Uranium hexafluoride, uranyl tributyl-phosphate, fA=2E-2
AMTD/AMAD, µm	20

Committed Effective Dose per Predicted Content in an Organ or Excreta Sample (Dose per Content Functions z(t)), Sv/Bq
Time, days	Whole Body	Urine (24-hour sample)	Faeces (24-hour sample)	Alimentary Tract*	Lungs*	Skeleton*	Liver*
0.041667	1.8E-7	-	-	5.2E-7	1.1E-5	4.4E-5	8.9E-5
0.083333	1.8E-7	-	-	4.7E-7	1.8E-5	3.2E-5	1.2E-4
0.125	1.8E-7	-	-	4.3E-7	2.9E-5	2.6E-5	1.2E-4
0.25	1.9E-7	-	-	3.7E-7	8.6E-5	1.9E-5	1.2E-4
0.375	2.0E-7	-	-	3.3E-7	1.8E-4	1.6E-5	1.2E-4
0.5	2.1E-7	-	-	3.1E-7	3.0E-4	1.4E-5	1.2E-4
0.625	2.2E-7	-	-	3.0E-7	4.0E-4	1.3E-5	1.1E-4
0.75	2.3E-7	-	-	3.0E-7	4.8E-4	1.3E-5	1.1E-4
0.875	2.4E-7	-	-	3.0E-7	5.6E-4	1.2E-5	1.1E-4
1	2.6E-7	2.8E-6	1.8E-6	3.1E-7	6.3E-4	1.2E-5	1.1E-4
1.125	2.7E-7	-	-	3.2E-7	7.0E-4	1.2E-5	1.1E-4
1.25	2.9E-7	-	-	3.4E-7	7.6E-4	1.2E-5	1.1E-4
1.375	3.2E-7	-	-	3.6E-7	8.3E-4	1.2E-5	1.1E-4
1.5	3.4E-7	-	-	3.9E-7	8.8E-4	1.2E-5	1.1E-4
1.625	3.7E-7	-	-	4.3E-7	9.3E-4	1.2E-5	1.1E-4
1.75	4.1E-7	-	-	4.7E-7	9.8E-4	1.2E-5	1.2E-4
1.875	4.5E-7	-	-	5.2E-7	1.0E-3	1.2E-5	1.2E-4
2	5.0E-7	2.1E-5	5.6E-7	5.8E-7	1.1E-3	1.2E-5	1.2E-4
2.25	6.3E-7	-	-	7.3E-7	1.2E-3	1.2E-5	1.2E-4
2.5	7.9E-7	-	-	9.5E-7	1.2E-3	1.2E-5	1.2E-4
2.75	1.0E-6	-	-	1.3E-6	1.3E-3	1.2E-5	1.2E-4
3	1.3E-6	6.4E-5	8.6E-7	1.7E-6	1.4E-3	1.2E-5	1.3E-4
3.25	1.6E-6	-	-	2.3E-6	1.4E-3	1.2E-5	1.3E-4
3.5	2.0E-6	-	-	3.1E-6	1.5E-3	1.3E-5	1.3E-4
3.75	2.4E-6	-	-	4.3E-6	1.5E-3	1.3E-5	1.4E-4
4	2.9E-6	9.3E-5	2.3E-6	6.1E-6	1.6E-3	1.3E-5	1.4E-4
4.25	3.4E-6	-	-	8.6E-6	1.6E-3	1.3E-5	1.4E-4
4.5	3.8E-6	-	-	1.2E-5	1.7E-3	1.3E-5	1.4E-4
4.75	4.3E-6	-	-	1.7E-5	1.7E-3	1.3E-5	1.5E-4
5	4.7E-6	1.1E-4	8.0E-6	2.5E-5	1.8E-3	1.3E-5	1.5E-4
5.5	5.3E-6	-	-	5.2E-5	1.9E-3	1.4E-5	1.6E-4
6	5.7E-6	1.2E-4	3.3E-5	1.1E-4	2.0E-3	1.4E-5	1.6E-4
6.5	6.0E-6	-	-	2.1E-4	2.1E-3	1.4E-5	1.7E-4
7	6.3E-6	1.3E-4	1.5E-4	3.9E-4	2.2E-3	1.4E-5	1.7E-4
7.5	6.5E-6	-	-	6.3E-4	2.3E-3	1.4E-5	1.8E-4
8	6.6E-6	1.4E-4	7.1E-4	8.7E-4	2.4E-3	1.5E-5	1.9E-4
8.5	6.8E-6	-	-	1.1E-3	2.5E-3	1.5E-5	2.0E-4
9	6.9E-6	1.5E-4	3.4E-3	1.2E-3	2.5E-3	1.5E-5	2.0E-4
9.5	7.1E-6	-	-	1.2E-3	2.6E-3	1.5E-5	2.1E-4
10	7.2E-6	1.7E-4	1.4E-2	1.3E-3	2.7E-3	1.5E-5	2.2E-4
11	7.5E-6	1.8E-4	3.4E-2	1.4E-3	2.8E-3	1.6E-5	2.3E-4
12	7.8E-6	2.0E-4	4.8E-2	1.4E-3	3.0E-3	1.6E-5	2.5E-4
13	8.1E-6	2.2E-4	5.6E-2	1.4E-3	3.1E-3	1.7E-5	2.7E-4
14	8.4E-6	2.3E-4	6.1E-2	1.5E-3	3.2E-3	1.7E-5	2.9E-4
15	8.7E-6	2.5E-4	6.6E-2	1.5E-3	3.3E-3	1.7E-5	3.1E-4
16	9.0E-6	2.7E-4	7.1E-2	1.6E-3	3.5E-3	1.7E-5	3.3E-4
17	9.3E-6	2.9E-4	7.6E-2	1.6E-3	3.6E-3	1.8E-5	3.5E-4
18	9.6E-6	3.2E-4	8.1E-2	1.7E-3	3.7E-3	1.8E-5	3.7E-4
19	9.9E-6	3.4E-4	8.6E-2	1.7E-3	3.8E-3	1.8E-5	3.9E-4
20	1.0E-5	3.6E-4	9.1E-2	1.8E-3	3.9E-3	1.8E-5	4.2E-4
21	1.0E-5	3.9E-4	9.6E-2	1.8E-3	4.0E-3	1.9E-5	4.4E-4
22	1.1E-5	4.2E-4	1.0E-1	1.9E-3	4.2E-3	1.9E-5	4.6E-4
23	1.1E-5	4.4E-4	1.1E-1	1.9E-3	4.3E-3	1.9E-5	4.9E-4
24	1.1E-5	4.7E-4	1.1E-1	2.0E-3	4.4E-3	1.9E-5	5.1E-4
25	1.1E-5	5.0E-4	1.2E-1	2.0E-3	4.5E-3	1.9E-5	5.4E-4
26	1.2E-5	5.3E-4	1.2E-1	2.1E-3	4.7E-3	1.9E-5	5.6E-4
27	1.2E-5	5.7E-4	1.3E-1	2.2E-3	4.8E-3	2.0E-5	5.9E-4
28	1.2E-5	6.0E-4	1.3E-1	2.2E-3	4.9E-3	2.0E-5	6.1E-4
29	1.2E-5	6.3E-4	1.4E-1	2.3E-3	5.1E-3	2.0E-5	6.4E-4
30	1.3E-5	6.7E-4	1.4E-1	2.3E-3	5.2E-3	2.0E-5	6.6E-4
31	1.3E-5	7.1E-4	1.5E-1	2.4E-3	5.4E-3	2.0E-5	6.9E-4
32	1.3E-5	7.4E-4	1.6E-1	2.5E-3	5.5E-3	2.0E-5	7.1E-4
33	1.3E-5	7.8E-4	1.6E-1	2.5E-3	5.7E-3	2.0E-5	7.3E-4
34	1.4E-5	8.2E-4	1.7E-1	2.6E-3	5.8E-3	2.1E-5	7.6E-4
35	1.4E-5	8.6E-4	1.7E-1	2.7E-3	6.0E-3	2.1E-5	7.8E-4
36	1.4E-5	9.0E-4	1.8E-1	2.8E-3	6.1E-3	2.1E-5	8.0E-4
37	1.4E-5	9.4E-4	1.8E-1	2.8E-3	6.3E-3	2.1E-5	8.2E-4
38	1.4E-5	9.8E-4	1.9E-1	2.9E-3	6.5E-3	2.1E-5	8.4E-4
39	1.5E-5	1.0E-3	2.0E-1	3.0E-3	6.6E-3	2.1E-5	8.6E-4
40	1.5E-5	1.1E-3	2.0E-1	3.1E-3	6.8E-3	2.1E-5	8.8E-4
41	1.5E-5	1.1E-3	2.1E-1	3.1E-3	7.0E-3	2.2E-5	8.9E-4
42	1.5E-5	1.2E-3	2.1E-1	3.2E-3	7.2E-3	2.2E-5	9.1E-4
43	1.5E-5	1.2E-3	2.2E-1	3.3E-3	7.3E-3	2.2E-5	9.2E-4
44	1.6E-5	1.2E-3	2.2E-1	3.4E-3	7.5E-3	2.2E-5	9.4E-4
45	1.6E-5	1.3E-3	2.3E-1	3.5E-3	7.7E-3	2.2E-5	9.5E-4
46	1.6E-5	1.3E-3	2.4E-1	3.6E-3	7.9E-3	2.2E-5	9.7E-4
47	1.6E-5	1.4E-3	2.4E-1	3.7E-3	8.1E-3	2.2E-5	9.8E-4
48	1.6E-5	1.4E-3	2.5E-1	3.7E-3	8.3E-3	2.2E-5	9.9E-4
49	1.7E-5	1.5E-3	2.5E-1	3.8E-3	8.5E-3	2.3E-5	1.0E-3
50	1.7E-5	1.5E-3	2.6E-1	3.9E-3	8.7E-3	2.3E-5	1.0E-3
51	1.7E-5	1.6E-3	2.7E-1	4.0E-3	9.0E-3	2.3E-5	1.0E-3
52	1.7E-5	1.6E-3	2.7E-1	4.1E-3	9.2E-3	2.3E-5	1.0E-3
53	1.7E-5	1.7E-3	2.8E-1	4.2E-3	9.4E-3	2.3E-5	1.0E-3
54	1.7E-5	1.7E-3	2.9E-1	4.3E-3	9.6E-3	2.3E-5	1.1E-3
55	1.8E-5	1.8E-3	2.9E-1	4.4E-3	9.8E-3	2.3E-5	1.1E-3
56	1.8E-5	1.8E-3	3.0E-1	4.5E-3	1.0E-2	2.3E-5	1.1E-3
57	1.8E-5	1.9E-3	3.1E-1	4.6E-3	1.0E-2	2.4E-5	1.1E-3
58	1.8E-5	1.9E-3	3.1E-1	4.7E-3	1.1E-2	2.4E-5	1.1E-3
59	1.8E-5	2.0E-3	3.2E-1	4.9E-3	1.1E-2	2.4E-5	1.1E-3
60	1.9E-5	2.0E-3	3.3E-1	5.0E-3	1.1E-2	2.4E-5	1.1E-3
61	1.9E-5	2.1E-3	3.3E-1	5.1E-3	1.1E-2	2.4E-5	1.1E-3
62	1.9E-5	2.1E-3	3.4E-1	5.2E-3	1.2E-2	2.4E-5	1.1E-3
63	1.9E-5	2.2E-3	3.5E-1	5.3E-3	1.2E-2	2.4E-5	1.1E-3
64	1.9E-5	2.2E-3	3.6E-1	5.4E-3	1.2E-2	2.4E-5	1.1E-3
65	1.9E-5	2.3E-3	3.6E-1	5.5E-3	1.2E-2	2.5E-5	1.1E-3
66	2.0E-5	2.3E-3	3.7E-1	5.7E-3	1.3E-2	2.5E-5	1.1E-3
67	2.0E-5	2.4E-3	3.8E-1	5.8E-3	1.3E-2	2.5E-5	1.1E-3
68	2.0E-5	2.5E-3	3.9E-1	5.9E-3	1.3E-2	2.5E-5	1.1E-3
69	2.0E-5	2.5E-3	3.9E-1	6.0E-3	1.3E-2	2.5E-5	1.1E-3
70	2.0E-5	2.6E-3	4.0E-1	6.2E-3	1.4E-2	2.5E-5	1.1E-3
71	2.0E-5	2.6E-3	4.1E-1	6.3E-3	1.4E-2	2.5E-5	1.1E-3
72	2.0E-5	2.7E-3	4.2E-1	6.4E-3	1.4E-2	2.5E-5	1.1E-3
73	2.1E-5	2.7E-3	4.3E-1	6.5E-3	1.5E-2	2.6E-5	1.1E-3
74	2.1E-5	2.8E-3	4.4E-1	6.7E-3	1.5E-2	2.6E-5	1.1E-3
75	2.1E-5	2.9E-3	4.4E-1	6.8E-3	1.5E-2	2.6E-5	1.2E-3
76	2.1E-5	2.9E-3	4.5E-1	6.9E-3	1.5E-2	2.6E-5	1.2E-3
77	2.1E-5	3.0E-3	4.6E-1	7.1E-3	1.6E-2	2.6E-5	1.2E-3
78	2.1E-5	3.0E-3	4.7E-1	7.2E-3	1.6E-2	2.6E-5	1.2E-3
79	2.2E-5	3.1E-3	4.8E-1	7.3E-3	1.6E-2	2.6E-5	1.2E-3
80	2.2E-5	3.2E-3	4.9E-1	7.5E-3	1.7E-2	2.6E-5	1.2E-3
81	2.2E-5	3.2E-3	5.0E-1	7.6E-3	1.7E-2	2.7E-5	1.2E-3
82	2.2E-5	3.3E-3	5.1E-1	7.7E-3	1.7E-2	2.7E-5	1.2E-3
83	2.2E-5	3.4E-3	5.2E-1	7.9E-3	1.8E-2	2.7E-5	1.2E-3
84	2.2E-5	3.4E-3	5.3E-1	8.0E-3	1.8E-2	2.7E-5	1.2E-3
85	2.2E-5	3.5E-3	5.4E-1	8.2E-3	1.8E-2	2.7E-5	1.2E-3
86	2.3E-5	3.6E-3	5.5E-1	8.3E-3	1.8E-2	2.7E-5	1.2E-3
87	2.3E-5	3.6E-3	5.6E-1	8.4E-3	1.9E-2	2.7E-5	1.2E-3
88	2.3E-5	3.7E-3	5.7E-1	8.6E-3	1.9E-2	2.7E-5	1.2E-3
89	2.3E-5	3.8E-3	5.8E-1	8.7E-3	1.9E-2	2.8E-5	1.2E-3
90	2.3E-5	3.8E-3	5.9E-1	8.9E-3	2.0E-2	2.8E-5	1.2E-3
91	2.3E-5	3.9E-3	6.0E-1	9.0E-3	2.0E-2	2.8E-5	1.2E-3
92	2.3E-5	4.0E-3	6.1E-1	9.2E-3	2.0E-2	2.8E-5	1.2E-3
93	2.4E-5	4.1E-3	6.2E-1	9.3E-3	2.1E-2	2.8E-5	1.2E-3
94	2.4E-5	4.1E-3	6.3E-1	9.4E-3	2.1E-2	2.8E-5	1.2E-3
95	2.4E-5	4.2E-3	6.4E-1	9.6E-3	2.1E-2	2.8E-5	1.2E-3
96	2.4E-5	4.3E-3	6.6E-1	9.7E-3	2.2E-2	2.8E-5	1.2E-3
97	2.4E-5	4.4E-3	6.7E-1	9.9E-3	2.2E-2	2.9E-5	1.2E-3
98	2.4E-5	4.4E-3	6.8E-1	1.0E-2	2.2E-2	2.9E-5	1.2E-3
99	2.4E-5	4.5E-3	6.9E-1	1.0E-2	2.3E-2	2.9E-5	1.2E-3
100	2.4E-5	4.6E-3	7.0E-1	1.0E-2	2.3E-2	2.9E-5	1.2E-3
110	2.6E-5	5.5E-3	8.3E-1	1.2E-2	2.6E-2	3.0E-5	1.2E-3
120	2.7E-5	6.4E-3	9.7E-1	1.3E-2	2.9E-2	3.1E-5	1.2E-3
130	2.8E-5	7.5E-3	1.1E+0	1.4E-2	3.2E-2	3.2E-5	1.2E-3
140	2.9E-5	8.6E-3	1.3E+0	1.5E-2	3.4E-2	3.3E-5	1.2E-3
150	3.0E-5	1.0E-2	1.5E+0	1.6E-2	3.6E-2	3.4E-5	1.2E-3
160	3.1E-5	1.1E-2	1.7E+0	1.7E-2	3.8E-2	3.5E-5	1.2E-3
170	3.2E-5	1.3E-2	2.0E+0	1.8E-2	4.0E-2	3.6E-5	1.2E-3
180	3.2E-5	1.5E-2	2.2E+0	1.8E-2	4.1E-2	3.7E-5	1.2E-3
190	3.3E-5	1.7E-2	2.5E+0	1.9E-2	4.2E-2	3.8E-5	1.2E-3
200	3.4E-5	1.9E-2	2.9E+0	1.9E-2	4.3E-2	3.9E-5	1.3E-3
210	3.4E-5	2.1E-2	3.2E+0	1.9E-2	4.4E-2	3.9E-5	1.3E-3
220	3.5E-5	2.4E-2	3.6E+0	2.0E-2	4.4E-2	4.0E-5	1.3E-3
230	3.5E-5	2.6E-2	4.0E+0	2.0E-2	4.5E-2	4.0E-5	1.3E-3
240	3.6E-5	2.9E-2	4.5E+0	2.0E-2	4.5E-2	4.1E-5	1.3E-3
250	3.6E-5	3.3E-2	4.9E+0	2.0E-2	4.6E-2	4.2E-5	1.3E-3
260	3.6E-5	3.6E-2	5.5E+0	2.0E-2	4.6E-2	4.2E-5	1.3E-3
270	3.7E-5	4.0E-2	6.0E+0	2.0E-2	4.6E-2	4.2E-5	1.3E-3
280	3.7E-5	4.4E-2	6.6E+0	2.1E-2	4.7E-2	4.3E-5	1.3E-3
290	3.7E-5	4.8E-2	7.2E+0	2.1E-2	4.7E-2	4.3E-5	1.3E-3
300	3.8E-5	5.2E-2	7.9E+0	2.1E-2	4.7E-2	4.4E-5	1.3E-3
310	3.8E-5	5.7E-2	8.6E+0	2.1E-2	4.7E-2	4.4E-5	1.3E-3
320	3.8E-5	6.1E-2	9.3E+0	2.1E-2	4.7E-2	4.4E-5	1.3E-3
330	3.8E-5	6.6E-2	1.0E+1	2.1E-2	4.7E-2	4.4E-5	1.3E-3
340	3.9E-5	7.1E-2	1.1E+1	2.1E-2	4.8E-2	4.5E-5	1.3E-3
350	3.9E-5	7.6E-2	1.1E+1	2.1E-2	4.8E-2	4.5E-5	1.3E-3
360	3.9E-5	8.1E-2	1.2E+1	2.1E-2	4.8E-2	4.5E-5	1.3E-3
365	3.9E-5	8.4E-2	1.3E+1	2.1E-2	4.8E-2	4.5E-5	1.3E-3
370	3.9E-5	8.6E-2	1.3E+1	2.1E-2	4.8E-2	4.5E-5	1.3E-3
380	3.9E-5	9.1E-2	1.4E+1	2.1E-2	4.8E-2	4.6E-5	1.3E-3
390	4.0E-5	9.6E-2	1.4E+1	2.1E-2	4.8E-2	4.6E-5	1.3E-3
400	4.0E-5	1.0E-1	1.5E+1	2.1E-2	4.8E-2	4.6E-5	1.3E-3
410	4.0E-5	1.1E-1	1.6E+1	2.1E-2	4.8E-2	4.6E-5	1.3E-3
420	4.0E-5	1.1E-1	1.7E+1	2.1E-2	4.8E-2	4.7E-5	1.3E-3
430	4.0E-5	1.1E-1	1.7E+1	2.1E-2	4.8E-2	4.7E-5	1.3E-3
440	4.0E-5	1.2E-1	1.8E+1	2.1E-2	4.8E-2	4.7E-5	1.3E-3
450	4.0E-5	1.2E-1	1.9E+1	2.1E-2	4.8E-2	4.7E-5	1.3E-3
460	4.1E-5	1.3E-1	1.9E+1	2.1E-2	4.8E-2	4.7E-5	1.3E-3
470	4.1E-5	1.3E-1	2.0E+1	2.1E-2	4.8E-2	4.7E-5	1.3E-3
480	4.1E-5	1.3E-1	2.0E+1	2.1E-2	4.8E-2	4.8E-5	1.3E-3
490	4.1E-5	1.4E-1	2.1E+1	2.1E-2	4.8E-2	4.8E-5	1.3E-3
500	4.1E-5	1.4E-1	2.1E+1	2.1E-2	4.8E-2	4.8E-5	1.3E-3
510	4.1E-5	1.4E-1	2.2E+1	2.1E-2	4.8E-2	4.8E-5	1.3E-3
520	4.1E-5	1.5E-1	2.2E+1	2.1E-2	4.8E-2	4.8E-5	1.3E-3
530	4.1E-5	1.5E-1	2.2E+1	2.1E-2	4.8E-2	4.8E-5	1.3E-3
540	4.2E-5	1.5E-1	2.3E+1	2.1E-2	4.8E-2	4.8E-5	1.3E-3
550	4.2E-5	1.5E-1	2.3E+1	2.1E-2	4.8E-2	4.9E-5	1.3E-3
560	4.2E-5	1.6E-1	2.3E+1	2.1E-2	4.8E-2	4.9E-5	1.3E-3
570	4.2E-5	1.6E-1	2.4E+1	2.1E-2	4.8E-2	4.9E-5	1.3E-3
580	4.2E-5	1.6E-1	2.4E+1	2.1E-2	4.8E-2	4.9E-5	1.3E-3
590	4.2E-5	1.6E-1	2.4E+1	2.1E-2	4.8E-2	4.9E-5	1.4E-3
600	4.2E-5	1.6E-1	2.5E+1	2.1E-2	4.8E-2	4.9E-5	1.4E-3
610	4.2E-5	1.6E-1	2.5E+1	2.1E-2	4.8E-2	4.9E-5	1.4E-3
620	4.2E-5	1.7E-1	2.5E+1	2.1E-2	4.8E-2	5.0E-5	1.4E-3
630	4.3E-5	1.7E-1	2.5E+1	2.1E-2	4.8E-2	5.0E-5	1.4E-3
640	4.3E-5	1.7E-1	2.5E+1	2.1E-2	4.8E-2	5.0E-5	1.4E-3
650	4.3E-5	1.7E-1	2.6E+1	2.1E-2	4.8E-2	5.0E-5	1.4E-3
660	4.3E-5	1.7E-1	2.6E+1	2.1E-2	4.8E-2	5.0E-5	1.4E-3
670	4.3E-5	1.7E-1	2.6E+1	2.1E-2	4.8E-2	5.0E-5	1.4E-3
680	4.3E-5	1.7E-1	2.6E+1	2.1E-2	4.8E-2	5.0E-5	1.4E-3
690	4.3E-5	1.7E-1	2.6E+1	2.1E-2	4.8E-2	5.1E-5	1.4E-3
700	4.3E-5	1.8E-1	2.6E+1	2.1E-2	4.8E-2	5.1E-5	1.4E-3
710	4.3E-5	1.8E-1	2.7E+1	2.1E-2	4.8E-2	5.1E-5	1.4E-3
720	4.4E-5	1.8E-1	2.7E+1	2.1E-2	4.9E-2	5.1E-5	1.4E-3
730	4.4E-5	1.8E-1	2.7E+1	2.1E-2	4.9E-2	5.1E-5	1.4E-3
740	4.4E-5	1.8E-1	2.7E+1	2.1E-2	4.9E-2	5.1E-5	1.4E-3
750	4.4E-5	1.8E-1	2.7E+1	2.1E-2	4.9E-2	5.1E-5	1.4E-3
760	4.4E-5	1.8E-1	2.7E+1	2.1E-2	4.9E-2	5.2E-5	1.4E-3
770	4.4E-5	1.8E-1	2.7E+1	2.1E-2	4.9E-2	5.2E-5	1.4E-3
780	4.4E-5	1.8E-1	2.8E+1	2.1E-2	4.9E-2	5.2E-5	1.4E-3
790	4.4E-5	1.8E-1	2.8E+1	2.1E-2	4.9E-2	5.2E-5	1.4E-3
800	4.4E-5	1.8E-1	2.8E+1	2.1E-2	4.9E-2	5.2E-5	1.4E-3
810	4.5E-5	1.9E-1	2.8E+1	2.1E-2	4.9E-2	5.2E-5	1.4E-3
820	4.5E-5	1.9E-1	2.8E+1	2.1E-2	4.9E-2	5.2E-5	1.4E-3
830	4.5E-5	1.9E-1	2.8E+1	2.1E-2	4.9E-2	5.3E-5	1.4E-3
840	4.5E-5	1.9E-1	2.8E+1	2.1E-2	4.9E-2	5.3E-5	1.4E-3
850	4.5E-5	1.9E-1	2.8E+1	2.1E-2	4.9E-2	5.3E-5	1.4E-3
860	4.5E-5	1.9E-1	2.9E+1	2.1E-2	4.9E-2	5.3E-5	1.4E-3
870	4.5E-5	1.9E-1	2.9E+1	2.1E-2	4.9E-2	5.3E-5	1.4E-3
880	4.5E-5	1.9E-1	2.9E+1	2.1E-2	4.9E-2	5.3E-5	1.4E-3
890	4.5E-5	1.9E-1	2.9E+1	2.1E-2	4.9E-2	5.3E-5	1.4E-3
900	4.5E-5	1.9E-1	2.9E+1	2.1E-2	4.9E-2	5.4E-5	1.4E-3
910	4.6E-5	1.9E-1	2.9E+1	2.1E-2	4.9E-2	5.4E-5	1.4E-3
920	4.6E-5	1.9E-1	2.9E+1	2.1E-2	4.9E-2	5.4E-5	1.4E-3
930	4.6E-5	2.0E-1	2.9E+1	2.1E-2	4.9E-2	5.4E-5	1.4E-3
940	4.6E-5	2.0E-1	3.0E+1	2.1E-2	4.9E-2	5.4E-5	1.4E-3
950	4.6E-5	2.0E-1	3.0E+1	2.1E-2	4.9E-2	5.4E-5	1.4E-3
960	4.6E-5	2.0E-1	3.0E+1	2.1E-2	4.9E-2	5.4E-5	1.4E-3
970	4.6E-5	2.0E-1	3.0E+1	2.1E-2	4.9E-2	5.5E-5	1.4E-3
980	4.6E-5	2.0E-1	3.0E+1	2.1E-2	4.9E-2	5.5E-5	1.4E-3
990	4.6E-5	2.0E-1	3.0E+1	2.1E-2	4.9E-2	5.5E-5	1.5E-3
1000	4.7E-5	2.0E-1	3.0E+1	2.1E-2	4.9E-2	5.5E-5	1.5E-3
1010	4.7E-5	2.0E-1	3.0E+1	2.1E-2	4.9E-2	5.5E-5	1.5E-3
1020	4.7E-5	2.0E-1	3.0E+1	2.1E-2	4.9E-2	5.5E-5	1.5E-3
1030	4.7E-5	2.0E-1	3.1E+1	2.1E-2	4.9E-2	5.5E-5	1.5E-3
1040	4.7E-5	2.0E-1	3.1E+1	2.1E-2	4.9E-2	5.6E-5	1.5E-3
1050	4.7E-5	2.0E-1	3.1E+1	2.1E-2	4.9E-2	5.6E-5	1.5E-3
1060	4.7E-5	2.1E-1	3.1E+1	2.1E-2	4.9E-2	5.6E-5	1.5E-3
1070	4.7E-5	2.1E-1	3.1E+1	2.1E-2	4.9E-2	5.6E-5	1.5E-3
1080	4.7E-5	2.1E-1	3.1E+1	2.1E-2	4.9E-2	5.6E-5	1.5E-3
1090	4.8E-5	2.1E-1	3.1E+1	2.1E-2	4.9E-2	5.6E-5	1.5E-3
1095	4.8E-5	2.1E-1	3.1E+1	2.1E-2	4.9E-2	5.6E-5	1.5E-3
1100	4.8E-5	2.1E-1	3.1E+1	2.1E-2	4.9E-2	5.6E-5	1.5E-3
1200	4.9E-5	2.2E-1	3.3E+1	2.2E-2	4.9E-2	5.8E-5	1.5E-3
1300	5.0E-5	2.3E-1	3.4E+1	2.2E-2	4.9E-2	5.9E-5	1.5E-3
1400	5.1E-5	2.4E-1	3.5E+1	2.2E-2	4.9E-2	6.1E-5	1.6E-3
1500	5.2E-5	2.5E-1	3.7E+1	2.2E-2	4.9E-2	6.2E-5	1.6E-3
1600	5.3E-5	2.5E-1	3.8E+1	2.2E-2	4.9E-2	6.4E-5	1.6E-3
1700	5.4E-5	2.6E-1	4.0E+1	2.2E-2	4.9E-2	6.5E-5	1.7E-3
1800	5.5E-5	2.8E-1	4.1E+1	2.2E-2	4.9E-2	6.7E-5	1.7E-3
1900	5.7E-5	2.9E-1	4.3E+1	2.2E-2	4.9E-2	6.9E-5	1.7E-3
2000	5.8E-5	3.0E-1	4.5E+1	2.2E-2	4.9E-2	7.0E-5	1.7E-3
2100	5.9E-5	3.1E-1	4.6E+1	2.2E-2	4.9E-2	7.2E-5	1.8E-3
2200	6.0E-5	3.2E-1	4.8E+1	2.2E-2	5.0E-2	7.3E-5	1.8E-3
2300	6.1E-5	3.3E-1	5.0E+1	2.2E-2	5.0E-2	7.5E-5	1.8E-3
2400	6.2E-5	3.4E-1	5.2E+1	2.2E-2	5.0E-2	7.6E-5	1.9E-3
2500	6.3E-5	3.6E-1	5.4E+1	2.2E-2	5.0E-2	7.8E-5	1.9E-3
2600	6.4E-5	3.7E-1	5.6E+1	2.2E-2	5.0E-2	8.0E-5	1.9E-3
2700	6.6E-5	3.8E-1	5.8E+1	2.2E-2	5.0E-2	8.1E-5	2.0E-3
2800	6.7E-5	4.0E-1	6.0E+1	2.2E-2	5.0E-2	8.3E-5	2.0E-3
2900	6.8E-5	4.1E-1	6.2E+1	2.2E-2	5.0E-2	8.4E-5	2.1E-3
3000	6.9E-5	4.3E-1	6.4E+1	2.2E-2	5.0E-2	8.6E-5	2.1E-3
3100	7.0E-5	4.4E-1	6.6E+1	2.2E-2	5.0E-2	8.8E-5	2.1E-3
3200	7.1E-5	4.6E-1	6.9E+1	2.2E-2	5.0E-2	8.9E-5	2.2E-3
3300	7.2E-5	4.7E-1	7.1E+1	2.2E-2	5.0E-2	9.1E-5	2.2E-3
3400	7.3E-5	4.9E-1	7.3E+1	2.2E-2	5.1E-2	9.3E-5	2.3E-3
3500	7.5E-5	5.0E-1	7.6E+1	2.2E-2	5.1E-2	9.4E-5	2.3E-3
3600	7.6E-5	5.2E-1	7.8E+1	2.2E-2	5.1E-2	9.6E-5	2.3E-3
3650	7.6E-5	5.3E-1	8.0E+1	2.2E-2	5.1E-2	9.7E-5	2.4E-3
4000	8.0E-5	5.9E-1	8.9E+1	2.2E-2	5.1E-2	1.0E-4	2.5E-3
5000	9.1E-5	7.9E-1	1.2E+2	2.3E-2	5.2E-2	1.2E-4	3.0E-3
6000	1.0E-4	1.0E+0	1.5E+2	2.3E-2	5.3E-2	1.3E-4	3.6E-3
7000	1.1E-4	1.2E+0	1.9E+2	2.4E-2	5.4E-2	1.5E-4	4.4E-3
8000	1.2E-4	1.5E+0	2.3E+2	2.4E-2	5.5E-2	1.7E-4	5.3E-3
9000	1.3E-4	1.7E+0	2.6E+2	2.5E-2	5.6E-2	1.8E-4	6.3E-3
10000	1.4E-4	2.0E+0	3.0E+2	2.5E-2	5.7E-2	2.0E-4	7.6E-3
11000	1.5E-4	2.2E+0	3.4E+2	2.5E-2	5.8E-2	2.2E-4	9.2E-3
12000	1.6E-4	2.5E+0	3.7E+2	2.6E-2	5.9E-2	2.4E-4	1.1E-2
13000	1.7E-4	2.7E+0	4.1E+2	2.6E-2	6.0E-2	2.6E-4	1.3E-2
14000	1.8E-4	3.0E+0	4.5E+2	2.7E-2	6.1E-2	2.8E-4	1.6E-2
15000	1.9E-4	3.3E+0	4.9E+2	2.7E-2	6.2E-2	3.1E-4	1.9E-2
16000	2.1E-4	3.5E+0	5.3E+2	2.8E-2	6.3E-2	3.3E-4	2.3E-2
17000	2.2E-4	3.8E+0	5.8E+2	2.8E-2	6.4E-2	3.6E-4	2.7E-2
18000	2.3E-4	4.1E+0	6.2E+2	2.9E-2	6.6E-2	3.9E-4	3.3E-2
18250	2.4E-4	4.2E+0	6.4E+2	2.9E-2	6.6E-2	4.0E-4	3.4E-2
Radionuclide	U-235
Route of Intake	Inhalation
Material	Aerosols Type M, Uranyl acetylacetonate; depleted uranium aerosols from use of kinetic energy penetrators; vaporised uranium metal; all unspecified forms, fA=4E-3
AMTD/AMAD, µm	0.001

Committed Effective Dose per Predicted Content in an Organ or Excreta Sample (Dose per Content Functions z(t)), Sv/Bq
Time, days	Whole Body	Urine (24-hour sample)	Faeces (24-hour sample)	Alimentary Tract*	Lungs*	Skeleton*	Liver*
0.041667	3.1E-6	-	-	9.4E-6	2.0E-5	5.7E-3	9.5E-3
0.083333	3.1E-6	-	-	8.1E-6	2.3E-5	3.2E-3	8.6E-3
0.125	3.2E-6	-	-	7.3E-6	2.6E-5	2.3E-3	8.2E-3
0.25	3.3E-6	-	-	6.1E-6	3.2E-5	1.4E-3	7.5E-3
0.375	3.4E-6	-	-	5.5E-6	3.6E-5	1.0E-3	7.1E-3
0.5	3.5E-6	-	-	5.1E-6	3.8E-5	9.0E-4	6.9E-3
0.625	3.6E-6	-	-	5.0E-6	4.0E-5	8.2E-4	6.7E-3
0.75	3.7E-6	-	-	4.9E-6	4.1E-5	7.7E-4	6.7E-3
0.875	3.9E-6	-	-	5.0E-6	4.3E-5	7.4E-4	6.6E-3
1	4.1E-6	1.7E-4	3.0E-5	5.1E-6	4.4E-5	7.3E-4	6.6E-3
1.125	4.4E-6	-	-	5.3E-6	4.5E-5	7.1E-4	6.7E-3
1.25	4.6E-6	-	-	5.6E-6	4.7E-5	7.1E-4	6.7E-3
1.375	5.0E-6	-	-	6.0E-6	4.8E-5	7.0E-4	6.7E-3
1.5	5.4E-6	-	-	6.5E-6	4.9E-5	7.0E-4	6.8E-3
1.625	5.8E-6	-	-	7.0E-6	5.0E-5	7.0E-4	6.8E-3
1.75	6.4E-6	-	-	7.7E-6	5.2E-5	7.0E-4	6.9E-3
1.875	7.0E-6	-	-	8.5E-6	5.3E-5	7.0E-4	6.9E-3
2	7.7E-6	1.3E-3	9.4E-6	9.5E-6	5.4E-5	7.1E-4	7.0E-3
2.25	9.3E-6	-	-	1.2E-5	5.7E-5	7.1E-4	7.1E-3
2.5	1.1E-5	-	-	1.5E-5	6.0E-5	7.2E-4	7.2E-3
2.75	1.4E-5	-	-	1.9E-5	6.3E-5	7.2E-4	7.4E-3
3	1.7E-5	3.4E-3	1.4E-5	2.5E-5	6.6E-5	7.3E-4	7.5E-3
3.25	2.1E-5	-	-	3.3E-5	6.9E-5	7.3E-4	7.6E-3
3.5	2.5E-5	-	-	4.3E-5	7.2E-5	7.4E-4	7.8E-3
3.75	2.9E-5	-	-	5.5E-5	7.6E-5	7.5E-4	7.9E-3
4	3.3E-5	4.3E-3	3.5E-5	7.1E-5	8.0E-5	7.5E-4	8.1E-3
4.25	3.8E-5	-	-	8.9E-5	8.4E-5	7.6E-4	8.2E-3
4.5	4.2E-5	-	-	1.1E-4	8.8E-5	7.6E-4	8.4E-3
4.75	4.6E-5	-	-	1.3E-4	9.2E-5	7.7E-4	8.5E-3
5	5.0E-5	4.9E-3	1.0E-4	1.6E-4	9.6E-5	7.8E-4	8.7E-3
5.5	5.8E-5	-	-	2.1E-4	1.1E-4	7.9E-4	9.0E-3
6	6.5E-5	5.5E-3	2.4E-4	2.6E-4	1.2E-4	8.0E-4	9.3E-3
6.5	7.1E-5	-	-	3.1E-4	1.3E-4	8.1E-4	9.6E-3
7	7.7E-5	6.1E-3	4.2E-4	3.6E-4	1.4E-4	8.2E-4	1.0E-2
7.5	8.4E-5	-	-	4.0E-4	1.5E-4	8.3E-4	1.0E-2
8	9.0E-5	6.7E-3	5.9E-4	4.5E-4	1.6E-4	8.4E-4	1.1E-2
8.5	9.7E-5	-	-	5.0E-4	1.8E-4	8.5E-4	1.1E-2
9	1.0E-4	7.4E-3	7.5E-4	5.5E-4	1.9E-4	8.6E-4	1.1E-2
9.5	1.1E-4	-	-	6.1E-4	2.1E-4	8.7E-4	1.2E-2
10	1.2E-4	8.1E-3	9.2E-4	6.8E-4	2.3E-4	8.8E-4	1.2E-2
11	1.3E-4	8.9E-3	1.1E-3	8.3E-4	2.7E-4	9.0E-4	1.3E-2
12	1.5E-4	9.7E-3	1.4E-3	1.0E-3	3.1E-4	9.2E-4	1.4E-2
13	1.7E-4	1.1E-2	1.7E-3	1.2E-3	3.6E-4	9.4E-4	1.5E-2
14	1.9E-4	1.1E-2	2.1E-3	1.5E-3	4.1E-4	9.5E-4	1.6E-2
15	2.0E-4	1.2E-2	2.6E-3	1.9E-3	4.6E-4	9.7E-4	1.7E-2
16	2.2E-4	1.3E-2	3.2E-3	2.3E-3	5.1E-4	9.8E-4	1.8E-2
17	2.4E-4	1.4E-2	3.9E-3	2.8E-3	5.7E-4	1.0E-3	1.9E-2
18	2.6E-4	1.6E-2	4.7E-3	3.4E-3	6.2E-4	1.0E-3	2.0E-2
19	2.7E-4	1.7E-2	5.8E-3	4.1E-3	6.8E-4	1.0E-3	2.2E-2
20	2.9E-4	1.8E-2	7.1E-3	5.0E-3	7.3E-4	1.0E-3	2.3E-2
21	3.0E-4	1.9E-2	8.7E-3	6.0E-3	7.8E-4	1.0E-3	2.4E-2
22	3.2E-4	2.0E-2	1.1E-2	7.3E-3	8.2E-4	1.1E-3	2.5E-2
23	3.3E-4	2.2E-2	1.3E-2	8.8E-3	8.6E-4	1.1E-3	2.7E-2
24	3.4E-4	2.3E-2	1.6E-2	1.1E-2	9.0E-4	1.1E-3	2.8E-2
25	3.5E-4	2.4E-2	1.9E-2	1.3E-2	9.4E-4	1.1E-3	2.9E-2
26	3.6E-4	2.6E-2	2.4E-2	1.5E-2	9.7E-4	1.1E-3	3.1E-2
27	3.7E-4	2.7E-2	2.9E-2	1.8E-2	1.0E-3	1.1E-3	3.2E-2
28	3.8E-4	2.9E-2	3.5E-2	2.1E-2	1.0E-3	1.1E-3	3.3E-2
29	3.9E-4	3.0E-2	4.2E-2	2.5E-2	1.0E-3	1.1E-3	3.5E-2
30	4.0E-4	3.2E-2	5.1E-2	2.9E-2	1.1E-3	1.1E-3	3.6E-2
31	4.1E-4	3.3E-2	6.2E-2	3.3E-2	1.1E-3	1.1E-3	3.7E-2
32	4.1E-4	3.5E-2	7.4E-2	3.8E-2	1.1E-3	1.1E-3	3.8E-2
33	4.2E-4	3.6E-2	8.8E-2	4.4E-2	1.1E-3	1.1E-3	4.0E-2
34	4.3E-4	3.8E-2	1.1E-1	4.9E-2	1.1E-3	1.2E-3	4.1E-2
35	4.3E-4	4.0E-2	1.2E-1	5.5E-2	1.1E-3	1.2E-3	4.2E-2
36	4.4E-4	4.1E-2	1.5E-1	6.1E-2	1.2E-3	1.2E-3	4.3E-2
37	4.4E-4	4.3E-2	1.7E-1	6.8E-2	1.2E-3	1.2E-3	4.4E-2
38	4.5E-4	4.4E-2	2.0E-1	7.4E-2	1.2E-3	1.2E-3	4.5E-2
39	4.5E-4	4.6E-2	2.3E-1	8.0E-2	1.2E-3	1.2E-3	4.6E-2
40	4.6E-4	4.8E-2	2.6E-1	8.6E-2	1.2E-3	1.2E-3	4.7E-2
41	4.7E-4	4.9E-2	2.9E-1	9.2E-2	1.2E-3	1.2E-3	4.8E-2
42	4.7E-4	5.1E-2	3.3E-1	9.8E-2	1.2E-3	1.2E-3	4.9E-2
43	4.8E-4	5.3E-2	3.6E-1	1.0E-1	1.2E-3	1.2E-3	5.0E-2
44	4.8E-4	5.4E-2	4.0E-1	1.1E-1	1.2E-3	1.2E-3	5.0E-2
45	4.8E-4	5.6E-2	4.3E-1	1.1E-1	1.3E-3	1.2E-3	5.1E-2
46	4.9E-4	5.7E-2	4.6E-1	1.2E-1	1.3E-3	1.2E-3	5.2E-2
47	4.9E-4	5.9E-2	5.0E-1	1.2E-1	1.3E-3	1.2E-3	5.2E-2
48	5.0E-4	6.1E-2	5.2E-1	1.3E-1	1.3E-3	1.2E-3	5.3E-2
49	5.0E-4	6.2E-2	5.5E-1	1.3E-1	1.3E-3	1.3E-3	5.4E-2
50	5.1E-4	6.4E-2	5.8E-1	1.3E-1	1.3E-3	1.3E-3	5.4E-2
51	5.1E-4	6.5E-2	6.0E-1	1.4E-1	1.3E-3	1.3E-3	5.5E-2
52	5.2E-4	6.7E-2	6.2E-1	1.4E-1	1.3E-3	1.3E-3	5.5E-2
53	5.2E-4	6.9E-2	6.4E-1	1.5E-1	1.3E-3	1.3E-3	5.6E-2
54	5.2E-4	7.0E-2	6.6E-1	1.5E-1	1.3E-3	1.3E-3	5.6E-2
55	5.3E-4	7.2E-2	6.8E-1	1.5E-1	1.3E-3	1.3E-3	5.7E-2
56	5.3E-4	7.3E-2	6.9E-1	1.6E-1	1.4E-3	1.3E-3	5.7E-2
57	5.4E-4	7.5E-2	7.0E-1	1.6E-1	1.4E-3	1.3E-3	5.7E-2
58	5.4E-4	7.6E-2	7.2E-1	1.6E-1	1.4E-3	1.3E-3	5.8E-2
59	5.5E-4	7.8E-2	7.3E-1	1.6E-1	1.4E-3	1.3E-3	5.8E-2
60	5.5E-4	7.9E-2	7.4E-1	1.7E-1	1.4E-3	1.3E-3	5.8E-2
61	5.5E-4	8.1E-2	7.5E-1	1.7E-1	1.4E-3	1.3E-3	5.9E-2
62	5.6E-4	8.3E-2	7.6E-1	1.7E-1	1.4E-3	1.3E-3	5.9E-2
63	5.6E-4	8.4E-2	7.7E-1	1.8E-1	1.4E-3	1.3E-3	5.9E-2
64	5.7E-4	8.6E-2	7.8E-1	1.8E-1	1.4E-3	1.3E-3	5.9E-2
65	5.7E-4	8.7E-2	7.8E-1	1.8E-1	1.4E-3	1.4E-3	5.9E-2
66	5.7E-4	8.9E-2	7.9E-1	1.9E-1	1.5E-3	1.4E-3	6.0E-2
67	5.8E-4	9.0E-2	8.0E-1	1.9E-1	1.5E-3	1.4E-3	6.0E-2
68	5.8E-4	9.2E-2	8.1E-1	1.9E-1	1.5E-3	1.4E-3	6.0E-2
69	5.9E-4	9.3E-2	8.2E-1	1.9E-1	1.5E-3	1.4E-3	6.0E-2
70	5.9E-4	9.5E-2	8.2E-1	2.0E-1	1.5E-3	1.4E-3	6.0E-2
71	6.0E-4	9.7E-2	8.3E-1	2.0E-1	1.5E-3	1.4E-3	6.1E-2
72	6.0E-4	9.8E-2	8.4E-1	2.0E-1	1.5E-3	1.4E-3	6.1E-2
73	6.0E-4	1.0E-1	8.5E-1	2.1E-1	1.5E-3	1.4E-3	6.1E-2
74	6.1E-4	1.0E-1	8.5E-1	2.1E-1	1.5E-3	1.4E-3	6.1E-2
75	6.1E-4	1.0E-1	8.6E-1	2.1E-1	1.5E-3	1.4E-3	6.1E-2
76	6.2E-4	1.0E-1	8.7E-1	2.1E-1	1.6E-3	1.4E-3	6.1E-2
77	6.2E-4	1.1E-1	8.8E-1	2.2E-1	1.6E-3	1.4E-3	6.1E-2
78	6.2E-4	1.1E-1	8.8E-1	2.2E-1	1.6E-3	1.4E-3	6.2E-2
79	6.3E-4	1.1E-1	8.9E-1	2.2E-1	1.6E-3	1.4E-3	6.2E-2
80	6.3E-4	1.1E-1	9.0E-1	2.3E-1	1.6E-3	1.4E-3	6.2E-2
81	6.4E-4	1.1E-1	9.1E-1	2.3E-1	1.6E-3	1.5E-3	6.2E-2
82	6.4E-4	1.1E-1	9.1E-1	2.3E-1	1.6E-3	1.5E-3	6.2E-2
83	6.4E-4	1.2E-1	9.2E-1	2.4E-1	1.6E-3	1.5E-3	6.2E-2
84	6.5E-4	1.2E-1	9.3E-1	2.4E-1	1.6E-3	1.5E-3	6.2E-2
85	6.5E-4	1.2E-1	9.4E-1	2.4E-1	1.6E-3	1.5E-3	6.2E-2
86	6.6E-4	1.2E-1	9.4E-1	2.4E-1	1.7E-3	1.5E-3	6.2E-2
87	6.6E-4	1.2E-1	9.5E-1	2.5E-1	1.7E-3	1.5E-3	6.2E-2
88	6.6E-4	1.2E-1	9.6E-1	2.5E-1	1.7E-3	1.5E-3	6.2E-2
89	6.7E-4	1.3E-1	9.7E-1	2.5E-1	1.7E-3	1.5E-3	6.3E-2
90	6.7E-4	1.3E-1	9.8E-1	2.6E-1	1.7E-3	1.5E-3	6.3E-2
91	6.8E-4	1.3E-1	9.8E-1	2.6E-1	1.7E-3	1.5E-3	6.3E-2
92	6.8E-4	1.3E-1	9.9E-1	2.6E-1	1.7E-3	1.5E-3	6.3E-2
93	6.8E-4	1.3E-1	1.0E+0	2.7E-1	1.7E-3	1.5E-3	6.3E-2
94	6.9E-4	1.3E-1	1.0E+0	2.7E-1	1.7E-3	1.5E-3	6.3E-2
95	6.9E-4	1.4E-1	1.0E+0	2.7E-1	1.8E-3	1.5E-3	6.3E-2
96	7.0E-4	1.4E-1	1.0E+0	2.7E-1	1.8E-3	1.5E-3	6.3E-2
97	7.0E-4	1.4E-1	1.0E+0	2.8E-1	1.8E-3	1.6E-3	6.3E-2
98	7.0E-4	1.4E-1	1.0E+0	2.8E-1	1.8E-3	1.6E-3	6.3E-2
99	7.1E-4	1.4E-1	1.1E+0	2.8E-1	1.8E-3	1.6E-3	6.3E-2
100	7.1E-4	1.4E-1	1.1E+0	2.9E-1	1.8E-3	1.6E-3	6.3E-2
110	7.5E-4	1.6E-1	1.2E+0	3.2E-1	1.9E-3	1.6E-3	6.4E-2
120	7.9E-4	1.8E-1	1.2E+0	3.5E-1	2.1E-3	1.7E-3	6.4E-2
130	8.3E-4	2.0E-1	1.4E+0	3.7E-1	2.2E-3	1.7E-3	6.4E-2
140	8.7E-4	2.2E-1	1.5E+0	4.0E-1	2.4E-3	1.8E-3	6.5E-2
150	9.1E-4	2.4E-1	1.6E+0	4.3E-1	2.5E-3	1.8E-3	6.5E-2
160	9.4E-4	2.7E-1	1.7E+0	4.6E-1	2.7E-3	1.9E-3	6.5E-2
170	9.8E-4	2.9E-1	1.9E+0	4.8E-1	2.9E-3	1.9E-3	6.5E-2
180	1.0E-3	3.2E-1	2.0E+0	5.1E-1	3.1E-3	2.0E-3	6.6E-2
190	1.1E-3	3.5E-1	2.2E+0	5.3E-1	3.3E-3	2.0E-3	6.6E-2
200	1.1E-3	3.8E-1	2.4E+0	5.6E-1	3.5E-3	2.0E-3	6.6E-2
210	1.1E-3	4.1E-1	2.6E+0	5.8E-1	3.7E-3	2.1E-3	6.6E-2
220	1.2E-3	4.4E-1	2.8E+0	6.1E-1	4.0E-3	2.1E-3	6.6E-2
230	1.2E-3	4.7E-1	3.0E+0	6.3E-1	4.2E-3	2.1E-3	6.6E-2
240	1.2E-3	5.1E-1	3.3E+0	6.5E-1	4.5E-3	2.2E-3	6.7E-2
250	1.3E-3	5.5E-1	3.5E+0	6.8E-1	4.8E-3	2.2E-3	6.7E-2
260	1.3E-3	5.9E-1	3.8E+0	7.0E-1	5.1E-3	2.2E-3	6.7E-2
270	1.3E-3	6.3E-1	4.2E+0	7.2E-1	5.4E-3	2.2E-3	6.7E-2
280	1.4E-3	6.7E-1	4.5E+0	7.4E-1	5.8E-3	2.2E-3	6.7E-2
290	1.4E-3	7.2E-1	4.9E+0	7.6E-1	6.1E-3	2.3E-3	6.7E-2
300	1.4E-3	7.7E-1	5.3E+0	7.8E-1	6.5E-3	2.3E-3	6.7E-2
310	1.5E-3	8.2E-1	5.7E+0	8.0E-1	6.9E-3	2.3E-3	6.7E-2
320	1.5E-3	8.7E-1	6.2E+0	8.1E-1	7.4E-3	2.3E-3	6.8E-2
330	1.5E-3	9.3E-1	6.7E+0	8.3E-1	7.8E-3	2.3E-3	6.8E-2
340	1.6E-3	9.9E-1	7.2E+0	8.5E-1	8.3E-3	2.3E-3	6.8E-2
350	1.6E-3	1.0E+0	7.8E+0	8.6E-1	8.9E-3	2.4E-3	6.8E-2
360	1.6E-3	1.1E+0	8.5E+0	8.8E-1	9.4E-3	2.4E-3	6.8E-2
365	1.6E-3	1.1E+0	8.8E+0	8.9E-1	9.7E-3	2.4E-3	6.8E-2
370	1.6E-3	1.2E+0	9.2E+0	8.9E-1	1.0E-2	2.4E-3	6.8E-2
380	1.7E-3	1.2E+0	9.9E+0	9.1E-1	1.1E-2	2.4E-3	6.8E-2
390	1.7E-3	1.3E+0	1.1E+1	9.2E-1	1.1E-2	2.4E-3	6.8E-2
400	1.7E-3	1.4E+0	1.2E+1	9.3E-1	1.2E-2	2.4E-3	6.9E-2
410	1.7E-3	1.5E+0	1.3E+1	9.4E-1	1.3E-2	2.4E-3	6.9E-2
420	1.7E-3	1.6E+0	1.4E+1	9.6E-1	1.3E-2	2.4E-3	6.9E-2
430	1.8E-3	1.6E+0	1.5E+1	9.7E-1	1.4E-2	2.4E-3	6.9E-2
440	1.8E-3	1.7E+0	1.6E+1	9.8E-1	1.5E-2	2.4E-3	6.9E-2
450	1.8E-3	1.8E+0	1.7E+1	9.9E-1	1.6E-2	2.5E-3	6.9E-2
460	1.8E-3	1.9E+0	1.9E+1	9.9E-1	1.7E-2	2.5E-3	6.9E-2
470	1.8E-3	2.0E+0	2.0E+1	1.0E+0	1.8E-2	2.5E-3	6.9E-2
480	1.9E-3	2.1E+0	2.2E+1	1.0E+0	1.9E-2	2.5E-3	7.0E-2
490	1.9E-3	2.2E+0	2.3E+1	1.0E+0	2.0E-2	2.5E-3	7.0E-2
500	1.9E-3	2.3E+0	2.5E+1	1.0E+0	2.1E-2	2.5E-3	7.0E-2
510	1.9E-3	2.4E+0	2.7E+1	1.0E+0	2.3E-2	2.5E-3	7.0E-2
520	1.9E-3	2.5E+0	3.0E+1	1.0E+0	2.4E-2	2.5E-3	7.0E-2
530	2.0E-3	2.6E+0	3.2E+1	1.0E+0	2.5E-2	2.5E-3	7.0E-2
540	2.0E-3	2.7E+0	3.4E+1	1.0E+0	2.7E-2	2.5E-3	7.0E-2
550	2.0E-3	2.8E+0	3.7E+1	1.1E+0	2.8E-2	2.5E-3	7.0E-2
560	2.0E-3	3.0E+0	4.0E+1	1.1E+0	3.0E-2	2.5E-3	7.1E-2
570	2.0E-3	3.1E+0	4.3E+1	1.1E+0	3.2E-2	2.6E-3	7.1E-2
580	2.0E-3	3.2E+0	4.7E+1	1.1E+0	3.4E-2	2.6E-3	7.1E-2
590	2.0E-3	3.3E+0	5.0E+1	1.1E+0	3.6E-2	2.6E-3	7.1E-2
600	2.1E-3	3.4E+0	5.4E+1	1.1E+0	3.8E-2	2.6E-3	7.1E-2
610	2.1E-3	3.6E+0	5.9E+1	1.1E+0	4.0E-2	2.6E-3	7.1E-2
620	2.1E-3	3.7E+0	6.3E+1	1.1E+0	4.2E-2	2.6E-3	7.1E-2
630	2.1E-3	3.8E+0	6.8E+1	1.1E+0	4.4E-2	2.6E-3	7.1E-2
640	2.1E-3	4.0E+0	7.3E+1	1.1E+0	4.7E-2	2.6E-3	7.2E-2
650	2.1E-3	4.1E+0	7.9E+1	1.1E+0	4.9E-2	2.6E-3	7.2E-2
660	2.1E-3	4.2E+0	8.5E+1	1.1E+0	5.2E-2	2.6E-3	7.2E-2
670	2.1E-3	4.4E+0	9.2E+1	1.1E+0	5.5E-2	2.6E-3	7.2E-2
680	2.1E-3	4.5E+0	9.9E+1	1.1E+0	5.8E-2	2.6E-3	7.2E-2
690	2.2E-3	4.6E+0	1.1E+2	1.1E+0	6.1E-2	2.6E-3	7.2E-2
700	2.2E-3	4.8E+0	1.1E+2	1.1E+0	6.5E-2	2.7E-3	7.2E-2
710	2.2E-3	4.9E+0	1.2E+2	1.1E+0	6.8E-2	2.7E-3	7.2E-2
720	2.2E-3	5.0E+0	1.3E+2	1.1E+0	7.2E-2	2.7E-3	7.3E-2
730	2.2E-3	5.2E+0	1.4E+2	1.1E+0	7.6E-2	2.7E-3	7.3E-2
740	2.2E-3	5.3E+0	1.5E+2	1.1E+0	8.0E-2	2.7E-3	7.3E-2
750	2.2E-3	5.5E+0	1.6E+2	1.1E+0	8.4E-2	2.7E-3	7.3E-2
760	2.2E-3	5.6E+0	1.7E+2	1.1E+0	8.9E-2	2.7E-3	7.3E-2
770	2.2E-3	5.7E+0	1.9E+2	1.1E+0	9.4E-2	2.7E-3	7.3E-2
780	2.2E-3	5.9E+0	2.0E+2	1.1E+0	9.9E-2	2.7E-3	7.3E-2
790	2.3E-3	6.0E+0	2.1E+2	1.1E+0	1.0E-1	2.7E-3	7.3E-2
800	2.3E-3	6.1E+0	2.3E+2	1.1E+0	1.1E-1	2.7E-3	7.4E-2
810	2.3E-3	6.3E+0	2.4E+2	1.1E+0	1.2E-1	2.7E-3	7.4E-2
820	2.3E-3	6.4E+0	2.6E+2	1.1E+0	1.2E-1	2.7E-3	7.4E-2
830	2.3E-3	6.6E+0	2.8E+2	1.1E+0	1.3E-1	2.8E-3	7.4E-2
840	2.3E-3	6.7E+0	2.9E+2	1.1E+0	1.3E-1	2.8E-3	7.4E-2
850	2.3E-3	6.8E+0	3.1E+2	1.1E+0	1.4E-1	2.8E-3	7.4E-2
860	2.3E-3	6.9E+0	3.3E+2	1.1E+0	1.5E-1	2.8E-3	7.4E-2
870	2.3E-3	7.1E+0	3.5E+2	1.1E+0	1.6E-1	2.8E-3	7.4E-2
880	2.3E-3	7.2E+0	3.7E+2	1.1E+0	1.6E-1	2.8E-3	7.5E-2
890	2.3E-3	7.3E+0	4.0E+2	1.1E+0	1.7E-1	2.8E-3	7.5E-2
900	2.3E-3	7.5E+0	4.2E+2	1.1E+0	1.8E-1	2.8E-3	7.5E-2
910	2.3E-3	7.6E+0	4.4E+2	1.1E+0	1.9E-1	2.8E-3	7.5E-2
920	2.4E-3	7.7E+0	4.7E+2	1.1E+0	2.0E-1	2.8E-3	7.5E-2
930	2.4E-3	7.8E+0	4.9E+2	1.1E+0	2.1E-1	2.8E-3	7.5E-2
940	2.4E-3	7.9E+0	5.2E+2	1.1E+0	2.2E-1	2.8E-3	7.5E-2
950	2.4E-3	8.1E+0	5.5E+2	1.1E+0	2.3E-1	2.8E-3	7.6E-2
960	2.4E-3	8.2E+0	5.8E+2	1.1E+0	2.4E-1	2.8E-3	7.6E-2
970	2.4E-3	8.3E+0	6.0E+2	1.1E+0	2.5E-1	2.9E-3	7.6E-2
980	2.4E-3	8.4E+0	6.3E+2	1.1E+0	2.7E-1	2.9E-3	7.6E-2
990	2.4E-3	8.5E+0	6.6E+2	1.1E+0	2.8E-1	2.9E-3	7.6E-2
1000	2.4E-3	8.6E+0	6.9E+2	1.1E+0	2.9E-1	2.9E-3	7.6E-2
1010	2.4E-3	8.7E+0	7.2E+2	1.1E+0	3.1E-1	2.9E-3	7.6E-2
1020	2.4E-3	8.8E+0	7.6E+2	1.1E+0	3.2E-1	2.9E-3	7.7E-2
1030	2.4E-3	8.9E+0	7.9E+2	1.1E+0	3.3E-1	2.9E-3	7.7E-2
1040	2.4E-3	9.0E+0	8.2E+2	1.1E+0	3.5E-1	2.9E-3	7.7E-2
1050	2.4E-3	9.1E+0	8.5E+2	1.1E+0	3.7E-1	2.9E-3	7.7E-2
1060	2.5E-3	9.2E+0	8.8E+2	1.1E+0	3.8E-1	2.9E-3	7.7E-2
1070	2.5E-3	9.3E+0	9.1E+2	1.1E+0	4.0E-1	2.9E-3	7.7E-2
1080	2.5E-3	9.4E+0	9.5E+2	1.1E+0	4.2E-1	2.9E-3	7.7E-2
1090	2.5E-3	9.5E+0	9.8E+2	1.1E+0	4.4E-1	2.9E-3	7.7E-2
1095	2.5E-3	9.6E+0	9.9E+2	1.1E+0	4.5E-1	3.0E-3	7.8E-2
1100	2.5E-3	9.6E+0	1.0E+3	1.1E+0	4.6E-1	3.0E-3	7.8E-2
1200	2.5E-3	1.0E+1	1.3E+3	1.1E+0	6.8E-1	3.0E-3	7.9E-2
1300	2.6E-3	1.1E+1	1.5E+3	1.1E+0	9.6E-1	3.1E-3	8.0E-2
1400	2.7E-3	1.2E+1	1.7E+3	1.1E+0	1.3E+0	3.2E-3	8.2E-2
1500	2.7E-3	1.3E+1	1.8E+3	1.1E+0	1.6E+0	3.3E-3	8.3E-2
1600	2.8E-3	1.3E+1	2.0E+3	1.1E+0	1.9E+0	3.3E-3	8.5E-2
1700	2.8E-3	1.4E+1	2.1E+3	1.1E+0	2.1E+0	3.4E-3	8.7E-2
1800	2.9E-3	1.4E+1	2.1E+3	1.1E+0	2.3E+0	3.5E-3	8.8E-2
1900	3.0E-3	1.5E+1	2.2E+3	1.1E+0	2.4E+0	3.6E-3	9.0E-2
2000	3.0E-3	1.5E+1	2.3E+3	1.1E+0	2.5E+0	3.7E-3	9.1E-2
2100	3.1E-3	1.6E+1	2.4E+3	1.1E+0	2.5E+0	3.8E-3	9.3E-2
2200	3.1E-3	1.7E+1	2.5E+3	1.1E+0	2.6E+0	3.8E-3	9.5E-2
2300	3.2E-3	1.7E+1	2.6E+3	1.1E+0	2.6E+0	3.9E-3	9.7E-2
2400	3.3E-3	1.8E+1	2.7E+3	1.2E+0	2.6E+0	4.0E-3	9.8E-2
2500	3.3E-3	1.9E+1	2.8E+3	1.2E+0	2.6E+0	4.1E-3	1.0E-1
2600	3.4E-3	1.9E+1	2.9E+3	1.2E+0	2.6E+0	4.2E-3	1.0E-1
2700	3.4E-3	2.0E+1	3.0E+3	1.2E+0	2.6E+0	4.3E-3	1.0E-1
2800	3.5E-3	2.1E+1	3.1E+3	1.2E+0	2.6E+0	4.3E-3	1.1E-1
2900	3.6E-3	2.2E+1	3.2E+3	1.2E+0	2.6E+0	4.4E-3	1.1E-1
3000	3.6E-3	2.2E+1	3.4E+3	1.2E+0	2.6E+0	4.5E-3	1.1E-1
3100	3.7E-3	2.3E+1	3.5E+3	1.2E+0	2.6E+0	4.6E-3	1.1E-1
3200	3.7E-3	2.4E+1	3.6E+3	1.2E+0	2.6E+0	4.7E-3	1.1E-1
3300	3.8E-3	2.5E+1	3.7E+3	1.2E+0	2.6E+0	4.8E-3	1.2E-1
3400	3.8E-3	2.5E+1	3.8E+3	1.2E+0	2.7E+0	4.8E-3	1.2E-1
3500	3.9E-3	2.6E+1	4.0E+3	1.2E+0	2.7E+0	4.9E-3	1.2E-1
3600	4.0E-3	2.7E+1	4.1E+3	1.2E+0	2.7E+0	5.0E-3	1.2E-1
3650	4.0E-3	2.8E+1	4.2E+3	1.2E+0	2.7E+0	5.1E-3	1.2E-1
4000	4.2E-3	3.1E+1	4.6E+3	1.2E+0	2.7E+0	5.4E-3	1.3E-1
5000	4.8E-3	4.1E+1	6.2E+3	1.2E+0	2.7E+0	6.2E-3	1.6E-1
6000	5.3E-3	5.3E+1	8.0E+3	1.2E+0	2.8E+0	7.1E-3	1.9E-1
7000	5.8E-3	6.5E+1	9.9E+3	1.2E+0	2.8E+0	7.9E-3	2.3E-1
8000	6.4E-3	7.8E+1	1.2E+4	1.3E+0	2.9E+0	8.8E-3	2.8E-1
9000	6.9E-3	9.1E+1	1.4E+4	1.3E+0	2.9E+0	9.7E-3	3.3E-1
10000	7.4E-3	1.0E+2	1.6E+4	1.3E+0	3.0E+0	1.1E-2	4.0E-1
11000	7.9E-3	1.2E+2	1.8E+4	1.3E+0	3.0E+0	1.2E-2	4.8E-1
12000	8.5E-3	1.3E+2	2.0E+4	1.4E+0	3.1E+0	1.3E-2	5.8E-1
13000	9.0E-3	1.4E+2	2.2E+4	1.4E+0	3.1E+0	1.4E-2	6.9E-1
14000	9.6E-3	1.6E+2	2.4E+4	1.4E+0	3.2E+0	1.5E-2	8.3E-1
15000	1.0E-2	1.7E+2	2.6E+4	1.4E+0	3.3E+0	1.6E-2	1.0E+0
16000	1.1E-2	1.9E+2	2.8E+4	1.5E+0	3.3E+0	1.8E-2	1.2E+0
17000	1.2E-2	2.0E+2	-	1.5E+0	3.4E+0	1.9E-2	1.4E+0
18000	1.2E-2	2.2E+2	-	1.5E+0	3.5E+0	2.1E-2	1.7E+0
18250	1.2E-2	2.2E+2	-	1.5E+0	3.5E+0	2.1E-2	1.8E+0
Radionuclide	U-235
Route of Intake	Inhalation
Material	Aerosols Type M, Uranyl acetylacetonate; depleted uranium aerosols from use of kinetic energy penetrators; vaporised uranium metal; all unspecified forms, fA=4E-3
AMTD/AMAD, µm	0.003

Committed Effective Dose per Predicted Content in an Organ or Excreta Sample (Dose per Content Functions z(t)), Sv/Bq
Time, days	Whole Body	Urine (24-hour sample)	Faeces (24-hour sample)	Alimentary Tract*	Lungs*	Skeleton*	Liver*
0.041667	9.4E-6	-	-	4.4E-5	2.1E-5	8.4E-3	1.3E-2
0.083333	9.5E-6	-	-	3.7E-5	2.2E-5	4.2E-3	1.0E-2
0.125	9.6E-6	-	-	3.3E-5	2.3E-5	2.9E-3	9.5E-3
0.25	9.9E-6	-	-	2.7E-5	2.6E-5	1.6E-3	8.2E-3
0.375	1.0E-5	-	-	2.4E-5	2.7E-5	1.2E-3	7.6E-3
0.5	1.0E-5	-	-	2.2E-5	2.9E-5	9.8E-4	7.3E-3
0.625	1.1E-5	-	-	2.2E-5	3.0E-5	8.8E-4	7.1E-3
0.75	1.1E-5	-	-	2.1E-5	3.1E-5	8.3E-4	7.0E-3
0.875	1.1E-5	-	-	2.1E-5	3.1E-5	7.9E-4	7.0E-3
1	1.2E-5	1.8E-4	1.3E-4	2.2E-5	3.2E-5	7.7E-4	7.0E-3
1.125	1.2E-5	-	-	2.2E-5	3.3E-5	7.6E-4	7.0E-3
1.25	1.3E-5	-	-	2.4E-5	3.3E-5	7.5E-4	7.0E-3
1.375	1.3E-5	-	-	2.5E-5	3.4E-5	7.4E-4	7.1E-3
1.5	1.4E-5	-	-	2.7E-5	3.5E-5	7.4E-4	7.1E-3
1.625	1.5E-5	-	-	2.8E-5	3.5E-5	7.4E-4	7.2E-3
1.75	1.5E-5	-	-	3.1E-5	3.6E-5	7.4E-4	7.2E-3
1.875	1.6E-5	-	-	3.3E-5	3.6E-5	7.4E-4	7.3E-3
2	1.7E-5	1.3E-3	4.0E-5	3.7E-5	3.7E-5	7.4E-4	7.4E-3
2.25	1.9E-5	-	-	4.4E-5	3.8E-5	7.5E-4	7.5E-3
2.5	2.1E-5	-	-	5.3E-5	3.9E-5	7.5E-4	7.6E-3
2.75	2.3E-5	-	-	6.5E-5	4.1E-5	7.6E-4	7.7E-3
3	2.5E-5	3.4E-3	5.6E-5	7.8E-5	4.2E-5	7.6E-4	7.9E-3
3.25	2.7E-5	-	-	9.4E-5	4.3E-5	7.7E-4	8.0E-3
3.5	2.9E-5	-	-	1.1E-4	4.4E-5	7.7E-4	8.1E-3
3.75	3.1E-5	-	-	1.3E-4	4.5E-5	7.8E-4	8.3E-3
4	3.2E-5	4.0E-3	1.2E-4	1.5E-4	4.7E-5	7.9E-4	8.4E-3
4.25	3.4E-5	-	-	1.7E-4	4.8E-5	7.9E-4	8.5E-3
4.5	3.5E-5	-	-	1.9E-4	4.9E-5	8.0E-4	8.7E-3
4.75	3.6E-5	-	-	2.1E-4	5.0E-5	8.0E-4	8.8E-3
5	3.8E-5	4.4E-3	2.3E-4	2.3E-4	5.2E-5	8.1E-4	9.0E-3
5.5	4.0E-5	-	-	2.7E-4	5.4E-5	8.2E-4	9.3E-3
6	4.2E-5	4.9E-3	3.7E-4	3.1E-4	5.7E-5	8.3E-4	9.6E-3
6.5	4.4E-5	-	-	3.4E-4	5.9E-5	8.4E-4	9.9E-3
7	4.6E-5	5.3E-3	5.1E-4	3.8E-4	6.2E-5	8.4E-4	1.0E-2
7.5	4.8E-5	-	-	4.3E-4	6.4E-5	8.5E-4	1.1E-2
8	5.0E-5	5.7E-3	6.4E-4	4.7E-4	6.6E-5	8.6E-4	1.1E-2
8.5	5.2E-5	-	-	5.2E-4	6.9E-5	8.7E-4	1.1E-2
9	5.4E-5	6.2E-3	7.9E-4	5.8E-4	7.1E-5	8.8E-4	1.2E-2
9.5	5.6E-5	-	-	6.4E-4	7.3E-5	8.9E-4	1.2E-2
10	5.8E-5	6.6E-3	9.7E-4	7.0E-4	7.5E-5	8.9E-4	1.2E-2
11	6.2E-5	7.1E-3	1.2E-3	8.6E-4	7.9E-5	9.1E-4	1.3E-2
12	6.5E-5	7.5E-3	1.4E-3	1.0E-3	8.2E-5	9.2E-4	1.4E-2
13	6.8E-5	8.0E-3	1.8E-3	1.3E-3	8.6E-5	9.3E-4	1.5E-2
14	7.1E-5	8.5E-3	2.1E-3	1.5E-3	8.9E-5	9.4E-4	1.5E-2
15	7.3E-5	8.9E-3	2.6E-3	1.9E-3	9.1E-5	9.5E-4	1.6E-2
16	7.6E-5	9.4E-3	3.2E-3	2.2E-3	9.4E-5	9.6E-4	1.7E-2
17	7.8E-5	9.9E-3	3.8E-3	2.7E-3	9.6E-5	9.7E-4	1.8E-2
18	8.0E-5	1.0E-2	4.6E-3	3.2E-3	9.8E-5	9.8E-4	1.9E-2
19	8.2E-5	1.1E-2	5.6E-3	3.8E-3	9.9E-5	9.9E-4	2.0E-2
20	8.3E-5	1.1E-2	6.7E-3	4.5E-3	1.0E-4	9.9E-4	2.1E-2
21	8.5E-5	1.2E-2	8.0E-3	5.4E-3	1.0E-4	1.0E-3	2.1E-2
22	8.6E-5	1.2E-2	9.5E-3	6.3E-3	1.0E-4	1.0E-3	2.2E-2
23	8.7E-5	1.3E-2	1.1E-2	7.3E-3	1.1E-4	1.0E-3	2.3E-2
24	8.9E-5	1.3E-2	1.3E-2	8.4E-3	1.1E-4	1.0E-3	2.4E-2
25	9.0E-5	1.3E-2	1.5E-2	9.6E-3	1.1E-4	1.0E-3	2.5E-2
26	9.1E-5	1.4E-2	1.8E-2	1.1E-2	1.1E-4	1.0E-3	2.6E-2
27	9.2E-5	1.4E-2	2.0E-2	1.2E-2	1.1E-4	1.0E-3	2.7E-2
28	9.3E-5	1.5E-2	2.3E-2	1.4E-2	1.1E-4	1.0E-3	2.7E-2
29	9.4E-5	1.5E-2	2.6E-2	1.5E-2	1.1E-4	1.0E-3	2.8E-2
30	9.4E-5	1.5E-2	2.9E-2	1.6E-2	1.1E-4	1.0E-3	2.9E-2
31	9.5E-5	1.6E-2	3.2E-2	1.8E-2	1.1E-4	1.0E-3	3.0E-2
32	9.6E-5	1.6E-2	3.5E-2	1.9E-2	1.1E-4	1.0E-3	3.0E-2
33	9.7E-5	1.7E-2	3.8E-2	2.0E-2	1.1E-4	1.0E-3	3.1E-2
34	9.8E-5	1.7E-2	4.1E-2	2.1E-2	1.2E-4	1.0E-3	3.2E-2
35	9.9E-5	1.7E-2	4.3E-2	2.2E-2	1.2E-4	1.0E-3	3.2E-2
36	9.9E-5	1.8E-2	4.6E-2	2.3E-2	1.2E-4	1.1E-3	3.3E-2
37	1.0E-4	1.8E-2	4.8E-2	2.4E-2	1.2E-4	1.1E-3	3.3E-2
38	1.0E-4	1.8E-2	5.0E-2	2.5E-2	1.2E-4	1.1E-3	3.4E-2
39	1.0E-4	1.8E-2	5.2E-2	2.6E-2	1.2E-4	1.1E-3	3.4E-2
40	1.0E-4	1.9E-2	5.4E-2	2.6E-2	1.2E-4	1.1E-3	3.5E-2
41	1.0E-4	1.9E-2	5.6E-2	2.7E-2	1.2E-4	1.1E-3	3.5E-2
42	1.0E-4	1.9E-2	5.7E-2	2.8E-2	1.2E-4	1.1E-3	3.6E-2
43	1.0E-4	2.0E-2	5.8E-2	2.8E-2	1.2E-4	1.1E-3	3.6E-2
44	1.1E-4	2.0E-2	5.9E-2	2.9E-2	1.2E-4	1.1E-3	3.6E-2
45	1.1E-4	2.0E-2	6.1E-2	2.9E-2	1.3E-4	1.1E-3	3.7E-2
46	1.1E-4	2.0E-2	6.2E-2	3.0E-2	1.3E-4	1.1E-3	3.7E-2
47	1.1E-4	2.1E-2	6.2E-2	3.0E-2	1.3E-4	1.1E-3	3.7E-2
48	1.1E-4	2.1E-2	6.3E-2	3.0E-2	1.3E-4	1.1E-3	3.8E-2
49	1.1E-4	2.1E-2	6.4E-2	3.1E-2	1.3E-4	1.1E-3	3.8E-2
50	1.1E-4	2.1E-2	6.5E-2	3.1E-2	1.3E-4	1.1E-3	3.8E-2
51	1.1E-4	2.2E-2	6.6E-2	3.1E-2	1.3E-4	1.1E-3	3.8E-2
52	1.1E-4	2.2E-2	6.6E-2	3.2E-2	1.3E-4	1.1E-3	3.8E-2
53	1.1E-4	2.2E-2	6.7E-2	3.2E-2	1.3E-4	1.1E-3	3.9E-2
54	1.1E-4	2.2E-2	6.8E-2	3.2E-2	1.3E-4	1.1E-3	3.9E-2
55	1.1E-4	2.3E-2	6.8E-2	3.3E-2	1.3E-4	1.1E-3	3.9E-2
56	1.1E-4	2.3E-2	6.9E-2	3.3E-2	1.4E-4	1.1E-3	3.9E-2
57	1.2E-4	2.3E-2	7.0E-2	3.3E-2	1.4E-4	1.1E-3	3.9E-2
58	1.2E-4	2.3E-2	7.0E-2	3.4E-2	1.4E-4	1.1E-3	3.9E-2
59	1.2E-4	2.4E-2	7.1E-2	3.4E-2	1.4E-4	1.1E-3	4.0E-2
60	1.2E-4	2.4E-2	7.1E-2	3.4E-2	1.4E-4	1.1E-3	4.0E-2
61	1.2E-4	2.4E-2	7.2E-2	3.5E-2	1.4E-4	1.1E-3	4.0E-2
62	1.2E-4	2.4E-2	7.3E-2	3.5E-2	1.4E-4	1.1E-3	4.0E-2
63	1.2E-4	2.4E-2	7.3E-2	3.5E-2	1.4E-4	1.1E-3	4.0E-2
64	1.2E-4	2.5E-2	7.4E-2	3.6E-2	1.4E-4	1.1E-3	4.0E-2
65	1.2E-4	2.5E-2	7.5E-2	3.6E-2	1.4E-4	1.1E-3	4.0E-2
66	1.2E-4	2.5E-2	7.5E-2	3.6E-2	1.4E-4	1.1E-3	4.0E-2
67	1.2E-4	2.5E-2	7.6E-2	3.7E-2	1.5E-4	1.1E-3	4.0E-2
68	1.2E-4	2.6E-2	7.6E-2	3.7E-2	1.5E-4	1.1E-3	4.0E-2
69	1.2E-4	2.6E-2	7.7E-2	3.7E-2	1.5E-4	1.1E-3	4.0E-2
70	1.3E-4	2.6E-2	7.8E-2	3.8E-2	1.5E-4	1.1E-3	4.0E-2
71	1.3E-4	2.6E-2	7.8E-2	3.8E-2	1.5E-4	1.1E-3	4.1E-2
72	1.3E-4	2.6E-2	7.9E-2	3.8E-2	1.5E-4	1.1E-3	4.1E-2
73	1.3E-4	2.7E-2	8.0E-2	3.9E-2	1.5E-4	1.1E-3	4.1E-2
74	1.3E-4	2.7E-2	8.0E-2	3.9E-2	1.5E-4	1.1E-3	4.1E-2
75	1.3E-4	2.7E-2	8.1E-2	3.9E-2	1.5E-4	1.1E-3	4.1E-2
76	1.3E-4	2.7E-2	8.1E-2	4.0E-2	1.6E-4	1.1E-3	4.1E-2
77	1.3E-4	2.8E-2	8.2E-2	4.0E-2	1.6E-4	1.1E-3	4.1E-2
78	1.3E-4	2.8E-2	8.3E-2	4.0E-2	1.6E-4	1.1E-3	4.1E-2
79	1.3E-4	2.8E-2	8.3E-2	4.1E-2	1.6E-4	1.1E-3	4.1E-2
80	1.3E-4	2.8E-2	8.4E-2	4.1E-2	1.6E-4	1.1E-3	4.1E-2
81	1.3E-4	2.8E-2	8.5E-2	4.1E-2	1.6E-4	1.1E-3	4.1E-2
82	1.4E-4	2.9E-2	8.5E-2	4.2E-2	1.6E-4	1.1E-3	4.1E-2
83	1.4E-4	2.9E-2	8.6E-2	4.2E-2	1.6E-4	1.1E-3	4.1E-2
84	1.4E-4	2.9E-2	8.7E-2	4.2E-2	1.6E-4	1.1E-3	4.1E-2
85	1.4E-4	2.9E-2	8.8E-2	4.3E-2	1.6E-4	1.1E-3	4.1E-2
86	1.4E-4	3.0E-2	8.8E-2	4.3E-2	1.7E-4	1.1E-3	4.1E-2
87	1.4E-4	3.0E-2	8.9E-2	4.3E-2	1.7E-4	1.1E-3	4.1E-2
88	1.4E-4	3.0E-2	9.0E-2	4.4E-2	1.7E-4	1.1E-3	4.1E-2
89	1.4E-4	3.0E-2	9.0E-2	4.4E-2	1.7E-4	1.1E-3	4.1E-2
90	1.4E-4	3.0E-2	9.1E-2	4.4E-2	1.7E-4	1.1E-3	4.1E-2
91	1.4E-4	3.1E-2	9.2E-2	4.5E-2	1.7E-4	1.2E-3	4.1E-2
92	1.4E-4	3.1E-2	9.3E-2	4.5E-2	1.7E-4	1.2E-3	4.1E-2
93	1.4E-4	3.1E-2	9.3E-2	4.6E-2	1.7E-4	1.2E-3	4.1E-2
94	1.5E-4	3.1E-2	9.4E-2	4.6E-2	1.8E-4	1.2E-3	4.1E-2
95	1.5E-4	3.2E-2	9.5E-2	4.6E-2	1.8E-4	1.2E-3	4.1E-2
96	1.5E-4	3.2E-2	9.6E-2	4.7E-2	1.8E-4	1.2E-3	4.1E-2
97	1.5E-4	3.2E-2	9.6E-2	4.7E-2	1.8E-4	1.2E-3	4.1E-2
98	1.5E-4	3.2E-2	9.7E-2	4.7E-2	1.8E-4	1.2E-3	4.1E-2
99	1.5E-4	3.3E-2	9.8E-2	4.8E-2	1.8E-4	1.2E-3	4.1E-2
100	1.5E-4	3.3E-2	9.9E-2	4.8E-2	1.8E-4	1.2E-3	4.1E-2
110	1.6E-4	3.5E-2	1.1E-1	5.2E-2	2.0E-4	1.2E-3	4.2E-2
120	1.7E-4	3.8E-2	1.2E-1	5.6E-2	2.1E-4	1.2E-3	4.2E-2
130	1.8E-4	4.1E-2	1.3E-1	6.1E-2	2.2E-4	1.2E-3	4.2E-2
140	1.9E-4	4.4E-2	1.4E-1	6.5E-2	2.4E-4	1.2E-3	4.2E-2
150	2.0E-4	4.7E-2	1.5E-1	7.0E-2	2.6E-4	1.2E-3	4.2E-2
160	2.1E-4	5.0E-2	1.6E-1	7.5E-2	2.7E-4	1.3E-3	4.2E-2
170	2.3E-4	5.4E-2	1.7E-1	8.1E-2	2.9E-4	1.3E-3	4.2E-2
180	2.4E-4	5.7E-2	1.9E-1	8.7E-2	3.1E-4	1.3E-3	4.2E-2
190	2.5E-4	6.1E-2	2.0E-1	9.3E-2	3.3E-4	1.3E-3	4.2E-2
200	2.7E-4	6.5E-2	2.2E-1	1.0E-1	3.6E-4	1.3E-3	4.2E-2
210	2.8E-4	7.0E-2	2.4E-1	1.1E-1	3.8E-4	1.3E-3	4.2E-2
220	3.0E-4	7.5E-2	2.6E-1	1.1E-1	4.1E-4	1.3E-3	4.3E-2
230	3.1E-4	8.0E-2	2.8E-1	1.2E-1	4.3E-4	1.4E-3	4.3E-2
240	3.3E-4	8.5E-2	3.0E-1	1.3E-1	4.6E-4	1.4E-3	4.3E-2
250	3.4E-4	9.1E-2	3.3E-1	1.4E-1	4.9E-4	1.4E-3	4.3E-2
260	3.6E-4	9.7E-2	3.5E-1	1.5E-1	5.3E-4	1.4E-3	4.3E-2
270	3.8E-4	1.0E-1	3.8E-1	1.6E-1	5.6E-4	1.4E-3	4.3E-2
280	3.9E-4	1.1E-1	4.1E-1	1.7E-1	6.0E-4	1.4E-3	4.3E-2
290	4.1E-4	1.2E-1	4.5E-1	1.8E-1	6.4E-4	1.4E-3	4.3E-2
300	4.3E-4	1.2E-1	4.9E-1	1.9E-1	6.8E-4	1.4E-3	4.3E-2
310	4.5E-4	1.3E-1	5.3E-1	2.0E-1	7.2E-4	1.4E-3	4.3E-2
320	4.7E-4	1.4E-1	5.7E-1	2.1E-1	7.7E-4	1.4E-3	4.3E-2
330	4.9E-4	1.5E-1	6.2E-1	2.2E-1	8.2E-4	1.5E-3	4.3E-2
340	5.1E-4	1.6E-1	6.7E-1	2.3E-1	8.7E-4	1.5E-3	4.3E-2
350	5.3E-4	1.7E-1	7.2E-1	2.5E-1	9.3E-4	1.5E-3	4.3E-2
360	5.5E-4	1.8E-1	7.8E-1	2.6E-1	9.9E-4	1.5E-3	4.3E-2
365	5.6E-4	1.9E-1	8.1E-1	2.7E-1	1.0E-3	1.5E-3	4.3E-2
370	5.7E-4	1.9E-1	8.5E-1	2.7E-1	1.1E-3	1.5E-3	4.3E-2
380	5.9E-4	2.0E-1	9.2E-1	2.9E-1	1.1E-3	1.5E-3	4.4E-2
390	6.1E-4	2.2E-1	9.9E-1	3.0E-1	1.2E-3	1.5E-3	4.4E-2
400	6.3E-4	2.3E-1	1.1E+0	3.1E-1	1.3E-3	1.5E-3	4.4E-2
410	6.5E-4	2.4E-1	1.2E+0	3.3E-1	1.3E-3	1.5E-3	4.4E-2
420	6.8E-4	2.6E-1	1.3E+0	3.4E-1	1.4E-3	1.5E-3	4.4E-2
430	7.0E-4	2.7E-1	1.4E+0	3.5E-1	1.5E-3	1.5E-3	4.4E-2
440	7.2E-4	2.9E-1	1.5E+0	3.7E-1	1.6E-3	1.5E-3	4.4E-2
450	7.4E-4	3.1E-1	1.6E+0	3.8E-1	1.7E-3	1.5E-3	4.4E-2
460	7.6E-4	3.2E-1	1.7E+0	4.0E-1	1.8E-3	1.5E-3	4.4E-2
470	7.8E-4	3.4E-1	1.9E+0	4.1E-1	1.9E-3	1.5E-3	4.4E-2
480	8.0E-4	3.6E-1	2.0E+0	4.2E-1	2.1E-3	1.6E-3	4.4E-2
490	8.2E-4	3.8E-1	2.2E+0	4.4E-1	2.2E-3	1.6E-3	4.4E-2
500	8.4E-4	4.1E-1	2.4E+0	4.5E-1	2.3E-3	1.6E-3	4.4E-2
510	8.6E-4	4.3E-1	2.6E+0	4.6E-1	2.5E-3	1.6E-3	4.4E-2
520	8.8E-4	4.5E-1	2.8E+0	4.7E-1	2.6E-3	1.6E-3	4.5E-2
530	9.0E-4	4.8E-1	3.0E+0	4.9E-1	2.8E-3	1.6E-3	4.5E-2
540	9.2E-4	5.1E-1	3.3E+0	5.0E-1	2.9E-3	1.6E-3	4.5E-2
550	9.4E-4	5.3E-1	3.5E+0	5.1E-1	3.1E-3	1.6E-3	4.5E-2
560	9.6E-4	5.6E-1	3.8E+0	5.2E-1	3.3E-3	1.6E-3	4.5E-2
570	9.8E-4	5.9E-1	4.1E+0	5.3E-1	3.5E-3	1.6E-3	4.5E-2
580	1.0E-3	6.3E-1	4.5E+0	5.4E-1	3.7E-3	1.6E-3	4.5E-2
590	1.0E-3	6.6E-1	4.8E+0	5.5E-1	3.9E-3	1.6E-3	4.5E-2
600	1.0E-3	6.9E-1	5.2E+0	5.6E-1	4.1E-3	1.6E-3	4.5E-2
610	1.1E-3	7.3E-1	5.6E+0	5.7E-1	4.4E-3	1.6E-3	4.5E-2
620	1.1E-3	7.7E-1	6.1E+0	5.8E-1	4.6E-3	1.6E-3	4.5E-2
630	1.1E-3	8.1E-1	6.6E+0	5.9E-1	4.9E-3	1.6E-3	4.5E-2
640	1.1E-3	8.5E-1	7.1E+0	5.9E-1	5.2E-3	1.6E-3	4.5E-2
650	1.1E-3	8.9E-1	7.7E+0	6.0E-1	5.5E-3	1.6E-3	4.5E-2
660	1.1E-3	9.3E-1	8.4E+0	6.1E-1	5.8E-3	1.6E-3	4.6E-2
670	1.1E-3	9.8E-1	9.0E+0	6.2E-1	6.2E-3	1.7E-3	4.6E-2
680	1.2E-3	1.0E+0	9.8E+0	6.2E-1	6.5E-3	1.7E-3	4.6E-2
690	1.2E-3	1.1E+0	1.1E+1	6.3E-1	6.9E-3	1.7E-3	4.6E-2
700	1.2E-3	1.1E+0	1.1E+1	6.3E-1	7.3E-3	1.7E-3	4.6E-2
710	1.2E-3	1.2E+0	1.2E+1	6.4E-1	7.7E-3	1.7E-3	4.6E-2
720	1.2E-3	1.2E+0	1.3E+1	6.5E-1	8.1E-3	1.7E-3	4.6E-2
730	1.2E-3	1.3E+0	1.4E+1	6.5E-1	8.6E-3	1.7E-3	4.6E-2
740	1.2E-3	1.4E+0	1.6E+1	6.5E-1	9.1E-3	1.7E-3	4.6E-2
750	1.3E-3	1.4E+0	1.7E+1	6.6E-1	9.6E-3	1.7E-3	4.6E-2
760	1.3E-3	1.5E+0	1.8E+1	6.6E-1	1.0E-2	1.7E-3	4.6E-2
770	1.3E-3	1.5E+0	2.0E+1	6.7E-1	1.1E-2	1.7E-3	4.6E-2
780	1.3E-3	1.6E+0	2.1E+1	6.7E-1	1.1E-2	1.7E-3	4.7E-2
790	1.3E-3	1.7E+0	2.3E+1	6.7E-1	1.2E-2	1.7E-3	4.7E-2
800	1.3E-3	1.7E+0	2.5E+1	6.8E-1	1.3E-2	1.7E-3	4.7E-2
810	1.3E-3	1.8E+0	2.7E+1	6.8E-1	1.3E-2	1.7E-3	4.7E-2
820	1.3E-3	1.9E+0	2.9E+1	6.8E-1	1.4E-2	1.7E-3	4.7E-2
830	1.3E-3	2.0E+0	3.1E+1	6.8E-1	1.5E-2	1.7E-3	4.7E-2
840	1.4E-3	2.0E+0	3.3E+1	6.9E-1	1.6E-2	1.7E-3	4.7E-2
850	1.4E-3	2.1E+0	3.6E+1	6.9E-1	1.6E-2	1.7E-3	4.7E-2
860	1.4E-3	2.2E+0	3.9E+1	6.9E-1	1.7E-2	1.7E-3	4.7E-2
870	1.4E-3	2.3E+0	4.2E+1	6.9E-1	1.8E-2	1.8E-3	4.7E-2
880	1.4E-3	2.4E+0	4.5E+1	7.0E-1	1.9E-2	1.8E-3	4.7E-2
890	1.4E-3	2.4E+0	4.9E+1	7.0E-1	2.0E-2	1.8E-3	4.7E-2
900	1.4E-3	2.5E+0	5.2E+1	7.0E-1	2.2E-2	1.8E-3	4.8E-2
910	1.4E-3	2.6E+0	5.6E+1	7.0E-1	2.3E-2	1.8E-3	4.8E-2
920	1.4E-3	2.7E+0	6.1E+1	7.0E-1	2.4E-2	1.8E-3	4.8E-2
930	1.4E-3	2.8E+0	6.5E+1	7.0E-1	2.5E-2	1.8E-3	4.8E-2
940	1.4E-3	2.9E+0	7.0E+1	7.0E-1	2.7E-2	1.8E-3	4.8E-2
950	1.4E-3	3.0E+0	7.5E+1	7.1E-1	2.8E-2	1.8E-3	4.8E-2
960	1.4E-3	3.1E+0	8.1E+1	7.1E-1	2.9E-2	1.8E-3	4.8E-2
970	1.5E-3	3.1E+0	8.7E+1	7.1E-1	3.1E-2	1.8E-3	4.8E-2
980	1.5E-3	3.2E+0	9.3E+1	7.1E-1	3.3E-2	1.8E-3	4.8E-2
990	1.5E-3	3.3E+0	1.0E+2	7.1E-1	3.4E-2	1.8E-3	4.8E-2
1000	1.5E-3	3.4E+0	1.1E+2	7.1E-1	3.6E-2	1.8E-3	4.8E-2
1010	1.5E-3	3.5E+0	1.1E+2	7.1E-1	3.8E-2	1.8E-3	4.8E-2
1020	1.5E-3	3.6E+0	1.2E+2	7.1E-1	4.0E-2	1.8E-3	4.9E-2
1030	1.5E-3	3.7E+0	1.3E+2	7.1E-1	4.2E-2	1.8E-3	4.9E-2
1040	1.5E-3	3.8E+0	1.4E+2	7.1E-1	4.5E-2	1.8E-3	4.9E-2
1050	1.5E-3	3.9E+0	1.5E+2	7.1E-1	4.7E-2	1.8E-3	4.9E-2
1060	1.5E-3	4.0E+0	1.6E+2	7.1E-1	4.9E-2	1.8E-3	4.9E-2
1070	1.5E-3	4.1E+0	1.7E+2	7.2E-1	5.2E-2	1.8E-3	4.9E-2
1080	1.5E-3	4.2E+0	1.8E+2	7.2E-1	5.5E-2	1.9E-3	4.9E-2
1090	1.5E-3	4.3E+0	1.9E+2	7.2E-1	5.7E-2	1.9E-3	4.9E-2
1095	1.5E-3	4.3E+0	2.0E+2	7.2E-1	5.9E-2	1.9E-3	4.9E-2
1100	1.5E-3	4.4E+0	2.1E+2	7.2E-1	6.0E-2	1.9E-3	4.9E-2
1200	1.6E-3	5.3E+0	3.6E+2	7.2E-1	9.9E-2	1.9E-3	5.0E-2
1300	1.6E-3	6.1E+0	5.7E+2	7.2E-1	1.6E-1	2.0E-3	5.1E-2
1400	1.7E-3	6.8E+0	7.8E+2	7.2E-1	2.5E-1	2.0E-3	5.2E-2
1500	1.7E-3	7.4E+0	9.7E+2	7.3E-1	3.8E-1	2.1E-3	5.3E-2
1600	1.8E-3	7.9E+0	1.1E+3	7.3E-1	5.4E-1	2.1E-3	5.4E-2
1700	1.8E-3	8.4E+0	1.2E+3	7.3E-1	7.4E-1	2.2E-3	5.5E-2
1800	1.8E-3	8.8E+0	1.3E+3	7.3E-1	9.5E-1	2.2E-3	5.6E-2
1900	1.9E-3	9.2E+0	1.4E+3	7.3E-1	1.1E+0	2.3E-3	5.7E-2
2000	1.9E-3	9.6E+0	1.4E+3	7.3E-1	1.3E+0	2.3E-3	5.8E-2
2100	2.0E-3	1.0E+1	1.5E+3	7.3E-1	1.4E+0	2.4E-3	5.9E-2
2200	2.0E-3	1.0E+1	1.6E+3	7.3E-1	1.5E+0	2.4E-3	6.0E-2
2300	2.0E-3	1.1E+1	1.6E+3	7.4E-1	1.6E+0	2.5E-3	6.1E-2
2400	2.1E-3	1.1E+1	1.7E+3	7.4E-1	1.6E+0	2.5E-3	6.2E-2
2500	2.1E-3	1.2E+1	1.8E+3	7.4E-1	1.6E+0	2.6E-3	6.3E-2
2600	2.1E-3	1.2E+1	1.8E+3	7.4E-1	1.7E+0	2.6E-3	6.5E-2
2700	2.2E-3	1.3E+1	1.9E+3	7.4E-1	1.7E+0	2.7E-3	6.6E-2
2800	2.2E-3	1.3E+1	2.0E+3	7.4E-1	1.7E+0	2.7E-3	6.7E-2
2900	2.3E-3	1.3E+1	2.0E+3	7.4E-1	1.7E+0	2.8E-3	6.8E-2
3000	2.3E-3	1.4E+1	2.1E+3	7.4E-1	1.7E+0	2.9E-3	7.0E-2
3100	2.3E-3	1.4E+1	2.2E+3	7.4E-1	1.7E+0	2.9E-3	7.1E-2
3200	2.4E-3	1.5E+1	2.3E+3	7.5E-1	1.7E+0	3.0E-3	7.2E-2
3300	2.4E-3	1.5E+1	2.3E+3	7.5E-1	1.7E+0	3.0E-3	7.3E-2
3400	2.4E-3	1.6E+1	2.4E+3	7.5E-1	1.7E+0	3.1E-3	7.5E-2
3500	2.5E-3	1.7E+1	2.5E+3	7.5E-1	1.7E+0	3.1E-3	7.6E-2
3600	2.5E-3	1.7E+1	2.6E+3	7.5E-1	1.7E+0	3.2E-3	7.8E-2
3650	2.5E-3	1.7E+1	2.6E+3	7.5E-1	1.7E+0	3.2E-3	7.8E-2
4000	2.7E-3	1.9E+1	2.9E+3	7.6E-1	1.7E+0	3.4E-3	8.4E-2
5000	3.0E-3	2.6E+1	3.9E+3	7.7E-1	1.7E+0	4.0E-3	1.0E-1
6000	3.4E-3	3.3E+1	5.0E+3	7.8E-1	1.8E+0	4.5E-3	1.2E-1
7000	3.7E-3	4.1E+1	6.2E+3	8.0E-1	1.8E+0	5.0E-3	1.5E-1
8000	4.1E-3	5.0E+1	7.5E+3	8.1E-1	1.8E+0	5.6E-3	1.7E-1
9000	4.4E-3	5.8E+1	8.8E+3	8.2E-1	1.9E+0	6.2E-3	2.1E-1
10000	4.7E-3	6.6E+1	1.0E+4	8.4E-1	1.9E+0	6.8E-3	2.5E-1
11000	5.1E-3	7.5E+1	1.1E+4	8.5E-1	1.9E+0	7.4E-3	3.0E-1
12000	5.4E-3	8.3E+1	1.3E+4	8.7E-1	2.0E+0	8.0E-3	3.7E-1
13000	5.8E-3	9.2E+1	1.4E+4	8.9E-1	2.0E+0	8.7E-3	4.4E-1
14000	6.1E-3	1.0E+2	1.5E+4	9.0E-1	2.1E+0	9.5E-3	5.3E-1
15000	6.5E-3	1.1E+2	1.6E+4	9.2E-1	2.1E+0	1.0E-2	6.3E-1
16000	6.9E-3	1.2E+2	1.8E+4	9.4E-1	2.1E+0	1.1E-2	7.6E-1
17000	7.3E-3	1.3E+2	1.9E+4	9.5E-1	2.2E+0	1.2E-2	9.1E-1
18000	7.8E-3	1.4E+2	2.1E+4	9.7E-1	2.2E+0	1.3E-2	1.1E+0
18250	7.9E-3	1.4E+2	2.1E+4	9.8E-1	2.2E+0	1.3E-2	1.1E+0
Radionuclide	U-235
Route of Intake	Inhalation
Material	Aerosols Type M, Uranyl acetylacetonate; depleted uranium aerosols from use of kinetic energy penetrators; vaporised uranium metal; all unspecified forms, fA=4E-3
AMTD/AMAD, µm	0.01

Committed Effective Dose per Predicted Content in an Organ or Excreta Sample (Dose per Content Functions z(t)), Sv/Bq
Time, days	Whole Body	Urine (24-hour sample)	Faeces (24-hour sample)	Alimentary Tract*	Lungs*	Skeleton*	Liver*
0.041667	1.3E-5	-	-	1.5E-4	1.7E-5	7.7E-3	1.2E-2
0.083333	1.3E-5	-	-	1.2E-4	1.8E-5	3.7E-3	9.0E-3
0.125	1.3E-5	-	-	1.1E-4	1.8E-5	2.5E-3	8.0E-3
0.25	1.4E-5	-	-	8.7E-5	1.9E-5	1.3E-3	6.7E-3
0.375	1.4E-5	-	-	7.7E-5	2.0E-5	9.6E-4	6.1E-3
0.5	1.4E-5	-	-	7.2E-5	2.1E-5	8.0E-4	5.9E-3
0.625	1.4E-5	-	-	6.9E-5	2.1E-5	7.1E-4	5.7E-3
0.75	1.5E-5	-	-	6.7E-5	2.2E-5	6.6E-4	5.6E-3
0.875	1.5E-5	-	-	6.7E-5	2.2E-5	6.3E-4	5.6E-3
1	1.5E-5	1.4E-4	4.3E-4	6.8E-5	2.2E-5	6.2E-4	5.6E-3
1.125	1.6E-5	-	-	6.9E-5	2.3E-5	6.0E-4	5.6E-3
1.25	1.6E-5	-	-	7.2E-5	2.3E-5	6.0E-4	5.6E-3
1.375	1.6E-5	-	-	7.5E-5	2.3E-5	5.9E-4	5.6E-3
1.5	1.7E-5	-	-	7.9E-5	2.3E-5	5.9E-4	5.7E-3
1.625	1.7E-5	-	-	8.4E-5	2.3E-5	5.9E-4	5.7E-3
1.75	1.7E-5	-	-	9.0E-5	2.4E-5	5.9E-4	5.7E-3
1.875	1.8E-5	-	-	9.6E-5	2.4E-5	5.9E-4	5.8E-3
2	1.8E-5	9.5E-4	1.3E-4	1.0E-4	2.4E-5	5.9E-4	5.8E-3
2.25	1.9E-5	-	-	1.2E-4	2.4E-5	5.9E-4	5.9E-3
2.5	1.9E-5	-	-	1.4E-4	2.4E-5	6.0E-4	6.0E-3
2.75	2.0E-5	-	-	1.6E-4	2.5E-5	6.0E-4	6.1E-3
3	2.0E-5	2.5E-3	1.6E-4	1.9E-4	2.5E-5	6.0E-4	6.2E-3
3.25	2.1E-5	-	-	2.2E-4	2.5E-5	6.1E-4	6.3E-3
3.5	2.1E-5	-	-	2.5E-4	2.5E-5	6.1E-4	6.4E-3
3.75	2.2E-5	-	-	2.8E-4	2.6E-5	6.2E-4	6.5E-3
4	2.2E-5	2.9E-3	2.9E-4	3.1E-4	2.6E-5	6.2E-4	6.6E-3
4.25	2.2E-5	-	-	3.4E-4	2.6E-5	6.2E-4	6.7E-3
4.5	2.3E-5	-	-	3.7E-4	2.6E-5	6.3E-4	6.8E-3
4.75	2.3E-5	-	-	4.0E-4	2.7E-5	6.3E-4	6.9E-3
5	2.3E-5	3.1E-3	5.0E-4	4.3E-4	2.7E-5	6.3E-4	7.0E-3
5.5	2.4E-5	-	-	4.9E-4	2.7E-5	6.4E-4	7.2E-3
6	2.4E-5	3.3E-3	7.1E-4	5.4E-4	2.8E-5	6.4E-4	7.4E-3
6.5	2.5E-5	-	-	6.0E-4	2.8E-5	6.5E-4	7.6E-3
7	2.5E-5	3.5E-3	9.1E-4	6.6E-4	2.8E-5	6.6E-4	7.8E-3
7.5	2.5E-5	-	-	7.3E-4	2.9E-5	6.6E-4	8.1E-3
8	2.6E-5	3.7E-3	1.1E-3	8.0E-4	2.9E-5	6.6E-4	8.3E-3
8.5	2.6E-5	-	-	8.8E-4	2.9E-5	6.7E-4	8.5E-3
9	2.6E-5	3.9E-3	1.4E-3	9.6E-4	3.0E-5	6.7E-4	8.7E-3
9.5	2.7E-5	-	-	1.1E-3	3.0E-5	6.8E-4	8.9E-3
10	2.7E-5	4.0E-3	1.6E-3	1.2E-3	3.0E-5	6.8E-4	9.2E-3
11	2.7E-5	4.2E-3	2.0E-3	1.4E-3	3.1E-5	6.9E-4	9.6E-3
12	2.8E-5	4.4E-3	2.4E-3	1.6E-3	3.1E-5	6.9E-4	1.0E-2
13	2.8E-5	4.5E-3	2.8E-3	1.9E-3	3.2E-5	7.0E-4	1.1E-2
14	2.9E-5	4.7E-3	3.3E-3	2.2E-3	3.2E-5	7.0E-4	1.1E-2
15	2.9E-5	4.9E-3	3.9E-3	2.6E-3	3.2E-5	7.0E-4	1.1E-2
16	3.0E-5	5.0E-3	4.5E-3	3.0E-3	3.3E-5	7.0E-4	1.2E-2
17	3.0E-5	5.1E-3	5.2E-3	3.4E-3	3.3E-5	7.0E-4	1.2E-2
18	3.0E-5	5.3E-3	6.0E-3	3.8E-3	3.3E-5	7.1E-4	1.3E-2
19	3.1E-5	5.4E-3	6.8E-3	4.3E-3	3.4E-5	7.1E-4	1.3E-2
20	3.1E-5	5.5E-3	7.7E-3	4.7E-3	3.4E-5	7.1E-4	1.4E-2
21	3.1E-5	5.7E-3	8.6E-3	5.2E-3	3.4E-5	7.1E-4	1.4E-2
22	3.1E-5	5.8E-3	9.5E-3	5.6E-3	3.5E-5	7.1E-4	1.4E-2
23	3.2E-5	5.9E-3	1.0E-2	6.1E-3	3.5E-5	7.0E-4	1.5E-2
24	3.2E-5	6.0E-3	1.1E-2	6.5E-3	3.5E-5	7.0E-4	1.5E-2
25	3.2E-5	6.1E-3	1.2E-2	6.9E-3	3.5E-5	7.0E-4	1.5E-2
26	3.2E-5	6.2E-3	1.3E-2	7.2E-3	3.6E-5	7.0E-4	1.6E-2
27	3.3E-5	6.3E-3	1.4E-2	7.6E-3	3.6E-5	7.0E-4	1.6E-2
28	3.3E-5	6.4E-3	1.4E-2	7.9E-3	3.6E-5	7.0E-4	1.6E-2
29	3.3E-5	6.5E-3	1.5E-2	8.2E-3	3.6E-5	7.0E-4	1.7E-2
30	3.3E-5	6.6E-3	1.6E-2	8.4E-3	3.7E-5	7.0E-4	1.7E-2
31	3.4E-5	6.7E-3	1.6E-2	8.6E-3	3.7E-5	6.9E-4	1.7E-2
32	3.4E-5	6.8E-3	1.7E-2	8.8E-3	3.7E-5	6.9E-4	1.7E-2
33	3.4E-5	6.9E-3	1.7E-2	9.0E-3	3.7E-5	6.9E-4	1.8E-2
34	3.4E-5	7.0E-3	1.8E-2	9.2E-3	3.8E-5	6.9E-4	1.8E-2
35	3.5E-5	7.0E-3	1.8E-2	9.4E-3	3.8E-5	6.9E-4	1.8E-2
36	3.5E-5	7.1E-3	1.8E-2	9.5E-3	3.8E-5	6.9E-4	1.8E-2
37	3.5E-5	7.2E-3	1.9E-2	9.7E-3	3.8E-5	6.8E-4	1.8E-2
38	3.5E-5	7.3E-3	1.9E-2	9.8E-3	3.9E-5	6.8E-4	1.9E-2
39	3.6E-5	7.4E-3	1.9E-2	9.9E-3	3.9E-5	6.8E-4	1.9E-2
40	3.6E-5	7.4E-3	1.9E-2	1.0E-2	3.9E-5	6.8E-4	1.9E-2
41	3.6E-5	7.5E-3	2.0E-2	1.0E-2	4.0E-5	6.8E-4	1.9E-2
42	3.6E-5	7.6E-3	2.0E-2	1.0E-2	4.0E-5	6.8E-4	1.9E-2
43	3.7E-5	7.6E-3	2.0E-2	1.0E-2	4.0E-5	6.8E-4	1.9E-2
44	3.7E-5	7.7E-3	2.0E-2	1.0E-2	4.0E-5	6.7E-4	1.9E-2
45	3.7E-5	7.8E-3	2.0E-2	1.1E-2	4.1E-5	6.7E-4	1.9E-2
46	3.7E-5	7.8E-3	2.1E-2	1.1E-2	4.1E-5	6.7E-4	2.0E-2
47	3.7E-5	7.9E-3	2.1E-2	1.1E-2	4.1E-5	6.7E-4	2.0E-2
48	3.8E-5	8.0E-3	2.1E-2	1.1E-2	4.2E-5	6.7E-4	2.0E-2
49	3.8E-5	8.0E-3	2.1E-2	1.1E-2	4.2E-5	6.7E-4	2.0E-2
50	3.8E-5	8.1E-3	2.1E-2	1.1E-2	4.2E-5	6.7E-4	2.0E-2
51	3.8E-5	8.2E-3	2.2E-2	1.1E-2	4.2E-5	6.6E-4	2.0E-2
52	3.9E-5	8.2E-3	2.2E-2	1.1E-2	4.3E-5	6.6E-4	2.0E-2
53	3.9E-5	8.3E-3	2.2E-2	1.1E-2	4.3E-5	6.6E-4	2.0E-2
54	3.9E-5	8.4E-3	2.2E-2	1.1E-2	4.3E-5	6.6E-4	2.0E-2
55	3.9E-5	8.4E-3	2.2E-2	1.1E-2	4.4E-5	6.6E-4	2.0E-2
56	4.0E-5	8.5E-3	2.2E-2	1.2E-2	4.4E-5	6.6E-4	2.0E-2
57	4.0E-5	8.6E-3	2.3E-2	1.2E-2	4.4E-5	6.6E-4	2.0E-2
58	4.0E-5	8.6E-3	2.3E-2	1.2E-2	4.5E-5	6.6E-4	2.0E-2
59	4.1E-5	8.7E-3	2.3E-2	1.2E-2	4.5E-5	6.6E-4	2.0E-2
60	4.1E-5	8.8E-3	2.3E-2	1.2E-2	4.5E-5	6.6E-4	2.0E-2
61	4.1E-5	8.8E-3	2.3E-2	1.2E-2	4.5E-5	6.5E-4	2.0E-2
62	4.1E-5	8.9E-3	2.4E-2	1.2E-2	4.6E-5	6.5E-4	2.0E-2
63	4.2E-5	9.0E-3	2.4E-2	1.2E-2	4.6E-5	6.5E-4	2.0E-2
64	4.2E-5	9.0E-3	2.4E-2	1.2E-2	4.6E-5	6.5E-4	2.0E-2
65	4.2E-5	9.1E-3	2.4E-2	1.2E-2	4.7E-5	6.5E-4	2.0E-2
66	4.2E-5	9.1E-3	2.4E-2	1.3E-2	4.7E-5	6.5E-4	2.0E-2
67	4.3E-5	9.2E-3	2.5E-2	1.3E-2	4.7E-5	6.5E-4	2.0E-2
68	4.3E-5	9.3E-3	2.5E-2	1.3E-2	4.8E-5	6.5E-4	2.0E-2
69	4.3E-5	9.3E-3	2.5E-2	1.3E-2	4.8E-5	6.5E-4	2.0E-2
70	4.3E-5	9.4E-3	2.5E-2	1.3E-2	4.8E-5	6.5E-4	2.0E-2
71	4.4E-5	9.5E-3	2.5E-2	1.3E-2	4.9E-5	6.5E-4	2.0E-2
72	4.4E-5	9.5E-3	2.6E-2	1.3E-2	4.9E-5	6.5E-4	2.0E-2
73	4.4E-5	9.6E-3	2.6E-2	1.3E-2	4.9E-5	6.5E-4	2.0E-2
74	4.5E-5	9.7E-3	2.6E-2	1.3E-2	5.0E-5	6.4E-4	2.0E-2
75	4.5E-5	9.7E-3	2.6E-2	1.3E-2	5.0E-5	6.4E-4	2.0E-2
76	4.5E-5	9.8E-3	2.6E-2	1.4E-2	5.0E-5	6.4E-4	2.0E-2
77	4.5E-5	9.9E-3	2.7E-2	1.4E-2	5.1E-5	6.4E-4	2.0E-2
78	4.6E-5	9.9E-3	2.7E-2	1.4E-2	5.1E-5	6.4E-4	2.0E-2
79	4.6E-5	1.0E-2	2.7E-2	1.4E-2	5.1E-5	6.4E-4	2.0E-2
80	4.6E-5	1.0E-2	2.7E-2	1.4E-2	5.2E-5	6.4E-4	2.1E-2
81	4.7E-5	1.0E-2	2.7E-2	1.4E-2	5.2E-5	6.4E-4	2.1E-2
82	4.7E-5	1.0E-2	2.8E-2	1.4E-2	5.2E-5	6.4E-4	2.1E-2
83	4.7E-5	1.0E-2	2.8E-2	1.4E-2	5.3E-5	6.4E-4	2.1E-2
84	4.7E-5	1.0E-2	2.8E-2	1.4E-2	5.3E-5	6.4E-4	2.1E-2
85	4.8E-5	1.0E-2	2.8E-2	1.5E-2	5.4E-5	6.4E-4	2.1E-2
86	4.8E-5	1.1E-2	2.9E-2	1.5E-2	5.4E-5	6.4E-4	2.1E-2
87	4.8E-5	1.1E-2	2.9E-2	1.5E-2	5.4E-5	6.4E-4	2.1E-2
88	4.9E-5	1.1E-2	2.9E-2	1.5E-2	5.5E-5	6.4E-4	2.1E-2
89	4.9E-5	1.1E-2	2.9E-2	1.5E-2	5.5E-5	6.4E-4	2.1E-2
90	4.9E-5	1.1E-2	2.9E-2	1.5E-2	5.5E-5	6.4E-4	2.1E-2
91	5.0E-5	1.1E-2	3.0E-2	1.5E-2	5.6E-5	6.4E-4	2.1E-2
92	5.0E-5	1.1E-2	3.0E-2	1.5E-2	5.6E-5	6.4E-4	2.1E-2
93	5.0E-5	1.1E-2	3.0E-2	1.5E-2	5.7E-5	6.4E-4	2.1E-2
94	5.0E-5	1.1E-2	3.0E-2	1.6E-2	5.7E-5	6.4E-4	2.1E-2
95	5.1E-5	1.1E-2	3.1E-2	1.6E-2	5.7E-5	6.4E-4	2.1E-2
96	5.1E-5	1.1E-2	3.1E-2	1.6E-2	5.8E-5	6.4E-4	2.1E-2
97	5.1E-5	1.1E-2	3.1E-2	1.6E-2	5.8E-5	6.4E-4	2.1E-2
98	5.2E-5	1.1E-2	3.1E-2	1.6E-2	5.9E-5	6.4E-4	2.1E-2
99	5.2E-5	1.1E-2	3.2E-2	1.6E-2	5.9E-5	6.4E-4	2.1E-2
100	5.2E-5	1.2E-2	3.2E-2	1.6E-2	5.9E-5	6.4E-4	2.1E-2
110	5.6E-5	1.2E-2	3.5E-2	1.8E-2	6.3E-5	6.3E-4	2.1E-2
120	5.9E-5	1.3E-2	3.7E-2	1.9E-2	6.8E-5	6.3E-4	2.1E-2
130	6.3E-5	1.4E-2	4.1E-2	2.0E-2	7.3E-5	6.3E-4	2.1E-2
140	6.7E-5	1.5E-2	4.4E-2	2.2E-2	7.8E-5	6.4E-4	2.1E-2
150	7.1E-5	1.6E-2	4.8E-2	2.4E-2	8.3E-5	6.4E-4	2.1E-2
160	7.5E-5	1.7E-2	5.1E-2	2.6E-2	8.9E-5	6.4E-4	2.1E-2
170	8.0E-5	1.8E-2	5.6E-2	2.7E-2	9.5E-5	6.4E-4	2.1E-2
180	8.4E-5	1.9E-2	6.0E-2	3.0E-2	1.0E-4	6.5E-4	2.1E-2
190	8.9E-5	2.1E-2	6.5E-2	3.2E-2	1.1E-4	6.5E-4	2.1E-2
200	9.4E-5	2.2E-2	7.1E-2	3.4E-2	1.2E-4	6.5E-4	2.1E-2
210	1.0E-4	2.4E-2	7.7E-2	3.7E-2	1.2E-4	6.6E-4	2.1E-2
220	1.1E-4	2.5E-2	8.3E-2	3.9E-2	1.3E-4	6.6E-4	2.1E-2
230	1.1E-4	2.7E-2	9.0E-2	4.2E-2	1.4E-4	6.6E-4	2.1E-2
240	1.2E-4	2.9E-2	9.7E-2	4.5E-2	1.5E-4	6.7E-4	2.1E-2
250	1.2E-4	3.0E-2	1.1E-1	4.8E-2	1.6E-4	6.7E-4	2.1E-2
260	1.3E-4	3.2E-2	1.1E-1	5.2E-2	1.7E-4	6.7E-4	2.1E-2
270	1.4E-4	3.5E-2	1.2E-1	5.5E-2	1.8E-4	6.8E-4	2.1E-2
280	1.4E-4	3.7E-2	1.3E-1	5.9E-2	1.9E-4	6.8E-4	2.1E-2
290	1.5E-4	3.9E-2	1.5E-1	6.3E-2	2.1E-4	6.9E-4	2.1E-2
300	1.6E-4	4.2E-2	1.6E-1	6.7E-2	2.2E-4	6.9E-4	2.1E-2
310	1.7E-4	4.4E-2	1.7E-1	7.1E-2	2.4E-4	6.9E-4	2.1E-2
320	1.7E-4	4.7E-2	1.8E-1	7.6E-2	2.5E-4	7.0E-4	2.1E-2
330	1.8E-4	5.0E-2	2.0E-1	8.0E-2	2.7E-4	7.0E-4	2.1E-2
340	1.9E-4	5.3E-2	2.2E-1	8.5E-2	2.8E-4	7.0E-4	2.1E-2
350	2.0E-4	5.7E-2	2.3E-1	9.0E-2	3.0E-4	7.1E-4	2.1E-2
360	2.1E-4	6.0E-2	2.5E-1	9.6E-2	3.2E-4	7.1E-4	2.1E-2
365	2.1E-4	6.2E-2	2.6E-1	9.8E-2	3.3E-4	7.1E-4	2.1E-2
370	2.2E-4	6.4E-2	2.7E-1	1.0E-1	3.4E-4	7.2E-4	2.1E-2
380	2.3E-4	6.8E-2	3.0E-1	1.1E-1	3.6E-4	7.2E-4	2.1E-2
390	2.4E-4	7.2E-2	3.2E-1	1.1E-1	3.9E-4	7.2E-4	2.1E-2
400	2.5E-4	7.7E-2	3.5E-1	1.2E-1	4.1E-4	7.3E-4	2.1E-2
410	2.6E-4	8.1E-2	3.8E-1	1.2E-1	4.4E-4	7.3E-4	2.1E-2
420	2.7E-4	8.6E-2	4.1E-1	1.3E-1	4.7E-4	7.3E-4	2.1E-2
430	2.8E-4	9.1E-2	4.4E-1	1.4E-1	5.0E-4	7.4E-4	2.1E-2
440	2.9E-4	9.7E-2	4.8E-1	1.4E-1	5.3E-4	7.4E-4	2.1E-2
450	3.0E-4	1.0E-1	5.2E-1	1.5E-1	5.6E-4	7.4E-4	2.1E-2
460	3.1E-4	1.1E-1	5.6E-1	1.6E-1	5.9E-4	7.4E-4	2.2E-2
470	3.2E-4	1.2E-1	6.1E-1	1.6E-1	6.3E-4	7.5E-4	2.2E-2
480	3.3E-4	1.2E-1	6.6E-1	1.7E-1	6.7E-4	7.5E-4	2.2E-2
490	3.4E-4	1.3E-1	7.1E-1	1.8E-1	7.1E-4	7.5E-4	2.2E-2
500	3.5E-4	1.4E-1	7.7E-1	1.8E-1	7.5E-4	7.6E-4	2.2E-2
510	3.6E-4	1.5E-1	8.3E-1	1.9E-1	8.0E-4	7.6E-4	2.2E-2
520	3.7E-4	1.5E-1	9.0E-1	2.0E-1	8.5E-4	7.6E-4	2.2E-2
530	3.8E-4	1.6E-1	9.7E-1	2.0E-1	9.0E-4	7.6E-4	2.2E-2
540	3.9E-4	1.7E-1	1.1E+0	2.1E-1	9.5E-4	7.7E-4	2.2E-2
550	4.0E-4	1.8E-1	1.1E+0	2.2E-1	1.0E-3	7.7E-4	2.2E-2
560	4.1E-4	1.9E-1	1.2E+0	2.2E-1	1.1E-3	7.7E-4	2.2E-2
570	4.2E-4	2.0E-1	1.3E+0	2.3E-1	1.1E-3	7.8E-4	2.2E-2
580	4.3E-4	2.1E-1	1.4E+0	2.4E-1	1.2E-3	7.8E-4	2.2E-2
590	4.4E-4	2.3E-1	1.6E+0	2.4E-1	1.3E-3	7.8E-4	2.2E-2
600	4.5E-4	2.4E-1	1.7E+0	2.5E-1	1.4E-3	7.8E-4	2.2E-2
610	4.6E-4	2.5E-1	1.8E+0	2.5E-1	1.4E-3	7.9E-4	2.2E-2
620	4.7E-4	2.6E-1	2.0E+0	2.6E-1	1.5E-3	7.9E-4	2.2E-2
630	4.7E-4	2.8E-1	2.1E+0	2.6E-1	1.6E-3	7.9E-4	2.2E-2
640	4.8E-4	2.9E-1	2.3E+0	2.7E-1	1.7E-3	7.9E-4	2.2E-2
650	4.9E-4	3.1E-1	2.5E+0	2.7E-1	1.8E-3	8.0E-4	2.2E-2
660	5.0E-4	3.2E-1	2.7E+0	2.8E-1	1.9E-3	8.0E-4	2.2E-2
670	5.1E-4	3.4E-1	2.9E+0	2.8E-1	2.0E-3	8.0E-4	2.2E-2
680	5.2E-4	3.6E-1	3.2E+0	2.9E-1	2.1E-3	8.0E-4	2.2E-2
690	5.3E-4	3.8E-1	3.4E+0	2.9E-1	2.3E-3	8.1E-4	2.2E-2
700	5.3E-4	4.0E-1	3.7E+0	2.9E-1	2.4E-3	8.1E-4	2.2E-2
710	5.4E-4	4.2E-1	4.0E+0	3.0E-1	2.5E-3	8.1E-4	2.2E-2
720	5.5E-4	4.4E-1	4.3E+0	3.0E-1	2.7E-3	8.1E-4	2.2E-2
730	5.6E-4	4.6E-1	4.7E+0	3.0E-1	2.8E-3	8.2E-4	2.2E-2
740	5.6E-4	4.8E-1	5.1E+0	3.1E-1	3.0E-3	8.2E-4	2.2E-2
750	5.7E-4	5.0E-1	5.5E+0	3.1E-1	3.1E-3	8.2E-4	2.3E-2
760	5.8E-4	5.3E-1	5.9E+0	3.1E-1	3.3E-3	8.2E-4	2.3E-2
770	5.9E-4	5.5E-1	6.4E+0	3.1E-1	3.5E-3	8.3E-4	2.3E-2
780	5.9E-4	5.8E-1	6.9E+0	3.2E-1	3.7E-3	8.3E-4	2.3E-2
790	6.0E-4	6.0E-1	7.5E+0	3.2E-1	3.9E-3	8.3E-4	2.3E-2
800	6.1E-4	6.3E-1	8.0E+0	3.2E-1	4.1E-3	8.3E-4	2.3E-2
810	6.1E-4	6.6E-1	8.7E+0	3.2E-1	4.4E-3	8.3E-4	2.3E-2
820	6.2E-4	6.9E-1	9.4E+0	3.3E-1	4.6E-3	8.4E-4	2.3E-2
830	6.2E-4	7.2E-1	1.0E+1	3.3E-1	4.9E-3	8.4E-4	2.3E-2
840	6.3E-4	7.5E-1	1.1E+1	3.3E-1	5.1E-3	8.4E-4	2.3E-2
850	6.3E-4	7.8E-1	1.2E+1	3.3E-1	5.4E-3	8.4E-4	2.3E-2
860	6.4E-4	8.1E-1	1.3E+1	3.3E-1	5.7E-3	8.5E-4	2.3E-2
870	6.5E-4	8.5E-1	1.4E+1	3.3E-1	6.0E-3	8.5E-4	2.3E-2
880	6.5E-4	8.8E-1	1.5E+1	3.3E-1	6.4E-3	8.5E-4	2.3E-2
890	6.6E-4	9.2E-1	1.6E+1	3.4E-1	6.7E-3	8.5E-4	2.3E-2
900	6.6E-4	9.5E-1	1.7E+1	3.4E-1	7.1E-3	8.6E-4	2.3E-2
910	6.7E-4	9.9E-1	1.9E+1	3.4E-1	7.5E-3	8.6E-4	2.3E-2
920	6.7E-4	1.0E+0	2.0E+1	3.4E-1	7.9E-3	8.6E-4	2.3E-2
930	6.7E-4	1.1E+0	2.2E+1	3.4E-1	8.3E-3	8.6E-4	2.3E-2
940	6.8E-4	1.1E+0	2.3E+1	3.4E-1	8.7E-3	8.7E-4	2.3E-2
950	6.8E-4	1.1E+0	2.5E+1	3.4E-1	9.2E-3	8.7E-4	2.3E-2
960	6.9E-4	1.2E+0	2.7E+1	3.4E-1	9.7E-3	8.7E-4	2.3E-2
970	6.9E-4	1.2E+0	2.9E+1	3.4E-1	1.0E-2	8.7E-4	2.3E-2
980	7.0E-4	1.3E+0	3.1E+1	3.4E-1	1.1E-2	8.8E-4	2.3E-2
990	7.0E-4	1.3E+0	3.3E+1	3.4E-1	1.1E-2	8.8E-4	2.3E-2
1000	7.0E-4	1.4E+0	3.6E+1	3.5E-1	1.2E-2	8.8E-4	2.4E-2
1010	7.1E-4	1.4E+0	3.9E+1	3.5E-1	1.3E-2	8.8E-4	2.4E-2
1020	7.1E-4	1.4E+0	4.1E+1	3.5E-1	1.3E-2	8.8E-4	2.4E-2
1030	7.1E-4	1.5E+0	4.4E+1	3.5E-1	1.4E-2	8.9E-4	2.4E-2
1040	7.2E-4	1.5E+0	4.8E+1	3.5E-1	1.5E-2	8.9E-4	2.4E-2
1050	7.2E-4	1.6E+0	5.1E+1	3.5E-1	1.5E-2	8.9E-4	2.4E-2
1060	7.2E-4	1.6E+0	5.5E+1	3.5E-1	1.6E-2	8.9E-4	2.4E-2
1070	7.3E-4	1.7E+0	5.8E+1	3.5E-1	1.7E-2	9.0E-4	2.4E-2
1080	7.3E-4	1.7E+0	6.3E+1	3.5E-1	1.8E-2	9.0E-4	2.4E-2
1090	7.3E-4	1.8E+0	6.7E+1	3.5E-1	1.9E-2	9.0E-4	2.4E-2
1095	7.4E-4	1.8E+0	6.9E+1	3.5E-1	1.9E-2	9.0E-4	2.4E-2
1100	7.4E-4	1.8E+0	7.1E+1	3.5E-1	2.0E-2	9.0E-4	2.4E-2
1200	7.7E-4	2.3E+0	1.3E+2	3.5E-1	3.3E-2	9.3E-4	2.4E-2
1300	7.9E-4	2.7E+0	2.2E+2	3.5E-1	5.4E-2	9.5E-4	2.5E-2
1400	8.1E-4	3.1E+0	3.2E+2	3.5E-1	8.6E-2	9.8E-4	2.5E-2
1500	8.3E-4	3.4E+0	4.3E+2	3.6E-1	1.3E-1	1.0E-3	2.6E-2
1600	8.5E-4	3.7E+0	5.1E+2	3.6E-1	2.0E-1	1.0E-3	2.6E-2
1700	8.7E-4	4.0E+0	5.7E+2	3.6E-1	2.8E-1	1.1E-3	2.7E-2
1800	8.9E-4	4.2E+0	6.2E+2	3.6E-1	3.8E-1	1.1E-3	2.7E-2
1900	9.1E-4	4.4E+0	6.6E+2	3.6E-1	4.8E-1	1.1E-3	2.8E-2
2000	9.3E-4	4.6E+0	6.9E+2	3.6E-1	5.8E-1	1.1E-3	2.8E-2
2100	9.5E-4	4.8E+0	7.3E+2	3.6E-1	6.5E-1	1.2E-3	2.9E-2
2200	9.7E-4	5.0E+0	7.6E+2	3.6E-1	7.1E-1	1.2E-3	2.9E-2
2300	9.9E-4	5.2E+0	7.9E+2	3.6E-1	7.5E-1	1.2E-3	3.0E-2
2400	1.0E-3	5.4E+0	8.2E+2	3.6E-1	7.7E-1	1.2E-3	3.0E-2
2500	1.0E-3	5.6E+0	8.5E+2	3.6E-1	7.9E-1	1.3E-3	3.1E-2
2600	1.0E-3	5.9E+0	8.8E+2	3.6E-1	8.0E-1	1.3E-3	3.1E-2
2700	1.1E-3	6.1E+0	9.1E+2	3.6E-1	8.1E-1	1.3E-3	3.2E-2
2800	1.1E-3	6.3E+0	9.5E+2	3.6E-1	8.2E-1	1.3E-3	3.3E-2
2900	1.1E-3	6.5E+0	9.8E+2	3.6E-1	8.2E-1	1.4E-3	3.3E-2
3000	1.1E-3	6.8E+0	1.0E+3	3.6E-1	8.2E-1	1.4E-3	3.4E-2
3100	1.1E-3	7.0E+0	1.1E+3	3.6E-1	8.3E-1	1.4E-3	3.4E-2
3200	1.2E-3	7.2E+0	1.1E+3	3.6E-1	8.3E-1	1.4E-3	3.5E-2
3300	1.2E-3	7.5E+0	1.1E+3	3.7E-1	8.3E-1	1.5E-3	3.6E-2
3400	1.2E-3	7.7E+0	1.2E+3	3.7E-1	8.3E-1	1.5E-3	3.6E-2
3500	1.2E-3	8.0E+0	1.2E+3	3.7E-1	8.3E-1	1.5E-3	3.7E-2
3600	1.2E-3	8.3E+0	1.2E+3	3.7E-1	8.3E-1	1.5E-3	3.8E-2
3650	1.2E-3	8.4E+0	1.3E+3	3.7E-1	8.3E-1	1.6E-3	3.8E-2
4000	1.3E-3	9.4E+0	1.4E+3	3.7E-1	8.4E-1	1.7E-3	4.1E-2
5000	1.5E-3	1.3E+1	1.9E+3	3.8E-1	8.5E-1	1.9E-3	4.9E-2
6000	1.6E-3	1.6E+1	2.4E+3	3.8E-1	8.7E-1	2.2E-3	5.9E-2
7000	1.8E-3	2.0E+1	3.0E+3	3.9E-1	8.8E-1	2.5E-3	7.1E-2
8000	2.0E-3	2.4E+1	3.6E+3	4.0E-1	9.0E-1	2.7E-3	8.5E-2
9000	2.1E-3	2.8E+1	4.3E+3	4.0E-1	9.2E-1	3.0E-3	1.0E-1
10000	2.3E-3	3.2E+1	4.9E+3	4.1E-1	9.3E-1	3.3E-3	1.2E-1
11000	2.5E-3	3.6E+1	5.5E+3	4.2E-1	9.5E-1	3.6E-3	1.5E-1
12000	2.6E-3	4.1E+1	6.1E+3	4.3E-1	9.7E-1	3.9E-3	1.8E-1
13000	2.8E-3	4.5E+1	6.7E+3	4.3E-1	9.9E-1	4.3E-3	2.1E-1
14000	3.0E-3	4.9E+1	7.4E+3	4.4E-1	1.0E+0	4.6E-3	2.6E-1
15000	3.2E-3	5.3E+1	8.0E+3	4.5E-1	1.0E+0	5.0E-3	3.1E-1
16000	3.4E-3	5.8E+1	8.7E+3	4.6E-1	1.0E+0	5.5E-3	3.7E-1
17000	3.6E-3	6.3E+1	9.4E+3	4.7E-1	1.1E+0	5.9E-3	4.4E-1
18000	3.8E-3	6.8E+1	1.0E+4	4.8E-1	1.1E+0	6.4E-3	5.3E-1
18250	3.9E-3	6.9E+1	1.0E+4	4.8E-1	1.1E+0	6.6E-3	5.5E-1
Radionuclide	U-235
Route of Intake	Inhalation
Material	Aerosols Type M, Uranyl acetylacetonate; depleted uranium aerosols from use of kinetic energy penetrators; vaporised uranium metal; all unspecified forms, fA=4E-3
AMTD/AMAD, µm	0.03

Committed Effective Dose per Predicted Content in an Organ or Excreta Sample (Dose per Content Functions z(t)), Sv/Bq
Time, days	Whole Body	Urine (24-hour sample)	Faeces (24-hour sample)	Alimentary Tract*	Lungs*	Skeleton*	Liver*
0.041667	1.3E-5	-	-	2.2E-4	1.6E-5	7.4E-3	1.1E-2
0.083333	1.3E-5	-	-	1.9E-4	1.6E-5	3.5E-3	8.5E-3
0.125	1.4E-5	-	-	1.6E-4	1.7E-5	2.3E-3	7.5E-3
0.25	1.4E-5	-	-	1.3E-4	1.8E-5	1.2E-3	6.3E-3
0.375	1.4E-5	-	-	1.2E-4	1.9E-5	9.0E-4	5.8E-3
0.5	1.5E-5	-	-	1.1E-4	1.9E-5	7.5E-4	5.5E-3
0.625	1.5E-5	-	-	1.0E-4	2.0E-5	6.7E-4	5.3E-3
0.75	1.5E-5	-	-	1.0E-4	2.0E-5	6.2E-4	5.2E-3
0.875	1.5E-5	-	-	1.0E-4	2.0E-5	5.9E-4	5.2E-3
1	1.6E-5	1.3E-4	6.5E-4	1.0E-4	2.0E-5	5.7E-4	5.2E-3
1.125	1.6E-5	-	-	1.0E-4	2.1E-5	5.6E-4	5.2E-3
1.25	1.6E-5	-	-	1.1E-4	2.1E-5	5.6E-4	5.2E-3
1.375	1.6E-5	-	-	1.1E-4	2.1E-5	5.5E-4	5.3E-3
1.5	1.6E-5	-	-	1.2E-4	2.1E-5	5.5E-4	5.3E-3
1.625	1.7E-5	-	-	1.3E-4	2.1E-5	5.5E-4	5.3E-3
1.75	1.7E-5	-	-	1.3E-4	2.1E-5	5.5E-4	5.4E-3
1.875	1.7E-5	-	-	1.4E-4	2.1E-5	5.5E-4	5.4E-3
2	1.7E-5	8.7E-4	1.9E-4	1.5E-4	2.1E-5	5.5E-4	5.4E-3
2.25	1.8E-5	-	-	1.8E-4	2.2E-5	5.5E-4	5.5E-3
2.5	1.8E-5	-	-	2.0E-4	2.2E-5	5.6E-4	5.6E-3
2.75	1.9E-5	-	-	2.4E-4	2.2E-5	5.6E-4	5.7E-3
3	1.9E-5	2.3E-3	2.4E-4	2.7E-4	2.2E-5	5.6E-4	5.8E-3
3.25	1.9E-5	-	-	3.1E-4	2.2E-5	5.7E-4	5.9E-3
3.5	1.9E-5	-	-	3.5E-4	2.2E-5	5.7E-4	6.0E-3
3.75	2.0E-5	-	-	3.9E-4	2.3E-5	5.7E-4	6.1E-3
4	2.0E-5	2.7E-3	4.2E-4	4.3E-4	2.3E-5	5.8E-4	6.2E-3
4.25	2.0E-5	-	-	4.7E-4	2.3E-5	5.8E-4	6.2E-3
4.5	2.0E-5	-	-	5.1E-4	2.3E-5	5.8E-4	6.3E-3
4.75	2.0E-5	-	-	5.4E-4	2.3E-5	5.9E-4	6.4E-3
5	2.1E-5	2.9E-3	6.9E-4	5.8E-4	2.3E-5	5.9E-4	6.5E-3
5.5	2.1E-5	-	-	6.5E-4	2.4E-5	5.9E-4	6.7E-3
6	2.1E-5	3.0E-3	9.7E-4	7.2E-4	2.4E-5	6.0E-4	6.9E-3
6.5	2.1E-5	-	-	8.0E-4	2.4E-5	6.0E-4	7.1E-3
7	2.2E-5	3.2E-3	1.2E-3	8.8E-4	2.4E-5	6.1E-4	7.3E-3
7.5	2.2E-5	-	-	9.6E-4	2.4E-5	6.1E-4	7.5E-3
8	2.2E-5	3.3E-3	1.5E-3	1.0E-3	2.5E-5	6.2E-4	7.7E-3
8.5	2.2E-5	-	-	1.1E-3	2.5E-5	6.2E-4	7.9E-3
9	2.3E-5	3.5E-3	1.8E-3	1.2E-3	2.5E-5	6.2E-4	8.0E-3
9.5	2.3E-5	-	-	1.4E-3	2.5E-5	6.3E-4	8.2E-3
10	2.3E-5	3.6E-3	2.1E-3	1.5E-3	2.5E-5	6.3E-4	8.4E-3
11	2.3E-5	3.7E-3	2.5E-3	1.7E-3	2.6E-5	6.3E-4	8.8E-3
12	2.4E-5	3.9E-3	3.0E-3	2.0E-3	2.6E-5	6.4E-4	9.2E-3
13	2.4E-5	4.0E-3	3.5E-3	2.3E-3	2.6E-5	6.4E-4	9.6E-3
14	2.4E-5	4.1E-3	4.0E-3	2.6E-3	2.7E-5	6.4E-4	1.0E-2
15	2.5E-5	4.2E-3	4.6E-3	3.0E-3	2.7E-5	6.4E-4	1.0E-2
16	2.5E-5	4.3E-3	5.3E-3	3.3E-3	2.7E-5	6.4E-4	1.1E-2
17	2.5E-5	4.5E-3	6.0E-3	3.7E-3	2.7E-5	6.4E-4	1.1E-2
18	2.5E-5	4.6E-3	6.7E-3	4.1E-3	2.8E-5	6.4E-4	1.2E-2
19	2.5E-5	4.7E-3	7.4E-3	4.5E-3	2.8E-5	6.4E-4	1.2E-2
20	2.6E-5	4.8E-3	8.2E-3	4.8E-3	2.8E-5	6.4E-4	1.2E-2
21	2.6E-5	4.9E-3	8.9E-3	5.2E-3	2.8E-5	6.4E-4	1.3E-2
22	2.6E-5	5.0E-3	9.6E-3	5.5E-3	2.8E-5	6.4E-4	1.3E-2
23	2.6E-5	5.0E-3	1.0E-2	5.8E-3	2.9E-5	6.4E-4	1.3E-2
24	2.7E-5	5.1E-3	1.1E-2	6.1E-3	2.9E-5	6.4E-4	1.3E-2
25	2.7E-5	5.2E-3	1.1E-2	6.3E-3	2.9E-5	6.4E-4	1.4E-2
26	2.7E-5	5.3E-3	1.2E-2	6.6E-3	2.9E-5	6.3E-4	1.4E-2
27	2.7E-5	5.4E-3	1.2E-2	6.8E-3	2.9E-5	6.3E-4	1.4E-2
28	2.7E-5	5.4E-3	1.3E-2	7.0E-3	3.0E-5	6.3E-4	1.5E-2
29	2.8E-5	5.5E-3	1.3E-2	7.1E-3	3.0E-5	6.3E-4	1.5E-2
30	2.8E-5	5.6E-3	1.4E-2	7.3E-3	3.0E-5	6.3E-4	1.5E-2
31	2.8E-5	5.7E-3	1.4E-2	7.4E-3	3.0E-5	6.3E-4	1.5E-2
32	2.8E-5	5.7E-3	1.4E-2	7.6E-3	3.1E-5	6.2E-4	1.5E-2
33	2.8E-5	5.8E-3	1.5E-2	7.7E-3	3.1E-5	6.2E-4	1.6E-2
34	2.8E-5	5.9E-3	1.5E-2	7.8E-3	3.1E-5	6.2E-4	1.6E-2
35	2.9E-5	5.9E-3	1.5E-2	7.9E-3	3.1E-5	6.2E-4	1.6E-2
36	2.9E-5	6.0E-3	1.5E-2	8.0E-3	3.1E-5	6.2E-4	1.6E-2
37	2.9E-5	6.0E-3	1.5E-2	8.1E-3	3.2E-5	6.1E-4	1.6E-2
38	2.9E-5	6.1E-3	1.6E-2	8.2E-3	3.2E-5	6.1E-4	1.6E-2
39	2.9E-5	6.2E-3	1.6E-2	8.3E-3	3.2E-5	6.1E-4	1.6E-2
40	3.0E-5	6.2E-3	1.6E-2	8.4E-3	3.2E-5	6.1E-4	1.6E-2
41	3.0E-5	6.3E-3	1.6E-2	8.4E-3	3.3E-5	6.1E-4	1.7E-2
42	3.0E-5	6.3E-3	1.6E-2	8.5E-3	3.3E-5	6.0E-4	1.7E-2
43	3.0E-5	6.4E-3	1.7E-2	8.6E-3	3.3E-5	6.0E-4	1.7E-2
44	3.0E-5	6.4E-3	1.7E-2	8.7E-3	3.3E-5	6.0E-4	1.7E-2
45	3.1E-5	6.5E-3	1.7E-2	8.8E-3	3.3E-5	6.0E-4	1.7E-2
46	3.1E-5	6.6E-3	1.7E-2	8.8E-3	3.4E-5	6.0E-4	1.7E-2
47	3.1E-5	6.6E-3	1.7E-2	8.9E-3	3.4E-5	6.0E-4	1.7E-2
48	3.1E-5	6.7E-3	1.7E-2	9.0E-3	3.4E-5	5.9E-4	1.7E-2
49	3.1E-5	6.7E-3	1.7E-2	9.1E-3	3.4E-5	5.9E-4	1.7E-2
50	3.2E-5	6.8E-3	1.8E-2	9.1E-3	3.5E-5	5.9E-4	1.7E-2
51	3.2E-5	6.8E-3	1.8E-2	9.2E-3	3.5E-5	5.9E-4	1.7E-2
52	3.2E-5	6.9E-3	1.8E-2	9.3E-3	3.5E-5	5.9E-4	1.7E-2
53	3.2E-5	6.9E-3	1.8E-2	9.4E-3	3.5E-5	5.9E-4	1.7E-2
54	3.2E-5	7.0E-3	1.8E-2	9.4E-3	3.6E-5	5.9E-4	1.7E-2
55	3.3E-5	7.0E-3	1.8E-2	9.5E-3	3.6E-5	5.8E-4	1.7E-2
56	3.3E-5	7.1E-3	1.8E-2	9.6E-3	3.6E-5	5.8E-4	1.7E-2
57	3.3E-5	7.1E-3	1.9E-2	9.7E-3	3.6E-5	5.8E-4	1.7E-2
58	3.3E-5	7.2E-3	1.9E-2	9.7E-3	3.7E-5	5.8E-4	1.7E-2
59	3.4E-5	7.2E-3	1.9E-2	9.8E-3	3.7E-5	5.8E-4	1.7E-2
60	3.4E-5	7.3E-3	1.9E-2	9.9E-3	3.7E-5	5.8E-4	1.7E-2
61	3.4E-5	7.3E-3	1.9E-2	1.0E-2	3.7E-5	5.8E-4	1.7E-2
62	3.4E-5	7.4E-3	1.9E-2	1.0E-2	3.8E-5	5.8E-4	1.7E-2
63	3.4E-5	7.4E-3	2.0E-2	1.0E-2	3.8E-5	5.8E-4	1.7E-2
64	3.5E-5	7.5E-3	2.0E-2	1.0E-2	3.8E-5	5.7E-4	1.8E-2
65	3.5E-5	7.5E-3	2.0E-2	1.0E-2	3.8E-5	5.7E-4	1.8E-2
66	3.5E-5	7.6E-3	2.0E-2	1.0E-2	3.9E-5	5.7E-4	1.8E-2
67	3.5E-5	7.7E-3	2.0E-2	1.0E-2	3.9E-5	5.7E-4	1.8E-2
68	3.5E-5	7.7E-3	2.0E-2	1.1E-2	3.9E-5	5.7E-4	1.8E-2
69	3.6E-5	7.8E-3	2.0E-2	1.1E-2	3.9E-5	5.7E-4	1.8E-2
70	3.6E-5	7.8E-3	2.1E-2	1.1E-2	4.0E-5	5.7E-4	1.8E-2
71	3.6E-5	7.9E-3	2.1E-2	1.1E-2	4.0E-5	5.7E-4	1.8E-2
72	3.6E-5	7.9E-3	2.1E-2	1.1E-2	4.0E-5	5.7E-4	1.8E-2
73	3.7E-5	8.0E-3	2.1E-2	1.1E-2	4.1E-5	5.7E-4	1.8E-2
74	3.7E-5	8.0E-3	2.1E-2	1.1E-2	4.1E-5	5.7E-4	1.8E-2
75	3.7E-5	8.1E-3	2.1E-2	1.1E-2	4.1E-5	5.7E-4	1.8E-2
76	3.7E-5	8.1E-3	2.2E-2	1.1E-2	4.1E-5	5.6E-4	1.8E-2
77	3.8E-5	8.2E-3	2.2E-2	1.1E-2	4.2E-5	5.6E-4	1.8E-2
78	3.8E-5	8.2E-3	2.2E-2	1.1E-2	4.2E-5	5.6E-4	1.8E-2
79	3.8E-5	8.3E-3	2.2E-2	1.1E-2	4.2E-5	5.6E-4	1.8E-2
80	3.8E-5	8.4E-3	2.2E-2	1.2E-2	4.3E-5	5.6E-4	1.8E-2
81	3.8E-5	8.4E-3	2.3E-2	1.2E-2	4.3E-5	5.6E-4	1.8E-2
82	3.9E-5	8.5E-3	2.3E-2	1.2E-2	4.3E-5	5.6E-4	1.8E-2
83	3.9E-5	8.5E-3	2.3E-2	1.2E-2	4.3E-5	5.6E-4	1.8E-2
84	3.9E-5	8.6E-3	2.3E-2	1.2E-2	4.4E-5	5.6E-4	1.8E-2
85	3.9E-5	8.6E-3	2.3E-2	1.2E-2	4.4E-5	5.6E-4	1.8E-2
86	4.0E-5	8.7E-3	2.3E-2	1.2E-2	4.4E-5	5.6E-4	1.8E-2
87	4.0E-5	8.8E-3	2.4E-2	1.2E-2	4.5E-5	5.6E-4	1.8E-2
88	4.0E-5	8.8E-3	2.4E-2	1.2E-2	4.5E-5	5.6E-4	1.8E-2
89	4.0E-5	8.9E-3	2.4E-2	1.2E-2	4.5E-5	5.6E-4	1.8E-2
90	4.1E-5	8.9E-3	2.4E-2	1.2E-2	4.6E-5	5.6E-4	1.8E-2
91	4.1E-5	9.0E-3	2.4E-2	1.3E-2	4.6E-5	5.6E-4	1.8E-2
92	4.1E-5	9.1E-3	2.5E-2	1.3E-2	4.6E-5	5.6E-4	1.8E-2
93	4.1E-5	9.1E-3	2.5E-2	1.3E-2	4.7E-5	5.6E-4	1.8E-2
94	4.2E-5	9.2E-3	2.5E-2	1.3E-2	4.7E-5	5.6E-4	1.8E-2
95	4.2E-5	9.2E-3	2.5E-2	1.3E-2	4.7E-5	5.5E-4	1.8E-2
96	4.2E-5	9.3E-3	2.5E-2	1.3E-2	4.7E-5	5.5E-4	1.8E-2
97	4.3E-5	9.4E-3	2.6E-2	1.3E-2	4.8E-5	5.5E-4	1.8E-2
98	4.3E-5	9.4E-3	2.6E-2	1.3E-2	4.8E-5	5.5E-4	1.8E-2
99	4.3E-5	9.5E-3	2.6E-2	1.3E-2	4.8E-5	5.5E-4	1.8E-2
100	4.3E-5	9.5E-3	2.6E-2	1.3E-2	4.9E-5	5.5E-4	1.8E-2
110	4.6E-5	1.0E-2	2.8E-2	1.5E-2	5.2E-5	5.5E-4	1.8E-2
120	4.9E-5	1.1E-2	3.1E-2	1.6E-2	5.6E-5	5.5E-4	1.8E-2
130	5.2E-5	1.2E-2	3.3E-2	1.7E-2	6.0E-5	5.5E-4	1.8E-2
140	5.5E-5	1.2E-2	3.6E-2	1.8E-2	6.4E-5	5.5E-4	1.8E-2
150	5.9E-5	1.3E-2	3.9E-2	2.0E-2	6.8E-5	5.5E-4	1.8E-2
160	6.2E-5	1.4E-2	4.2E-2	2.1E-2	7.3E-5	5.5E-4	1.8E-2
170	6.6E-5	1.5E-2	4.6E-2	2.3E-2	7.8E-5	5.5E-4	1.8E-2
180	7.0E-5	1.6E-2	5.0E-2	2.4E-2	8.3E-5	5.5E-4	1.8E-2
190	7.4E-5	1.7E-2	5.4E-2	2.6E-2	8.9E-5	5.6E-4	1.8E-2
200	7.8E-5	1.8E-2	5.8E-2	2.8E-2	9.5E-5	5.6E-4	1.8E-2
210	8.3E-5	1.9E-2	6.3E-2	3.0E-2	1.0E-4	5.6E-4	1.8E-2
220	8.7E-5	2.1E-2	6.8E-2	3.2E-2	1.1E-4	5.7E-4	1.8E-2
230	9.2E-5	2.2E-2	7.4E-2	3.5E-2	1.2E-4	5.7E-4	1.8E-2
240	9.7E-5	2.4E-2	8.0E-2	3.7E-2	1.2E-4	5.7E-4	1.8E-2
250	1.0E-4	2.5E-2	8.7E-2	4.0E-2	1.3E-4	5.7E-4	1.8E-2
260	1.1E-4	2.7E-2	9.4E-2	4.3E-2	1.4E-4	5.8E-4	1.8E-2
270	1.1E-4	2.8E-2	1.0E-1	4.6E-2	1.5E-4	5.8E-4	1.8E-2
280	1.2E-4	3.0E-2	1.1E-1	4.9E-2	1.6E-4	5.8E-4	1.8E-2
290	1.3E-4	3.2E-2	1.2E-1	5.2E-2	1.7E-4	5.9E-4	1.8E-2
300	1.3E-4	3.4E-2	1.3E-1	5.5E-2	1.8E-4	5.9E-4	1.8E-2
310	1.4E-4	3.7E-2	1.4E-1	5.9E-2	1.9E-4	5.9E-4	1.8E-2
320	1.5E-4	3.9E-2	1.5E-1	6.3E-2	2.1E-4	6.0E-4	1.8E-2
330	1.5E-4	4.1E-2	1.6E-1	6.7E-2	2.2E-4	6.0E-4	1.8E-2
340	1.6E-4	4.4E-2	1.8E-1	7.1E-2	2.3E-4	6.0E-4	1.8E-2
350	1.7E-4	4.7E-2	1.9E-1	7.5E-2	2.5E-4	6.1E-4	1.8E-2
360	1.7E-4	5.0E-2	2.1E-1	8.0E-2	2.7E-4	6.1E-4	1.8E-2
365	1.8E-4	5.1E-2	2.2E-1	8.2E-2	2.7E-4	6.1E-4	1.8E-2
370	1.8E-4	5.3E-2	2.3E-1	8.4E-2	2.8E-4	6.1E-4	1.8E-2
380	1.9E-4	5.6E-2	2.4E-1	8.9E-2	3.0E-4	6.2E-4	1.8E-2
390	2.0E-4	5.9E-2	2.6E-1	9.4E-2	3.2E-4	6.2E-4	1.8E-2
400	2.1E-4	6.3E-2	2.9E-1	9.9E-2	3.4E-4	6.2E-4	1.8E-2
410	2.1E-4	6.7E-2	3.1E-1	1.0E-1	3.6E-4	6.2E-4	1.8E-2
420	2.2E-4	7.1E-2	3.3E-1	1.1E-1	3.8E-4	6.3E-4	1.8E-2
430	2.3E-4	7.5E-2	3.6E-1	1.1E-1	4.1E-4	6.3E-4	1.8E-2
440	2.4E-4	8.0E-2	3.9E-1	1.2E-1	4.3E-4	6.3E-4	1.8E-2
450	2.5E-4	8.5E-2	4.2E-1	1.3E-1	4.6E-4	6.4E-4	1.8E-2
460	2.6E-4	9.0E-2	4.6E-1	1.3E-1	4.9E-4	6.4E-4	1.8E-2
470	2.6E-4	9.5E-2	5.0E-1	1.4E-1	5.2E-4	6.4E-4	1.8E-2
480	2.7E-4	1.0E-1	5.4E-1	1.4E-1	5.5E-4	6.4E-4	1.9E-2
490	2.8E-4	1.1E-1	5.8E-1	1.5E-1	5.8E-4	6.5E-4	1.9E-2
500	2.9E-4	1.1E-1	6.3E-1	1.5E-1	6.2E-4	6.5E-4	1.9E-2
510	3.0E-4	1.2E-1	6.8E-1	1.6E-1	6.6E-4	6.5E-4	1.9E-2
520	3.1E-4	1.3E-1	7.4E-1	1.7E-1	7.0E-4	6.5E-4	1.9E-2
530	3.2E-4	1.3E-1	8.0E-1	1.7E-1	7.4E-4	6.6E-4	1.9E-2
540	3.3E-4	1.4E-1	8.7E-1	1.8E-1	7.9E-4	6.6E-4	1.9E-2
550	3.3E-4	1.5E-1	9.4E-1	1.8E-1	8.3E-4	6.6E-4	1.9E-2
560	3.4E-4	1.6E-1	1.0E+0	1.9E-1	8.8E-4	6.6E-4	1.9E-2
570	3.5E-4	1.7E-1	1.1E+0	1.9E-1	9.4E-4	6.6E-4	1.9E-2
580	3.6E-4	1.8E-1	1.2E+0	2.0E-1	9.9E-4	6.7E-4	1.9E-2
590	3.7E-4	1.9E-1	1.3E+0	2.0E-1	1.0E-3	6.7E-4	1.9E-2
600	3.8E-4	2.0E-1	1.4E+0	2.1E-1	1.1E-3	6.7E-4	1.9E-2
610	3.9E-4	2.1E-1	1.5E+0	2.1E-1	1.2E-3	6.7E-4	1.9E-2
620	3.9E-4	2.2E-1	1.6E+0	2.2E-1	1.2E-3	6.8E-4	1.9E-2
630	4.0E-4	2.3E-1	1.8E+0	2.2E-1	1.3E-3	6.8E-4	1.9E-2
640	4.1E-4	2.4E-1	1.9E+0	2.3E-1	1.4E-3	6.8E-4	1.9E-2
650	4.2E-4	2.5E-1	2.1E+0	2.3E-1	1.5E-3	6.8E-4	1.9E-2
660	4.2E-4	2.7E-1	2.2E+0	2.4E-1	1.6E-3	6.8E-4	1.9E-2
670	4.3E-4	2.8E-1	2.4E+0	2.4E-1	1.7E-3	6.9E-4	1.9E-2
680	4.4E-4	3.0E-1	2.6E+0	2.4E-1	1.8E-3	6.9E-4	1.9E-2
690	4.5E-4	3.1E-1	2.8E+0	2.5E-1	1.9E-3	6.9E-4	1.9E-2
700	4.5E-4	3.3E-1	3.0E+0	2.5E-1	2.0E-3	6.9E-4	1.9E-2
710	4.6E-4	3.4E-1	3.3E+0	2.5E-1	2.1E-3	6.9E-4	1.9E-2
720	4.7E-4	3.6E-1	3.6E+0	2.6E-1	2.2E-3	7.0E-4	1.9E-2
730	4.7E-4	3.8E-1	3.8E+0	2.6E-1	2.3E-3	7.0E-4	1.9E-2
740	4.8E-4	4.0E-1	4.2E+0	2.6E-1	2.4E-3	7.0E-4	1.9E-2
750	4.9E-4	4.2E-1	4.5E+0	2.6E-1	2.6E-3	7.0E-4	1.9E-2
760	4.9E-4	4.4E-1	4.9E+0	2.7E-1	2.7E-3	7.1E-4	1.9E-2
770	5.0E-4	4.6E-1	5.3E+0	2.7E-1	2.9E-3	7.1E-4	1.9E-2
780	5.0E-4	4.8E-1	5.7E+0	2.7E-1	3.0E-3	7.1E-4	1.9E-2
790	5.1E-4	5.0E-1	6.1E+0	2.7E-1	3.2E-3	7.1E-4	1.9E-2
800	5.2E-4	5.2E-1	6.6E+0	2.7E-1	3.4E-3	7.1E-4	1.9E-2
810	5.2E-4	5.5E-1	7.1E+0	2.8E-1	3.6E-3	7.2E-4	2.0E-2
820	5.3E-4	5.7E-1	7.7E+0	2.8E-1	3.8E-3	7.2E-4	2.0E-2
830	5.3E-4	6.0E-1	8.3E+0	2.8E-1	4.0E-3	7.2E-4	2.0E-2
840	5.4E-4	6.2E-1	9.0E+0	2.8E-1	4.2E-3	7.2E-4	2.0E-2
850	5.4E-4	6.5E-1	9.7E+0	2.8E-1	4.5E-3	7.2E-4	2.0E-2
860	5.5E-4	6.8E-1	1.0E+1	2.8E-1	4.7E-3	7.3E-4	2.0E-2
870	5.5E-4	7.0E-1	1.1E+1	2.9E-1	5.0E-3	7.3E-4	2.0E-2
880	5.6E-4	7.3E-1	1.2E+1	2.9E-1	5.2E-3	7.3E-4	2.0E-2
890	5.6E-4	7.6E-1	1.3E+1	2.9E-1	5.5E-3	7.3E-4	2.0E-2
900	5.6E-4	7.9E-1	1.4E+1	2.9E-1	5.8E-3	7.3E-4	2.0E-2
910	5.7E-4	8.2E-1	1.5E+1	2.9E-1	6.1E-3	7.4E-4	2.0E-2
920	5.7E-4	8.6E-1	1.6E+1	2.9E-1	6.5E-3	7.4E-4	2.0E-2
930	5.8E-4	8.9E-1	1.8E+1	2.9E-1	6.8E-3	7.4E-4	2.0E-2
940	5.8E-4	9.2E-1	1.9E+1	2.9E-1	7.2E-3	7.4E-4	2.0E-2
950	5.8E-4	9.5E-1	2.1E+1	2.9E-1	7.6E-3	7.4E-4	2.0E-2
960	5.9E-4	9.9E-1	2.2E+1	2.9E-1	8.0E-3	7.5E-4	2.0E-2
970	5.9E-4	1.0E+0	2.4E+1	2.9E-1	8.4E-3	7.5E-4	2.0E-2
980	5.9E-4	1.1E+0	2.6E+1	2.9E-1	8.9E-3	7.5E-4	2.0E-2
990	6.0E-4	1.1E+0	2.8E+1	3.0E-1	9.3E-3	7.5E-4	2.0E-2
1000	6.0E-4	1.1E+0	3.0E+1	3.0E-1	9.8E-3	7.5E-4	2.0E-2
1010	6.0E-4	1.2E+0	3.2E+1	3.0E-1	1.0E-2	7.6E-4	2.0E-2
1020	6.1E-4	1.2E+0	3.4E+1	3.0E-1	1.1E-2	7.6E-4	2.0E-2
1030	6.1E-4	1.2E+0	3.7E+1	3.0E-1	1.1E-2	7.6E-4	2.0E-2
1040	6.1E-4	1.3E+0	3.9E+1	3.0E-1	1.2E-2	7.6E-4	2.0E-2
1050	6.2E-4	1.3E+0	4.2E+1	3.0E-1	1.3E-2	7.6E-4	2.0E-2
1060	6.2E-4	1.4E+0	4.5E+1	3.0E-1	1.3E-2	7.7E-4	2.0E-2
1070	6.2E-4	1.4E+0	4.8E+1	3.0E-1	1.4E-2	7.7E-4	2.0E-2
1080	6.3E-4	1.4E+0	5.2E+1	3.0E-1	1.5E-2	7.7E-4	2.0E-2
1090	6.3E-4	1.5E+0	5.5E+1	3.0E-1	1.6E-2	7.7E-4	2.1E-2
1095	6.3E-4	1.5E+0	5.7E+1	3.0E-1	1.6E-2	7.7E-4	2.1E-2
1100	6.3E-4	1.5E+0	5.9E+1	3.0E-1	1.6E-2	7.7E-4	2.1E-2
1200	6.6E-4	1.9E+0	1.1E+2	3.0E-1	2.7E-2	7.9E-4	2.1E-2
1300	6.8E-4	2.3E+0	1.8E+2	3.0E-1	4.4E-2	8.2E-4	2.1E-2
1400	7.0E-4	2.6E+0	2.7E+2	3.0E-1	7.1E-2	8.4E-4	2.2E-2
1500	7.1E-4	2.9E+0	3.6E+2	3.0E-1	1.1E-1	8.6E-4	2.2E-2
1600	7.3E-4	3.2E+0	4.3E+2	3.1E-1	1.7E-1	8.8E-4	2.2E-2
1700	7.5E-4	3.4E+0	4.9E+2	3.1E-1	2.4E-1	9.0E-4	2.3E-2
1800	7.6E-4	3.6E+0	5.3E+2	3.1E-1	3.2E-1	9.2E-4	2.3E-2
1900	7.8E-4	3.8E+0	5.6E+2	3.1E-1	4.1E-1	9.4E-4	2.4E-2
2000	8.0E-4	4.0E+0	5.9E+2	3.1E-1	4.9E-1	9.7E-4	2.4E-2
2100	8.1E-4	4.1E+0	6.2E+2	3.1E-1	5.5E-1	9.9E-4	2.5E-2
2200	8.3E-4	4.3E+0	6.5E+2	3.1E-1	6.0E-1	1.0E-3	2.5E-2
2300	8.4E-4	4.5E+0	6.7E+2	3.1E-1	6.4E-1	1.0E-3	2.6E-2
2400	8.6E-4	4.7E+0	7.0E+2	3.1E-1	6.6E-1	1.1E-3	2.6E-2
2500	8.8E-4	4.8E+0	7.3E+2	3.1E-1	6.8E-1	1.1E-3	2.6E-2
2600	8.9E-4	5.0E+0	7.6E+2	3.1E-1	6.9E-1	1.1E-3	2.7E-2
2700	9.1E-4	5.2E+0	7.8E+2	3.1E-1	7.0E-1	1.1E-3	2.7E-2
2800	9.2E-4	5.4E+0	8.1E+2	3.1E-1	7.0E-1	1.1E-3	2.8E-2
2900	9.4E-4	5.6E+0	8.4E+2	3.1E-1	7.0E-1	1.2E-3	2.8E-2
3000	9.6E-4	5.8E+0	8.7E+2	3.1E-1	7.1E-1	1.2E-3	2.9E-2
3100	9.7E-4	6.0E+0	9.0E+2	3.1E-1	7.1E-1	1.2E-3	3.0E-2
3200	9.9E-4	6.2E+0	9.3E+2	3.1E-1	7.1E-1	1.2E-3	3.0E-2
3300	1.0E-3	6.4E+0	9.7E+2	3.1E-1	7.1E-1	1.3E-3	3.1E-2
3400	1.0E-3	6.6E+0	1.0E+3	3.1E-1	7.1E-1	1.3E-3	3.1E-2
3500	1.0E-3	6.9E+0	1.0E+3	3.1E-1	7.1E-1	1.3E-3	3.2E-2
3600	1.1E-3	7.1E+0	1.1E+3	3.2E-1	7.2E-1	1.3E-3	3.2E-2
3650	1.1E-3	7.2E+0	1.1E+3	3.2E-1	7.2E-1	1.3E-3	3.3E-2
4000	1.1E-3	8.1E+0	1.2E+3	3.2E-1	7.2E-1	1.4E-3	3.5E-2
5000	1.3E-3	1.1E+1	1.6E+3	3.2E-1	7.3E-1	1.7E-3	4.2E-2
6000	1.4E-3	1.4E+1	2.1E+3	3.3E-1	7.5E-1	1.9E-3	5.0E-2
7000	1.6E-3	1.7E+1	2.6E+3	3.3E-1	7.6E-1	2.1E-3	6.1E-2
8000	1.7E-3	2.1E+1	3.1E+3	3.4E-1	7.7E-1	2.3E-3	7.3E-2
9000	1.8E-3	2.4E+1	3.7E+3	3.5E-1	7.9E-1	2.6E-3	8.8E-2
10000	2.0E-3	2.8E+1	4.2E+3	3.5E-1	8.0E-1	2.8E-3	1.1E-1
11000	2.1E-3	3.1E+1	4.7E+3	3.6E-1	8.2E-1	3.1E-3	1.3E-1
12000	2.3E-3	3.5E+1	5.2E+3	3.7E-1	8.3E-1	3.4E-3	1.5E-1
13000	2.4E-3	3.8E+1	5.8E+3	3.7E-1	8.5E-1	3.7E-3	1.8E-1
14000	2.6E-3	4.2E+1	6.3E+3	3.8E-1	8.6E-1	4.0E-3	2.2E-1
15000	2.7E-3	4.6E+1	6.9E+3	3.9E-1	8.8E-1	4.3E-3	2.6E-1
16000	2.9E-3	5.0E+1	7.5E+3	3.9E-1	8.9E-1	4.7E-3	3.2E-1
17000	3.1E-3	5.4E+1	8.1E+3	4.0E-1	9.1E-1	5.1E-3	3.8E-1
18000	3.3E-3	5.8E+1	8.7E+3	4.1E-1	9.3E-1	5.5E-3	4.5E-1
18250	3.3E-3	5.9E+1	8.9E+3	4.1E-1	9.3E-1	5.6E-3	4.7E-1
Radionuclide	U-235
Route of Intake	Inhalation
Material	Aerosols Type M, Uranyl acetylacetonate; depleted uranium aerosols from use of kinetic energy penetrators; vaporised uranium metal; all unspecified forms, fA=4E-3
AMTD/AMAD, µm	0.1

Committed Effective Dose per Predicted Content in an Organ or Excreta Sample (Dose per Content Functions z(t)), Sv/Bq
Time, days	Whole Body	Urine (24-hour sample)	Faeces (24-hour sample)	Alimentary Tract*	Lungs*	Skeleton*	Liver*
0.041667	1.2E-5	-	-	1.6E-4	1.6E-5	7.2E-3	1.1E-2
0.083333	1.3E-5	-	-	1.3E-4	1.6E-5	3.5E-3	8.4E-3
0.125	1.3E-5	-	-	1.2E-4	1.7E-5	2.3E-3	7.5E-3
0.25	1.3E-5	-	-	9.6E-5	1.8E-5	1.2E-3	6.3E-3
0.375	1.3E-5	-	-	8.6E-5	1.9E-5	8.9E-4	5.7E-3
0.5	1.4E-5	-	-	8.0E-5	1.9E-5	7.4E-4	5.4E-3
0.625	1.4E-5	-	-	7.6E-5	2.0E-5	6.6E-4	5.3E-3
0.75	1.4E-5	-	-	7.5E-5	2.0E-5	6.2E-4	5.2E-3
0.875	1.4E-5	-	-	7.5E-5	2.0E-5	5.9E-4	5.2E-3
1	1.5E-5	1.3E-4	4.7E-4	7.6E-5	2.0E-5	5.7E-4	5.2E-3
1.125	1.5E-5	-	-	7.8E-5	2.0E-5	5.6E-4	5.2E-3
1.25	1.5E-5	-	-	8.1E-5	2.1E-5	5.5E-4	5.2E-3
1.375	1.5E-5	-	-	8.5E-5	2.1E-5	5.5E-4	5.2E-3
1.5	1.6E-5	-	-	9.0E-5	2.1E-5	5.5E-4	5.2E-3
1.625	1.6E-5	-	-	9.6E-5	2.1E-5	5.5E-4	5.3E-3
1.75	1.6E-5	-	-	1.0E-4	2.1E-5	5.5E-4	5.3E-3
1.875	1.6E-5	-	-	1.1E-4	2.1E-5	5.5E-4	5.4E-3
2	1.7E-5	8.7E-4	1.4E-4	1.2E-4	2.1E-5	5.5E-4	5.4E-3
2.25	1.7E-5	-	-	1.4E-4	2.1E-5	5.5E-4	5.5E-3
2.5	1.8E-5	-	-	1.7E-4	2.2E-5	5.5E-4	5.6E-3
2.75	1.8E-5	-	-	2.0E-4	2.2E-5	5.6E-4	5.7E-3
3	1.8E-5	2.3E-3	1.9E-4	2.4E-4	2.2E-5	5.6E-4	5.7E-3
3.25	1.9E-5	-	-	2.8E-4	2.2E-5	5.6E-4	5.8E-3
3.5	1.9E-5	-	-	3.2E-4	2.2E-5	5.7E-4	5.9E-3
3.75	1.9E-5	-	-	3.7E-4	2.2E-5	5.7E-4	6.0E-3
4	2.0E-5	2.7E-3	3.6E-4	4.1E-4	2.3E-5	5.7E-4	6.1E-3
4.25	2.0E-5	-	-	4.6E-4	2.3E-5	5.8E-4	6.2E-3
4.5	2.0E-5	-	-	5.0E-4	2.3E-5	5.8E-4	6.3E-3
4.75	2.0E-5	-	-	5.4E-4	2.3E-5	5.8E-4	6.4E-3
5	2.0E-5	2.8E-3	6.5E-4	5.9E-4	2.3E-5	5.8E-4	6.5E-3
5.5	2.1E-5	-	-	6.7E-4	2.3E-5	5.9E-4	6.6E-3
6	2.1E-5	3.0E-3	9.7E-4	7.5E-4	2.4E-5	5.9E-4	6.8E-3
6.5	2.1E-5	-	-	8.2E-4	2.4E-5	6.0E-4	7.0E-3
7	2.1E-5	3.1E-3	1.3E-3	9.1E-4	2.4E-5	6.0E-4	7.2E-3
7.5	2.2E-5	-	-	9.9E-4	2.4E-5	6.1E-4	7.4E-3
8	2.2E-5	3.3E-3	1.5E-3	1.1E-3	2.4E-5	6.1E-4	7.6E-3
8.5	2.2E-5	-	-	1.2E-3	2.5E-5	6.1E-4	7.8E-3
9	2.2E-5	3.4E-3	1.9E-3	1.3E-3	2.5E-5	6.2E-4	8.0E-3
9.5	2.3E-5	-	-	1.4E-3	2.5E-5	6.2E-4	8.2E-3
10	2.3E-5	3.6E-3	2.2E-3	1.5E-3	2.5E-5	6.2E-4	8.4E-3
11	2.3E-5	3.7E-3	2.6E-3	1.8E-3	2.5E-5	6.3E-4	8.8E-3
12	2.3E-5	3.8E-3	3.1E-3	2.0E-3	2.6E-5	6.3E-4	9.1E-3
13	2.4E-5	3.9E-3	3.6E-3	2.4E-3	2.6E-5	6.3E-4	9.5E-3
14	2.4E-5	4.1E-3	4.1E-3	2.7E-3	2.6E-5	6.4E-4	9.9E-3
15	2.4E-5	4.2E-3	4.7E-3	3.0E-3	2.6E-5	6.4E-4	1.0E-2
16	2.4E-5	4.3E-3	5.4E-3	3.4E-3	2.7E-5	6.4E-4	1.1E-2
17	2.5E-5	4.4E-3	6.1E-3	3.8E-3	2.7E-5	6.4E-4	1.1E-2
18	2.5E-5	4.5E-3	6.8E-3	4.1E-3	2.7E-5	6.4E-4	1.1E-2
19	2.5E-5	4.6E-3	7.5E-3	4.5E-3	2.7E-5	6.4E-4	1.2E-2
20	2.5E-5	4.7E-3	8.2E-3	4.8E-3	2.8E-5	6.4E-4	1.2E-2
21	2.6E-5	4.8E-3	8.9E-3	5.2E-3	2.8E-5	6.4E-4	1.2E-2
22	2.6E-5	4.9E-3	9.6E-3	5.5E-3	2.8E-5	6.3E-4	1.3E-2
23	2.6E-5	5.0E-3	1.0E-2	5.8E-3	2.8E-5	6.3E-4	1.3E-2
24	2.6E-5	5.1E-3	1.1E-2	6.0E-3	2.8E-5	6.3E-4	1.3E-2
25	2.6E-5	5.1E-3	1.1E-2	6.3E-3	2.9E-5	6.3E-4	1.4E-2
26	2.7E-5	5.2E-3	1.2E-2	6.5E-3	2.9E-5	6.3E-4	1.4E-2
27	2.7E-5	5.3E-3	1.2E-2	6.7E-3	2.9E-5	6.3E-4	1.4E-2
28	2.7E-5	5.4E-3	1.3E-2	6.9E-3	2.9E-5	6.2E-4	1.4E-2
29	2.7E-5	5.4E-3	1.3E-2	7.1E-3	2.9E-5	6.2E-4	1.5E-2
30	2.7E-5	5.5E-3	1.4E-2	7.2E-3	3.0E-5	6.2E-4	1.5E-2
31	2.7E-5	5.6E-3	1.4E-2	7.3E-3	3.0E-5	6.2E-4	1.5E-2
32	2.8E-5	5.7E-3	1.4E-2	7.5E-3	3.0E-5	6.2E-4	1.5E-2
33	2.8E-5	5.7E-3	1.4E-2	7.6E-3	3.0E-5	6.1E-4	1.5E-2
34	2.8E-5	5.8E-3	1.5E-2	7.7E-3	3.1E-5	6.1E-4	1.6E-2
35	2.8E-5	5.8E-3	1.5E-2	7.8E-3	3.1E-5	6.1E-4	1.6E-2
36	2.8E-5	5.9E-3	1.5E-2	7.9E-3	3.1E-5	6.1E-4	1.6E-2
37	2.9E-5	6.0E-3	1.5E-2	8.0E-3	3.1E-5	6.1E-4	1.6E-2
38	2.9E-5	6.0E-3	1.5E-2	8.1E-3	3.1E-5	6.1E-4	1.6E-2
39	2.9E-5	6.1E-3	1.6E-2	8.2E-3	3.2E-5	6.0E-4	1.6E-2
40	2.9E-5	6.1E-3	1.6E-2	8.2E-3	3.2E-5	6.0E-4	1.6E-2
41	2.9E-5	6.2E-3	1.6E-2	8.3E-3	3.2E-5	6.0E-4	1.6E-2
42	3.0E-5	6.2E-3	1.6E-2	8.4E-3	3.2E-5	6.0E-4	1.6E-2
43	3.0E-5	6.3E-3	1.6E-2	8.5E-3	3.3E-5	6.0E-4	1.7E-2
44	3.0E-5	6.4E-3	1.6E-2	8.6E-3	3.3E-5	5.9E-4	1.7E-2
45	3.0E-5	6.4E-3	1.7E-2	8.6E-3	3.3E-5	5.9E-4	1.7E-2
46	3.0E-5	6.5E-3	1.7E-2	8.7E-3	3.3E-5	5.9E-4	1.7E-2
47	3.1E-5	6.5E-3	1.7E-2	8.8E-3	3.3E-5	5.9E-4	1.7E-2
48	3.1E-5	6.6E-3	1.7E-2	8.9E-3	3.4E-5	5.9E-4	1.7E-2
49	3.1E-5	6.6E-3	1.7E-2	8.9E-3	3.4E-5	5.9E-4	1.7E-2
50	3.1E-5	6.7E-3	1.7E-2	9.0E-3	3.4E-5	5.9E-4	1.7E-2
51	3.1E-5	6.7E-3	1.7E-2	9.1E-3	3.4E-5	5.8E-4	1.7E-2
52	3.2E-5	6.8E-3	1.8E-2	9.2E-3	3.5E-5	5.8E-4	1.7E-2
53	3.2E-5	6.8E-3	1.8E-2	9.2E-3	3.5E-5	5.8E-4	1.7E-2
54	3.2E-5	6.9E-3	1.8E-2	9.3E-3	3.5E-5	5.8E-4	1.7E-2
55	3.2E-5	6.9E-3	1.8E-2	9.4E-3	3.5E-5	5.8E-4	1.7E-2
56	3.2E-5	7.0E-3	1.8E-2	9.4E-3	3.6E-5	5.8E-4	1.7E-2
57	3.3E-5	7.0E-3	1.8E-2	9.5E-3	3.6E-5	5.8E-4	1.7E-2
58	3.3E-5	7.1E-3	1.8E-2	9.6E-3	3.6E-5	5.7E-4	1.7E-2
59	3.3E-5	7.1E-3	1.9E-2	9.7E-3	3.6E-5	5.7E-4	1.7E-2
60	3.3E-5	7.2E-3	1.9E-2	9.8E-3	3.7E-5	5.7E-4	1.7E-2
61	3.3E-5	7.2E-3	1.9E-2	9.8E-3	3.7E-5	5.7E-4	1.7E-2
62	3.4E-5	7.3E-3	1.9E-2	9.9E-3	3.7E-5	5.7E-4	1.7E-2
63	3.4E-5	7.3E-3	1.9E-2	1.0E-2	3.7E-5	5.7E-4	1.7E-2
64	3.4E-5	7.4E-3	1.9E-2	1.0E-2	3.8E-5	5.7E-4	1.7E-2
65	3.4E-5	7.4E-3	2.0E-2	1.0E-2	3.8E-5	5.7E-4	1.7E-2
66	3.5E-5	7.5E-3	2.0E-2	1.0E-2	3.8E-5	5.7E-4	1.7E-2
67	3.5E-5	7.5E-3	2.0E-2	1.0E-2	3.8E-5	5.7E-4	1.7E-2
68	3.5E-5	7.6E-3	2.0E-2	1.0E-2	3.9E-5	5.6E-4	1.7E-2
69	3.5E-5	7.6E-3	2.0E-2	1.0E-2	3.9E-5	5.6E-4	1.7E-2
70	3.5E-5	7.7E-3	2.0E-2	1.1E-2	3.9E-5	5.6E-4	1.7E-2
71	3.6E-5	7.8E-3	2.1E-2	1.1E-2	3.9E-5	5.6E-4	1.7E-2
72	3.6E-5	7.8E-3	2.1E-2	1.1E-2	4.0E-5	5.6E-4	1.7E-2
73	3.6E-5	7.9E-3	2.1E-2	1.1E-2	4.0E-5	5.6E-4	1.7E-2
74	3.6E-5	7.9E-3	2.1E-2	1.1E-2	4.0E-5	5.6E-4	1.7E-2
75	3.7E-5	8.0E-3	2.1E-2	1.1E-2	4.1E-5	5.6E-4	1.7E-2
76	3.7E-5	8.0E-3	2.1E-2	1.1E-2	4.1E-5	5.6E-4	1.7E-2
77	3.7E-5	8.1E-3	2.2E-2	1.1E-2	4.1E-5	5.6E-4	1.7E-2
78	3.7E-5	8.1E-3	2.2E-2	1.1E-2	4.1E-5	5.6E-4	1.7E-2
79	3.7E-5	8.2E-3	2.2E-2	1.1E-2	4.2E-5	5.6E-4	1.7E-2
80	3.8E-5	8.2E-3	2.2E-2	1.1E-2	4.2E-5	5.6E-4	1.7E-2
81	3.8E-5	8.3E-3	2.2E-2	1.1E-2	4.2E-5	5.5E-4	1.7E-2
82	3.8E-5	8.3E-3	2.2E-2	1.2E-2	4.3E-5	5.5E-4	1.7E-2
83	3.8E-5	8.4E-3	2.3E-2	1.2E-2	4.3E-5	5.5E-4	1.7E-2
84	3.9E-5	8.5E-3	2.3E-2	1.2E-2	4.3E-5	5.5E-4	1.7E-2
85	3.9E-5	8.5E-3	2.3E-2	1.2E-2	4.3E-5	5.5E-4	1.7E-2
86	3.9E-5	8.6E-3	2.3E-2	1.2E-2	4.4E-5	5.5E-4	1.7E-2
87	3.9E-5	8.6E-3	2.3E-2	1.2E-2	4.4E-5	5.5E-4	1.7E-2
88	4.0E-5	8.7E-3	2.3E-2	1.2E-2	4.4E-5	5.5E-4	1.7E-2
89	4.0E-5	8.7E-3	2.4E-2	1.2E-2	4.5E-5	5.5E-4	1.7E-2
90	4.0E-5	8.8E-3	2.4E-2	1.2E-2	4.5E-5	5.5E-4	1.7E-2
91	4.0E-5	8.9E-3	2.4E-2	1.2E-2	4.5E-5	5.5E-4	1.7E-2
92	4.1E-5	8.9E-3	2.4E-2	1.2E-2	4.6E-5	5.5E-4	1.7E-2
93	4.1E-5	9.0E-3	2.4E-2	1.3E-2	4.6E-5	5.5E-4	1.7E-2
94	4.1E-5	9.0E-3	2.5E-2	1.3E-2	4.6E-5	5.5E-4	1.7E-2
95	4.1E-5	9.1E-3	2.5E-2	1.3E-2	4.6E-5	5.5E-4	1.7E-2
96	4.2E-5	9.2E-3	2.5E-2	1.3E-2	4.7E-5	5.5E-4	1.7E-2
97	4.2E-5	9.2E-3	2.5E-2	1.3E-2	4.7E-5	5.5E-4	1.7E-2
98	4.2E-5	9.3E-3	2.5E-2	1.3E-2	4.7E-5	5.5E-4	1.7E-2
99	4.2E-5	9.3E-3	2.6E-2	1.3E-2	4.8E-5	5.5E-4	1.7E-2
100	4.3E-5	9.4E-3	2.6E-2	1.3E-2	4.8E-5	5.5E-4	1.7E-2
110	4.5E-5	1.0E-2	2.8E-2	1.4E-2	5.1E-5	5.4E-4	1.7E-2
120	4.8E-5	1.1E-2	3.0E-2	1.5E-2	5.5E-5	5.4E-4	1.8E-2
130	5.1E-5	1.1E-2	3.3E-2	1.7E-2	5.9E-5	5.4E-4	1.8E-2
140	5.4E-5	1.2E-2	3.6E-2	1.8E-2	6.3E-5	5.4E-4	1.8E-2
150	5.8E-5	1.3E-2	3.9E-2	1.9E-2	6.7E-5	5.4E-4	1.8E-2
160	6.1E-5	1.4E-2	4.2E-2	2.1E-2	7.2E-5	5.4E-4	1.8E-2
170	6.5E-5	1.5E-2	4.5E-2	2.2E-2	7.7E-5	5.5E-4	1.8E-2
180	6.9E-5	1.6E-2	4.9E-2	2.4E-2	8.2E-5	5.5E-4	1.8E-2
190	7.3E-5	1.7E-2	5.3E-2	2.6E-2	8.8E-5	5.5E-4	1.8E-2
200	7.7E-5	1.8E-2	5.7E-2	2.8E-2	9.4E-5	5.5E-4	1.8E-2
210	8.1E-5	1.9E-2	6.2E-2	3.0E-2	1.0E-4	5.6E-4	1.8E-2
220	8.6E-5	2.0E-2	6.7E-2	3.2E-2	1.1E-4	5.6E-4	1.8E-2
230	9.1E-5	2.2E-2	7.3E-2	3.4E-2	1.1E-4	5.6E-4	1.8E-2
240	9.6E-5	2.3E-2	7.9E-2	3.7E-2	1.2E-4	5.6E-4	1.8E-2
250	1.0E-4	2.5E-2	8.5E-2	3.9E-2	1.3E-4	5.7E-4	1.8E-2
260	1.1E-4	2.6E-2	9.2E-2	4.2E-2	1.4E-4	5.7E-4	1.8E-2
270	1.1E-4	2.8E-2	1.0E-1	4.5E-2	1.5E-4	5.7E-4	1.8E-2
280	1.2E-4	3.0E-2	1.1E-1	4.8E-2	1.6E-4	5.8E-4	1.8E-2
290	1.2E-4	3.2E-2	1.2E-1	5.1E-2	1.7E-4	5.8E-4	1.8E-2
300	1.3E-4	3.4E-2	1.3E-1	5.5E-2	1.8E-4	5.8E-4	1.8E-2
310	1.4E-4	3.6E-2	1.4E-1	5.8E-2	1.9E-4	5.9E-4	1.8E-2
320	1.4E-4	3.8E-2	1.5E-1	6.2E-2	2.0E-4	5.9E-4	1.8E-2
330	1.5E-4	4.1E-2	1.6E-1	6.6E-2	2.2E-4	5.9E-4	1.8E-2
340	1.6E-4	4.3E-2	1.7E-1	7.0E-2	2.3E-4	6.0E-4	1.8E-2
350	1.6E-4	4.6E-2	1.9E-1	7.4E-2	2.5E-4	6.0E-4	1.8E-2
360	1.7E-4	4.9E-2	2.0E-1	7.8E-2	2.6E-4	6.0E-4	1.8E-2
365	1.8E-4	5.0E-2	2.1E-1	8.1E-2	2.7E-4	6.0E-4	1.8E-2
370	1.8E-4	5.2E-2	2.2E-1	8.3E-2	2.8E-4	6.0E-4	1.8E-2
380	1.9E-4	5.5E-2	2.4E-1	8.8E-2	3.0E-4	6.1E-4	1.8E-2
390	1.9E-4	5.9E-2	2.6E-1	9.3E-2	3.1E-4	6.1E-4	1.8E-2
400	2.0E-4	6.2E-2	2.8E-1	9.8E-2	3.3E-4	6.1E-4	1.8E-2
410	2.1E-4	6.6E-2	3.0E-1	1.0E-1	3.6E-4	6.2E-4	1.8E-2
420	2.2E-4	7.0E-2	3.3E-1	1.1E-1	3.8E-4	6.2E-4	1.8E-2
430	2.3E-4	7.4E-2	3.6E-1	1.1E-1	4.0E-4	6.2E-4	1.8E-2
440	2.4E-4	7.9E-2	3.9E-1	1.2E-1	4.3E-4	6.2E-4	1.8E-2
450	2.4E-4	8.4E-2	4.2E-1	1.2E-1	4.5E-4	6.3E-4	1.8E-2
460	2.5E-4	8.9E-2	4.5E-1	1.3E-1	4.8E-4	6.3E-4	1.8E-2
470	2.6E-4	9.4E-2	4.9E-1	1.4E-1	5.1E-4	6.3E-4	1.8E-2
480	2.7E-4	9.9E-2	5.3E-1	1.4E-1	5.4E-4	6.3E-4	1.8E-2
490	2.8E-4	1.1E-1	5.7E-1	1.5E-1	5.8E-4	6.4E-4	1.8E-2
500	2.9E-4	1.1E-1	6.2E-1	1.5E-1	6.1E-4	6.4E-4	1.8E-2
510	3.0E-4	1.2E-1	6.7E-1	1.6E-1	6.5E-4	6.4E-4	1.8E-2
520	3.0E-4	1.2E-1	7.3E-1	1.6E-1	6.9E-4	6.4E-4	1.8E-2
530	3.1E-4	1.3E-1	7.9E-1	1.7E-1	7.3E-4	6.5E-4	1.8E-2
540	3.2E-4	1.4E-1	8.5E-1	1.8E-1	7.7E-4	6.5E-4	1.8E-2
550	3.3E-4	1.5E-1	9.2E-1	1.8E-1	8.2E-4	6.5E-4	1.8E-2
560	3.4E-4	1.6E-1	1.0E+0	1.9E-1	8.7E-4	6.5E-4	1.8E-2
570	3.5E-4	1.6E-1	1.1E+0	1.9E-1	9.2E-4	6.6E-4	1.9E-2
580	3.6E-4	1.7E-1	1.2E+0	2.0E-1	9.8E-4	6.6E-4	1.9E-2
590	3.6E-4	1.8E-1	1.3E+0	2.0E-1	1.0E-3	6.6E-4	1.9E-2
600	3.7E-4	1.9E-1	1.4E+0	2.1E-1	1.1E-3	6.6E-4	1.9E-2
610	3.8E-4	2.0E-1	1.5E+0	2.1E-1	1.2E-3	6.6E-4	1.9E-2
620	3.9E-4	2.1E-1	1.6E+0	2.2E-1	1.2E-3	6.7E-4	1.9E-2
630	4.0E-4	2.3E-1	1.7E+0	2.2E-1	1.3E-3	6.7E-4	1.9E-2
640	4.0E-4	2.4E-1	1.9E+0	2.2E-1	1.4E-3	6.7E-4	1.9E-2
650	4.1E-4	2.5E-1	2.0E+0	2.3E-1	1.5E-3	6.7E-4	1.9E-2
660	4.2E-4	2.6E-1	2.2E+0	2.3E-1	1.5E-3	6.8E-4	1.9E-2
670	4.3E-4	2.8E-1	2.4E+0	2.4E-1	1.6E-3	6.8E-4	1.9E-2
680	4.3E-4	2.9E-1	2.6E+0	2.4E-1	1.7E-3	6.8E-4	1.9E-2
690	4.4E-4	3.1E-1	2.8E+0	2.4E-1	1.8E-3	6.8E-4	1.9E-2
700	4.5E-4	3.2E-1	3.0E+0	2.5E-1	1.9E-3	6.8E-4	1.9E-2
710	4.5E-4	3.4E-1	3.2E+0	2.5E-1	2.0E-3	6.9E-4	1.9E-2
720	4.6E-4	3.6E-1	3.5E+0	2.5E-1	2.2E-3	6.9E-4	1.9E-2
730	4.7E-4	3.7E-1	3.8E+0	2.6E-1	2.3E-3	6.9E-4	1.9E-2
740	4.7E-4	3.9E-1	4.1E+0	2.6E-1	2.4E-3	6.9E-4	1.9E-2
750	4.8E-4	4.1E-1	4.4E+0	2.6E-1	2.5E-3	6.9E-4	1.9E-2
760	4.9E-4	4.3E-1	4.8E+0	2.6E-1	2.7E-3	7.0E-4	1.9E-2
770	4.9E-4	4.5E-1	5.2E+0	2.7E-1	2.8E-3	7.0E-4	1.9E-2
780	5.0E-4	4.7E-1	5.6E+0	2.7E-1	3.0E-3	7.0E-4	1.9E-2
790	5.0E-4	4.9E-1	6.0E+0	2.7E-1	3.2E-3	7.0E-4	1.9E-2
800	5.1E-4	5.2E-1	6.5E+0	2.7E-1	3.3E-3	7.0E-4	1.9E-2
810	5.1E-4	5.4E-1	7.0E+0	2.7E-1	3.5E-3	7.1E-4	1.9E-2
820	5.2E-4	5.6E-1	7.6E+0	2.7E-1	3.7E-3	7.1E-4	1.9E-2
830	5.2E-4	5.9E-1	8.2E+0	2.8E-1	3.9E-3	7.1E-4	1.9E-2
840	5.3E-4	6.1E-1	8.9E+0	2.8E-1	4.2E-3	7.1E-4	1.9E-2
850	5.3E-4	6.4E-1	9.6E+0	2.8E-1	4.4E-3	7.1E-4	1.9E-2
860	5.4E-4	6.7E-1	1.0E+1	2.8E-1	4.6E-3	7.2E-4	1.9E-2
870	5.4E-4	6.9E-1	1.1E+1	2.8E-1	4.9E-3	7.2E-4	1.9E-2
880	5.5E-4	7.2E-1	1.2E+1	2.8E-1	5.2E-3	7.2E-4	2.0E-2
890	5.5E-4	7.5E-1	1.3E+1	2.8E-1	5.4E-3	7.2E-4	2.0E-2
900	5.6E-4	7.8E-1	1.4E+1	2.8E-1	5.7E-3	7.2E-4	2.0E-2
910	5.6E-4	8.1E-1	1.5E+1	2.9E-1	6.0E-3	7.3E-4	2.0E-2
920	5.6E-4	8.4E-1	1.6E+1	2.9E-1	6.4E-3	7.3E-4	2.0E-2
930	5.7E-4	8.8E-1	1.7E+1	2.9E-1	6.7E-3	7.3E-4	2.0E-2
940	5.7E-4	9.1E-1	1.9E+1	2.9E-1	7.1E-3	7.3E-4	2.0E-2
950	5.8E-4	9.4E-1	2.0E+1	2.9E-1	7.5E-3	7.3E-4	2.0E-2
960	5.8E-4	9.8E-1	2.2E+1	2.9E-1	7.9E-3	7.4E-4	2.0E-2
970	5.8E-4	1.0E+0	2.3E+1	2.9E-1	8.3E-3	7.4E-4	2.0E-2
980	5.9E-4	1.0E+0	2.5E+1	2.9E-1	8.7E-3	7.4E-4	2.0E-2
990	5.9E-4	1.1E+0	2.7E+1	2.9E-1	9.2E-3	7.4E-4	2.0E-2
1000	5.9E-4	1.1E+0	2.9E+1	2.9E-1	9.7E-3	7.4E-4	2.0E-2
1010	6.0E-4	1.2E+0	3.1E+1	2.9E-1	1.0E-2	7.5E-4	2.0E-2
1020	6.0E-4	1.2E+0	3.4E+1	2.9E-1	1.1E-2	7.5E-4	2.0E-2
1030	6.0E-4	1.2E+0	3.6E+1	2.9E-1	1.1E-2	7.5E-4	2.0E-2
1040	6.1E-4	1.3E+0	3.9E+1	2.9E-1	1.2E-2	7.5E-4	2.0E-2
1050	6.1E-4	1.3E+0	4.1E+1	2.9E-1	1.3E-2	7.5E-4	2.0E-2
1060	6.1E-4	1.3E+0	4.4E+1	2.9E-1	1.3E-2	7.6E-4	2.0E-2
1070	6.1E-4	1.4E+0	4.8E+1	3.0E-1	1.4E-2	7.6E-4	2.0E-2
1080	6.2E-4	1.4E+0	5.1E+1	3.0E-1	1.5E-2	7.6E-4	2.0E-2
1090	6.2E-4	1.5E+0	5.4E+1	3.0E-1	1.5E-2	7.6E-4	2.0E-2
1095	6.2E-4	1.5E+0	5.6E+1	3.0E-1	1.6E-2	7.6E-4	2.0E-2
1100	6.2E-4	1.5E+0	5.8E+1	3.0E-1	1.6E-2	7.6E-4	2.0E-2
1200	6.5E-4	1.9E+0	1.1E+2	3.0E-1	2.7E-2	7.8E-4	2.1E-2
1300	6.7E-4	2.3E+0	1.8E+2	3.0E-1	4.4E-2	8.1E-4	2.1E-2
1400	6.9E-4	2.6E+0	2.7E+2	3.0E-1	7.0E-2	8.3E-4	2.1E-2
1500	7.0E-4	2.9E+0	3.6E+2	3.0E-1	1.1E-1	8.5E-4	2.2E-2
1600	7.2E-4	3.1E+0	4.3E+2	3.0E-1	1.6E-1	8.7E-4	2.2E-2
1700	7.4E-4	3.4E+0	4.8E+2	3.0E-1	2.3E-1	8.9E-4	2.3E-2
1800	7.5E-4	3.6E+0	5.2E+2	3.0E-1	3.2E-1	9.1E-4	2.3E-2
1900	7.7E-4	3.7E+0	5.6E+2	3.0E-1	4.0E-1	9.3E-4	2.3E-2
2000	7.9E-4	3.9E+0	5.9E+2	3.0E-1	4.8E-1	9.5E-4	2.4E-2
2100	8.0E-4	4.1E+0	6.1E+2	3.0E-1	5.5E-1	9.7E-4	2.4E-2
2200	8.2E-4	4.3E+0	6.4E+2	3.0E-1	6.0E-1	1.0E-3	2.5E-2
2300	8.3E-4	4.4E+0	6.7E+2	3.0E-1	6.3E-1	1.0E-3	2.5E-2
2400	8.5E-4	4.6E+0	6.9E+2	3.1E-1	6.5E-1	1.0E-3	2.6E-2
2500	8.7E-4	4.8E+0	7.2E+2	3.1E-1	6.7E-1	1.1E-3	2.6E-2
2600	8.8E-4	5.0E+0	7.5E+2	3.1E-1	6.8E-1	1.1E-3	2.7E-2
2700	9.0E-4	5.1E+0	7.7E+2	3.1E-1	6.9E-1	1.1E-3	2.7E-2
2800	9.1E-4	5.3E+0	8.0E+2	3.1E-1	6.9E-1	1.1E-3	2.8E-2
2900	9.3E-4	5.5E+0	8.3E+2	3.1E-1	7.0E-1	1.2E-3	2.8E-2
3000	9.4E-4	5.7E+0	8.6E+2	3.1E-1	7.0E-1	1.2E-3	2.9E-2
3100	9.6E-4	5.9E+0	8.9E+2	3.1E-1	7.0E-1	1.2E-3	2.9E-2
3200	9.8E-4	6.1E+0	9.2E+2	3.1E-1	7.0E-1	1.2E-3	3.0E-2
3300	9.9E-4	6.3E+0	9.5E+2	3.1E-1	7.0E-1	1.2E-3	3.0E-2
3400	1.0E-3	6.5E+0	9.9E+2	3.1E-1	7.0E-1	1.3E-3	3.1E-2
3500	1.0E-3	6.8E+0	1.0E+3	3.1E-1	7.1E-1	1.3E-3	3.1E-2
3600	1.0E-3	7.0E+0	1.1E+3	3.1E-1	7.1E-1	1.3E-3	3.2E-2
3650	1.0E-3	7.1E+0	1.1E+3	3.1E-1	7.1E-1	1.3E-3	3.2E-2
4000	1.1E-3	7.9E+0	1.2E+3	3.1E-1	7.1E-1	1.4E-3	3.4E-2
5000	1.3E-3	1.1E+1	1.6E+3	3.2E-1	7.2E-1	1.6E-3	4.1E-2
6000	1.4E-3	1.4E+1	2.1E+3	3.2E-1	7.4E-1	1.9E-3	5.0E-2
7000	1.5E-3	1.7E+1	2.6E+3	3.3E-1	7.5E-1	2.1E-3	6.0E-2
8000	1.7E-3	2.0E+1	3.1E+3	3.4E-1	7.6E-1	2.3E-3	7.2E-2
9000	1.8E-3	2.4E+1	3.6E+3	3.4E-1	7.8E-1	2.5E-3	8.7E-2
10000	2.0E-3	2.7E+1	4.1E+3	3.5E-1	7.9E-1	2.8E-3	1.0E-1
11000	2.1E-3	3.1E+1	4.6E+3	3.5E-1	8.0E-1	3.1E-3	1.3E-1
12000	2.2E-3	3.4E+1	5.2E+3	3.6E-1	8.2E-1	3.3E-3	1.5E-1
13000	2.4E-3	3.8E+1	5.7E+3	3.7E-1	8.3E-1	3.6E-3	1.8E-1
14000	2.5E-3	4.1E+1	6.2E+3	3.7E-1	8.5E-1	3.9E-3	2.2E-1
15000	2.7E-3	4.5E+1	6.8E+3	3.8E-1	8.7E-1	4.3E-3	2.6E-1
16000	2.9E-3	4.9E+1	7.4E+3	3.9E-1	8.8E-1	4.6E-3	3.1E-1
17000	3.0E-3	5.3E+1	8.0E+3	4.0E-1	9.0E-1	5.0E-3	3.7E-1
18000	3.2E-3	5.7E+1	8.6E+3	4.0E-1	9.2E-1	5.4E-3	4.5E-1
18250	3.3E-3	5.8E+1	8.8E+3	4.0E-1	9.2E-1	5.5E-3	4.7E-1
Radionuclide	U-235
Route of Intake	Inhalation
Material	Aerosols Type M, Uranyl acetylacetonate; depleted uranium aerosols from use of kinetic energy penetrators; vaporised uranium metal; all unspecified forms, fA=4E-3
AMTD/AMAD, µm	0.3

Committed Effective Dose per Predicted Content in an Organ or Excreta Sample (Dose per Content Functions z(t)), Sv/Bq
Time, days	Whole Body	Urine (24-hour sample)	Faeces (24-hour sample)	Alimentary Tract*	Lungs*	Skeleton*	Liver*
0.041667	9.7E-6	-	-	6.6E-5	1.6E-5	6.9E-3	1.1E-2
0.083333	9.7E-6	-	-	5.8E-5	1.6E-5	3.4E-3	8.2E-3
0.125	9.8E-6	-	-	5.3E-5	1.7E-5	2.2E-3	7.3E-3
0.25	1.0E-5	-	-	4.4E-5	1.8E-5	1.2E-3	6.1E-3
0.375	1.0E-5	-	-	3.9E-5	1.9E-5	8.7E-4	5.6E-3
0.5	1.1E-5	-	-	3.7E-5	1.9E-5	7.3E-4	5.3E-3
0.625	1.1E-5	-	-	3.5E-5	1.9E-5	6.5E-4	5.2E-3
0.75	1.1E-5	-	-	3.5E-5	2.0E-5	6.1E-4	5.1E-3
0.875	1.1E-5	-	-	3.5E-5	2.0E-5	5.8E-4	5.1E-3
1	1.2E-5	1.3E-4	2.1E-4	3.6E-5	2.0E-5	5.6E-4	5.1E-3
1.125	1.2E-5	-	-	3.7E-5	2.0E-5	5.5E-4	5.1E-3
1.25	1.2E-5	-	-	3.9E-5	2.1E-5	5.4E-4	5.1E-3
1.375	1.3E-5	-	-	4.1E-5	2.1E-5	5.4E-4	5.1E-3
1.5	1.3E-5	-	-	4.4E-5	2.1E-5	5.4E-4	5.2E-3
1.625	1.3E-5	-	-	4.8E-5	2.1E-5	5.4E-4	5.2E-3
1.75	1.4E-5	-	-	5.2E-5	2.1E-5	5.4E-4	5.2E-3
1.875	1.4E-5	-	-	5.7E-5	2.1E-5	5.4E-4	5.3E-3
2	1.5E-5	8.5E-4	6.6E-5	6.2E-5	2.1E-5	5.4E-4	5.3E-3
2.25	1.5E-5	-	-	7.6E-5	2.1E-5	5.4E-4	5.4E-3
2.5	1.6E-5	-	-	9.4E-5	2.1E-5	5.4E-4	5.5E-3
2.75	1.7E-5	-	-	1.2E-4	2.2E-5	5.5E-4	5.6E-3
3	1.8E-5	2.3E-3	9.4E-5	1.5E-4	2.2E-5	5.5E-4	5.6E-3
3.25	1.8E-5	-	-	1.8E-4	2.2E-5	5.5E-4	5.7E-3
3.5	1.9E-5	-	-	2.2E-4	2.2E-5	5.6E-4	5.8E-3
3.75	1.9E-5	-	-	2.7E-4	2.2E-5	5.6E-4	5.9E-3
4	1.9E-5	2.6E-3	2.1E-4	3.3E-4	2.2E-5	5.6E-4	6.0E-3
4.25	2.0E-5	-	-	3.8E-4	2.2E-5	5.7E-4	6.1E-3
4.5	2.0E-5	-	-	4.4E-4	2.3E-5	5.7E-4	6.2E-3
4.75	2.0E-5	-	-	5.0E-4	2.3E-5	5.7E-4	6.3E-3
5	2.0E-5	2.8E-3	4.9E-4	5.6E-4	2.3E-5	5.7E-4	6.4E-3
5.5	2.0E-5	-	-	6.7E-4	2.3E-5	5.8E-4	6.5E-3
6	2.1E-5	2.9E-3	9.0E-4	7.7E-4	2.3E-5	5.8E-4	6.7E-3
6.5	2.1E-5	-	-	8.6E-4	2.4E-5	5.9E-4	6.9E-3
7	2.1E-5	3.1E-3	1.3E-3	9.6E-4	2.4E-5	5.9E-4	7.1E-3
7.5	2.1E-5	-	-	1.1E-3	2.4E-5	6.0E-4	7.3E-3
8	2.2E-5	3.2E-3	1.6E-3	1.1E-3	2.4E-5	6.0E-4	7.5E-3
8.5	2.2E-5	-	-	1.3E-3	2.4E-5	6.0E-4	7.7E-3
9	2.2E-5	3.4E-3	2.0E-3	1.4E-3	2.4E-5	6.1E-4	7.9E-3
9.5	2.2E-5	-	-	1.5E-3	2.5E-5	6.1E-4	8.0E-3
10	2.2E-5	3.5E-3	2.3E-3	1.6E-3	2.5E-5	6.1E-4	8.2E-3
11	2.3E-5	3.6E-3	2.8E-3	1.9E-3	2.5E-5	6.2E-4	8.6E-3
12	2.3E-5	3.8E-3	3.2E-3	2.1E-3	2.5E-5	6.2E-4	9.0E-3
13	2.3E-5	3.9E-3	3.8E-3	2.5E-3	2.6E-5	6.2E-4	9.4E-3
14	2.4E-5	4.0E-3	4.3E-3	2.8E-3	2.6E-5	6.3E-4	9.8E-3
15	2.4E-5	4.1E-3	5.0E-3	3.1E-3	2.6E-5	6.3E-4	1.0E-2
16	2.4E-5	4.2E-3	5.6E-3	3.5E-3	2.6E-5	6.3E-4	1.1E-2
17	2.4E-5	4.3E-3	6.3E-3	3.9E-3	2.7E-5	6.3E-4	1.1E-2
18	2.5E-5	4.4E-3	7.0E-3	4.2E-3	2.7E-5	6.3E-4	1.1E-2
19	2.5E-5	4.5E-3	7.7E-3	4.6E-3	2.7E-5	6.3E-4	1.2E-2
20	2.5E-5	4.6E-3	8.4E-3	4.9E-3	2.7E-5	6.3E-4	1.2E-2
21	2.5E-5	4.7E-3	9.1E-3	5.2E-3	2.7E-5	6.3E-4	1.2E-2
22	2.5E-5	4.8E-3	9.7E-3	5.5E-3	2.8E-5	6.2E-4	1.3E-2
23	2.6E-5	4.9E-3	1.0E-2	5.8E-3	2.8E-5	6.2E-4	1.3E-2
24	2.6E-5	5.0E-3	1.1E-2	6.0E-3	2.8E-5	6.2E-4	1.3E-2
25	2.6E-5	5.1E-3	1.1E-2	6.3E-3	2.8E-5	6.2E-4	1.3E-2
26	2.6E-5	5.1E-3	1.2E-2	6.5E-3	2.8E-5	6.2E-4	1.4E-2
27	2.6E-5	5.2E-3	1.2E-2	6.7E-3	2.9E-5	6.2E-4	1.4E-2
28	2.6E-5	5.3E-3	1.3E-2	6.8E-3	2.9E-5	6.1E-4	1.4E-2
29	2.7E-5	5.4E-3	1.3E-2	7.0E-3	2.9E-5	6.1E-4	1.4E-2
30	2.7E-5	5.4E-3	1.3E-2	7.1E-3	2.9E-5	6.1E-4	1.5E-2
31	2.7E-5	5.5E-3	1.4E-2	7.3E-3	2.9E-5	6.1E-4	1.5E-2
32	2.7E-5	5.6E-3	1.4E-2	7.4E-3	3.0E-5	6.1E-4	1.5E-2
33	2.7E-5	5.6E-3	1.4E-2	7.5E-3	3.0E-5	6.0E-4	1.5E-2
34	2.8E-5	5.7E-3	1.4E-2	7.6E-3	3.0E-5	6.0E-4	1.5E-2
35	2.8E-5	5.7E-3	1.5E-2	7.7E-3	3.0E-5	6.0E-4	1.5E-2
36	2.8E-5	5.8E-3	1.5E-2	7.8E-3	3.0E-5	6.0E-4	1.6E-2
37	2.8E-5	5.9E-3	1.5E-2	7.9E-3	3.1E-5	6.0E-4	1.6E-2
38	2.8E-5	5.9E-3	1.5E-2	8.0E-3	3.1E-5	6.0E-4	1.6E-2
39	2.9E-5	6.0E-3	1.5E-2	8.0E-3	3.1E-5	5.9E-4	1.6E-2
40	2.9E-5	6.0E-3	1.6E-2	8.1E-3	3.1E-5	5.9E-4	1.6E-2
41	2.9E-5	6.1E-3	1.6E-2	8.2E-3	3.2E-5	5.9E-4	1.6E-2
42	2.9E-5	6.1E-3	1.6E-2	8.3E-3	3.2E-5	5.9E-4	1.6E-2
43	2.9E-5	6.2E-3	1.6E-2	8.4E-3	3.2E-5	5.9E-4	1.6E-2
44	2.9E-5	6.2E-3	1.6E-2	8.4E-3	3.2E-5	5.8E-4	1.6E-2
45	3.0E-5	6.3E-3	1.6E-2	8.5E-3	3.2E-5	5.8E-4	1.6E-2
46	3.0E-5	6.4E-3	1.6E-2	8.6E-3	3.3E-5	5.8E-4	1.6E-2
47	3.0E-5	6.4E-3	1.7E-2	8.6E-3	3.3E-5	5.8E-4	1.7E-2
48	3.0E-5	6.5E-3	1.7E-2	8.7E-3	3.3E-5	5.8E-4	1.7E-2
49	3.0E-5	6.5E-3	1.7E-2	8.8E-3	3.3E-5	5.8E-4	1.7E-2
50	3.1E-5	6.6E-3	1.7E-2	8.9E-3	3.4E-5	5.8E-4	1.7E-2
51	3.1E-5	6.6E-3	1.7E-2	8.9E-3	3.4E-5	5.7E-4	1.7E-2
52	3.1E-5	6.7E-3	1.7E-2	9.0E-3	3.4E-5	5.7E-4	1.7E-2
53	3.1E-5	6.7E-3	1.7E-2	9.1E-3	3.4E-5	5.7E-4	1.7E-2
54	3.1E-5	6.8E-3	1.8E-2	9.1E-3	3.4E-5	5.7E-4	1.7E-2
55	3.2E-5	6.8E-3	1.8E-2	9.2E-3	3.5E-5	5.7E-4	1.7E-2
56	3.2E-5	6.9E-3	1.8E-2	9.3E-3	3.5E-5	5.7E-4	1.7E-2
57	3.2E-5	6.9E-3	1.8E-2	9.4E-3	3.5E-5	5.7E-4	1.7E-2
58	3.2E-5	7.0E-3	1.8E-2	9.4E-3	3.5E-5	5.7E-4	1.7E-2
59	3.2E-5	7.0E-3	1.8E-2	9.5E-3	3.6E-5	5.6E-4	1.7E-2
60	3.3E-5	7.1E-3	1.8E-2	9.6E-3	3.6E-5	5.6E-4	1.7E-2
61	3.3E-5	7.1E-3	1.9E-2	9.7E-3	3.6E-5	5.6E-4	1.7E-2
62	3.3E-5	7.2E-3	1.9E-2	9.7E-3	3.6E-5	5.6E-4	1.7E-2
63	3.3E-5	7.2E-3	1.9E-2	9.8E-3	3.7E-5	5.6E-4	1.7E-2
64	3.4E-5	7.3E-3	1.9E-2	9.9E-3	3.7E-5	5.6E-4	1.7E-2
65	3.4E-5	7.3E-3	1.9E-2	1.0E-2	3.7E-5	5.6E-4	1.7E-2
66	3.4E-5	7.4E-3	1.9E-2	1.0E-2	3.7E-5	5.6E-4	1.7E-2
67	3.4E-5	7.4E-3	2.0E-2	1.0E-2	3.8E-5	5.6E-4	1.7E-2
68	3.4E-5	7.5E-3	2.0E-2	1.0E-2	3.8E-5	5.6E-4	1.7E-2
69	3.5E-5	7.5E-3	2.0E-2	1.0E-2	3.8E-5	5.5E-4	1.7E-2
70	3.5E-5	7.6E-3	2.0E-2	1.0E-2	3.9E-5	5.5E-4	1.7E-2
71	3.5E-5	7.6E-3	2.0E-2	1.0E-2	3.9E-5	5.5E-4	1.7E-2
72	3.5E-5	7.7E-3	2.0E-2	1.1E-2	3.9E-5	5.5E-4	1.7E-2
73	3.5E-5	7.7E-3	2.0E-2	1.1E-2	3.9E-5	5.5E-4	1.7E-2
74	3.6E-5	7.8E-3	2.1E-2	1.1E-2	4.0E-5	5.5E-4	1.7E-2
75	3.6E-5	7.8E-3	2.1E-2	1.1E-2	4.0E-5	5.5E-4	1.7E-2
76	3.6E-5	7.9E-3	2.1E-2	1.1E-2	4.0E-5	5.5E-4	1.7E-2
77	3.6E-5	7.9E-3	2.1E-2	1.1E-2	4.0E-5	5.5E-4	1.7E-2
78	3.7E-5	8.0E-3	2.1E-2	1.1E-2	4.1E-5	5.5E-4	1.7E-2
79	3.7E-5	8.0E-3	2.2E-2	1.1E-2	4.1E-5	5.5E-4	1.7E-2
80	3.7E-5	8.1E-3	2.2E-2	1.1E-2	4.1E-5	5.5E-4	1.7E-2
81	3.7E-5	8.2E-3	2.2E-2	1.1E-2	4.2E-5	5.5E-4	1.7E-2
82	3.8E-5	8.2E-3	2.2E-2	1.1E-2	4.2E-5	5.5E-4	1.7E-2
83	3.8E-5	8.3E-3	2.2E-2	1.1E-2	4.2E-5	5.4E-4	1.7E-2
84	3.8E-5	8.3E-3	2.2E-2	1.2E-2	4.2E-5	5.4E-4	1.7E-2
85	3.8E-5	8.4E-3	2.3E-2	1.2E-2	4.3E-5	5.4E-4	1.7E-2
86	3.8E-5	8.4E-3	2.3E-2	1.2E-2	4.3E-5	5.4E-4	1.7E-2
87	3.9E-5	8.5E-3	2.3E-2	1.2E-2	4.3E-5	5.4E-4	1.7E-2
88	3.9E-5	8.5E-3	2.3E-2	1.2E-2	4.4E-5	5.4E-4	1.7E-2
89	3.9E-5	8.6E-3	2.3E-2	1.2E-2	4.4E-5	5.4E-4	1.7E-2
90	3.9E-5	8.7E-3	2.3E-2	1.2E-2	4.4E-5	5.4E-4	1.7E-2
91	4.0E-5	8.7E-3	2.4E-2	1.2E-2	4.4E-5	5.4E-4	1.7E-2
92	4.0E-5	8.8E-3	2.4E-2	1.2E-2	4.5E-5	5.4E-4	1.7E-2
93	4.0E-5	8.8E-3	2.4E-2	1.2E-2	4.5E-5	5.4E-4	1.7E-2
94	4.0E-5	8.9E-3	2.4E-2	1.2E-2	4.5E-5	5.4E-4	1.7E-2
95	4.1E-5	9.0E-3	2.4E-2	1.3E-2	4.6E-5	5.4E-4	1.7E-2
96	4.1E-5	9.0E-3	2.5E-2	1.3E-2	4.6E-5	5.4E-4	1.7E-2
97	4.1E-5	9.1E-3	2.5E-2	1.3E-2	4.6E-5	5.4E-4	1.7E-2
98	4.1E-5	9.1E-3	2.5E-2	1.3E-2	4.7E-5	5.4E-4	1.7E-2
99	4.2E-5	9.2E-3	2.5E-2	1.3E-2	4.7E-5	5.4E-4	1.7E-2
100	4.2E-5	9.3E-3	2.5E-2	1.3E-2	4.7E-5	5.4E-4	1.7E-2
110	4.5E-5	9.9E-3	2.8E-2	1.4E-2	5.1E-5	5.3E-4	1.7E-2
120	4.7E-5	1.1E-2	3.0E-2	1.5E-2	5.4E-5	5.3E-4	1.7E-2
130	5.0E-5	1.1E-2	3.2E-2	1.6E-2	5.8E-5	5.3E-4	1.7E-2
140	5.4E-5	1.2E-2	3.5E-2	1.8E-2	6.2E-5	5.3E-4	1.7E-2
150	5.7E-5	1.3E-2	3.8E-2	1.9E-2	6.6E-5	5.3E-4	1.7E-2
160	6.0E-5	1.4E-2	4.1E-2	2.0E-2	7.1E-5	5.4E-4	1.7E-2
170	6.4E-5	1.5E-2	4.4E-2	2.2E-2	7.6E-5	5.4E-4	1.7E-2
180	6.8E-5	1.6E-2	4.8E-2	2.4E-2	8.1E-5	5.4E-4	1.7E-2
190	7.2E-5	1.7E-2	5.2E-2	2.5E-2	8.6E-5	5.4E-4	1.7E-2
200	7.6E-5	1.8E-2	5.6E-2	2.7E-2	9.2E-5	5.4E-4	1.7E-2
210	8.0E-5	1.9E-2	6.1E-2	2.9E-2	9.9E-5	5.5E-4	1.7E-2
220	8.5E-5	2.0E-2	6.6E-2	3.1E-2	1.1E-4	5.5E-4	1.7E-2
230	8.9E-5	2.1E-2	7.2E-2	3.4E-2	1.1E-4	5.5E-4	1.7E-2
240	9.4E-5	2.3E-2	7.8E-2	3.6E-2	1.2E-4	5.5E-4	1.7E-2
250	9.9E-5	2.4E-2	8.4E-2	3.9E-2	1.3E-4	5.6E-4	1.7E-2
260	1.0E-4	2.6E-2	9.1E-2	4.1E-2	1.4E-4	5.6E-4	1.7E-2
270	1.1E-4	2.8E-2	9.9E-2	4.4E-2	1.5E-4	5.6E-4	1.7E-2
280	1.2E-4	2.9E-2	1.1E-1	4.7E-2	1.6E-4	5.7E-4	1.8E-2
290	1.2E-4	3.1E-2	1.2E-1	5.0E-2	1.7E-4	5.7E-4	1.8E-2
300	1.3E-4	3.3E-2	1.3E-1	5.4E-2	1.8E-4	5.7E-4	1.8E-2
310	1.3E-4	3.5E-2	1.4E-1	5.7E-2	1.9E-4	5.8E-4	1.8E-2
320	1.4E-4	3.8E-2	1.5E-1	6.1E-2	2.0E-4	5.8E-4	1.8E-2
330	1.5E-4	4.0E-2	1.6E-1	6.5E-2	2.1E-4	5.8E-4	1.8E-2
340	1.5E-4	4.3E-2	1.7E-1	6.9E-2	2.3E-4	5.9E-4	1.8E-2
350	1.6E-4	4.5E-2	1.9E-1	7.3E-2	2.4E-4	5.9E-4	1.8E-2
360	1.7E-4	4.8E-2	2.0E-1	7.7E-2	2.6E-4	5.9E-4	1.8E-2
365	1.7E-4	5.0E-2	2.1E-1	7.9E-2	2.7E-4	5.9E-4	1.8E-2
370	1.8E-4	5.1E-2	2.2E-1	8.2E-2	2.7E-4	5.9E-4	1.8E-2
380	1.8E-4	5.4E-2	2.4E-1	8.6E-2	2.9E-4	6.0E-4	1.8E-2
390	1.9E-4	5.8E-2	2.6E-1	9.1E-2	3.1E-4	6.0E-4	1.8E-2
400	2.0E-4	6.1E-2	2.8E-1	9.6E-2	3.3E-4	6.0E-4	1.8E-2
410	2.1E-4	6.5E-2	3.0E-1	1.0E-1	3.5E-4	6.1E-4	1.8E-2
420	2.2E-4	6.9E-2	3.2E-1	1.1E-1	3.7E-4	6.1E-4	1.8E-2
430	2.2E-4	7.3E-2	3.5E-1	1.1E-1	4.0E-4	6.1E-4	1.8E-2
440	2.3E-4	7.7E-2	3.8E-1	1.2E-1	4.2E-4	6.1E-4	1.8E-2
450	2.4E-4	8.2E-2	4.1E-1	1.2E-1	4.5E-4	6.2E-4	1.8E-2
460	2.5E-4	8.7E-2	4.5E-1	1.3E-1	4.7E-4	6.2E-4	1.8E-2
470	2.6E-4	9.2E-2	4.8E-1	1.3E-1	5.0E-4	6.2E-4	1.8E-2
480	2.7E-4	9.8E-2	5.2E-1	1.4E-1	5.3E-4	6.2E-4	1.8E-2
490	2.7E-4	1.0E-1	5.7E-1	1.4E-1	5.7E-4	6.3E-4	1.8E-2
500	2.8E-4	1.1E-1	6.1E-1	1.5E-1	6.0E-4	6.3E-4	1.8E-2
510	2.9E-4	1.2E-1	6.6E-1	1.6E-1	6.4E-4	6.3E-4	1.8E-2
520	3.0E-4	1.2E-1	7.2E-1	1.6E-1	6.8E-4	6.3E-4	1.8E-2
530	3.1E-4	1.3E-1	7.8E-1	1.7E-1	7.2E-4	6.4E-4	1.8E-2
540	3.2E-4	1.4E-1	8.4E-1	1.7E-1	7.6E-4	6.4E-4	1.8E-2
550	3.2E-4	1.4E-1	9.1E-1	1.8E-1	8.1E-4	6.4E-4	1.8E-2
560	3.3E-4	1.5E-1	9.8E-1	1.8E-1	8.6E-4	6.4E-4	1.8E-2
570	3.4E-4	1.6E-1	1.1E+0	1.9E-1	9.1E-4	6.5E-4	1.8E-2
580	3.5E-4	1.7E-1	1.2E+0	1.9E-1	9.6E-4	6.5E-4	1.8E-2
590	3.6E-4	1.8E-1	1.2E+0	2.0E-1	1.0E-3	6.5E-4	1.8E-2
600	3.7E-4	1.9E-1	1.3E+0	2.0E-1	1.1E-3	6.5E-4	1.8E-2
610	3.7E-4	2.0E-1	1.5E+0	2.1E-1	1.1E-3	6.5E-4	1.8E-2
620	3.8E-4	2.1E-1	1.6E+0	2.1E-1	1.2E-3	6.6E-4	1.8E-2
630	3.9E-4	2.2E-1	1.7E+0	2.2E-1	1.3E-3	6.6E-4	1.8E-2
640	4.0E-4	2.3E-1	1.8E+0	2.2E-1	1.4E-3	6.6E-4	1.8E-2
650	4.0E-4	2.5E-1	2.0E+0	2.2E-1	1.4E-3	6.6E-4	1.8E-2
660	4.1E-4	2.6E-1	2.2E+0	2.3E-1	1.5E-3	6.6E-4	1.8E-2
670	4.2E-4	2.7E-1	2.3E+0	2.3E-1	1.6E-3	6.7E-4	1.9E-2
680	4.3E-4	2.9E-1	2.5E+0	2.4E-1	1.7E-3	6.7E-4	1.9E-2
690	4.3E-4	3.0E-1	2.7E+0	2.4E-1	1.8E-3	6.7E-4	1.9E-2
700	4.4E-4	3.2E-1	3.0E+0	2.4E-1	1.9E-3	6.7E-4	1.9E-2
710	4.5E-4	3.3E-1	3.2E+0	2.5E-1	2.0E-3	6.7E-4	1.9E-2
720	4.5E-4	3.5E-1	3.5E+0	2.5E-1	2.1E-3	6.8E-4	1.9E-2
730	4.6E-4	3.7E-1	3.7E+0	2.5E-1	2.2E-3	6.8E-4	1.9E-2
740	4.7E-4	3.8E-1	4.0E+0	2.5E-1	2.4E-3	6.8E-4	1.9E-2
750	4.7E-4	4.0E-1	4.4E+0	2.6E-1	2.5E-3	6.8E-4	1.9E-2
760	4.8E-4	4.2E-1	4.7E+0	2.6E-1	2.6E-3	6.8E-4	1.9E-2
770	4.8E-4	4.4E-1	5.1E+0	2.6E-1	2.8E-3	6.9E-4	1.9E-2
780	4.9E-4	4.6E-1	5.5E+0	2.6E-1	3.0E-3	6.9E-4	1.9E-2
790	4.9E-4	4.8E-1	5.9E+0	2.6E-1	3.1E-3	6.9E-4	1.9E-2
800	5.0E-4	5.1E-1	6.4E+0	2.7E-1	3.3E-3	6.9E-4	1.9E-2
810	5.1E-4	5.3E-1	6.9E+0	2.7E-1	3.5E-3	6.9E-4	1.9E-2
820	5.1E-4	5.5E-1	7.5E+0	2.7E-1	3.7E-3	7.0E-4	1.9E-2
830	5.2E-4	5.8E-1	8.1E+0	2.7E-1	3.9E-3	7.0E-4	1.9E-2
840	5.2E-4	6.0E-1	8.7E+0	2.7E-1	4.1E-3	7.0E-4	1.9E-2
850	5.3E-4	6.3E-1	9.4E+0	2.7E-1	4.3E-3	7.0E-4	1.9E-2
860	5.3E-4	6.6E-1	1.0E+1	2.8E-1	4.6E-3	7.0E-4	1.9E-2
870	5.3E-4	6.8E-1	1.1E+1	2.8E-1	4.8E-3	7.1E-4	1.9E-2
880	5.4E-4	7.1E-1	1.2E+1	2.8E-1	5.1E-3	7.1E-4	1.9E-2
890	5.4E-4	7.4E-1	1.3E+1	2.8E-1	5.3E-3	7.1E-4	1.9E-2
900	5.5E-4	7.7E-1	1.4E+1	2.8E-1	5.6E-3	7.1E-4	1.9E-2
910	5.5E-4	8.0E-1	1.5E+1	2.8E-1	5.9E-3	7.1E-4	1.9E-2
920	5.6E-4	8.3E-1	1.6E+1	2.8E-1	6.3E-3	7.2E-4	1.9E-2
930	5.6E-4	8.6E-1	1.7E+1	2.8E-1	6.6E-3	7.2E-4	1.9E-2
940	5.6E-4	8.9E-1	1.9E+1	2.8E-1	7.0E-3	7.2E-4	1.9E-2
950	5.7E-4	9.3E-1	2.0E+1	2.8E-1	7.3E-3	7.2E-4	1.9E-2
960	5.7E-4	9.6E-1	2.1E+1	2.9E-1	7.7E-3	7.2E-4	1.9E-2
970	5.7E-4	9.9E-1	2.3E+1	2.9E-1	8.2E-3	7.3E-4	1.9E-2
980	5.8E-4	1.0E+0	2.5E+1	2.9E-1	8.6E-3	7.3E-4	2.0E-2
990	5.8E-4	1.1E+0	2.7E+1	2.9E-1	9.1E-3	7.3E-4	2.0E-2
1000	5.8E-4	1.1E+0	2.9E+1	2.9E-1	9.5E-3	7.3E-4	2.0E-2
1010	5.9E-4	1.1E+0	3.1E+1	2.9E-1	1.0E-2	7.3E-4	2.0E-2
1020	5.9E-4	1.2E+0	3.3E+1	2.9E-1	1.1E-2	7.4E-4	2.0E-2
1030	5.9E-4	1.2E+0	3.5E+1	2.9E-1	1.1E-2	7.4E-4	2.0E-2
1040	6.0E-4	1.2E+0	3.8E+1	2.9E-1	1.2E-2	7.4E-4	2.0E-2
1050	6.0E-4	1.3E+0	4.1E+1	2.9E-1	1.2E-2	7.4E-4	2.0E-2
1060	6.0E-4	1.3E+0	4.4E+1	2.9E-1	1.3E-2	7.4E-4	2.0E-2
1070	6.0E-4	1.4E+0	4.7E+1	2.9E-1	1.4E-2	7.5E-4	2.0E-2
1080	6.1E-4	1.4E+0	5.0E+1	2.9E-1	1.4E-2	7.5E-4	2.0E-2
1090	6.1E-4	1.4E+0	5.4E+1	2.9E-1	1.5E-2	7.5E-4	2.0E-2
1095	6.1E-4	1.5E+0	5.5E+1	2.9E-1	1.6E-2	7.5E-4	2.0E-2
1100	6.1E-4	1.5E+0	5.7E+1	2.9E-1	1.6E-2	7.5E-4	2.0E-2
1200	6.4E-4	1.9E+0	1.1E+2	2.9E-1	2.6E-2	7.7E-4	2.0E-2
1300	6.6E-4	2.2E+0	1.8E+2	2.9E-1	4.3E-2	7.9E-4	2.1E-2
1400	6.8E-4	2.6E+0	2.7E+2	3.0E-1	6.9E-2	8.1E-4	2.1E-2
1500	6.9E-4	2.8E+0	3.5E+2	3.0E-1	1.1E-1	8.3E-4	2.1E-2
1600	7.1E-4	3.1E+0	4.2E+2	3.0E-1	1.6E-1	8.5E-4	2.2E-2
1700	7.3E-4	3.3E+0	4.7E+2	3.0E-1	2.3E-1	8.7E-4	2.2E-2
1800	7.4E-4	3.5E+0	5.1E+2	3.0E-1	3.1E-1	8.9E-4	2.3E-2
1900	7.6E-4	3.7E+0	5.5E+2	3.0E-1	4.0E-1	9.2E-4	2.3E-2
2000	7.7E-4	3.9E+0	5.8E+2	3.0E-1	4.7E-1	9.4E-4	2.3E-2
2100	7.9E-4	4.0E+0	6.0E+2	3.0E-1	5.4E-1	9.6E-4	2.4E-2
2200	8.0E-4	4.2E+0	6.3E+2	3.0E-1	5.9E-1	9.8E-4	2.4E-2
2300	8.2E-4	4.4E+0	6.5E+2	3.0E-1	6.2E-1	1.0E-3	2.5E-2
2400	8.4E-4	4.5E+0	6.8E+2	3.0E-1	6.4E-1	1.0E-3	2.5E-2
2500	8.5E-4	4.7E+0	7.1E+2	3.0E-1	6.6E-1	1.0E-3	2.6E-2
2600	8.7E-4	4.9E+0	7.3E+2	3.0E-1	6.7E-1	1.1E-3	2.6E-2
2700	8.8E-4	5.0E+0	7.6E+2	3.0E-1	6.8E-1	1.1E-3	2.7E-2
2800	9.0E-4	5.2E+0	7.9E+2	3.0E-1	6.8E-1	1.1E-3	2.7E-2
2900	9.1E-4	5.4E+0	8.2E+2	3.0E-1	6.8E-1	1.1E-3	2.8E-2
3000	9.3E-4	5.6E+0	8.5E+2	3.0E-1	6.9E-1	1.2E-3	2.8E-2
3100	9.4E-4	5.8E+0	8.8E+2	3.0E-1	6.9E-1	1.2E-3	2.9E-2
3200	9.6E-4	6.0E+0	9.1E+2	3.0E-1	6.9E-1	1.2E-3	2.9E-2
3300	9.8E-4	6.2E+0	9.4E+2	3.0E-1	6.9E-1	1.2E-3	3.0E-2
3400	9.9E-4	6.4E+0	9.7E+2	3.0E-1	6.9E-1	1.2E-3	3.0E-2
3500	1.0E-3	6.7E+0	1.0E+3	3.1E-1	6.9E-1	1.3E-3	3.1E-2
3600	1.0E-3	6.9E+0	1.0E+3	3.1E-1	6.9E-1	1.3E-3	3.1E-2
3650	1.0E-3	7.0E+0	1.1E+3	3.1E-1	7.0E-1	1.3E-3	3.2E-2
4000	1.1E-3	7.8E+0	1.2E+3	3.1E-1	7.0E-1	1.4E-3	3.4E-2
5000	1.2E-3	1.0E+1	1.6E+3	3.1E-1	7.1E-1	1.6E-3	4.1E-2
6000	1.4E-3	1.3E+1	2.0E+3	3.2E-1	7.2E-1	1.8E-3	4.9E-2
7000	1.5E-3	1.7E+1	2.5E+3	3.2E-1	7.4E-1	2.1E-3	5.9E-2
8000	1.6E-3	2.0E+1	3.0E+3	3.3E-1	7.5E-1	2.3E-3	7.1E-2
9000	1.8E-3	2.4E+1	3.5E+3	3.4E-1	7.6E-1	2.5E-3	8.5E-2
10000	1.9E-3	2.7E+1	4.1E+3	3.4E-1	7.8E-1	2.7E-3	1.0E-1
11000	2.1E-3	3.0E+1	4.6E+3	3.5E-1	7.9E-1	3.0E-3	1.2E-1
12000	2.2E-3	3.4E+1	5.1E+3	3.5E-1	8.1E-1	3.3E-3	1.5E-1
13000	2.3E-3	3.7E+1	5.6E+3	3.6E-1	8.2E-1	3.6E-3	1.8E-1
14000	2.5E-3	4.1E+1	6.1E+3	3.7E-1	8.4E-1	3.9E-3	2.1E-1
15000	2.7E-3	4.4E+1	6.7E+3	3.7E-1	8.5E-1	4.2E-3	2.6E-1
16000	2.8E-3	4.8E+1	7.3E+3	3.8E-1	8.7E-1	4.5E-3	3.1E-1
17000	3.0E-3	5.2E+1	7.9E+3	3.9E-1	8.8E-1	4.9E-3	3.7E-1
18000	3.2E-3	5.6E+1	8.5E+3	4.0E-1	9.0E-1	5.3E-3	4.4E-1
18250	3.2E-3	5.7E+1	8.6E+3	4.0E-1	9.0E-1	5.5E-3	4.6E-1
Radionuclide	U-235
Route of Intake	Inhalation
Material	Aerosols Type M, Uranyl acetylacetonate; depleted uranium aerosols from use of kinetic energy penetrators; vaporised uranium metal; all unspecified forms, fA=4E-3
AMTD/AMAD, µm	1

Committed Effective Dose per Predicted Content in an Organ or Excreta Sample (Dose per Content Functions z(t)), Sv/Bq
Time, days	Whole Body	Urine (24-hour sample)	Faeces (24-hour sample)	Alimentary Tract*	Lungs*	Skeleton*	Liver*
0.041667	4.0E-6	-	-	1.4E-5	1.6E-5	5.6E-3	9.0E-3
0.083333	4.0E-6	-	-	1.3E-5	1.6E-5	2.9E-3	7.4E-3
0.125	4.1E-6	-	-	1.1E-5	1.7E-5	2.0E-3	6.7E-3
0.25	4.2E-6	-	-	9.6E-6	1.8E-5	1.1E-3	5.7E-3
0.375	4.4E-6	-	-	8.7E-6	1.9E-5	8.1E-4	5.2E-3
0.5	4.5E-6	-	-	8.1E-6	2.0E-5	6.8E-4	5.0E-3
0.625	4.6E-6	-	-	7.8E-6	2.0E-5	6.1E-4	4.9E-3
0.75	4.8E-6	-	-	7.7E-6	2.0E-5	5.7E-4	4.8E-3
0.875	5.0E-6	-	-	7.8E-6	2.1E-5	5.4E-4	4.7E-3
1	5.2E-6	1.2E-4	4.6E-5	8.0E-6	2.1E-5	5.2E-4	4.7E-3
1.125	5.4E-6	-	-	8.4E-6	2.1E-5	5.1E-4	4.7E-3
1.25	5.7E-6	-	-	8.8E-6	2.1E-5	5.1E-4	4.8E-3
1.375	6.1E-6	-	-	9.4E-6	2.1E-5	5.0E-4	4.8E-3
1.5	6.4E-6	-	-	1.0E-5	2.1E-5	5.0E-4	4.8E-3
1.625	6.8E-6	-	-	1.1E-5	2.1E-5	5.0E-4	4.8E-3
1.75	7.3E-6	-	-	1.2E-5	2.2E-5	5.0E-4	4.9E-3
1.875	7.8E-6	-	-	1.3E-5	2.2E-5	5.0E-4	4.9E-3
2	8.3E-6	7.9E-4	1.5E-5	1.5E-5	2.2E-5	5.0E-4	4.9E-3
2.25	9.5E-6	-	-	1.9E-5	2.2E-5	5.0E-4	5.0E-3
2.5	1.1E-5	-	-	2.4E-5	2.2E-5	5.1E-4	5.1E-3
2.75	1.2E-5	-	-	3.1E-5	2.2E-5	5.1E-4	5.2E-3
3	1.3E-5	2.1E-3	2.2E-5	4.2E-5	2.2E-5	5.1E-4	5.3E-3
3.25	1.5E-5	-	-	5.5E-5	2.2E-5	5.2E-4	5.4E-3
3.5	1.6E-5	-	-	7.4E-5	2.2E-5	5.2E-4	5.4E-3
3.75	1.7E-5	-	-	9.9E-5	2.3E-5	5.2E-4	5.5E-3
4	1.8E-5	2.5E-3	5.8E-5	1.3E-4	2.3E-5	5.3E-4	5.6E-3
4.25	1.8E-5	-	-	1.8E-4	2.3E-5	5.3E-4	5.7E-3
4.5	1.9E-5	-	-	2.3E-4	2.3E-5	5.3E-4	5.8E-3
4.75	1.9E-5	-	-	3.0E-4	2.3E-5	5.3E-4	5.9E-3
5	2.0E-5	2.7E-3	1.8E-4	3.8E-4	2.3E-5	5.4E-4	6.0E-3
5.5	2.0E-5	-	-	5.8E-4	2.3E-5	5.4E-4	6.1E-3
6	2.1E-5	2.8E-3	5.5E-4	7.9E-4	2.3E-5	5.5E-4	6.3E-3
6.5	2.1E-5	-	-	9.8E-4	2.4E-5	5.5E-4	6.5E-3
7	2.1E-5	3.0E-3	1.2E-3	1.1E-3	2.4E-5	5.6E-4	6.7E-3
7.5	2.1E-5	-	-	1.3E-3	2.4E-5	5.6E-4	6.9E-3
8	2.2E-5	3.1E-3	1.9E-3	1.4E-3	2.4E-5	5.6E-4	7.0E-3
8.5	2.2E-5	-	-	1.6E-3	2.4E-5	5.7E-4	7.2E-3
9	2.2E-5	3.3E-3	2.5E-3	1.7E-3	2.4E-5	5.7E-4	7.4E-3
9.5	2.2E-5	-	-	1.8E-3	2.5E-5	5.7E-4	7.6E-3
10	2.2E-5	3.4E-3	2.9E-3	2.0E-3	2.5E-5	5.8E-4	7.8E-3
11	2.3E-5	3.5E-3	3.4E-3	2.3E-3	2.5E-5	5.8E-4	8.1E-3
12	2.3E-5	3.6E-3	4.0E-3	2.6E-3	2.5E-5	5.9E-4	8.5E-3
13	2.3E-5	3.8E-3	4.6E-3	2.9E-3	2.5E-5	5.9E-4	8.9E-3
14	2.3E-5	3.9E-3	5.2E-3	3.3E-3	2.6E-5	5.9E-4	9.3E-3
15	2.4E-5	4.0E-3	5.9E-3	3.6E-3	2.6E-5	5.9E-4	9.6E-3
16	2.4E-5	4.1E-3	6.5E-3	4.0E-3	2.6E-5	5.9E-4	1.0E-2
17	2.4E-5	4.2E-3	7.2E-3	4.3E-3	2.6E-5	5.9E-4	1.0E-2
18	2.4E-5	4.3E-3	7.9E-3	4.6E-3	2.7E-5	5.9E-4	1.1E-2
19	2.4E-5	4.4E-3	8.6E-3	4.9E-3	2.7E-5	5.9E-4	1.1E-2
20	2.5E-5	4.5E-3	9.2E-3	5.2E-3	2.7E-5	5.9E-4	1.1E-2
21	2.5E-5	4.6E-3	9.8E-3	5.5E-3	2.7E-5	5.9E-4	1.2E-2
22	2.5E-5	4.7E-3	1.0E-2	5.8E-3	2.7E-5	5.9E-4	1.2E-2
23	2.5E-5	4.8E-3	1.1E-2	6.0E-3	2.8E-5	5.9E-4	1.2E-2
24	2.5E-5	4.9E-3	1.1E-2	6.2E-3	2.8E-5	5.9E-4	1.3E-2
25	2.6E-5	4.9E-3	1.2E-2	6.4E-3	2.8E-5	5.9E-4	1.3E-2
26	2.6E-5	5.0E-3	1.2E-2	6.6E-3	2.8E-5	5.9E-4	1.3E-2
27	2.6E-5	5.1E-3	1.3E-2	6.7E-3	2.8E-5	5.9E-4	1.3E-2
28	2.6E-5	5.2E-3	1.3E-2	6.9E-3	2.9E-5	5.8E-4	1.4E-2
29	2.6E-5	5.2E-3	1.3E-2	7.0E-3	2.9E-5	5.8E-4	1.4E-2
30	2.6E-5	5.3E-3	1.4E-2	7.1E-3	2.9E-5	5.8E-4	1.4E-2
31	2.7E-5	5.4E-3	1.4E-2	7.3E-3	2.9E-5	5.8E-4	1.4E-2
32	2.7E-5	5.4E-3	1.4E-2	7.4E-3	2.9E-5	5.8E-4	1.4E-2
33	2.7E-5	5.5E-3	1.4E-2	7.5E-3	3.0E-5	5.8E-4	1.5E-2
34	2.7E-5	5.6E-3	1.4E-2	7.5E-3	3.0E-5	5.7E-4	1.5E-2
35	2.7E-5	5.6E-3	1.5E-2	7.6E-3	3.0E-5	5.7E-4	1.5E-2
36	2.8E-5	5.7E-3	1.5E-2	7.7E-3	3.0E-5	5.7E-4	1.5E-2
37	2.8E-5	5.8E-3	1.5E-2	7.8E-3	3.0E-5	5.7E-4	1.5E-2
38	2.8E-5	5.8E-3	1.5E-2	7.9E-3	3.1E-5	5.7E-4	1.5E-2
39	2.8E-5	5.9E-3	1.5E-2	8.0E-3	3.1E-5	5.7E-4	1.5E-2
40	2.8E-5	5.9E-3	1.5E-2	8.0E-3	3.1E-5	5.7E-4	1.5E-2
41	2.9E-5	6.0E-3	1.6E-2	8.1E-3	3.1E-5	5.6E-4	1.6E-2
42	2.9E-5	6.0E-3	1.6E-2	8.2E-3	3.1E-5	5.6E-4	1.6E-2
43	2.9E-5	6.1E-3	1.6E-2	8.3E-3	3.2E-5	5.6E-4	1.6E-2
44	2.9E-5	6.1E-3	1.6E-2	8.3E-3	3.2E-5	5.6E-4	1.6E-2
45	2.9E-5	6.2E-3	1.6E-2	8.4E-3	3.2E-5	5.6E-4	1.6E-2
46	2.9E-5	6.2E-3	1.6E-2	8.5E-3	3.2E-5	5.6E-4	1.6E-2
47	3.0E-5	6.3E-3	1.6E-2	8.5E-3	3.3E-5	5.6E-4	1.6E-2
48	3.0E-5	6.3E-3	1.7E-2	8.6E-3	3.3E-5	5.5E-4	1.6E-2
49	3.0E-5	6.4E-3	1.7E-2	8.7E-3	3.3E-5	5.5E-4	1.6E-2
50	3.0E-5	6.4E-3	1.7E-2	8.8E-3	3.3E-5	5.5E-4	1.6E-2
51	3.0E-5	6.5E-3	1.7E-2	8.8E-3	3.3E-5	5.5E-4	1.6E-2
52	3.1E-5	6.6E-3	1.7E-2	8.9E-3	3.4E-5	5.5E-4	1.6E-2
53	3.1E-5	6.6E-3	1.7E-2	9.0E-3	3.4E-5	5.5E-4	1.6E-2
54	3.1E-5	6.7E-3	1.7E-2	9.0E-3	3.4E-5	5.5E-4	1.6E-2
55	3.1E-5	6.7E-3	1.8E-2	9.1E-3	3.4E-5	5.5E-4	1.6E-2
56	3.1E-5	6.8E-3	1.8E-2	9.2E-3	3.5E-5	5.4E-4	1.6E-2
57	3.2E-5	6.8E-3	1.8E-2	9.3E-3	3.5E-5	5.4E-4	1.6E-2
58	3.2E-5	6.9E-3	1.8E-2	9.3E-3	3.5E-5	5.4E-4	1.6E-2
59	3.2E-5	6.9E-3	1.8E-2	9.4E-3	3.5E-5	5.4E-4	1.6E-2
60	3.2E-5	7.0E-3	1.8E-2	9.5E-3	3.6E-5	5.4E-4	1.6E-2
61	3.2E-5	7.0E-3	1.8E-2	9.6E-3	3.6E-5	5.4E-4	1.6E-2
62	3.3E-5	7.1E-3	1.9E-2	9.6E-3	3.6E-5	5.4E-4	1.6E-2
63	3.3E-5	7.1E-3	1.9E-2	9.7E-3	3.6E-5	5.4E-4	1.6E-2
64	3.3E-5	7.2E-3	1.9E-2	9.8E-3	3.7E-5	5.4E-4	1.6E-2
65	3.3E-5	7.2E-3	1.9E-2	9.9E-3	3.7E-5	5.4E-4	1.7E-2
66	3.3E-5	7.3E-3	1.9E-2	9.9E-3	3.7E-5	5.4E-4	1.7E-2
67	3.4E-5	7.3E-3	1.9E-2	1.0E-2	3.7E-5	5.3E-4	1.7E-2
68	3.4E-5	7.4E-3	2.0E-2	1.0E-2	3.8E-5	5.3E-4	1.7E-2
69	3.4E-5	7.4E-3	2.0E-2	1.0E-2	3.8E-5	5.3E-4	1.7E-2
70	3.4E-5	7.5E-3	2.0E-2	1.0E-2	3.8E-5	5.3E-4	1.7E-2
71	3.5E-5	7.5E-3	2.0E-2	1.0E-2	3.8E-5	5.3E-4	1.7E-2
72	3.5E-5	7.6E-3	2.0E-2	1.0E-2	3.9E-5	5.3E-4	1.7E-2
73	3.5E-5	7.6E-3	2.0E-2	1.0E-2	3.9E-5	5.3E-4	1.7E-2
74	3.5E-5	7.7E-3	2.0E-2	1.1E-2	3.9E-5	5.3E-4	1.7E-2
75	3.5E-5	7.7E-3	2.1E-2	1.1E-2	3.9E-5	5.3E-4	1.7E-2
76	3.6E-5	7.8E-3	2.1E-2	1.1E-2	4.0E-5	5.3E-4	1.7E-2
77	3.6E-5	7.8E-3	2.1E-2	1.1E-2	4.0E-5	5.3E-4	1.7E-2
78	3.6E-5	7.9E-3	2.1E-2	1.1E-2	4.0E-5	5.3E-4	1.7E-2
79	3.6E-5	7.9E-3	2.1E-2	1.1E-2	4.1E-5	5.3E-4	1.7E-2
80	3.7E-5	8.0E-3	2.1E-2	1.1E-2	4.1E-5	5.3E-4	1.7E-2
81	3.7E-5	8.0E-3	2.2E-2	1.1E-2	4.1E-5	5.3E-4	1.7E-2
82	3.7E-5	8.1E-3	2.2E-2	1.1E-2	4.1E-5	5.3E-4	1.7E-2
83	3.7E-5	8.1E-3	2.2E-2	1.1E-2	4.2E-5	5.2E-4	1.7E-2
84	3.7E-5	8.2E-3	2.2E-2	1.1E-2	4.2E-5	5.2E-4	1.7E-2
85	3.8E-5	8.3E-3	2.2E-2	1.2E-2	4.2E-5	5.2E-4	1.7E-2
86	3.8E-5	8.3E-3	2.3E-2	1.2E-2	4.3E-5	5.2E-4	1.7E-2
87	3.8E-5	8.4E-3	2.3E-2	1.2E-2	4.3E-5	5.2E-4	1.7E-2
88	3.8E-5	8.4E-3	2.3E-2	1.2E-2	4.3E-5	5.2E-4	1.7E-2
89	3.9E-5	8.5E-3	2.3E-2	1.2E-2	4.3E-5	5.2E-4	1.7E-2
90	3.9E-5	8.5E-3	2.3E-2	1.2E-2	4.4E-5	5.2E-4	1.7E-2
91	3.9E-5	8.6E-3	2.3E-2	1.2E-2	4.4E-5	5.2E-4	1.7E-2
92	3.9E-5	8.6E-3	2.4E-2	1.2E-2	4.4E-5	5.2E-4	1.7E-2
93	4.0E-5	8.7E-3	2.4E-2	1.2E-2	4.5E-5	5.2E-4	1.7E-2
94	4.0E-5	8.8E-3	2.4E-2	1.2E-2	4.5E-5	5.2E-4	1.7E-2
95	4.0E-5	8.8E-3	2.4E-2	1.2E-2	4.5E-5	5.2E-4	1.7E-2
96	4.0E-5	8.9E-3	2.4E-2	1.3E-2	4.6E-5	5.2E-4	1.7E-2
97	4.1E-5	8.9E-3	2.5E-2	1.3E-2	4.6E-5	5.2E-4	1.7E-2
98	4.1E-5	9.0E-3	2.5E-2	1.3E-2	4.6E-5	5.2E-4	1.7E-2
99	4.1E-5	9.1E-3	2.5E-2	1.3E-2	4.7E-5	5.2E-4	1.7E-2
100	4.1E-5	9.1E-3	2.5E-2	1.3E-2	4.7E-5	5.2E-4	1.7E-2
110	4.4E-5	9.7E-3	2.7E-2	1.4E-2	5.0E-5	5.2E-4	1.7E-2
120	4.7E-5	1.0E-2	3.0E-2	1.5E-2	5.4E-5	5.2E-4	1.7E-2
130	5.0E-5	1.1E-2	3.2E-2	1.6E-2	5.7E-5	5.2E-4	1.7E-2
140	5.3E-5	1.2E-2	3.5E-2	1.7E-2	6.1E-5	5.2E-4	1.7E-2
150	5.6E-5	1.3E-2	3.8E-2	1.9E-2	6.6E-5	5.2E-4	1.7E-2
160	5.9E-5	1.3E-2	4.1E-2	2.0E-2	7.0E-5	5.2E-4	1.7E-2
170	6.3E-5	1.4E-2	4.4E-2	2.2E-2	7.5E-5	5.2E-4	1.7E-2
180	6.7E-5	1.5E-2	4.8E-2	2.3E-2	8.0E-5	5.2E-4	1.7E-2
190	7.1E-5	1.6E-2	5.2E-2	2.5E-2	8.6E-5	5.3E-4	1.7E-2
200	7.5E-5	1.7E-2	5.6E-2	2.7E-2	9.1E-5	5.3E-4	1.7E-2
210	7.9E-5	1.9E-2	6.1E-2	2.9E-2	9.8E-5	5.3E-4	1.7E-2
220	8.3E-5	2.0E-2	6.6E-2	3.1E-2	1.0E-4	5.3E-4	1.7E-2
230	8.8E-5	2.1E-2	7.1E-2	3.3E-2	1.1E-4	5.4E-4	1.7E-2
240	9.3E-5	2.3E-2	7.7E-2	3.6E-2	1.2E-4	5.4E-4	1.7E-2
250	9.8E-5	2.4E-2	8.3E-2	3.8E-2	1.3E-4	5.4E-4	1.7E-2
260	1.0E-4	2.6E-2	9.0E-2	4.1E-2	1.4E-4	5.5E-4	1.7E-2
270	1.1E-4	2.7E-2	9.8E-2	4.4E-2	1.4E-4	5.5E-4	1.7E-2
280	1.1E-4	2.9E-2	1.1E-1	4.7E-2	1.5E-4	5.5E-4	1.7E-2
290	1.2E-4	3.1E-2	1.1E-1	5.0E-2	1.6E-4	5.5E-4	1.7E-2
300	1.3E-4	3.3E-2	1.2E-1	5.3E-2	1.7E-4	5.6E-4	1.7E-2
310	1.3E-4	3.5E-2	1.3E-1	5.6E-2	1.9E-4	5.6E-4	1.7E-2
320	1.4E-4	3.7E-2	1.5E-1	6.0E-2	2.0E-4	5.6E-4	1.7E-2
330	1.4E-4	3.9E-2	1.6E-1	6.4E-2	2.1E-4	5.7E-4	1.7E-2
340	1.5E-4	4.2E-2	1.7E-1	6.8E-2	2.2E-4	5.7E-4	1.7E-2
350	1.6E-4	4.5E-2	1.8E-1	7.2E-2	2.4E-4	5.7E-4	1.7E-2
360	1.7E-4	4.7E-2	2.0E-1	7.6E-2	2.5E-4	5.8E-4	1.7E-2
365	1.7E-4	4.9E-2	2.1E-1	7.8E-2	2.6E-4	5.8E-4	1.7E-2
370	1.7E-4	5.0E-2	2.2E-1	8.0E-2	2.7E-4	5.8E-4	1.7E-2
380	1.8E-4	5.3E-2	2.3E-1	8.5E-2	2.9E-4	5.8E-4	1.7E-2
390	1.9E-4	5.7E-2	2.5E-1	9.0E-2	3.1E-4	5.8E-4	1.7E-2
400	2.0E-4	6.0E-2	2.7E-1	9.4E-2	3.3E-4	5.9E-4	1.7E-2
410	2.0E-4	6.4E-2	3.0E-1	9.9E-2	3.5E-4	5.9E-4	1.7E-2
420	2.1E-4	6.8E-2	3.2E-1	1.0E-1	3.7E-4	5.9E-4	1.7E-2
430	2.2E-4	7.2E-2	3.5E-1	1.1E-1	3.9E-4	5.9E-4	1.7E-2
440	2.3E-4	7.6E-2	3.8E-1	1.1E-1	4.2E-4	6.0E-4	1.7E-2
450	2.3E-4	8.1E-2	4.1E-1	1.2E-1	4.4E-4	6.0E-4	1.7E-2
460	2.4E-4	8.6E-2	4.4E-1	1.3E-1	4.7E-4	6.0E-4	1.7E-2
470	2.5E-4	9.1E-2	4.8E-1	1.3E-1	5.0E-4	6.0E-4	1.7E-2
480	2.6E-4	9.6E-2	5.2E-1	1.4E-1	5.3E-4	6.1E-4	1.7E-2
490	2.7E-4	1.0E-1	5.6E-1	1.4E-1	5.6E-4	6.1E-4	1.7E-2
500	2.8E-4	1.1E-1	6.1E-1	1.5E-1	6.0E-4	6.1E-4	1.8E-2
510	2.8E-4	1.1E-1	6.6E-1	1.5E-1	6.3E-4	6.1E-4	1.8E-2
520	2.9E-4	1.2E-1	7.1E-1	1.6E-1	6.7E-4	6.2E-4	1.8E-2
530	3.0E-4	1.3E-1	7.7E-1	1.6E-1	7.1E-4	6.2E-4	1.8E-2
540	3.1E-4	1.4E-1	8.3E-1	1.7E-1	7.5E-4	6.2E-4	1.8E-2
550	3.2E-4	1.4E-1	9.0E-1	1.7E-1	8.0E-4	6.2E-4	1.8E-2
560	3.3E-4	1.5E-1	9.7E-1	1.8E-1	8.5E-4	6.2E-4	1.8E-2
570	3.3E-4	1.6E-1	1.1E+0	1.8E-1	9.0E-4	6.3E-4	1.8E-2
580	3.4E-4	1.7E-1	1.1E+0	1.9E-1	9.5E-4	6.3E-4	1.8E-2
590	3.5E-4	1.8E-1	1.2E+0	1.9E-1	1.0E-3	6.3E-4	1.8E-2
600	3.6E-4	1.9E-1	1.3E+0	2.0E-1	1.1E-3	6.3E-4	1.8E-2
610	3.7E-4	2.0E-1	1.4E+0	2.0E-1	1.1E-3	6.4E-4	1.8E-2
620	3.7E-4	2.1E-1	1.6E+0	2.1E-1	1.2E-3	6.4E-4	1.8E-2
630	3.8E-4	2.2E-1	1.7E+0	2.1E-1	1.3E-3	6.4E-4	1.8E-2
640	3.9E-4	2.3E-1	1.8E+0	2.2E-1	1.3E-3	6.4E-4	1.8E-2
650	3.9E-4	2.4E-1	2.0E+0	2.2E-1	1.4E-3	6.4E-4	1.8E-2
660	4.0E-4	2.6E-1	2.1E+0	2.2E-1	1.5E-3	6.5E-4	1.8E-2
670	4.1E-4	2.7E-1	2.3E+0	2.3E-1	1.6E-3	6.5E-4	1.8E-2
680	4.2E-4	2.8E-1	2.5E+0	2.3E-1	1.7E-3	6.5E-4	1.8E-2
690	4.2E-4	3.0E-1	2.7E+0	2.3E-1	1.8E-3	6.5E-4	1.8E-2
700	4.3E-4	3.1E-1	2.9E+0	2.4E-1	1.9E-3	6.5E-4	1.8E-2
710	4.4E-4	3.3E-1	3.2E+0	2.4E-1	2.0E-3	6.6E-4	1.8E-2
720	4.4E-4	3.4E-1	3.4E+0	2.4E-1	2.1E-3	6.6E-4	1.8E-2
730	4.5E-4	3.6E-1	3.7E+0	2.4E-1	2.2E-3	6.6E-4	1.8E-2
740	4.5E-4	3.8E-1	4.0E+0	2.5E-1	2.3E-3	6.6E-4	1.8E-2
750	4.6E-4	4.0E-1	4.3E+0	2.5E-1	2.5E-3	6.6E-4	1.8E-2
760	4.7E-4	4.2E-1	4.7E+0	2.5E-1	2.6E-3	6.7E-4	1.8E-2
770	4.7E-4	4.4E-1	5.0E+0	2.5E-1	2.8E-3	6.7E-4	1.8E-2
780	4.8E-4	4.6E-1	5.4E+0	2.6E-1	2.9E-3	6.7E-4	1.8E-2
790	4.8E-4	4.8E-1	5.9E+0	2.6E-1	3.1E-3	6.7E-4	1.8E-2
800	4.9E-4	5.0E-1	6.4E+0	2.6E-1	3.3E-3	6.7E-4	1.8E-2
810	4.9E-4	5.2E-1	6.9E+0	2.6E-1	3.4E-3	6.8E-4	1.8E-2
820	5.0E-4	5.4E-1	7.4E+0	2.6E-1	3.6E-3	6.8E-4	1.8E-2
830	5.0E-4	5.7E-1	8.0E+0	2.6E-1	3.8E-3	6.8E-4	1.8E-2
840	5.1E-4	5.9E-1	8.6E+0	2.7E-1	4.0E-3	6.8E-4	1.9E-2
850	5.1E-4	6.2E-1	9.3E+0	2.7E-1	4.3E-3	6.8E-4	1.9E-2
860	5.2E-4	6.4E-1	1.0E+1	2.7E-1	4.5E-3	6.8E-4	1.9E-2
870	5.2E-4	6.7E-1	1.1E+1	2.7E-1	4.8E-3	6.9E-4	1.9E-2
880	5.2E-4	7.0E-1	1.2E+1	2.7E-1	5.0E-3	6.9E-4	1.9E-2
890	5.3E-4	7.3E-1	1.3E+1	2.7E-1	5.3E-3	6.9E-4	1.9E-2
900	5.3E-4	7.5E-1	1.4E+1	2.7E-1	5.6E-3	6.9E-4	1.9E-2
910	5.4E-4	7.8E-1	1.5E+1	2.7E-1	5.9E-3	6.9E-4	1.9E-2
920	5.4E-4	8.1E-1	1.6E+1	2.7E-1	6.2E-3	7.0E-4	1.9E-2
930	5.4E-4	8.4E-1	1.7E+1	2.7E-1	6.5E-3	7.0E-4	1.9E-2
940	5.5E-4	8.8E-1	1.8E+1	2.8E-1	6.9E-3	7.0E-4	1.9E-2
950	5.5E-4	9.1E-1	2.0E+1	2.8E-1	7.3E-3	7.0E-4	1.9E-2
960	5.5E-4	9.4E-1	2.1E+1	2.8E-1	7.7E-3	7.0E-4	1.9E-2
970	5.6E-4	9.7E-1	2.3E+1	2.8E-1	8.1E-3	7.1E-4	1.9E-2
980	5.6E-4	1.0E+0	2.5E+1	2.8E-1	8.5E-3	7.1E-4	1.9E-2
990	5.6E-4	1.0E+0	2.6E+1	2.8E-1	9.0E-3	7.1E-4	1.9E-2
1000	5.7E-4	1.1E+0	2.8E+1	2.8E-1	9.4E-3	7.1E-4	1.9E-2
1010	5.7E-4	1.1E+0	3.0E+1	2.8E-1	9.9E-3	7.1E-4	1.9E-2
1020	5.7E-4	1.1E+0	3.3E+1	2.8E-1	1.0E-2	7.2E-4	1.9E-2
1030	5.8E-4	1.2E+0	3.5E+1	2.8E-1	1.1E-2	7.2E-4	1.9E-2
1040	5.8E-4	1.2E+0	3.8E+1	2.8E-1	1.2E-2	7.2E-4	1.9E-2
1050	5.8E-4	1.3E+0	4.0E+1	2.8E-1	1.2E-2	7.2E-4	1.9E-2
1060	5.8E-4	1.3E+0	4.3E+1	2.8E-1	1.3E-2	7.2E-4	1.9E-2
1070	5.9E-4	1.3E+0	4.6E+1	2.8E-1	1.4E-2	7.2E-4	1.9E-2
1080	5.9E-4	1.4E+0	4.9E+1	2.8E-1	1.4E-2	7.3E-4	1.9E-2
1090	5.9E-4	1.4E+0	5.3E+1	2.8E-1	1.5E-2	7.3E-4	1.9E-2
1095	5.9E-4	1.4E+0	5.5E+1	2.8E-1	1.5E-2	7.3E-4	1.9E-2
1100	6.0E-4	1.4E+0	5.7E+1	2.8E-1	1.6E-2	7.3E-4	1.9E-2
1200	6.2E-4	1.8E+0	1.0E+2	2.8E-1	2.6E-2	7.5E-4	2.0E-2
1300	6.4E-4	2.2E+0	1.8E+2	2.9E-1	4.2E-2	7.7E-4	2.0E-2
1400	6.6E-4	2.5E+0	2.6E+2	2.9E-1	6.8E-2	7.9E-4	2.0E-2
1500	6.7E-4	2.8E+0	3.4E+2	2.9E-1	1.1E-1	8.1E-4	2.1E-2
1600	6.9E-4	3.0E+0	4.1E+2	2.9E-1	1.6E-1	8.3E-4	2.1E-2
1700	7.1E-4	3.2E+0	4.6E+2	2.9E-1	2.3E-1	8.5E-4	2.2E-2
1800	7.2E-4	3.4E+0	5.0E+2	2.9E-1	3.1E-1	8.7E-4	2.2E-2
1900	7.4E-4	3.6E+0	5.3E+2	2.9E-1	3.9E-1	8.9E-4	2.2E-2
2000	7.5E-4	3.7E+0	5.6E+2	2.9E-1	4.6E-1	9.1E-4	2.3E-2
2100	7.7E-4	3.9E+0	5.9E+2	2.9E-1	5.2E-1	9.3E-4	2.3E-2
2200	7.8E-4	4.1E+0	6.1E+2	2.9E-1	5.7E-1	9.5E-4	2.4E-2
2300	8.0E-4	4.2E+0	6.4E+2	2.9E-1	6.0E-1	9.7E-4	2.4E-2
2400	8.1E-4	4.4E+0	6.6E+2	2.9E-1	6.3E-1	9.9E-4	2.5E-2
2500	8.3E-4	4.6E+0	6.9E+2	2.9E-1	6.4E-1	1.0E-3	2.5E-2
2600	8.4E-4	4.7E+0	7.1E+2	2.9E-1	6.5E-1	1.0E-3	2.5E-2
2700	8.6E-4	4.9E+0	7.4E+2	2.9E-1	6.6E-1	1.1E-3	2.6E-2
2800	8.7E-4	5.1E+0	7.7E+2	2.9E-1	6.6E-1	1.1E-3	2.6E-2
2900	8.9E-4	5.3E+0	7.9E+2	2.9E-1	6.6E-1	1.1E-3	2.7E-2
3000	9.0E-4	5.5E+0	8.2E+2	2.9E-1	6.7E-1	1.1E-3	2.7E-2
3100	9.2E-4	5.7E+0	8.5E+2	2.9E-1	6.7E-1	1.1E-3	2.8E-2
3200	9.3E-4	5.8E+0	8.8E+2	3.0E-1	6.7E-1	1.2E-3	2.8E-2
3300	9.5E-4	6.1E+0	9.1E+2	3.0E-1	6.7E-1	1.2E-3	2.9E-2
3400	9.6E-4	6.3E+0	9.4E+2	3.0E-1	6.7E-1	1.2E-3	2.9E-2
3500	9.8E-4	6.5E+0	9.7E+2	3.0E-1	6.7E-1	1.2E-3	3.0E-2
3600	9.9E-4	6.7E+0	1.0E+3	3.0E-1	6.7E-1	1.3E-3	3.1E-2
3650	1.0E-3	6.8E+0	1.0E+3	3.0E-1	6.8E-1	1.3E-3	3.1E-2
4000	1.1E-3	7.6E+0	1.1E+3	3.0E-1	6.8E-1	1.3E-3	3.3E-2
5000	1.2E-3	1.0E+1	1.5E+3	3.0E-1	6.9E-1	1.6E-3	4.0E-2
6000	1.3E-3	1.3E+1	2.0E+3	3.1E-1	7.0E-1	1.8E-3	4.8E-2
7000	1.5E-3	1.6E+1	2.5E+3	3.2E-1	7.2E-1	2.0E-3	5.7E-2
8000	1.6E-3	2.0E+1	2.9E+3	3.2E-1	7.3E-1	2.2E-3	6.9E-2
9000	1.7E-3	2.3E+1	3.4E+3	3.3E-1	7.4E-1	2.4E-3	8.3E-2
10000	1.9E-3	2.6E+1	3.9E+3	3.3E-1	7.6E-1	2.7E-3	1.0E-1
11000	2.0E-3	3.0E+1	4.4E+3	3.4E-1	7.7E-1	2.9E-3	1.2E-1
12000	2.1E-3	3.3E+1	4.9E+3	3.4E-1	7.8E-1	3.2E-3	1.4E-1
13000	2.3E-3	3.6E+1	5.4E+3	3.5E-1	8.0E-1	3.5E-3	1.7E-1
14000	2.4E-3	4.0E+1	6.0E+3	3.6E-1	8.1E-1	3.8E-3	2.1E-1
15000	2.6E-3	4.3E+1	6.5E+3	3.6E-1	8.3E-1	4.1E-3	2.5E-1
16000	2.7E-3	4.7E+1	7.0E+3	3.7E-1	8.4E-1	4.4E-3	3.0E-1
17000	2.9E-3	5.1E+1	7.6E+3	3.8E-1	8.6E-1	4.8E-3	3.6E-1
18000	3.1E-3	5.5E+1	8.2E+3	3.8E-1	8.7E-1	5.2E-3	4.3E-1
18250	3.1E-3	5.6E+1	8.4E+3	3.9E-1	8.8E-1	5.3E-3	4.5E-1
Radionuclide	U-235
Route of Intake	Inhalation
Material	Aerosols Type M, Uranyl acetylacetonate; depleted uranium aerosols from use of kinetic energy penetrators; vaporised uranium metal; all unspecified forms, fA=4E-3
AMTD/AMAD, µm	3

Committed Effective Dose per Predicted Content in an Organ or Excreta Sample (Dose per Content Functions z(t)), Sv/Bq
Time, days	Whole Body	Urine (24-hour sample)	Faeces (24-hour sample)	Alimentary Tract*	Lungs*	Skeleton*	Liver*
0.041667	2.2E-6	-	-	6.6E-6	1.7E-5	4.5E-3	7.7E-3
0.083333	2.2E-6	-	-	5.9E-6	1.8E-5	2.5E-3	6.9E-3
0.125	2.2E-6	-	-	5.4E-6	1.9E-5	1.8E-3	6.3E-3
0.25	2.3E-6	-	-	4.5E-6	2.0E-5	1.0E-3	5.5E-3
0.375	2.4E-6	-	-	4.1E-6	2.1E-5	7.7E-4	5.0E-3
0.5	2.5E-6	-	-	3.8E-6	2.2E-5	6.5E-4	4.8E-3
0.625	2.5E-6	-	-	3.7E-6	2.3E-5	5.8E-4	4.7E-3
0.75	2.6E-6	-	-	3.6E-6	2.3E-5	5.4E-4	4.6E-3
0.875	2.8E-6	-	-	3.7E-6	2.3E-5	5.2E-4	4.6E-3
1	2.9E-6	1.2E-4	2.2E-5	3.8E-6	2.3E-5	5.0E-4	4.5E-3
1.125	3.1E-6	-	-	3.9E-6	2.4E-5	4.9E-4	4.5E-3
1.25	3.3E-6	-	-	4.2E-6	2.4E-5	4.9E-4	4.6E-3
1.375	3.5E-6	-	-	4.4E-6	2.4E-5	4.8E-4	4.6E-3
1.5	3.7E-6	-	-	4.8E-6	2.4E-5	4.8E-4	4.6E-3
1.625	4.0E-6	-	-	5.2E-6	2.4E-5	4.8E-4	4.6E-3
1.75	4.4E-6	-	-	5.7E-6	2.4E-5	4.8E-4	4.7E-3
1.875	4.8E-6	-	-	6.3E-6	2.4E-5	4.8E-4	4.7E-3
2	5.2E-6	7.6E-4	6.9E-6	7.1E-6	2.4E-5	4.8E-4	4.7E-3
2.25	6.2E-6	-	-	8.9E-6	2.5E-5	4.8E-4	4.8E-3
2.5	7.5E-6	-	-	1.2E-5	2.5E-5	4.9E-4	4.9E-3
2.75	8.9E-6	-	-	1.5E-5	2.5E-5	4.9E-4	5.0E-3
3	1.1E-5	2.1E-3	1.1E-5	2.0E-5	2.5E-5	4.9E-4	5.1E-3
3.25	1.2E-5	-	-	2.7E-5	2.5E-5	5.0E-4	5.2E-3
3.5	1.4E-5	-	-	3.7E-5	2.5E-5	5.0E-4	5.2E-3
3.75	1.6E-5	-	-	5.0E-5	2.6E-5	5.0E-4	5.3E-3
4	1.7E-5	2.6E-3	2.8E-5	6.9E-5	2.6E-5	5.1E-4	5.4E-3
4.25	1.8E-5	-	-	9.4E-5	2.6E-5	5.1E-4	5.5E-3
4.5	2.0E-5	-	-	1.3E-4	2.6E-5	5.1E-4	5.6E-3
4.75	2.0E-5	-	-	1.7E-4	2.6E-5	5.2E-4	5.7E-3
5	2.1E-5	2.7E-3	9.2E-5	2.3E-4	2.6E-5	5.2E-4	5.8E-3
5.5	2.2E-5	-	-	4.0E-4	2.6E-5	5.2E-4	5.9E-3
6	2.3E-5	2.9E-3	3.2E-4	6.2E-4	2.7E-5	5.3E-4	6.1E-3
6.5	2.3E-5	-	-	8.5E-4	2.7E-5	5.4E-4	6.3E-3
7	2.4E-5	3.1E-3	9.2E-4	1.1E-3	2.7E-5	5.4E-4	6.5E-3
7.5	2.4E-5	-	-	1.3E-3	2.7E-5	5.4E-4	6.7E-3
8	2.4E-5	3.2E-3	1.7E-3	1.4E-3	2.7E-5	5.5E-4	6.9E-3
8.5	2.4E-5	-	-	1.6E-3	2.8E-5	5.5E-4	7.1E-3
9	2.5E-5	3.4E-3	2.4E-3	1.7E-3	2.8E-5	5.6E-4	7.2E-3
9.5	2.5E-5	-	-	1.9E-3	2.8E-5	5.6E-4	7.4E-3
10	2.5E-5	3.5E-3	3.0E-3	2.0E-3	2.8E-5	5.6E-4	7.6E-3
11	2.5E-5	3.7E-3	3.6E-3	2.3E-3	2.8E-5	5.7E-4	8.0E-3
12	2.6E-5	3.8E-3	4.1E-3	2.7E-3	2.9E-5	5.7E-4	8.4E-3
13	2.6E-5	4.0E-3	4.8E-3	3.1E-3	2.9E-5	5.8E-4	8.8E-3
14	2.6E-5	4.1E-3	5.5E-3	3.4E-3	2.9E-5	5.8E-4	9.2E-3
15	2.7E-5	4.2E-3	6.2E-3	3.8E-3	3.0E-5	5.8E-4	9.6E-3
16	2.7E-5	4.4E-3	7.0E-3	4.2E-3	3.0E-5	5.9E-4	1.0E-2
17	2.7E-5	4.5E-3	7.8E-3	4.6E-3	3.0E-5	5.9E-4	1.0E-2
18	2.7E-5	4.6E-3	8.6E-3	5.0E-3	3.0E-5	5.9E-4	1.1E-2
19	2.8E-5	4.7E-3	9.3E-3	5.4E-3	3.1E-5	5.9E-4	1.1E-2
20	2.8E-5	4.9E-3	1.0E-2	5.7E-3	3.1E-5	5.9E-4	1.2E-2
21	2.8E-5	5.0E-3	1.1E-2	6.0E-3	3.1E-5	5.9E-4	1.2E-2
22	2.8E-5	5.1E-3	1.2E-2	6.4E-3	3.1E-5	5.9E-4	1.2E-2
23	2.8E-5	5.2E-3	1.2E-2	6.6E-3	3.1E-5	5.9E-4	1.3E-2
24	2.9E-5	5.3E-3	1.3E-2	6.9E-3	3.2E-5	5.9E-4	1.3E-2
25	2.9E-5	5.4E-3	1.3E-2	7.1E-3	3.2E-5	5.9E-4	1.3E-2
26	2.9E-5	5.5E-3	1.4E-2	7.3E-3	3.2E-5	5.9E-4	1.4E-2
27	2.9E-5	5.6E-3	1.4E-2	7.5E-3	3.2E-5	5.9E-4	1.4E-2
28	2.9E-5	5.7E-3	1.5E-2	7.7E-3	3.3E-5	5.9E-4	1.4E-2
29	3.0E-5	5.8E-3	1.5E-2	7.9E-3	3.3E-5	5.9E-4	1.4E-2
30	3.0E-5	5.8E-3	1.5E-2	8.0E-3	3.3E-5	5.9E-4	1.5E-2
31	3.0E-5	5.9E-3	1.6E-2	8.1E-3	3.3E-5	5.9E-4	1.5E-2
32	3.0E-5	6.0E-3	1.6E-2	8.3E-3	3.4E-5	5.8E-4	1.5E-2
33	3.1E-5	6.1E-3	1.6E-2	8.4E-3	3.4E-5	5.8E-4	1.5E-2
34	3.1E-5	6.2E-3	1.6E-2	8.5E-3	3.4E-5	5.8E-4	1.5E-2
35	3.1E-5	6.2E-3	1.7E-2	8.6E-3	3.4E-5	5.8E-4	1.6E-2
36	3.1E-5	6.3E-3	1.7E-2	8.7E-3	3.5E-5	5.8E-4	1.6E-2
37	3.1E-5	6.4E-3	1.7E-2	8.8E-3	3.5E-5	5.8E-4	1.6E-2
38	3.2E-5	6.5E-3	1.7E-2	8.9E-3	3.5E-5	5.8E-4	1.6E-2
39	3.2E-5	6.5E-3	1.7E-2	9.0E-3	3.5E-5	5.8E-4	1.6E-2
40	3.2E-5	6.6E-3	1.8E-2	9.1E-3	3.5E-5	5.8E-4	1.6E-2
41	3.2E-5	6.7E-3	1.8E-2	9.2E-3	3.6E-5	5.8E-4	1.6E-2
42	3.2E-5	6.7E-3	1.8E-2	9.2E-3	3.6E-5	5.7E-4	1.7E-2
43	3.3E-5	6.8E-3	1.8E-2	9.3E-3	3.6E-5	5.7E-4	1.7E-2
44	3.3E-5	6.8E-3	1.8E-2	9.4E-3	3.6E-5	5.7E-4	1.7E-2
45	3.3E-5	6.9E-3	1.9E-2	9.5E-3	3.7E-5	5.7E-4	1.7E-2
46	3.3E-5	7.0E-3	1.9E-2	9.6E-3	3.7E-5	5.7E-4	1.7E-2
47	3.4E-5	7.0E-3	1.9E-2	9.7E-3	3.7E-5	5.7E-4	1.7E-2
48	3.4E-5	7.1E-3	1.9E-2	9.7E-3	3.8E-5	5.7E-4	1.7E-2
49	3.4E-5	7.2E-3	1.9E-2	9.8E-3	3.8E-5	5.7E-4	1.7E-2
50	3.4E-5	7.2E-3	1.9E-2	9.9E-3	3.8E-5	5.7E-4	1.7E-2
51	3.4E-5	7.3E-3	1.9E-2	1.0E-2	3.8E-5	5.7E-4	1.7E-2
52	3.5E-5	7.3E-3	2.0E-2	1.0E-2	3.9E-5	5.7E-4	1.7E-2
53	3.5E-5	7.4E-3	2.0E-2	1.0E-2	3.9E-5	5.6E-4	1.7E-2
54	3.5E-5	7.4E-3	2.0E-2	1.0E-2	3.9E-5	5.6E-4	1.7E-2
55	3.5E-5	7.5E-3	2.0E-2	1.0E-2	3.9E-5	5.6E-4	1.7E-2
56	3.6E-5	7.6E-3	2.0E-2	1.0E-2	4.0E-5	5.6E-4	1.7E-2
57	3.6E-5	7.6E-3	2.0E-2	1.0E-2	4.0E-5	5.6E-4	1.7E-2
58	3.6E-5	7.7E-3	2.1E-2	1.1E-2	4.0E-5	5.6E-4	1.7E-2
59	3.6E-5	7.7E-3	2.1E-2	1.1E-2	4.0E-5	5.6E-4	1.8E-2
60	3.6E-5	7.8E-3	2.1E-2	1.1E-2	4.1E-5	5.6E-4	1.8E-2
61	3.7E-5	7.9E-3	2.1E-2	1.1E-2	4.1E-5	5.6E-4	1.8E-2
62	3.7E-5	7.9E-3	2.1E-2	1.1E-2	4.1E-5	5.6E-4	1.8E-2
63	3.7E-5	8.0E-3	2.1E-2	1.1E-2	4.2E-5	5.6E-4	1.8E-2
64	3.7E-5	8.0E-3	2.2E-2	1.1E-2	4.2E-5	5.6E-4	1.8E-2
65	3.8E-5	8.1E-3	2.2E-2	1.1E-2	4.2E-5	5.6E-4	1.8E-2
66	3.8E-5	8.1E-3	2.2E-2	1.1E-2	4.2E-5	5.6E-4	1.8E-2
67	3.8E-5	8.2E-3	2.2E-2	1.1E-2	4.3E-5	5.6E-4	1.8E-2
68	3.8E-5	8.3E-3	2.2E-2	1.1E-2	4.3E-5	5.6E-4	1.8E-2
69	3.9E-5	8.3E-3	2.2E-2	1.2E-2	4.3E-5	5.5E-4	1.8E-2
70	3.9E-5	8.4E-3	2.3E-2	1.2E-2	4.4E-5	5.5E-4	1.8E-2
71	3.9E-5	8.4E-3	2.3E-2	1.2E-2	4.4E-5	5.5E-4	1.8E-2
72	3.9E-5	8.5E-3	2.3E-2	1.2E-2	4.4E-5	5.5E-4	1.8E-2
73	4.0E-5	8.6E-3	2.3E-2	1.2E-2	4.5E-5	5.5E-4	1.8E-2
74	4.0E-5	8.6E-3	2.3E-2	1.2E-2	4.5E-5	5.5E-4	1.8E-2
75	4.0E-5	8.7E-3	2.4E-2	1.2E-2	4.5E-5	5.5E-4	1.8E-2
76	4.0E-5	8.7E-3	2.4E-2	1.2E-2	4.5E-5	5.5E-4	1.8E-2
77	4.1E-5	8.8E-3	2.4E-2	1.2E-2	4.6E-5	5.5E-4	1.8E-2
78	4.1E-5	8.9E-3	2.4E-2	1.2E-2	4.6E-5	5.5E-4	1.8E-2
79	4.1E-5	8.9E-3	2.4E-2	1.2E-2	4.6E-5	5.5E-4	1.8E-2
80	4.1E-5	9.0E-3	2.5E-2	1.3E-2	4.7E-5	5.5E-4	1.8E-2
81	4.2E-5	9.1E-3	2.5E-2	1.3E-2	4.7E-5	5.5E-4	1.8E-2
82	4.2E-5	9.1E-3	2.5E-2	1.3E-2	4.7E-5	5.5E-4	1.8E-2
83	4.2E-5	9.2E-3	2.5E-2	1.3E-2	4.8E-5	5.5E-4	1.8E-2
84	4.2E-5	9.2E-3	2.5E-2	1.3E-2	4.8E-5	5.5E-4	1.8E-2
85	4.3E-5	9.3E-3	2.6E-2	1.3E-2	4.8E-5	5.5E-4	1.8E-2
86	4.3E-5	9.4E-3	2.6E-2	1.3E-2	4.9E-5	5.5E-4	1.8E-2
87	4.3E-5	9.4E-3	2.6E-2	1.3E-2	4.9E-5	5.5E-4	1.8E-2
88	4.3E-5	9.5E-3	2.6E-2	1.3E-2	4.9E-5	5.5E-4	1.8E-2
89	4.4E-5	9.6E-3	2.6E-2	1.3E-2	5.0E-5	5.5E-4	1.8E-2
90	4.4E-5	9.6E-3	2.7E-2	1.4E-2	5.0E-5	5.5E-4	1.8E-2
91	4.4E-5	9.7E-3	2.7E-2	1.4E-2	5.0E-5	5.5E-4	1.8E-2
92	4.5E-5	9.8E-3	2.7E-2	1.4E-2	5.1E-5	5.5E-4	1.8E-2
93	4.5E-5	9.8E-3	2.7E-2	1.4E-2	5.1E-5	5.5E-4	1.8E-2
94	4.5E-5	9.9E-3	2.7E-2	1.4E-2	5.1E-5	5.5E-4	1.8E-2
95	4.5E-5	1.0E-2	2.8E-2	1.4E-2	5.2E-5	5.5E-4	1.8E-2
96	4.6E-5	1.0E-2	2.8E-2	1.4E-2	5.2E-5	5.5E-4	1.8E-2
97	4.6E-5	1.0E-2	2.8E-2	1.4E-2	5.2E-5	5.5E-4	1.8E-2
98	4.6E-5	1.0E-2	2.8E-2	1.4E-2	5.3E-5	5.5E-4	1.8E-2
99	4.7E-5	1.0E-2	2.9E-2	1.5E-2	5.3E-5	5.5E-4	1.8E-2
100	4.7E-5	1.0E-2	2.9E-2	1.5E-2	5.4E-5	5.5E-4	1.8E-2
110	5.0E-5	1.1E-2	3.1E-2	1.6E-2	5.7E-5	5.5E-4	1.8E-2
120	5.3E-5	1.2E-2	3.4E-2	1.7E-2	6.1E-5	5.5E-4	1.8E-2
130	5.6E-5	1.3E-2	3.7E-2	1.8E-2	6.6E-5	5.5E-4	1.8E-2
140	6.0E-5	1.3E-2	4.0E-2	2.0E-2	7.0E-5	5.5E-4	1.8E-2
150	6.3E-5	1.4E-2	4.3E-2	2.1E-2	7.5E-5	5.5E-4	1.8E-2
160	6.7E-5	1.5E-2	4.6E-2	2.3E-2	8.0E-5	5.5E-4	1.8E-2
170	7.1E-5	1.6E-2	5.0E-2	2.5E-2	8.6E-5	5.6E-4	1.8E-2
180	7.5E-5	1.7E-2	5.5E-2	2.7E-2	9.2E-5	5.6E-4	1.8E-2
190	8.0E-5	1.9E-2	5.9E-2	2.9E-2	9.8E-5	5.6E-4	1.8E-2
200	8.4E-5	2.0E-2	6.4E-2	3.1E-2	1.0E-4	5.7E-4	1.8E-2
210	8.9E-5	2.1E-2	6.9E-2	3.3E-2	1.1E-4	5.7E-4	1.8E-2
220	9.4E-5	2.2E-2	7.5E-2	3.5E-2	1.2E-4	5.7E-4	1.8E-2
230	9.9E-5	2.4E-2	8.1E-2	3.8E-2	1.3E-4	5.8E-4	1.8E-2
240	1.0E-4	2.6E-2	8.8E-2	4.0E-2	1.4E-4	5.8E-4	1.8E-2
250	1.1E-4	2.7E-2	9.5E-2	4.3E-2	1.4E-4	5.8E-4	1.8E-2
260	1.2E-4	2.9E-2	1.0E-1	4.6E-2	1.5E-4	5.9E-4	1.8E-2
270	1.2E-4	3.1E-2	1.1E-1	4.9E-2	1.6E-4	5.9E-4	1.8E-2
280	1.3E-4	3.3E-2	1.2E-1	5.3E-2	1.8E-4	5.9E-4	1.8E-2
290	1.3E-4	3.5E-2	1.3E-1	5.6E-2	1.9E-4	6.0E-4	1.8E-2
300	1.4E-4	3.7E-2	1.4E-1	6.0E-2	2.0E-4	6.0E-4	1.8E-2
310	1.5E-4	4.0E-2	1.5E-1	6.4E-2	2.1E-4	6.0E-4	1.8E-2
320	1.5E-4	4.2E-2	1.7E-1	6.8E-2	2.3E-4	6.1E-4	1.8E-2
330	1.6E-4	4.5E-2	1.8E-1	7.2E-2	2.4E-4	6.1E-4	1.8E-2
340	1.7E-4	4.8E-2	1.9E-1	7.6E-2	2.6E-4	6.1E-4	1.8E-2
350	1.8E-4	5.1E-2	2.1E-1	8.1E-2	2.7E-4	6.2E-4	1.8E-2
360	1.8E-4	5.4E-2	2.3E-1	8.5E-2	2.9E-4	6.2E-4	1.8E-2
365	1.9E-4	5.5E-2	2.4E-1	8.8E-2	3.0E-4	6.2E-4	1.8E-2
370	1.9E-4	5.7E-2	2.5E-1	9.0E-2	3.1E-4	6.2E-4	1.8E-2
380	2.0E-4	6.1E-2	2.7E-1	9.5E-2	3.3E-4	6.3E-4	1.9E-2
390	2.1E-4	6.4E-2	2.9E-1	1.0E-1	3.5E-4	6.3E-4	1.9E-2
400	2.2E-4	6.8E-2	3.1E-1	1.1E-1	3.7E-4	6.3E-4	1.9E-2
410	2.3E-4	7.3E-2	3.4E-1	1.1E-1	4.0E-4	6.3E-4	1.9E-2
420	2.3E-4	7.7E-2	3.7E-1	1.2E-1	4.2E-4	6.4E-4	1.9E-2
430	2.4E-4	8.2E-2	4.0E-1	1.2E-1	4.5E-4	6.4E-4	1.9E-2
440	2.5E-4	8.7E-2	4.3E-1	1.3E-1	4.8E-4	6.4E-4	1.9E-2
450	2.6E-4	9.2E-2	4.7E-1	1.3E-1	5.1E-4	6.5E-4	1.9E-2
460	2.7E-4	9.7E-2	5.0E-1	1.4E-1	5.4E-4	6.5E-4	1.9E-2
470	2.8E-4	1.0E-1	5.5E-1	1.5E-1	5.7E-4	6.5E-4	1.9E-2
480	2.9E-4	1.1E-1	5.9E-1	1.5E-1	6.0E-4	6.5E-4	1.9E-2
490	3.0E-4	1.2E-1	6.4E-1	1.6E-1	6.4E-4	6.6E-4	1.9E-2
500	3.0E-4	1.2E-1	6.9E-1	1.6E-1	6.8E-4	6.6E-4	1.9E-2
510	3.1E-4	1.3E-1	7.5E-1	1.7E-1	7.2E-4	6.6E-4	1.9E-2
520	3.2E-4	1.4E-1	8.1E-1	1.7E-1	7.7E-4	6.6E-4	1.9E-2
530	3.3E-4	1.4E-1	8.8E-1	1.8E-1	8.1E-4	6.7E-4	1.9E-2
540	3.4E-4	1.5E-1	9.5E-1	1.9E-1	8.6E-4	6.7E-4	1.9E-2
550	3.5E-4	1.6E-1	1.0E+0	1.9E-1	9.1E-4	6.7E-4	1.9E-2
560	3.6E-4	1.7E-1	1.1E+0	2.0E-1	9.7E-4	6.7E-4	1.9E-2
570	3.7E-4	1.8E-1	1.2E+0	2.0E-1	1.0E-3	6.8E-4	1.9E-2
580	3.7E-4	1.9E-1	1.3E+0	2.1E-1	1.1E-3	6.8E-4	1.9E-2
590	3.8E-4	2.0E-1	1.4E+0	2.1E-1	1.2E-3	6.8E-4	1.9E-2
600	3.9E-4	2.1E-1	1.5E+0	2.2E-1	1.2E-3	6.8E-4	1.9E-2
610	4.0E-4	2.2E-1	1.7E+0	2.2E-1	1.3E-3	6.8E-4	1.9E-2
620	4.1E-4	2.3E-1	1.8E+0	2.3E-1	1.4E-3	6.9E-4	1.9E-2
630	4.2E-4	2.5E-1	1.9E+0	2.3E-1	1.4E-3	6.9E-4	1.9E-2
640	4.2E-4	2.6E-1	2.1E+0	2.3E-1	1.5E-3	6.9E-4	1.9E-2
650	4.3E-4	2.7E-1	2.3E+0	2.4E-1	1.6E-3	6.9E-4	1.9E-2
660	4.4E-4	2.9E-1	2.4E+0	2.4E-1	1.7E-3	7.0E-4	1.9E-2
670	4.5E-4	3.0E-1	2.6E+0	2.5E-1	1.8E-3	7.0E-4	1.9E-2
680	4.5E-4	3.2E-1	2.9E+0	2.5E-1	1.9E-3	7.0E-4	1.9E-2
690	4.6E-4	3.3E-1	3.1E+0	2.5E-1	2.0E-3	7.0E-4	1.9E-2
700	4.7E-4	3.5E-1	3.3E+0	2.6E-1	2.1E-3	7.0E-4	1.9E-2
710	4.7E-4	3.7E-1	3.6E+0	2.6E-1	2.3E-3	7.1E-4	1.9E-2
720	4.8E-4	3.9E-1	3.9E+0	2.6E-1	2.4E-3	7.1E-4	2.0E-2
730	4.9E-4	4.1E-1	4.2E+0	2.7E-1	2.5E-3	7.1E-4	2.0E-2
740	4.9E-4	4.3E-1	4.6E+0	2.7E-1	2.7E-3	7.1E-4	2.0E-2
750	5.0E-4	4.5E-1	4.9E+0	2.7E-1	2.8E-3	7.1E-4	2.0E-2
760	5.1E-4	4.7E-1	5.3E+0	2.7E-1	3.0E-3	7.2E-4	2.0E-2
770	5.1E-4	4.9E-1	5.8E+0	2.7E-1	3.2E-3	7.2E-4	2.0E-2
780	5.2E-4	5.1E-1	6.2E+0	2.8E-1	3.3E-3	7.2E-4	2.0E-2
790	5.2E-4	5.3E-1	6.7E+0	2.8E-1	3.5E-3	7.2E-4	2.0E-2
800	5.3E-4	5.6E-1	7.3E+0	2.8E-1	3.7E-3	7.2E-4	2.0E-2
810	5.3E-4	5.8E-1	7.8E+0	2.8E-1	3.9E-3	7.3E-4	2.0E-2
820	5.4E-4	6.1E-1	8.5E+0	2.8E-1	4.2E-3	7.3E-4	2.0E-2
830	5.4E-4	6.4E-1	9.1E+0	2.9E-1	4.4E-3	7.3E-4	2.0E-2
840	5.5E-4	6.6E-1	9.9E+0	2.9E-1	4.6E-3	7.3E-4	2.0E-2
850	5.5E-4	6.9E-1	1.1E+1	2.9E-1	4.9E-3	7.4E-4	2.0E-2
860	5.6E-4	7.2E-1	1.1E+1	2.9E-1	5.2E-3	7.4E-4	2.0E-2
870	5.6E-4	7.5E-1	1.2E+1	2.9E-1	5.4E-3	7.4E-4	2.0E-2
880	5.7E-4	7.8E-1	1.3E+1	2.9E-1	5.7E-3	7.4E-4	2.0E-2
890	5.7E-4	8.1E-1	1.4E+1	2.9E-1	6.0E-3	7.4E-4	2.0E-2
900	5.8E-4	8.4E-1	1.6E+1	2.9E-1	6.4E-3	7.5E-4	2.0E-2
910	5.8E-4	8.7E-1	1.7E+1	2.9E-1	6.7E-3	7.5E-4	2.0E-2
920	5.8E-4	9.1E-1	1.8E+1	3.0E-1	7.1E-3	7.5E-4	2.0E-2
930	5.9E-4	9.4E-1	1.9E+1	3.0E-1	7.5E-3	7.5E-4	2.0E-2
940	5.9E-4	9.7E-1	2.1E+1	3.0E-1	7.9E-3	7.5E-4	2.0E-2
950	6.0E-4	1.0E+0	2.2E+1	3.0E-1	8.3E-3	7.6E-4	2.0E-2
960	6.0E-4	1.0E+0	2.4E+1	3.0E-1	8.8E-3	7.6E-4	2.0E-2
970	6.0E-4	1.1E+0	2.6E+1	3.0E-1	9.2E-3	7.6E-4	2.0E-2
980	6.1E-4	1.1E+0	2.8E+1	3.0E-1	9.7E-3	7.6E-4	2.0E-2
990	6.1E-4	1.2E+0	3.0E+1	3.0E-1	1.0E-2	7.6E-4	2.0E-2
1000	6.1E-4	1.2E+0	3.2E+1	3.0E-1	1.1E-2	7.7E-4	2.0E-2
1010	6.2E-4	1.2E+0	3.5E+1	3.0E-1	1.1E-2	7.7E-4	2.1E-2
1020	6.2E-4	1.3E+0	3.7E+1	3.0E-1	1.2E-2	7.7E-4	2.1E-2
1030	6.2E-4	1.3E+0	4.0E+1	3.0E-1	1.3E-2	7.7E-4	2.1E-2
1040	6.3E-4	1.3E+0	4.3E+1	3.0E-1	1.3E-2	7.7E-4	2.1E-2
1050	6.3E-4	1.4E+0	4.6E+1	3.0E-1	1.4E-2	7.8E-4	2.1E-2
1060	6.3E-4	1.4E+0	4.9E+1	3.0E-1	1.5E-2	7.8E-4	2.1E-2
1070	6.3E-4	1.5E+0	5.2E+1	3.0E-1	1.5E-2	7.8E-4	2.1E-2
1080	6.4E-4	1.5E+0	5.6E+1	3.0E-1	1.6E-2	7.8E-4	2.1E-2
1090	6.4E-4	1.5E+0	6.0E+1	3.0E-1	1.7E-2	7.8E-4	2.1E-2
1095	6.4E-4	1.6E+0	6.2E+1	3.0E-1	1.8E-2	7.9E-4	2.1E-2
1100	6.4E-4	1.6E+0	6.4E+1	3.0E-1	1.8E-2	7.9E-4	2.1E-2
1200	6.7E-4	2.0E+0	1.2E+2	3.1E-1	3.0E-2	8.1E-4	2.1E-2
1300	6.9E-4	2.4E+0	2.0E+2	3.1E-1	4.8E-2	8.3E-4	2.2E-2
1400	7.1E-4	2.7E+0	2.9E+2	3.1E-1	7.7E-2	8.5E-4	2.2E-2
1500	7.3E-4	3.0E+0	3.7E+2	3.1E-1	1.2E-1	8.7E-4	2.2E-2
1600	7.4E-4	3.3E+0	4.4E+2	3.1E-1	1.8E-1	8.9E-4	2.3E-2
1700	7.6E-4	3.5E+0	5.0E+2	3.1E-1	2.5E-1	9.1E-4	2.3E-2
1800	7.8E-4	3.7E+0	5.4E+2	3.1E-1	3.4E-1	9.4E-4	2.4E-2
1900	7.9E-4	3.9E+0	5.7E+2	3.1E-1	4.3E-1	9.6E-4	2.4E-2
2000	8.1E-4	4.0E+0	6.0E+2	3.1E-1	5.1E-1	9.8E-4	2.5E-2
2100	8.3E-4	4.2E+0	6.3E+2	3.1E-1	5.7E-1	1.0E-3	2.5E-2
2200	8.4E-4	4.4E+0	6.6E+2	3.1E-1	6.2E-1	1.0E-3	2.5E-2
2300	8.6E-4	4.6E+0	6.9E+2	3.1E-1	6.5E-1	1.0E-3	2.6E-2
2400	8.7E-4	4.7E+0	7.1E+2	3.1E-1	6.8E-1	1.1E-3	2.6E-2
2500	8.9E-4	4.9E+0	7.4E+2	3.1E-1	6.9E-1	1.1E-3	2.7E-2
2600	9.1E-4	5.1E+0	7.7E+2	3.1E-1	7.0E-1	1.1E-3	2.7E-2
2700	9.2E-4	5.3E+0	8.0E+2	3.1E-1	7.1E-1	1.1E-3	2.8E-2
2800	9.4E-4	5.5E+0	8.2E+2	3.2E-1	7.1E-1	1.2E-3	2.8E-2
2900	9.5E-4	5.7E+0	8.5E+2	3.2E-1	7.1E-1	1.2E-3	2.9E-2
3000	9.7E-4	5.9E+0	8.9E+2	3.2E-1	7.2E-1	1.2E-3	2.9E-2
3100	9.9E-4	6.1E+0	9.2E+2	3.2E-1	7.2E-1	1.2E-3	3.0E-2
3200	1.0E-3	6.3E+0	9.5E+2	3.2E-1	7.2E-1	1.3E-3	3.1E-2
3300	1.0E-3	6.5E+0	9.8E+2	3.2E-1	7.2E-1	1.3E-3	3.1E-2
3400	1.0E-3	6.7E+0	1.0E+3	3.2E-1	7.2E-1	1.3E-3	3.2E-2
3500	1.1E-3	7.0E+0	1.0E+3	3.2E-1	7.2E-1	1.3E-3	3.2E-2
3600	1.1E-3	7.2E+0	1.1E+3	3.2E-1	7.3E-1	1.3E-3	3.3E-2
3650	1.1E-3	7.3E+0	1.1E+3	3.2E-1	7.3E-1	1.4E-3	3.3E-2
4000	1.1E-3	8.2E+0	1.2E+3	3.2E-1	7.3E-1	1.4E-3	3.5E-2
5000	1.3E-3	1.1E+1	1.6E+3	3.3E-1	7.4E-1	1.7E-3	4.3E-2
6000	1.4E-3	1.4E+1	2.1E+3	3.3E-1	7.6E-1	1.9E-3	5.1E-2
7000	1.6E-3	1.8E+1	2.6E+3	3.4E-1	7.7E-1	2.1E-3	6.2E-2
8000	1.7E-3	2.1E+1	3.2E+3	3.4E-1	7.8E-1	2.4E-3	7.4E-2
9000	1.9E-3	2.5E+1	3.7E+3	3.5E-1	8.0E-1	2.6E-3	8.9E-2
10000	2.0E-3	2.8E+1	4.2E+3	3.6E-1	8.1E-1	2.9E-3	1.1E-1
11000	2.2E-3	3.2E+1	4.8E+3	3.6E-1	8.3E-1	3.1E-3	1.3E-1
12000	2.3E-3	3.5E+1	5.3E+3	3.7E-1	8.4E-1	3.4E-3	1.5E-1
13000	2.5E-3	3.9E+1	5.9E+3	3.8E-1	8.6E-1	3.7E-3	1.9E-1
14000	2.6E-3	4.3E+1	6.4E+3	3.8E-1	8.7E-1	4.0E-3	2.2E-1
15000	2.8E-3	4.6E+1	7.0E+3	3.9E-1	8.9E-1	4.4E-3	2.7E-1
16000	2.9E-3	5.0E+1	7.6E+3	4.0E-1	9.1E-1	4.7E-3	3.2E-1
17000	3.1E-3	5.4E+1	8.2E+3	4.1E-1	9.2E-1	5.2E-3	3.9E-1
18000	3.3E-3	5.9E+1	8.9E+3	4.1E-1	9.4E-1	5.6E-3	4.6E-1
18250	3.4E-3	6.0E+1	9.0E+3	4.2E-1	9.4E-1	5.7E-3	4.8E-1
Radionuclide	U-235
Route of Intake	Inhalation
Material	Aerosols Type M, Uranyl acetylacetonate; depleted uranium aerosols from use of kinetic energy penetrators; vaporised uranium metal; all unspecified forms, fA=4E-3
AMTD/AMAD, µm	5

Committed Effective Dose per Predicted Content in an Organ or Excreta Sample (Dose per Content Functions z(t)), Sv/Bq
Time, days	Whole Body	Urine (24-hour sample)	Faeces (24-hour sample)	Alimentary Tract*	Lungs*	Skeleton*	Liver*
0.041667	1.6E-6	-	-	4.7E-6	1.8E-5	4.0E-3	7.0E-3
0.083333	1.6E-6	-	-	4.2E-6	1.9E-5	2.3E-3	6.6E-3
0.125	1.7E-6	-	-	3.8E-6	2.0E-5	1.7E-3	6.1E-3
0.25	1.7E-6	-	-	3.2E-6	2.2E-5	9.8E-4	5.3E-3
0.375	1.8E-6	-	-	2.9E-6	2.4E-5	7.4E-4	4.9E-3
0.5	1.8E-6	-	-	2.7E-6	2.4E-5	6.3E-4	4.7E-3
0.625	1.9E-6	-	-	2.6E-6	2.5E-5	5.7E-4	4.6E-3
0.75	2.0E-6	-	-	2.6E-6	2.5E-5	5.3E-4	4.5E-3
0.875	2.1E-6	-	-	2.6E-6	2.6E-5	5.1E-4	4.5E-3
1	2.2E-6	1.1E-4	1.6E-5	2.7E-6	2.6E-5	4.9E-4	4.4E-3
1.125	2.3E-6	-	-	2.8E-6	2.6E-5	4.8E-4	4.4E-3
1.25	2.5E-6	-	-	3.0E-6	2.6E-5	4.7E-4	4.5E-3
1.375	2.6E-6	-	-	3.2E-6	2.7E-5	4.7E-4	4.5E-3
1.5	2.8E-6	-	-	3.4E-6	2.7E-5	4.7E-4	4.5E-3
1.625	3.1E-6	-	-	3.7E-6	2.7E-5	4.7E-4	4.5E-3
1.75	3.4E-6	-	-	4.1E-6	2.7E-5	4.7E-4	4.6E-3
1.875	3.7E-6	-	-	4.5E-6	2.7E-5	4.7E-4	4.6E-3
2	4.1E-6	7.3E-4	4.9E-6	5.1E-6	2.7E-5	4.7E-4	4.6E-3
2.25	5.0E-6	-	-	6.4E-6	2.7E-5	4.7E-4	4.7E-3
2.5	6.1E-6	-	-	8.2E-6	2.8E-5	4.7E-4	4.8E-3
2.75	7.4E-6	-	-	1.1E-5	2.8E-5	4.8E-4	4.9E-3
3	9.0E-6	2.1E-3	7.5E-6	1.4E-5	2.8E-5	4.8E-4	5.0E-3
3.25	1.1E-5	-	-	1.9E-5	2.8E-5	4.8E-4	5.0E-3
3.5	1.3E-5	-	-	2.7E-5	2.8E-5	4.9E-4	5.1E-3
3.75	1.5E-5	-	-	3.6E-5	2.9E-5	4.9E-4	5.2E-3
4	1.7E-5	2.6E-3	2.0E-5	5.0E-5	2.9E-5	5.0E-4	5.3E-3
4.25	1.8E-5	-	-	6.9E-5	2.9E-5	5.0E-4	5.4E-3
4.5	2.0E-5	-	-	9.6E-5	2.9E-5	5.0E-4	5.5E-3
4.75	2.1E-5	-	-	1.3E-4	2.9E-5	5.1E-4	5.6E-3
5	2.2E-5	2.8E-3	6.7E-5	1.8E-4	2.9E-5	5.1E-4	5.7E-3
5.5	2.4E-5	-	-	3.2E-4	3.0E-5	5.1E-4	5.8E-3
6	2.5E-5	3.0E-3	2.4E-4	5.2E-4	3.0E-5	5.2E-4	6.0E-3
6.5	2.6E-5	-	-	7.6E-4	3.0E-5	5.3E-4	6.2E-3
7	2.6E-5	3.2E-3	7.5E-4	1.0E-3	3.0E-5	5.3E-4	6.4E-3
7.5	2.6E-5	-	-	1.2E-3	3.1E-5	5.4E-4	6.6E-3
8	2.7E-5	3.3E-3	1.6E-3	1.4E-3	3.1E-5	5.4E-4	6.8E-3
8.5	2.7E-5	-	-	1.6E-3	3.1E-5	5.5E-4	7.0E-3
9	2.7E-5	3.5E-3	2.4E-3	1.7E-3	3.1E-5	5.5E-4	7.2E-3
9.5	2.7E-5	-	-	1.9E-3	3.2E-5	5.5E-4	7.4E-3
10	2.8E-5	3.7E-3	3.0E-3	2.0E-3	3.2E-5	5.6E-4	7.6E-3
11	2.8E-5	3.8E-3	3.5E-3	2.4E-3	3.2E-5	5.6E-4	8.0E-3
12	2.8E-5	4.0E-3	4.2E-3	2.7E-3	3.2E-5	5.7E-4	8.4E-3
13	2.9E-5	4.2E-3	4.8E-3	3.1E-3	3.3E-5	5.7E-4	8.8E-3
14	2.9E-5	4.3E-3	5.6E-3	3.5E-3	3.3E-5	5.8E-4	9.2E-3
15	3.0E-5	4.5E-3	6.4E-3	4.0E-3	3.3E-5	5.8E-4	9.7E-3
16	3.0E-5	4.6E-3	7.2E-3	4.4E-3	3.4E-5	5.9E-4	1.0E-2
17	3.0E-5	4.8E-3	8.1E-3	4.8E-3	3.4E-5	5.9E-4	1.1E-2
18	3.0E-5	4.9E-3	9.0E-3	5.3E-3	3.4E-5	5.9E-4	1.1E-2
19	3.1E-5	5.1E-3	9.9E-3	5.7E-3	3.5E-5	5.9E-4	1.1E-2
20	3.1E-5	5.2E-3	1.1E-2	6.1E-3	3.5E-5	5.9E-4	1.2E-2
21	3.1E-5	5.3E-3	1.2E-2	6.5E-3	3.5E-5	5.9E-4	1.2E-2
22	3.1E-5	5.5E-3	1.2E-2	6.9E-3	3.5E-5	5.9E-4	1.3E-2
23	3.2E-5	5.6E-3	1.3E-2	7.2E-3	3.6E-5	6.0E-4	1.3E-2
24	3.2E-5	5.7E-3	1.4E-2	7.5E-3	3.6E-5	6.0E-4	1.3E-2
25	3.2E-5	5.8E-3	1.5E-2	7.8E-3	3.6E-5	6.0E-4	1.4E-2
26	3.2E-5	6.0E-3	1.5E-2	8.1E-3	3.6E-5	6.0E-4	1.4E-2
27	3.3E-5	6.1E-3	1.6E-2	8.3E-3	3.7E-5	6.0E-4	1.4E-2
28	3.3E-5	6.2E-3	1.6E-2	8.5E-3	3.7E-5	6.0E-4	1.5E-2
29	3.3E-5	6.3E-3	1.7E-2	8.7E-3	3.7E-5	5.9E-4	1.5E-2
30	3.3E-5	6.4E-3	1.7E-2	8.9E-3	3.7E-5	5.9E-4	1.5E-2
31	3.4E-5	6.5E-3	1.8E-2	9.0E-3	3.8E-5	5.9E-4	1.5E-2
32	3.4E-5	6.6E-3	1.8E-2	9.2E-3	3.8E-5	5.9E-4	1.6E-2
33	3.4E-5	6.7E-3	1.8E-2	9.3E-3	3.8E-5	5.9E-4	1.6E-2
34	3.4E-5	6.8E-3	1.9E-2	9.5E-3	3.9E-5	5.9E-4	1.6E-2
35	3.5E-5	6.8E-3	1.9E-2	9.6E-3	3.9E-5	5.9E-4	1.6E-2
36	3.5E-5	6.9E-3	1.9E-2	9.7E-3	3.9E-5	5.9E-4	1.7E-2
37	3.5E-5	7.0E-3	1.9E-2	9.8E-3	3.9E-5	5.9E-4	1.7E-2
38	3.5E-5	7.1E-3	2.0E-2	9.9E-3	4.0E-5	5.9E-4	1.7E-2
39	3.6E-5	7.2E-3	2.0E-2	1.0E-2	4.0E-5	5.9E-4	1.7E-2
40	3.6E-5	7.3E-3	2.0E-2	1.0E-2	4.0E-5	5.9E-4	1.7E-2
41	3.6E-5	7.3E-3	2.0E-2	1.0E-2	4.0E-5	5.9E-4	1.7E-2
42	3.6E-5	7.4E-3	2.0E-2	1.0E-2	4.1E-5	5.9E-4	1.7E-2
43	3.7E-5	7.5E-3	2.1E-2	1.0E-2	4.1E-5	5.9E-4	1.8E-2
44	3.7E-5	7.6E-3	2.1E-2	1.1E-2	4.1E-5	5.9E-4	1.8E-2
45	3.7E-5	7.6E-3	2.1E-2	1.1E-2	4.2E-5	5.9E-4	1.8E-2
46	3.7E-5	7.7E-3	2.1E-2	1.1E-2	4.2E-5	5.9E-4	1.8E-2
47	3.8E-5	7.8E-3	2.1E-2	1.1E-2	4.2E-5	5.8E-4	1.8E-2
48	3.8E-5	7.9E-3	2.2E-2	1.1E-2	4.3E-5	5.8E-4	1.8E-2
49	3.8E-5	7.9E-3	2.2E-2	1.1E-2	4.3E-5	5.8E-4	1.8E-2
50	3.8E-5	8.0E-3	2.2E-2	1.1E-2	4.3E-5	5.8E-4	1.8E-2
51	3.9E-5	8.1E-3	2.2E-2	1.1E-2	4.3E-5	5.8E-4	1.8E-2
52	3.9E-5	8.1E-3	2.2E-2	1.1E-2	4.4E-5	5.8E-4	1.8E-2
53	3.9E-5	8.2E-3	2.2E-2	1.1E-2	4.4E-5	5.8E-4	1.8E-2
54	3.9E-5	8.3E-3	2.3E-2	1.1E-2	4.4E-5	5.8E-4	1.8E-2
55	4.0E-5	8.3E-3	2.3E-2	1.2E-2	4.5E-5	5.8E-4	1.8E-2
56	4.0E-5	8.4E-3	2.3E-2	1.2E-2	4.5E-5	5.8E-4	1.8E-2
57	4.0E-5	8.5E-3	2.3E-2	1.2E-2	4.5E-5	5.8E-4	1.9E-2
58	4.0E-5	8.5E-3	2.3E-2	1.2E-2	4.6E-5	5.8E-4	1.9E-2
59	4.1E-5	8.6E-3	2.4E-2	1.2E-2	4.6E-5	5.8E-4	1.9E-2
60	4.1E-5	8.7E-3	2.4E-2	1.2E-2	4.6E-5	5.8E-4	1.9E-2
61	4.1E-5	8.7E-3	2.4E-2	1.2E-2	4.6E-5	5.8E-4	1.9E-2
62	4.1E-5	8.8E-3	2.4E-2	1.2E-2	4.7E-5	5.8E-4	1.9E-2
63	4.2E-5	8.9E-3	2.4E-2	1.2E-2	4.7E-5	5.8E-4	1.9E-2
64	4.2E-5	8.9E-3	2.4E-2	1.2E-2	4.7E-5	5.8E-4	1.9E-2
65	4.2E-5	9.0E-3	2.5E-2	1.3E-2	4.8E-5	5.8E-4	1.9E-2
66	4.2E-5	9.1E-3	2.5E-2	1.3E-2	4.8E-5	5.8E-4	1.9E-2
67	4.3E-5	9.1E-3	2.5E-2	1.3E-2	4.8E-5	5.8E-4	1.9E-2
68	4.3E-5	9.2E-3	2.5E-2	1.3E-2	4.9E-5	5.8E-4	1.9E-2
69	4.3E-5	9.3E-3	2.5E-2	1.3E-2	4.9E-5	5.8E-4	1.9E-2
70	4.3E-5	9.3E-3	2.6E-2	1.3E-2	4.9E-5	5.8E-4	1.9E-2
71	4.4E-5	9.4E-3	2.6E-2	1.3E-2	5.0E-5	5.8E-4	1.9E-2
72	4.4E-5	9.5E-3	2.6E-2	1.3E-2	5.0E-5	5.8E-4	1.9E-2
73	4.4E-5	9.6E-3	2.6E-2	1.3E-2	5.0E-5	5.8E-4	1.9E-2
74	4.5E-5	9.6E-3	2.7E-2	1.4E-2	5.1E-5	5.8E-4	1.9E-2
75	4.5E-5	9.7E-3	2.7E-2	1.4E-2	5.1E-5	5.8E-4	1.9E-2
76	4.5E-5	9.8E-3	2.7E-2	1.4E-2	5.2E-5	5.8E-4	1.9E-2
77	4.5E-5	9.8E-3	2.7E-2	1.4E-2	5.2E-5	5.8E-4	1.9E-2
78	4.6E-5	9.9E-3	2.7E-2	1.4E-2	5.2E-5	5.8E-4	1.9E-2
79	4.6E-5	1.0E-2	2.8E-2	1.4E-2	5.3E-5	5.8E-4	1.9E-2
80	4.6E-5	1.0E-2	2.8E-2	1.4E-2	5.3E-5	5.8E-4	1.9E-2
81	4.7E-5	1.0E-2	2.8E-2	1.4E-2	5.3E-5	5.8E-4	1.9E-2
82	4.7E-5	1.0E-2	2.8E-2	1.4E-2	5.4E-5	5.7E-4	1.9E-2
83	4.7E-5	1.0E-2	2.9E-2	1.5E-2	5.4E-5	5.7E-4	1.9E-2
84	4.7E-5	1.0E-2	2.9E-2	1.5E-2	5.4E-5	5.7E-4	1.9E-2
85	4.8E-5	1.0E-2	2.9E-2	1.5E-2	5.5E-5	5.7E-4	1.9E-2
86	4.8E-5	1.0E-2	2.9E-2	1.5E-2	5.5E-5	5.7E-4	1.9E-2
87	4.8E-5	1.1E-2	2.9E-2	1.5E-2	5.6E-5	5.7E-4	1.9E-2
88	4.9E-5	1.1E-2	3.0E-2	1.5E-2	5.6E-5	5.7E-4	1.9E-2
89	4.9E-5	1.1E-2	3.0E-2	1.5E-2	5.6E-5	5.7E-4	1.9E-2
90	4.9E-5	1.1E-2	3.0E-2	1.5E-2	5.7E-5	5.7E-4	1.9E-2
91	5.0E-5	1.1E-2	3.0E-2	1.5E-2	5.7E-5	5.7E-4	1.9E-2
92	5.0E-5	1.1E-2	3.1E-2	1.6E-2	5.7E-5	5.7E-4	1.9E-2
93	5.0E-5	1.1E-2	3.1E-2	1.6E-2	5.8E-5	5.8E-4	1.9E-2
94	5.1E-5	1.1E-2	3.1E-2	1.6E-2	5.8E-5	5.8E-4	1.9E-2
95	5.1E-5	1.1E-2	3.1E-2	1.6E-2	5.9E-5	5.8E-4	1.9E-2
96	5.1E-5	1.1E-2	3.2E-2	1.6E-2	5.9E-5	5.8E-4	1.9E-2
97	5.1E-5	1.1E-2	3.2E-2	1.6E-2	5.9E-5	5.8E-4	1.9E-2
98	5.2E-5	1.1E-2	3.2E-2	1.6E-2	6.0E-5	5.8E-4	1.9E-2
99	5.2E-5	1.1E-2	3.2E-2	1.6E-2	6.0E-5	5.8E-4	1.9E-2
100	5.2E-5	1.2E-2	3.3E-2	1.7E-2	6.1E-5	5.8E-4	1.9E-2
110	5.6E-5	1.2E-2	3.5E-2	1.8E-2	6.5E-5	5.8E-4	1.9E-2
120	5.9E-5	1.3E-2	3.8E-2	1.9E-2	7.0E-5	5.8E-4	1.9E-2
130	6.3E-5	1.4E-2	4.1E-2	2.1E-2	7.4E-5	5.8E-4	1.9E-2
140	6.7E-5	1.5E-2	4.5E-2	2.2E-2	8.0E-5	5.8E-4	1.9E-2
150	7.1E-5	1.6E-2	4.9E-2	2.4E-2	8.5E-5	5.9E-4	1.9E-2
160	7.5E-5	1.7E-2	5.3E-2	2.6E-2	9.1E-5	5.9E-4	1.9E-2
170	7.9E-5	1.8E-2	5.7E-2	2.8E-2	9.7E-5	5.9E-4	1.9E-2
180	8.4E-5	2.0E-2	6.2E-2	3.0E-2	1.0E-4	6.0E-4	1.9E-2
190	8.9E-5	2.1E-2	6.7E-2	3.2E-2	1.1E-4	6.0E-4	1.9E-2
200	9.4E-5	2.2E-2	7.2E-2	3.4E-2	1.2E-4	6.0E-4	1.9E-2
210	9.9E-5	2.4E-2	7.8E-2	3.7E-2	1.3E-4	6.1E-4	1.9E-2
220	1.0E-4	2.5E-2	8.5E-2	4.0E-2	1.4E-4	6.1E-4	1.9E-2
230	1.1E-4	2.7E-2	9.2E-2	4.2E-2	1.4E-4	6.2E-4	1.9E-2
240	1.2E-4	2.9E-2	1.0E-1	4.5E-2	1.5E-4	6.2E-4	1.9E-2
250	1.2E-4	3.1E-2	1.1E-1	4.9E-2	1.6E-4	6.2E-4	1.9E-2
260	1.3E-4	3.3E-2	1.2E-1	5.2E-2	1.8E-4	6.3E-4	1.9E-2
270	1.4E-4	3.5E-2	1.3E-1	5.5E-2	1.9E-4	6.3E-4	2.0E-2
280	1.4E-4	3.7E-2	1.4E-1	5.9E-2	2.0E-4	6.4E-4	2.0E-2
290	1.5E-4	3.9E-2	1.5E-1	6.3E-2	2.1E-4	6.4E-4	2.0E-2
300	1.6E-4	4.2E-2	1.6E-1	6.7E-2	2.3E-4	6.4E-4	2.0E-2
310	1.6E-4	4.4E-2	1.7E-1	7.1E-2	2.4E-4	6.5E-4	2.0E-2
320	1.7E-4	4.7E-2	1.9E-1	7.6E-2	2.6E-4	6.5E-4	2.0E-2
330	1.8E-4	5.0E-2	2.0E-1	8.0E-2	2.7E-4	6.5E-4	2.0E-2
340	1.9E-4	5.3E-2	2.2E-1	8.5E-2	2.9E-4	6.6E-4	2.0E-2
350	2.0E-4	5.7E-2	2.4E-1	9.0E-2	3.1E-4	6.6E-4	2.0E-2
360	2.0E-4	6.0E-2	2.6E-1	9.5E-2	3.3E-4	6.6E-4	2.0E-2
365	2.1E-4	6.2E-2	2.7E-1	9.8E-2	3.4E-4	6.7E-4	2.0E-2
370	2.1E-4	6.4E-2	2.8E-1	1.0E-1	3.5E-4	6.7E-4	2.0E-2
380	2.2E-4	6.8E-2	3.0E-1	1.1E-1	3.7E-4	6.7E-4	2.0E-2
390	2.3E-4	7.2E-2	3.3E-1	1.1E-1	4.0E-4	6.7E-4	2.0E-2
400	2.4E-4	7.7E-2	3.6E-1	1.2E-1	4.2E-4	6.8E-4	2.0E-2
410	2.5E-4	8.1E-2	3.8E-1	1.2E-1	4.5E-4	6.8E-4	2.0E-2
420	2.6E-4	8.6E-2	4.2E-1	1.3E-1	4.8E-4	6.8E-4	2.0E-2
430	2.7E-4	9.2E-2	4.5E-1	1.4E-1	5.1E-4	6.9E-4	2.0E-2
440	2.8E-4	9.7E-2	4.9E-1	1.4E-1	5.4E-4	6.9E-4	2.0E-2
450	2.9E-4	1.0E-1	5.3E-1	1.5E-1	5.7E-4	6.9E-4	2.0E-2
460	3.0E-4	1.1E-1	5.7E-1	1.5E-1	6.1E-4	6.9E-4	2.0E-2
470	3.1E-4	1.2E-1	6.2E-1	1.6E-1	6.5E-4	7.0E-4	2.0E-2
480	3.1E-4	1.2E-1	6.7E-1	1.7E-1	6.9E-4	7.0E-4	2.0E-2
490	3.2E-4	1.3E-1	7.3E-1	1.7E-1	7.3E-4	7.0E-4	2.0E-2
500	3.3E-4	1.4E-1	7.9E-1	1.8E-1	7.7E-4	7.1E-4	2.0E-2
510	3.4E-4	1.4E-1	8.5E-1	1.8E-1	8.2E-4	7.1E-4	2.0E-2
520	3.5E-4	1.5E-1	9.2E-1	1.9E-1	8.7E-4	7.1E-4	2.0E-2
530	3.6E-4	1.6E-1	1.0E+0	2.0E-1	9.2E-4	7.1E-4	2.0E-2
540	3.7E-4	1.7E-1	1.1E+0	2.0E-1	9.8E-4	7.2E-4	2.0E-2
550	3.8E-4	1.8E-1	1.2E+0	2.1E-1	1.0E-3	7.2E-4	2.0E-2
560	3.9E-4	1.9E-1	1.3E+0	2.1E-1	1.1E-3	7.2E-4	2.0E-2
570	4.0E-4	2.0E-1	1.4E+0	2.2E-1	1.2E-3	7.2E-4	2.0E-2
580	4.1E-4	2.1E-1	1.5E+0	2.3E-1	1.2E-3	7.3E-4	2.0E-2
590	4.2E-4	2.2E-1	1.6E+0	2.3E-1	1.3E-3	7.3E-4	2.0E-2
600	4.3E-4	2.4E-1	1.7E+0	2.4E-1	1.4E-3	7.3E-4	2.0E-2
610	4.3E-4	2.5E-1	1.9E+0	2.4E-1	1.5E-3	7.3E-4	2.0E-2
620	4.4E-4	2.6E-1	2.0E+0	2.5E-1	1.6E-3	7.3E-4	2.1E-2
630	4.5E-4	2.8E-1	2.2E+0	2.5E-1	1.6E-3	7.4E-4	2.1E-2
640	4.6E-4	2.9E-1	2.4E+0	2.5E-1	1.7E-3	7.4E-4	2.1E-2
650	4.7E-4	3.1E-1	2.6E+0	2.6E-1	1.8E-3	7.4E-4	2.1E-2
660	4.8E-4	3.2E-1	2.8E+0	2.6E-1	1.9E-3	7.4E-4	2.1E-2
670	4.8E-4	3.4E-1	3.0E+0	2.7E-1	2.1E-3	7.5E-4	2.1E-2
680	4.9E-4	3.6E-1	3.2E+0	2.7E-1	2.2E-3	7.5E-4	2.1E-2
690	5.0E-4	3.7E-1	3.5E+0	2.7E-1	2.3E-3	7.5E-4	2.1E-2
700	5.1E-4	3.9E-1	3.8E+0	2.8E-1	2.4E-3	7.5E-4	2.1E-2
710	5.1E-4	4.1E-1	4.1E+0	2.8E-1	2.6E-3	7.6E-4	2.1E-2
720	5.2E-4	4.3E-1	4.4E+0	2.8E-1	2.7E-3	7.6E-4	2.1E-2
730	5.3E-4	4.5E-1	4.8E+0	2.9E-1	2.9E-3	7.6E-4	2.1E-2
740	5.3E-4	4.7E-1	5.2E+0	2.9E-1	3.0E-3	7.6E-4	2.1E-2
750	5.4E-4	5.0E-1	5.6E+0	2.9E-1	3.2E-3	7.6E-4	2.1E-2
760	5.5E-4	5.2E-1	6.0E+0	2.9E-1	3.4E-3	7.7E-4	2.1E-2
770	5.5E-4	5.4E-1	6.5E+0	3.0E-1	3.6E-3	7.7E-4	2.1E-2
780	5.6E-4	5.7E-1	7.0E+0	3.0E-1	3.8E-3	7.7E-4	2.1E-2
790	5.6E-4	5.9E-1	7.6E+0	3.0E-1	4.0E-3	7.7E-4	2.1E-2
800	5.7E-4	6.2E-1	8.2E+0	3.0E-1	4.2E-3	7.8E-4	2.1E-2
810	5.7E-4	6.5E-1	8.9E+0	3.0E-1	4.5E-3	7.8E-4	2.1E-2
820	5.8E-4	6.8E-1	9.6E+0	3.0E-1	4.7E-3	7.8E-4	2.1E-2
830	5.9E-4	7.0E-1	1.0E+1	3.1E-1	5.0E-3	7.8E-4	2.1E-2
840	5.9E-4	7.3E-1	1.1E+1	3.1E-1	5.2E-3	7.8E-4	2.1E-2
850	6.0E-4	7.6E-1	1.2E+1	3.1E-1	5.5E-3	7.9E-4	2.1E-2
860	6.0E-4	8.0E-1	1.3E+1	3.1E-1	5.8E-3	7.9E-4	2.1E-2
870	6.1E-4	8.3E-1	1.4E+1	3.1E-1	6.2E-3	7.9E-4	2.1E-2
880	6.1E-4	8.6E-1	1.5E+1	3.1E-1	6.5E-3	7.9E-4	2.1E-2
890	6.1E-4	9.0E-1	1.6E+1	3.1E-1	6.8E-3	8.0E-4	2.1E-2
900	6.2E-4	9.3E-1	1.8E+1	3.1E-1	7.2E-3	8.0E-4	2.2E-2
910	6.2E-4	9.6E-1	1.9E+1	3.2E-1	7.6E-3	8.0E-4	2.2E-2
920	6.3E-4	1.0E+0	2.0E+1	3.2E-1	8.0E-3	8.0E-4	2.2E-2
930	6.3E-4	1.0E+0	2.2E+1	3.2E-1	8.5E-3	8.0E-4	2.2E-2
940	6.4E-4	1.1E+0	2.4E+1	3.2E-1	8.9E-3	8.1E-4	2.2E-2
950	6.4E-4	1.1E+0	2.5E+1	3.2E-1	9.4E-3	8.1E-4	2.2E-2
960	6.4E-4	1.2E+0	2.7E+1	3.2E-1	9.9E-3	8.1E-4	2.2E-2
970	6.5E-4	1.2E+0	2.9E+1	3.2E-1	1.0E-2	8.1E-4	2.2E-2
980	6.5E-4	1.2E+0	3.2E+1	3.2E-1	1.1E-2	8.2E-4	2.2E-2
990	6.5E-4	1.3E+0	3.4E+1	3.2E-1	1.2E-2	8.2E-4	2.2E-2
1000	6.6E-4	1.3E+0	3.6E+1	3.2E-1	1.2E-2	8.2E-4	2.2E-2
1010	6.6E-4	1.4E+0	3.9E+1	3.2E-1	1.3E-2	8.2E-4	2.2E-2
1020	6.6E-4	1.4E+0	4.2E+1	3.2E-1	1.4E-2	8.2E-4	2.2E-2
1030	6.7E-4	1.4E+0	4.5E+1	3.2E-1	1.4E-2	8.3E-4	2.2E-2
1040	6.7E-4	1.5E+0	4.8E+1	3.2E-1	1.5E-2	8.3E-4	2.2E-2
1050	6.7E-4	1.5E+0	5.2E+1	3.2E-1	1.6E-2	8.3E-4	2.2E-2
1060	6.8E-4	1.6E+0	5.5E+1	3.2E-1	1.7E-2	8.3E-4	2.2E-2
1070	6.8E-4	1.6E+0	5.9E+1	3.2E-1	1.8E-2	8.3E-4	2.2E-2
1080	6.8E-4	1.6E+0	6.3E+1	3.2E-1	1.8E-2	8.4E-4	2.2E-2
1090	6.9E-4	1.7E+0	6.7E+1	3.2E-1	1.9E-2	8.4E-4	2.2E-2
1095	6.9E-4	1.7E+0	7.0E+1	3.3E-1	2.0E-2	8.4E-4	2.2E-2
1100	6.9E-4	1.7E+0	7.2E+1	3.3E-1	2.0E-2	8.4E-4	2.2E-2
1200	7.1E-4	2.2E+0	1.3E+2	3.3E-1	3.4E-2	8.6E-4	2.3E-2
1300	7.4E-4	2.6E+0	2.2E+2	3.3E-1	5.5E-2	8.9E-4	2.3E-2
1400	7.6E-4	2.9E+0	3.1E+2	3.3E-1	8.7E-2	9.1E-4	2.4E-2
1500	7.8E-4	3.2E+0	4.1E+2	3.3E-1	1.3E-1	9.3E-4	2.4E-2
1600	7.9E-4	3.5E+0	4.8E+2	3.3E-1	2.0E-1	9.5E-4	2.4E-2
1700	8.1E-4	3.7E+0	5.4E+2	3.3E-1	2.8E-1	9.8E-4	2.5E-2
1800	8.3E-4	3.9E+0	5.8E+2	3.3E-1	3.7E-1	1.0E-3	2.5E-2
1900	8.5E-4	4.1E+0	6.2E+2	3.3E-1	4.7E-1	1.0E-3	2.6E-2
2000	8.7E-4	4.3E+0	6.5E+2	3.3E-1	5.5E-1	1.0E-3	2.6E-2
2100	8.8E-4	4.5E+0	6.8E+2	3.3E-1	6.2E-1	1.1E-3	2.7E-2
2200	9.0E-4	4.7E+0	7.1E+2	3.3E-1	6.7E-1	1.1E-3	2.7E-2
2300	9.2E-4	4.9E+0	7.3E+2	3.3E-1	7.0E-1	1.1E-3	2.8E-2
2400	9.3E-4	5.1E+0	7.6E+2	3.3E-1	7.2E-1	1.1E-3	2.8E-2
2500	9.5E-4	5.3E+0	7.9E+2	3.4E-1	7.4E-1	1.2E-3	2.9E-2
2600	9.7E-4	5.5E+0	8.2E+2	3.4E-1	7.5E-1	1.2E-3	2.9E-2
2700	9.9E-4	5.7E+0	8.5E+2	3.4E-1	7.6E-1	1.2E-3	3.0E-2
2800	1.0E-3	5.9E+0	8.8E+2	3.4E-1	7.6E-1	1.2E-3	3.0E-2
2900	1.0E-3	6.1E+0	9.2E+2	3.4E-1	7.6E-1	1.3E-3	3.1E-2
3000	1.0E-3	6.3E+0	9.5E+2	3.4E-1	7.7E-1	1.3E-3	3.1E-2
3100	1.1E-3	6.5E+0	9.8E+2	3.4E-1	7.7E-1	1.3E-3	3.2E-2
3200	1.1E-3	6.7E+0	1.0E+3	3.4E-1	7.7E-1	1.3E-3	3.3E-2
3300	1.1E-3	7.0E+0	1.1E+3	3.4E-1	7.7E-1	1.4E-3	3.3E-2
3400	1.1E-3	7.2E+0	1.1E+3	3.4E-1	7.7E-1	1.4E-3	3.4E-2
3500	1.1E-3	7.5E+0	1.1E+3	3.4E-1	7.7E-1	1.4E-3	3.5E-2
3600	1.1E-3	7.7E+0	1.2E+3	3.4E-1	7.8E-1	1.4E-3	3.5E-2
3650	1.1E-3	7.8E+0	1.2E+3	3.4E-1	7.8E-1	1.5E-3	3.5E-2
4000	1.2E-3	8.8E+0	1.3E+3	3.4E-1	7.8E-1	1.5E-3	3.8E-2
5000	1.4E-3	1.2E+1	1.8E+3	3.5E-1	7.9E-1	1.8E-3	4.5E-2
6000	1.5E-3	1.5E+1	2.3E+3	3.6E-1	8.1E-1	2.0E-3	5.5E-2
7000	1.7E-3	1.9E+1	2.8E+3	3.6E-1	8.2E-1	2.3E-3	6.6E-2
8000	1.8E-3	2.3E+1	3.4E+3	3.7E-1	8.4E-1	2.5E-3	7.9E-2
9000	2.0E-3	2.6E+1	4.0E+3	3.8E-1	8.5E-1	2.8E-3	9.5E-2
10000	2.1E-3	3.0E+1	4.5E+3	3.8E-1	8.7E-1	3.1E-3	1.1E-1
11000	2.3E-3	3.4E+1	5.1E+3	3.9E-1	8.8E-1	3.4E-3	1.4E-1
12000	2.5E-3	3.8E+1	5.7E+3	4.0E-1	9.0E-1	3.7E-3	1.7E-1
13000	2.6E-3	4.2E+1	6.3E+3	4.0E-1	9.2E-1	4.0E-3	2.0E-1
14000	2.8E-3	4.5E+1	6.8E+3	4.1E-1	9.3E-1	4.3E-3	2.4E-1
15000	3.0E-3	5.0E+1	7.5E+3	4.2E-1	9.5E-1	4.7E-3	2.9E-1
16000	3.1E-3	5.4E+1	8.1E+3	4.3E-1	9.7E-1	5.1E-3	3.4E-1
17000	3.3E-3	5.8E+1	8.8E+3	4.3E-1	9.9E-1	5.5E-3	4.1E-1
18000	3.5E-3	6.3E+1	9.5E+3	4.4E-1	1.0E+0	6.0E-3	4.9E-1
18250	3.6E-3	6.4E+1	9.7E+3	4.4E-1	1.0E+0	6.1E-3	5.2E-1
Radionuclide	U-235
Route of Intake	Inhalation
Material	Aerosols Type M, Uranyl acetylacetonate; depleted uranium aerosols from use of kinetic energy penetrators; vaporised uranium metal; all unspecified forms, fA=4E-3
AMTD/AMAD, µm	10

Committed Effective Dose per Predicted Content in an Organ or Excreta Sample (Dose per Content Functions z(t)), Sv/Bq
Time, days	Whole Body	Urine (24-hour sample)	Faeces (24-hour sample)	Alimentary Tract*	Lungs*	Skeleton*	Liver*
0.041667	1.0E-6	-	-	2.8E-6	2.1E-5	3.2E-3	5.8E-3
0.083333	1.0E-6	-	-	2.5E-6	2.3E-5	2.0E-3	6.0E-3
0.125	1.0E-6	-	-	2.3E-6	2.5E-5	1.5E-3	5.7E-3
0.25	1.1E-6	-	-	2.0E-6	2.8E-5	9.0E-4	5.0E-3
0.375	1.1E-6	-	-	1.8E-6	3.0E-5	6.9E-4	4.6E-3
0.5	1.2E-6	-	-	1.6E-6	3.1E-5	5.9E-4	4.4E-3
0.625	1.2E-6	-	-	1.6E-6	3.2E-5	5.3E-4	4.3E-3
0.75	1.2E-6	-	-	1.6E-6	3.2E-5	5.0E-4	4.2E-3
0.875	1.3E-6	-	-	1.6E-6	3.3E-5	4.8E-4	4.2E-3
1	1.4E-6	1.1E-4	9.4E-6	1.6E-6	3.3E-5	4.6E-4	4.2E-3
1.125	1.5E-6	-	-	1.7E-6	3.4E-5	4.5E-4	4.2E-3
1.25	1.6E-6	-	-	1.8E-6	3.4E-5	4.5E-4	4.2E-3
1.375	1.7E-6	-	-	1.9E-6	3.4E-5	4.4E-4	4.2E-3
1.5	1.8E-6	-	-	2.1E-6	3.4E-5	4.4E-4	4.2E-3
1.625	2.0E-6	-	-	2.3E-6	3.4E-5	4.4E-4	4.2E-3
1.75	2.2E-6	-	-	2.5E-6	3.5E-5	4.4E-4	4.3E-3
1.875	2.4E-6	-	-	2.7E-6	3.5E-5	4.4E-4	4.3E-3
2	2.7E-6	6.8E-4	3.0E-6	3.1E-6	3.5E-5	4.4E-4	4.3E-3
2.25	3.4E-6	-	-	3.9E-6	3.5E-5	4.4E-4	4.4E-3
2.5	4.2E-6	-	-	5.0E-6	3.6E-5	4.5E-4	4.5E-3
2.75	5.3E-6	-	-	6.6E-6	3.6E-5	4.5E-4	4.6E-3
3	6.7E-6	2.0E-3	4.5E-6	8.8E-6	3.6E-5	4.5E-4	4.7E-3
3.25	8.5E-6	-	-	1.2E-5	3.7E-5	4.6E-4	4.7E-3
3.5	1.1E-5	-	-	1.6E-5	3.7E-5	4.6E-4	4.8E-3
3.75	1.3E-5	-	-	2.2E-5	3.7E-5	4.6E-4	4.9E-3
4	1.5E-5	2.6E-3	1.2E-5	3.1E-5	3.7E-5	4.7E-4	5.0E-3
4.25	1.8E-5	-	-	4.3E-5	3.8E-5	4.7E-4	5.1E-3
4.5	2.1E-5	-	-	6.1E-5	3.8E-5	4.7E-4	5.2E-3
4.75	2.3E-5	-	-	8.5E-5	3.8E-5	4.8E-4	5.3E-3
5	2.5E-5	2.9E-3	4.1E-5	1.2E-4	3.8E-5	4.8E-4	5.4E-3
5.5	2.8E-5	-	-	2.2E-4	3.9E-5	4.9E-4	5.5E-3
6	3.0E-5	3.1E-3	1.6E-4	4.0E-4	3.9E-5	4.9E-4	5.7E-3
6.5	3.1E-5	-	-	6.4E-4	4.0E-5	5.0E-4	5.9E-3
7	3.2E-5	3.3E-3	5.6E-4	9.2E-4	4.0E-5	5.1E-4	6.1E-3
7.5	3.3E-5	-	-	1.2E-3	4.0E-5	5.1E-4	6.3E-3
8	3.3E-5	3.5E-3	1.4E-3	1.4E-3	4.1E-5	5.2E-4	6.5E-3
8.5	3.4E-5	-	-	1.6E-3	4.1E-5	5.2E-4	6.7E-3
9	3.4E-5	3.7E-3	2.4E-3	1.8E-3	4.1E-5	5.3E-4	6.9E-3
9.5	3.4E-5	-	-	2.0E-3	4.2E-5	5.3E-4	7.1E-3
10	3.5E-5	3.9E-3	3.1E-3	2.2E-3	4.2E-5	5.4E-4	7.4E-3
11	3.5E-5	4.2E-3	3.8E-3	2.6E-3	4.3E-5	5.4E-4	7.8E-3
12	3.6E-5	4.4E-3	4.5E-3	3.0E-3	4.3E-5	5.5E-4	8.2E-3
13	3.6E-5	4.6E-3	5.3E-3	3.4E-3	4.4E-5	5.6E-4	8.7E-3
14	3.7E-5	4.8E-3	6.2E-3	3.9E-3	4.4E-5	5.6E-4	9.2E-3
15	3.7E-5	5.0E-3	7.2E-3	4.5E-3	4.4E-5	5.7E-4	9.6E-3
16	3.8E-5	5.2E-3	8.2E-3	5.0E-3	4.5E-5	5.7E-4	1.0E-2
17	3.8E-5	5.4E-3	9.4E-3	5.6E-3	4.5E-5	5.8E-4	1.1E-2
18	3.9E-5	5.6E-3	1.1E-2	6.2E-3	4.6E-5	5.8E-4	1.1E-2
19	3.9E-5	5.8E-3	1.2E-2	6.7E-3	4.6E-5	5.8E-4	1.2E-2
20	3.9E-5	6.0E-3	1.3E-2	7.3E-3	4.6E-5	5.9E-4	1.2E-2
21	4.0E-5	6.2E-3	1.4E-2	7.8E-3	4.7E-5	5.9E-4	1.2E-2
22	4.0E-5	6.3E-3	1.5E-2	8.3E-3	4.7E-5	5.9E-4	1.3E-2
23	4.1E-5	6.5E-3	1.6E-2	8.8E-3	4.7E-5	5.9E-4	1.3E-2
24	4.1E-5	6.7E-3	1.8E-2	9.2E-3	4.8E-5	5.9E-4	1.4E-2
25	4.1E-5	6.9E-3	1.9E-2	9.6E-3	4.8E-5	6.0E-4	1.4E-2
26	4.2E-5	7.0E-3	1.9E-2	1.0E-2	4.9E-5	6.0E-4	1.5E-2
27	4.2E-5	7.2E-3	2.0E-2	1.0E-2	4.9E-5	6.0E-4	1.5E-2
28	4.2E-5	7.3E-3	2.1E-2	1.1E-2	4.9E-5	6.0E-4	1.5E-2
29	4.3E-5	7.5E-3	2.2E-2	1.1E-2	5.0E-5	6.0E-4	1.6E-2
30	4.3E-5	7.6E-3	2.2E-2	1.1E-2	5.0E-5	6.0E-4	1.6E-2
31	4.3E-5	7.8E-3	2.3E-2	1.1E-2	5.0E-5	6.0E-4	1.6E-2
32	4.3E-5	7.9E-3	2.4E-2	1.2E-2	5.1E-5	6.0E-4	1.7E-2
33	4.4E-5	8.1E-3	2.4E-2	1.2E-2	5.1E-5	6.0E-4	1.7E-2
34	4.4E-5	8.2E-3	2.4E-2	1.2E-2	5.1E-5	6.0E-4	1.7E-2
35	4.4E-5	8.3E-3	2.5E-2	1.2E-2	5.2E-5	6.0E-4	1.8E-2
36	4.5E-5	8.5E-3	2.5E-2	1.2E-2	5.2E-5	6.0E-4	1.8E-2
37	4.5E-5	8.6E-3	2.6E-2	1.3E-2	5.2E-5	6.0E-4	1.8E-2
38	4.5E-5	8.7E-3	2.6E-2	1.3E-2	5.3E-5	6.0E-4	1.8E-2
39	4.6E-5	8.8E-3	2.6E-2	1.3E-2	5.3E-5	6.0E-4	1.9E-2
40	4.6E-5	8.9E-3	2.7E-2	1.3E-2	5.4E-5	6.0E-4	1.9E-2
41	4.6E-5	9.0E-3	2.7E-2	1.3E-2	5.4E-5	6.1E-4	1.9E-2
42	4.7E-5	9.2E-3	2.7E-2	1.3E-2	5.4E-5	6.1E-4	1.9E-2
43	4.7E-5	9.3E-3	2.7E-2	1.3E-2	5.5E-5	6.1E-4	1.9E-2
44	4.7E-5	9.4E-3	2.8E-2	1.4E-2	5.5E-5	6.1E-4	2.0E-2
45	4.8E-5	9.5E-3	2.8E-2	1.4E-2	5.5E-5	6.1E-4	2.0E-2
46	4.8E-5	9.6E-3	2.8E-2	1.4E-2	5.6E-5	6.1E-4	2.0E-2
47	4.8E-5	9.7E-3	2.8E-2	1.4E-2	5.6E-5	6.1E-4	2.0E-2
48	4.9E-5	9.8E-3	2.9E-2	1.4E-2	5.7E-5	6.1E-4	2.0E-2
49	4.9E-5	9.9E-3	2.9E-2	1.4E-2	5.7E-5	6.1E-4	2.0E-2
50	4.9E-5	1.0E-2	2.9E-2	1.4E-2	5.7E-5	6.1E-4	2.0E-2
51	5.0E-5	1.0E-2	2.9E-2	1.4E-2	5.8E-5	6.1E-4	2.0E-2
52	5.0E-5	1.0E-2	3.0E-2	1.5E-2	5.8E-5	6.1E-4	2.0E-2
53	5.0E-5	1.0E-2	3.0E-2	1.5E-2	5.9E-5	6.1E-4	2.0E-2
54	5.1E-5	1.0E-2	3.0E-2	1.5E-2	5.9E-5	6.1E-4	2.1E-2
55	5.1E-5	1.0E-2	3.0E-2	1.5E-2	5.9E-5	6.1E-4	2.1E-2
56	5.1E-5	1.1E-2	3.1E-2	1.5E-2	6.0E-5	6.1E-4	2.1E-2
57	5.1E-5	1.1E-2	3.1E-2	1.5E-2	6.0E-5	6.1E-4	2.1E-2
58	5.2E-5	1.1E-2	3.1E-2	1.5E-2	6.1E-5	6.1E-4	2.1E-2
59	5.2E-5	1.1E-2	3.1E-2	1.6E-2	6.1E-5	6.1E-4	2.1E-2
60	5.3E-5	1.1E-2	3.2E-2	1.6E-2	6.2E-5	6.1E-4	2.1E-2
61	5.3E-5	1.1E-2	3.2E-2	1.6E-2	6.2E-5	6.1E-4	2.1E-2
62	5.3E-5	1.1E-2	3.2E-2	1.6E-2	6.2E-5	6.1E-4	2.1E-2
63	5.4E-5	1.1E-2	3.2E-2	1.6E-2	6.3E-5	6.1E-4	2.1E-2
64	5.4E-5	1.1E-2	3.3E-2	1.6E-2	6.3E-5	6.1E-4	2.1E-2
65	5.4E-5	1.1E-2	3.3E-2	1.6E-2	6.4E-5	6.1E-4	2.1E-2
66	5.5E-5	1.1E-2	3.3E-2	1.6E-2	6.4E-5	6.1E-4	2.1E-2
67	5.5E-5	1.2E-2	3.3E-2	1.7E-2	6.5E-5	6.1E-4	2.1E-2
68	5.5E-5	1.2E-2	3.4E-2	1.7E-2	6.5E-5	6.1E-4	2.1E-2
69	5.6E-5	1.2E-2	3.4E-2	1.7E-2	6.5E-5	6.1E-4	2.1E-2
70	5.6E-5	1.2E-2	3.4E-2	1.7E-2	6.6E-5	6.2E-4	2.1E-2
71	5.6E-5	1.2E-2	3.5E-2	1.7E-2	6.6E-5	6.2E-4	2.1E-2
72	5.7E-5	1.2E-2	3.5E-2	1.7E-2	6.7E-5	6.2E-4	2.1E-2
73	5.7E-5	1.2E-2	3.5E-2	1.7E-2	6.7E-5	6.2E-4	2.1E-2
74	5.7E-5	1.2E-2	3.5E-2	1.8E-2	6.8E-5	6.2E-4	2.1E-2
75	5.8E-5	1.2E-2	3.6E-2	1.8E-2	6.8E-5	6.2E-4	2.1E-2
76	5.8E-5	1.2E-2	3.6E-2	1.8E-2	6.9E-5	6.2E-4	2.1E-2
77	5.8E-5	1.3E-2	3.6E-2	1.8E-2	6.9E-5	6.2E-4	2.1E-2
78	5.9E-5	1.3E-2	3.6E-2	1.8E-2	7.0E-5	6.2E-4	2.1E-2
79	5.9E-5	1.3E-2	3.7E-2	1.8E-2	7.0E-5	6.2E-4	2.1E-2
80	6.0E-5	1.3E-2	3.7E-2	1.8E-2	7.1E-5	6.2E-4	2.1E-2
81	6.0E-5	1.3E-2	3.7E-2	1.9E-2	7.1E-5	6.2E-4	2.1E-2
82	6.0E-5	1.3E-2	3.8E-2	1.9E-2	7.2E-5	6.2E-4	2.1E-2
83	6.1E-5	1.3E-2	3.8E-2	1.9E-2	7.2E-5	6.2E-4	2.1E-2
84	6.1E-5	1.3E-2	3.8E-2	1.9E-2	7.3E-5	6.2E-4	2.1E-2
85	6.1E-5	1.3E-2	3.9E-2	1.9E-2	7.3E-5	6.2E-4	2.1E-2
86	6.2E-5	1.3E-2	3.9E-2	1.9E-2	7.4E-5	6.2E-4	2.1E-2
87	6.2E-5	1.3E-2	3.9E-2	2.0E-2	7.4E-5	6.2E-4	2.1E-2
88	6.3E-5	1.4E-2	4.0E-2	2.0E-2	7.5E-5	6.2E-4	2.1E-2
89	6.3E-5	1.4E-2	4.0E-2	2.0E-2	7.5E-5	6.2E-4	2.2E-2
90	6.3E-5	1.4E-2	4.0E-2	2.0E-2	7.6E-5	6.2E-4	2.2E-2
91	6.4E-5	1.4E-2	4.0E-2	2.0E-2	7.6E-5	6.2E-4	2.2E-2
92	6.4E-5	1.4E-2	4.1E-2	2.0E-2	7.7E-5	6.3E-4	2.2E-2
93	6.5E-5	1.4E-2	4.1E-2	2.1E-2	7.7E-5	6.3E-4	2.2E-2
94	6.5E-5	1.4E-2	4.1E-2	2.1E-2	7.8E-5	6.3E-4	2.2E-2
95	6.5E-5	1.4E-2	4.2E-2	2.1E-2	7.8E-5	6.3E-4	2.2E-2
96	6.6E-5	1.4E-2	4.2E-2	2.1E-2	7.9E-5	6.3E-4	2.2E-2
97	6.6E-5	1.4E-2	4.2E-2	2.1E-2	7.9E-5	6.3E-4	2.2E-2
98	6.7E-5	1.5E-2	4.3E-2	2.1E-2	8.0E-5	6.3E-4	2.2E-2
99	6.7E-5	1.5E-2	4.3E-2	2.1E-2	8.0E-5	6.3E-4	2.2E-2
100	6.7E-5	1.5E-2	4.4E-2	2.2E-2	8.1E-5	6.3E-4	2.2E-2
110	7.2E-5	1.6E-2	4.7E-2	2.3E-2	8.7E-5	6.3E-4	2.2E-2
120	7.6E-5	1.7E-2	5.1E-2	2.5E-2	9.3E-5	6.4E-4	2.2E-2
130	8.1E-5	1.8E-2	5.5E-2	2.7E-2	9.9E-5	6.5E-4	2.2E-2
140	8.6E-5	1.9E-2	6.0E-2	2.9E-2	1.1E-4	6.5E-4	2.2E-2
150	9.1E-5	2.1E-2	6.5E-2	3.2E-2	1.1E-4	6.6E-4	2.2E-2
160	9.6E-5	2.2E-2	7.0E-2	3.4E-2	1.2E-4	6.6E-4	2.2E-2
170	1.0E-4	2.4E-2	7.6E-2	3.6E-2	1.3E-4	6.7E-4	2.2E-2
180	1.1E-4	2.5E-2	8.2E-2	3.9E-2	1.4E-4	6.7E-4	2.2E-2
190	1.1E-4	2.7E-2	8.9E-2	4.2E-2	1.5E-4	6.8E-4	2.2E-2
200	1.2E-4	2.9E-2	9.7E-2	4.5E-2	1.6E-4	6.9E-4	2.2E-2
210	1.3E-4	3.1E-2	1.0E-1	4.8E-2	1.7E-4	6.9E-4	2.2E-2
220	1.3E-4	3.3E-2	1.1E-1	5.2E-2	1.8E-4	7.0E-4	2.2E-2
230	1.4E-4	3.5E-2	1.2E-1	5.5E-2	1.9E-4	7.0E-4	2.2E-2
240	1.5E-4	3.7E-2	1.3E-1	5.9E-2	2.1E-4	7.1E-4	2.2E-2
250	1.6E-4	4.0E-2	1.4E-1	6.3E-2	2.2E-4	7.1E-4	2.2E-2
260	1.6E-4	4.2E-2	1.6E-1	6.7E-2	2.3E-4	7.2E-4	2.2E-2
270	1.7E-4	4.5E-2	1.7E-1	7.1E-2	2.5E-4	7.2E-4	2.2E-2
280	1.8E-4	4.8E-2	1.8E-1	7.6E-2	2.7E-4	7.3E-4	2.2E-2
290	1.9E-4	5.1E-2	2.0E-1	8.1E-2	2.8E-4	7.3E-4	2.2E-2
300	2.0E-4	5.4E-2	2.1E-1	8.6E-2	3.0E-4	7.3E-4	2.2E-2
310	2.1E-4	5.8E-2	2.3E-1	9.1E-2	3.2E-4	7.4E-4	2.2E-2
320	2.2E-4	6.1E-2	2.5E-1	9.7E-2	3.4E-4	7.4E-4	2.2E-2
330	2.2E-4	6.5E-2	2.7E-1	1.0E-1	3.6E-4	7.5E-4	2.2E-2
340	2.3E-4	6.9E-2	2.9E-1	1.1E-1	3.9E-4	7.5E-4	2.2E-2
350	2.4E-4	7.4E-2	3.2E-1	1.1E-1	4.1E-4	7.6E-4	2.2E-2
360	2.5E-4	7.8E-2	3.4E-1	1.2E-1	4.4E-4	7.6E-4	2.2E-2
365	2.6E-4	8.1E-2	3.6E-1	1.2E-1	4.5E-4	7.6E-4	2.2E-2
370	2.6E-4	8.3E-2	3.7E-1	1.3E-1	4.7E-4	7.6E-4	2.2E-2
380	2.7E-4	8.8E-2	4.0E-1	1.3E-1	5.0E-4	7.7E-4	2.3E-2
390	2.8E-4	9.4E-2	4.4E-1	1.4E-1	5.3E-4	7.7E-4	2.3E-2
400	3.0E-4	9.9E-2	4.7E-1	1.5E-1	5.6E-4	7.7E-4	2.3E-2
410	3.1E-4	1.1E-1	5.1E-1	1.5E-1	6.0E-4	7.8E-4	2.3E-2
420	3.2E-4	1.1E-1	5.6E-1	1.6E-1	6.4E-4	7.8E-4	2.3E-2
430	3.3E-4	1.2E-1	6.0E-1	1.7E-1	6.8E-4	7.8E-4	2.3E-2
440	3.4E-4	1.3E-1	6.5E-1	1.7E-1	7.2E-4	7.9E-4	2.3E-2
450	3.5E-4	1.3E-1	7.0E-1	1.8E-1	7.6E-4	7.9E-4	2.3E-2
460	3.6E-4	1.4E-1	7.6E-1	1.9E-1	8.1E-4	7.9E-4	2.3E-2
470	3.7E-4	1.5E-1	8.2E-1	2.0E-1	8.6E-4	8.0E-4	2.3E-2
480	3.8E-4	1.6E-1	8.9E-1	2.0E-1	9.1E-4	8.0E-4	2.3E-2
490	3.9E-4	1.7E-1	9.7E-1	2.1E-1	9.7E-4	8.0E-4	2.3E-2
500	4.0E-4	1.8E-1	1.0E+0	2.2E-1	1.0E-3	8.1E-4	2.3E-2
510	4.1E-4	1.9E-1	1.1E+0	2.2E-1	1.1E-3	8.1E-4	2.3E-2
520	4.2E-4	2.0E-1	1.2E+0	2.3E-1	1.2E-3	8.1E-4	2.3E-2
530	4.4E-4	2.1E-1	1.3E+0	2.4E-1	1.2E-3	8.1E-4	2.3E-2
540	4.5E-4	2.2E-1	1.4E+0	2.4E-1	1.3E-3	8.2E-4	2.3E-2
550	4.6E-4	2.3E-1	1.6E+0	2.5E-1	1.4E-3	8.2E-4	2.3E-2
560	4.7E-4	2.5E-1	1.7E+0	2.6E-1	1.5E-3	8.2E-4	2.3E-2
570	4.8E-4	2.6E-1	1.8E+0	2.6E-1	1.5E-3	8.3E-4	2.3E-2
580	4.9E-4	2.7E-1	2.0E+0	2.7E-1	1.6E-3	8.3E-4	2.3E-2
590	5.0E-4	2.9E-1	2.1E+0	2.7E-1	1.7E-3	8.3E-4	2.3E-2
600	5.1E-4	3.0E-1	2.3E+0	2.8E-1	1.8E-3	8.3E-4	2.3E-2
610	5.2E-4	3.2E-1	2.5E+0	2.8E-1	1.9E-3	8.4E-4	2.3E-2
620	5.2E-4	3.4E-1	2.7E+0	2.9E-1	2.1E-3	8.4E-4	2.3E-2
630	5.3E-4	3.5E-1	2.9E+0	2.9E-1	2.2E-3	8.4E-4	2.3E-2
640	5.4E-4	3.7E-1	3.1E+0	3.0E-1	2.3E-3	8.4E-4	2.3E-2
650	5.5E-4	3.9E-1	3.4E+0	3.0E-1	2.4E-3	8.5E-4	2.3E-2
660	5.6E-4	4.1E-1	3.7E+0	3.1E-1	2.6E-3	8.5E-4	2.4E-2
670	5.7E-4	4.3E-1	4.0E+0	3.1E-1	2.7E-3	8.5E-4	2.4E-2
680	5.8E-4	4.5E-1	4.3E+0	3.1E-1	2.9E-3	8.5E-4	2.4E-2
690	5.8E-4	4.7E-1	4.7E+0	3.2E-1	3.1E-3	8.6E-4	2.4E-2
700	5.9E-4	5.0E-1	5.0E+0	3.2E-1	3.2E-3	8.6E-4	2.4E-2
710	6.0E-4	5.2E-1	5.4E+0	3.2E-1	3.4E-3	8.6E-4	2.4E-2
720	6.1E-4	5.5E-1	5.9E+0	3.3E-1	3.6E-3	8.6E-4	2.4E-2
730	6.1E-4	5.7E-1	6.3E+0	3.3E-1	3.8E-3	8.7E-4	2.4E-2
740	6.2E-4	6.0E-1	6.9E+0	3.3E-1	4.0E-3	8.7E-4	2.4E-2
750	6.3E-4	6.3E-1	7.4E+0	3.4E-1	4.3E-3	8.7E-4	2.4E-2
760	6.3E-4	6.6E-1	8.0E+0	3.4E-1	4.5E-3	8.7E-4	2.4E-2
770	6.4E-4	6.9E-1	8.6E+0	3.4E-1	4.8E-3	8.8E-4	2.4E-2
780	6.5E-4	7.2E-1	9.3E+0	3.4E-1	5.0E-3	8.8E-4	2.4E-2
790	6.5E-4	7.5E-1	1.0E+1	3.4E-1	5.3E-3	8.8E-4	2.4E-2
800	6.6E-4	7.8E-1	1.1E+1	3.5E-1	5.6E-3	8.8E-4	2.4E-2
810	6.7E-4	8.1E-1	1.2E+1	3.5E-1	5.9E-3	8.9E-4	2.4E-2
820	6.7E-4	8.5E-1	1.3E+1	3.5E-1	6.3E-3	8.9E-4	2.4E-2
830	6.8E-4	8.8E-1	1.4E+1	3.5E-1	6.6E-3	8.9E-4	2.4E-2
840	6.8E-4	9.2E-1	1.5E+1	3.5E-1	7.0E-3	8.9E-4	2.4E-2
850	6.9E-4	9.5E-1	1.6E+1	3.5E-1	7.4E-3	9.0E-4	2.4E-2
860	6.9E-4	9.9E-1	1.7E+1	3.6E-1	7.8E-3	9.0E-4	2.4E-2
870	7.0E-4	1.0E+0	1.9E+1	3.6E-1	8.2E-3	9.0E-4	2.4E-2
880	7.0E-4	1.1E+0	2.0E+1	3.6E-1	8.6E-3	9.0E-4	2.4E-2
890	7.1E-4	1.1E+0	2.1E+1	3.6E-1	9.1E-3	9.1E-4	2.4E-2
900	7.1E-4	1.2E+0	2.3E+1	3.6E-1	9.6E-3	9.1E-4	2.5E-2
910	7.2E-4	1.2E+0	2.5E+1	3.6E-1	1.0E-2	9.1E-4	2.5E-2
920	7.2E-4	1.2E+0	2.7E+1	3.6E-1	1.1E-2	9.1E-4	2.5E-2
930	7.3E-4	1.3E+0	2.9E+1	3.6E-1	1.1E-2	9.2E-4	2.5E-2
940	7.3E-4	1.3E+0	3.1E+1	3.6E-1	1.2E-2	9.2E-4	2.5E-2
950	7.3E-4	1.4E+0	3.3E+1	3.6E-1	1.2E-2	9.2E-4	2.5E-2
960	7.4E-4	1.4E+0	3.6E+1	3.6E-1	1.3E-2	9.2E-4	2.5E-2
970	7.4E-4	1.5E+0	3.9E+1	3.6E-1	1.4E-2	9.3E-4	2.5E-2
980	7.5E-4	1.5E+0	4.1E+1	3.7E-1	1.5E-2	9.3E-4	2.5E-2
990	7.5E-4	1.6E+0	4.4E+1	3.7E-1	1.5E-2	9.3E-4	2.5E-2
1000	7.5E-4	1.6E+0	4.8E+1	3.7E-1	1.6E-2	9.3E-4	2.5E-2
1010	7.6E-4	1.6E+0	5.1E+1	3.7E-1	1.7E-2	9.4E-4	2.5E-2
1020	7.6E-4	1.7E+0	5.5E+1	3.7E-1	1.8E-2	9.4E-4	2.5E-2
1030	7.6E-4	1.7E+0	5.9E+1	3.7E-1	1.9E-2	9.4E-4	2.5E-2
1040	7.7E-4	1.8E+0	6.3E+1	3.7E-1	2.0E-2	9.4E-4	2.5E-2
1050	7.7E-4	1.8E+0	6.7E+1	3.7E-1	2.1E-2	9.5E-4	2.5E-2
1060	7.7E-4	1.9E+0	7.2E+1	3.7E-1	2.2E-2	9.5E-4	2.5E-2
1070	7.8E-4	1.9E+0	7.7E+1	3.7E-1	2.3E-2	9.5E-4	2.5E-2
1080	7.8E-4	2.0E+0	8.2E+1	3.7E-1	2.4E-2	9.5E-4	2.5E-2
1090	7.8E-4	2.0E+0	8.7E+1	3.7E-1	2.6E-2	9.6E-4	2.5E-2
1095	7.9E-4	2.1E+0	9.0E+1	3.7E-1	2.6E-2	9.6E-4	2.5E-2
1100	7.9E-4	2.1E+0	9.3E+1	3.7E-1	2.7E-2	9.6E-4	2.5E-2
1200	8.2E-4	2.6E+0	1.7E+2	3.7E-1	4.4E-2	9.8E-4	2.6E-2
1300	8.4E-4	3.0E+0	2.7E+2	3.7E-1	7.2E-2	1.0E-3	2.6E-2
1400	8.6E-4	3.4E+0	3.8E+2	3.7E-1	1.1E-1	1.0E-3	2.7E-2
1500	8.8E-4	3.7E+0	4.8E+2	3.8E-1	1.7E-1	1.1E-3	2.7E-2
1600	9.1E-4	4.0E+0	5.6E+2	3.8E-1	2.5E-1	1.1E-3	2.8E-2
1700	9.3E-4	4.3E+0	6.2E+2	3.8E-1	3.5E-1	1.1E-3	2.8E-2
1800	9.5E-4	4.5E+0	6.7E+2	3.8E-1	4.6E-1	1.1E-3	2.9E-2
1900	9.7E-4	4.7E+0	7.1E+2	3.8E-1	5.6E-1	1.2E-3	2.9E-2
2000	9.9E-4	4.9E+0	7.4E+2	3.8E-1	6.5E-1	1.2E-3	3.0E-2
2100	1.0E-3	5.2E+0	7.7E+2	3.8E-1	7.2E-1	1.2E-3	3.0E-2
2200	1.0E-3	5.4E+0	8.1E+2	3.8E-1	7.7E-1	1.2E-3	3.1E-2
2300	1.0E-3	5.6E+0	8.4E+2	3.8E-1	8.1E-1	1.3E-3	3.2E-2
2400	1.1E-3	5.8E+0	8.7E+2	3.8E-1	8.3E-1	1.3E-3	3.2E-2
2500	1.1E-3	6.0E+0	9.0E+2	3.8E-1	8.4E-1	1.3E-3	3.3E-2
2600	1.1E-3	6.2E+0	9.4E+2	3.8E-1	8.5E-1	1.4E-3	3.3E-2
2700	1.1E-3	6.5E+0	9.7E+2	3.8E-1	8.6E-1	1.4E-3	3.4E-2
2800	1.1E-3	6.7E+0	1.0E+3	3.8E-1	8.6E-1	1.4E-3	3.5E-2
2900	1.2E-3	6.9E+0	1.0E+3	3.8E-1	8.7E-1	1.4E-3	3.5E-2
3000	1.2E-3	7.2E+0	1.1E+3	3.8E-1	8.7E-1	1.5E-3	3.6E-2
3100	1.2E-3	7.4E+0	1.1E+3	3.8E-1	8.7E-1	1.5E-3	3.7E-2
3200	1.2E-3	7.7E+0	1.2E+3	3.9E-1	8.7E-1	1.5E-3	3.7E-2
3300	1.2E-3	8.0E+0	1.2E+3	3.9E-1	8.8E-1	1.6E-3	3.8E-2
3400	1.3E-3	8.2E+0	1.2E+3	3.9E-1	8.8E-1	1.6E-3	3.9E-2
3500	1.3E-3	8.5E+0	1.3E+3	3.9E-1	8.8E-1	1.6E-3	3.9E-2
3600	1.3E-3	8.8E+0	1.3E+3	3.9E-1	8.8E-1	1.6E-3	4.0E-2
3650	1.3E-3	8.9E+0	1.3E+3	3.9E-1	8.8E-1	1.7E-3	4.0E-2
4000	1.4E-3	1.0E+1	1.5E+3	3.9E-1	8.9E-1	1.8E-3	4.3E-2
5000	1.6E-3	1.3E+1	2.0E+3	4.0E-1	9.0E-1	2.0E-3	5.2E-2
6000	1.7E-3	1.7E+1	2.6E+3	4.0E-1	9.2E-1	2.3E-3	6.2E-2
7000	1.9E-3	2.1E+1	3.2E+3	4.1E-1	9.3E-1	2.6E-3	7.5E-2
8000	2.1E-3	2.6E+1	3.9E+3	4.2E-1	9.5E-1	2.9E-3	9.0E-2
9000	2.3E-3	3.0E+1	4.5E+3	4.3E-1	9.7E-1	3.2E-3	1.1E-1
10000	2.4E-3	3.4E+1	5.2E+3	4.3E-1	9.9E-1	3.5E-3	1.3E-1
11000	2.6E-3	3.9E+1	5.8E+3	4.4E-1	1.0E+0	3.8E-3	1.6E-1
12000	2.8E-3	4.3E+1	6.5E+3	4.5E-1	1.0E+0	4.2E-3	1.9E-1
13000	3.0E-3	4.7E+1	7.1E+3	4.6E-1	1.0E+0	4.5E-3	2.3E-1
14000	3.2E-3	5.2E+1	-	4.7E-1	1.1E+0	4.9E-3	2.7E-1
15000	3.4E-3	5.6E+1	-	4.8E-1	1.1E+0	5.3E-3	3.3E-1
16000	3.6E-3	6.1E+1	-	4.8E-1	1.1E+0	5.8E-3	3.9E-1
17000	3.8E-3	6.6E+1	-	4.9E-1	1.1E+0	6.3E-3	4.7E-1
18000	4.0E-3	7.2E+1	-	5.0E-1	1.1E+0	6.8E-3	5.6E-1
18250	4.1E-3	7.3E+1	-	5.0E-1	1.1E+0	6.9E-3	5.9E-1
Radionuclide	U-235
Route of Intake	Inhalation
Material	Aerosols Type M, Uranyl acetylacetonate; depleted uranium aerosols from use of kinetic energy penetrators; vaporised uranium metal; all unspecified forms, fA=4E-3
AMTD/AMAD, µm	20

Committed Effective Dose per Predicted Content in an Organ or Excreta Sample (Dose per Content Functions z(t)), Sv/Bq
Time, days	Whole Body	Urine (24-hour sample)	Faeces (24-hour sample)	Alimentary Tract*	Lungs*	Skeleton*	Liver*
0.041667	6.3E-7	-	-	1.7E-6	3.0E-5	2.4E-3	4.6E-3
0.083333	6.4E-7	-	-	1.5E-6	3.5E-5	1.6E-3	5.3E-3
0.125	6.5E-7	-	-	1.4E-6	3.8E-5	1.3E-3	5.2E-3
0.25	6.7E-7	-	-	1.2E-6	4.6E-5	8.0E-4	4.6E-3
0.375	6.9E-7	-	-	1.1E-6	5.0E-5	6.2E-4	4.2E-3
0.5	7.2E-7	-	-	1.0E-6	5.2E-5	5.3E-4	4.0E-3
0.625	7.4E-7	-	-	9.6E-7	5.3E-5	4.8E-4	3.9E-3
0.75	7.7E-7	-	-	9.5E-7	5.4E-5	4.5E-4	3.8E-3
0.875	8.1E-7	-	-	9.6E-7	5.5E-5	4.3E-4	3.8E-3
1	8.6E-7	9.7E-5	5.7E-6	9.8E-7	5.6E-5	4.2E-4	3.8E-3
1.125	9.1E-7	-	-	1.0E-6	5.6E-5	4.1E-4	3.7E-3
1.25	9.8E-7	-	-	1.1E-6	5.7E-5	4.0E-4	3.8E-3
1.375	1.1E-6	-	-	1.2E-6	5.7E-5	4.0E-4	3.8E-3
1.5	1.2E-6	-	-	1.2E-6	5.8E-5	4.0E-4	3.8E-3
1.625	1.3E-6	-	-	1.4E-6	5.8E-5	3.9E-4	3.8E-3
1.75	1.4E-6	-	-	1.5E-6	5.8E-5	3.9E-4	3.8E-3
1.875	1.5E-6	-	-	1.7E-6	5.9E-5	3.9E-4	3.9E-3
2	1.7E-6	5.9E-4	1.8E-6	1.8E-6	5.9E-5	3.9E-4	3.9E-3
2.25	2.2E-6	-	-	2.3E-6	6.0E-5	4.0E-4	4.0E-3
2.5	2.8E-6	-	-	3.0E-6	6.0E-5	4.0E-4	4.0E-3
2.75	3.6E-6	-	-	4.0E-6	6.1E-5	4.0E-4	4.1E-3
3	4.7E-6	1.9E-3	2.7E-6	5.3E-6	6.2E-5	4.1E-4	4.2E-3
3.25	6.2E-6	-	-	7.2E-6	6.2E-5	4.1E-4	4.3E-3
3.5	8.1E-6	-	-	9.9E-6	6.3E-5	4.1E-4	4.4E-3
3.75	1.0E-5	-	-	1.4E-5	6.3E-5	4.2E-4	4.4E-3
4	1.3E-5	2.6E-3	7.3E-6	1.9E-5	6.4E-5	4.2E-4	4.5E-3
4.25	1.7E-5	-	-	2.7E-5	6.4E-5	4.2E-4	4.6E-3
4.5	2.1E-5	-	-	3.8E-5	6.5E-5	4.3E-4	4.7E-3
4.75	2.5E-5	-	-	5.4E-5	6.5E-5	4.3E-4	4.8E-3
5	2.9E-5	2.9E-3	2.5E-5	7.7E-5	6.6E-5	4.4E-4	4.9E-3
5.5	3.6E-5	-	-	1.5E-4	6.7E-5	4.4E-4	5.0E-3
6	4.2E-5	3.2E-3	9.9E-5	3.0E-4	6.8E-5	4.5E-4	5.2E-3
6.5	4.5E-5	-	-	5.5E-4	6.8E-5	4.6E-4	5.4E-3
7	4.7E-5	3.4E-3	4.0E-4	9.2E-4	6.9E-5	4.6E-4	5.6E-3
7.5	4.8E-5	-	-	1.3E-3	7.0E-5	4.7E-4	5.8E-3
8	4.9E-5	3.7E-3	1.3E-3	1.8E-3	7.1E-5	4.7E-4	6.0E-3
8.5	5.0E-5	-	-	2.1E-3	7.1E-5	4.8E-4	6.2E-3
9	5.1E-5	4.0E-3	2.9E-3	2.4E-3	7.2E-5	4.9E-4	6.4E-3
9.5	5.2E-5	-	-	2.7E-3	7.3E-5	4.9E-4	6.6E-3
10	5.2E-5	4.3E-3	4.2E-3	3.0E-3	7.3E-5	5.0E-4	6.9E-3
11	5.3E-5	4.5E-3	5.4E-3	3.5E-3	7.4E-5	5.1E-4	7.3E-3
12	5.4E-5	4.8E-3	6.4E-3	4.1E-3	7.5E-5	5.1E-4	7.8E-3
13	5.5E-5	5.1E-3	7.6E-3	4.8E-3	7.6E-5	5.2E-4	8.3E-3
14	5.6E-5	5.4E-3	9.0E-3	5.5E-3	7.7E-5	5.3E-4	8.8E-3
15	5.7E-5	5.7E-3	1.1E-2	6.3E-3	7.8E-5	5.4E-4	9.3E-3
16	5.8E-5	6.0E-3	1.2E-2	7.1E-3	7.9E-5	5.4E-4	9.8E-3
17	5.9E-5	6.3E-3	1.4E-2	8.0E-3	8.0E-5	5.5E-4	1.0E-2
18	6.0E-5	6.6E-3	1.6E-2	8.9E-3	8.0E-5	5.5E-4	1.1E-2
19	6.0E-5	6.9E-3	1.8E-2	9.7E-3	8.1E-5	5.6E-4	1.1E-2
20	6.1E-5	7.2E-3	2.0E-2	1.1E-2	8.2E-5	5.6E-4	1.2E-2
21	6.2E-5	7.5E-3	2.2E-2	1.1E-2	8.2E-5	5.7E-4	1.3E-2
22	6.2E-5	7.8E-3	2.4E-2	1.2E-2	8.3E-5	5.7E-4	1.3E-2
23	6.3E-5	8.1E-3	2.7E-2	1.3E-2	8.4E-5	5.7E-4	1.4E-2
24	6.4E-5	8.4E-3	2.9E-2	1.4E-2	8.4E-5	5.8E-4	1.4E-2
25	6.4E-5	8.7E-3	3.0E-2	1.4E-2	8.5E-5	5.8E-4	1.5E-2
26	6.5E-5	9.0E-3	3.2E-2	1.5E-2	8.6E-5	5.8E-4	1.5E-2
27	6.5E-5	9.3E-3	3.4E-2	1.6E-2	8.6E-5	5.8E-4	1.6E-2
28	6.6E-5	9.6E-3	3.6E-2	1.6E-2	8.7E-5	5.9E-4	1.6E-2
29	6.6E-5	9.9E-3	3.7E-2	1.7E-2	8.7E-5	5.9E-4	1.7E-2
30	6.7E-5	1.0E-2	3.8E-2	1.7E-2	8.8E-5	5.9E-4	1.7E-2
31	6.8E-5	1.0E-2	3.9E-2	1.8E-2	8.9E-5	5.9E-4	1.8E-2
32	6.8E-5	1.1E-2	4.1E-2	1.8E-2	8.9E-5	6.0E-4	1.8E-2
33	6.9E-5	1.1E-2	4.2E-2	1.8E-2	9.0E-5	6.0E-4	1.9E-2
34	6.9E-5	1.1E-2	4.2E-2	1.9E-2	9.1E-5	6.0E-4	1.9E-2
35	7.0E-5	1.1E-2	4.3E-2	1.9E-2	9.1E-5	6.0E-4	1.9E-2
36	7.0E-5	1.2E-2	4.4E-2	1.9E-2	9.2E-5	6.0E-4	2.0E-2
37	7.1E-5	1.2E-2	4.5E-2	2.0E-2	9.3E-5	6.1E-4	2.0E-2
38	7.1E-5	1.2E-2	4.5E-2	2.0E-2	9.3E-5	6.1E-4	2.0E-2
39	7.2E-5	1.2E-2	4.6E-2	2.0E-2	9.4E-5	6.1E-4	2.1E-2
40	7.2E-5	1.3E-2	4.6E-2	2.1E-2	9.4E-5	6.1E-4	2.1E-2
41	7.3E-5	1.3E-2	4.7E-2	2.1E-2	9.5E-5	6.1E-4	2.1E-2
42	7.3E-5	1.3E-2	4.7E-2	2.1E-2	9.6E-5	6.1E-4	2.2E-2
43	7.4E-5	1.3E-2	4.8E-2	2.1E-2	9.6E-5	6.2E-4	2.2E-2
44	7.4E-5	1.3E-2	4.8E-2	2.2E-2	9.7E-5	6.2E-4	2.2E-2
45	7.5E-5	1.4E-2	4.9E-2	2.2E-2	9.8E-5	6.2E-4	2.2E-2
46	7.6E-5	1.4E-2	4.9E-2	2.2E-2	9.8E-5	6.2E-4	2.2E-2
47	7.6E-5	1.4E-2	5.0E-2	2.2E-2	9.9E-5	6.2E-4	2.3E-2
48	7.7E-5	1.4E-2	5.0E-2	2.3E-2	1.0E-4	6.2E-4	2.3E-2
49	7.7E-5	1.4E-2	5.1E-2	2.3E-2	1.0E-4	6.2E-4	2.3E-2
50	7.8E-5	1.5E-2	5.1E-2	2.3E-2	1.0E-4	6.3E-4	2.3E-2
51	7.8E-5	1.5E-2	5.2E-2	2.3E-2	1.0E-4	6.3E-4	2.3E-2
52	7.9E-5	1.5E-2	5.2E-2	2.4E-2	1.0E-4	6.3E-4	2.3E-2
53	7.9E-5	1.5E-2	5.2E-2	2.4E-2	1.0E-4	6.3E-4	2.4E-2
54	8.0E-5	1.5E-2	5.3E-2	2.4E-2	1.0E-4	6.3E-4	2.4E-2
55	8.0E-5	1.5E-2	5.3E-2	2.4E-2	1.0E-4	6.3E-4	2.4E-2
56	8.1E-5	1.6E-2	5.4E-2	2.4E-2	1.1E-4	6.4E-4	2.4E-2
57	8.1E-5	1.6E-2	5.4E-2	2.5E-2	1.1E-4	6.4E-4	2.4E-2
58	8.2E-5	1.6E-2	5.5E-2	2.5E-2	1.1E-4	6.4E-4	2.4E-2
59	8.2E-5	1.6E-2	5.5E-2	2.5E-2	1.1E-4	6.4E-4	2.4E-2
60	8.3E-5	1.6E-2	5.6E-2	2.5E-2	1.1E-4	6.4E-4	2.4E-2
61	8.4E-5	1.7E-2	5.6E-2	2.6E-2	1.1E-4	6.4E-4	2.4E-2
62	8.4E-5	1.7E-2	5.6E-2	2.6E-2	1.1E-4	6.4E-4	2.4E-2
63	8.5E-5	1.7E-2	5.7E-2	2.6E-2	1.1E-4	6.5E-4	2.4E-2
64	8.5E-5	1.7E-2	5.7E-2	2.6E-2	1.1E-4	6.5E-4	2.4E-2
65	8.6E-5	1.7E-2	5.8E-2	2.7E-2	1.1E-4	6.5E-4	2.5E-2
66	8.6E-5	1.7E-2	5.8E-2	2.7E-2	1.1E-4	6.5E-4	2.5E-2
67	8.7E-5	1.8E-2	5.9E-2	2.7E-2	1.1E-4	6.5E-4	2.5E-2
68	8.7E-5	1.8E-2	5.9E-2	2.7E-2	1.1E-4	6.5E-4	2.5E-2
69	8.8E-5	1.8E-2	6.0E-2	2.8E-2	1.2E-4	6.6E-4	2.5E-2
70	8.8E-5	1.8E-2	6.0E-2	2.8E-2	1.2E-4	6.6E-4	2.5E-2
71	8.9E-5	1.8E-2	6.1E-2	2.8E-2	1.2E-4	6.6E-4	2.5E-2
72	9.0E-5	1.8E-2	6.1E-2	2.8E-2	1.2E-4	6.6E-4	2.5E-2
73	9.0E-5	1.9E-2	6.2E-2	2.9E-2	1.2E-4	6.6E-4	2.5E-2
74	9.1E-5	1.9E-2	6.2E-2	2.9E-2	1.2E-4	6.6E-4	2.5E-2
75	9.1E-5	1.9E-2	6.3E-2	2.9E-2	1.2E-4	6.6E-4	2.5E-2
76	9.2E-5	1.9E-2	6.3E-2	2.9E-2	1.2E-4	6.7E-4	2.5E-2
77	9.2E-5	1.9E-2	6.4E-2	3.0E-2	1.2E-4	6.7E-4	2.5E-2
78	9.3E-5	1.9E-2	6.4E-2	3.0E-2	1.2E-4	6.7E-4	2.5E-2
79	9.4E-5	1.9E-2	6.5E-2	3.0E-2	1.2E-4	6.7E-4	2.5E-2
80	9.4E-5	2.0E-2	6.5E-2	3.1E-2	1.2E-4	6.7E-4	2.5E-2
81	9.5E-5	2.0E-2	6.6E-2	3.1E-2	1.3E-4	6.7E-4	2.5E-2
82	9.5E-5	2.0E-2	6.6E-2	3.1E-2	1.3E-4	6.7E-4	2.5E-2
83	9.6E-5	2.0E-2	6.7E-2	3.1E-2	1.3E-4	6.8E-4	2.5E-2
84	9.7E-5	2.0E-2	6.7E-2	3.2E-2	1.3E-4	6.8E-4	2.5E-2
85	9.7E-5	2.0E-2	6.8E-2	3.2E-2	1.3E-4	6.8E-4	2.5E-2
86	9.8E-5	2.1E-2	6.8E-2	3.2E-2	1.3E-4	6.8E-4	2.5E-2
87	9.8E-5	2.1E-2	6.9E-2	3.2E-2	1.3E-4	6.8E-4	2.5E-2
88	9.9E-5	2.1E-2	7.0E-2	3.3E-2	1.3E-4	6.8E-4	2.5E-2
89	1.0E-4	2.1E-2	7.0E-2	3.3E-2	1.3E-4	6.8E-4	2.5E-2
90	1.0E-4	2.1E-2	7.1E-2	3.3E-2	1.3E-4	6.9E-4	2.5E-2
91	1.0E-4	2.2E-2	7.1E-2	3.3E-2	1.3E-4	6.9E-4	2.5E-2
92	1.0E-4	2.2E-2	7.2E-2	3.4E-2	1.4E-4	6.9E-4	2.5E-2
93	1.0E-4	2.2E-2	7.2E-2	3.4E-2	1.4E-4	6.9E-4	2.5E-2
94	1.0E-4	2.2E-2	7.3E-2	3.4E-2	1.4E-4	6.9E-4	2.5E-2
95	1.0E-4	2.2E-2	7.4E-2	3.5E-2	1.4E-4	6.9E-4	2.5E-2
96	1.0E-4	2.2E-2	7.4E-2	3.5E-2	1.4E-4	6.9E-4	2.5E-2
97	1.0E-4	2.3E-2	7.5E-2	3.5E-2	1.4E-4	7.0E-4	2.5E-2
98	1.1E-4	2.3E-2	7.5E-2	3.5E-2	1.4E-4	7.0E-4	2.5E-2
99	1.1E-4	2.3E-2	7.6E-2	3.6E-2	1.4E-4	7.0E-4	2.5E-2
100	1.1E-4	2.3E-2	7.7E-2	3.6E-2	1.4E-4	7.0E-4	2.5E-2
110	1.1E-4	2.5E-2	8.3E-2	3.9E-2	1.5E-4	7.1E-4	2.6E-2
120	1.2E-4	2.7E-2	9.0E-2	4.2E-2	1.6E-4	7.3E-4	2.6E-2
130	1.3E-4	2.9E-2	9.7E-2	4.5E-2	1.7E-4	7.4E-4	2.6E-2
140	1.3E-4	3.1E-2	1.1E-1	4.9E-2	1.9E-4	7.5E-4	2.6E-2
150	1.4E-4	3.3E-2	1.1E-1	5.3E-2	2.0E-4	7.6E-4	2.6E-2
160	1.5E-4	3.5E-2	1.2E-1	5.6E-2	2.1E-4	7.7E-4	2.6E-2
170	1.6E-4	3.8E-2	1.3E-1	6.1E-2	2.3E-4	7.8E-4	2.6E-2
180	1.7E-4	4.1E-2	1.5E-1	6.5E-2	2.4E-4	7.9E-4	2.6E-2
190	1.8E-4	4.3E-2	1.6E-1	6.9E-2	2.6E-4	8.0E-4	2.6E-2
200	1.8E-4	4.6E-2	1.7E-1	7.4E-2	2.8E-4	8.1E-4	2.6E-2
210	1.9E-4	5.0E-2	1.8E-1	7.9E-2	3.0E-4	8.2E-4	2.6E-2
220	2.0E-4	5.3E-2	2.0E-1	8.4E-2	3.2E-4	8.3E-4	2.6E-2
230	2.1E-4	5.6E-2	2.2E-1	9.0E-2	3.4E-4	8.4E-4	2.6E-2
240	2.2E-4	6.0E-2	2.3E-1	9.6E-2	3.6E-4	8.4E-4	2.6E-2
250	2.3E-4	6.4E-2	2.5E-1	1.0E-1	3.9E-4	8.5E-4	2.6E-2
260	2.5E-4	6.8E-2	2.7E-1	1.1E-1	4.1E-4	8.6E-4	2.6E-2
270	2.6E-4	7.3E-2	3.0E-1	1.1E-1	4.4E-4	8.6E-4	2.6E-2
280	2.7E-4	7.7E-2	3.2E-1	1.2E-1	4.7E-4	8.7E-4	2.6E-2
290	2.8E-4	8.2E-2	3.5E-1	1.3E-1	5.0E-4	8.8E-4	2.6E-2
300	2.9E-4	8.8E-2	3.8E-1	1.4E-1	5.3E-4	8.8E-4	2.7E-2
310	3.0E-4	9.3E-2	4.1E-1	1.4E-1	5.7E-4	8.9E-4	2.7E-2
320	3.2E-4	9.9E-2	4.4E-1	1.5E-1	6.0E-4	8.9E-4	2.7E-2
330	3.3E-4	1.1E-1	4.8E-1	1.6E-1	6.4E-4	9.0E-4	2.7E-2
340	3.4E-4	1.1E-1	5.2E-1	1.7E-1	6.8E-4	9.0E-4	2.7E-2
350	3.5E-4	1.2E-1	5.6E-1	1.7E-1	7.3E-4	9.1E-4	2.7E-2
360	3.7E-4	1.3E-1	6.1E-1	1.8E-1	7.7E-4	9.1E-4	2.7E-2
365	3.7E-4	1.3E-1	6.3E-1	1.9E-1	8.0E-4	9.1E-4	2.7E-2
370	3.8E-4	1.3E-1	6.6E-1	1.9E-1	8.2E-4	9.2E-4	2.7E-2
380	3.9E-4	1.4E-1	7.1E-1	2.0E-1	8.8E-4	9.2E-4	2.7E-2
390	4.0E-4	1.5E-1	7.7E-1	2.1E-1	9.3E-4	9.3E-4	2.7E-2
400	4.2E-4	1.6E-1	8.3E-1	2.2E-1	9.9E-4	9.3E-4	2.7E-2
410	4.3E-4	1.7E-1	9.0E-1	2.2E-1	1.1E-3	9.3E-4	2.7E-2
420	4.4E-4	1.8E-1	9.8E-1	2.3E-1	1.1E-3	9.4E-4	2.7E-2
430	4.6E-4	1.9E-1	1.1E+0	2.4E-1	1.2E-3	9.4E-4	2.7E-2
440	4.7E-4	2.0E-1	1.1E+0	2.5E-1	1.3E-3	9.5E-4	2.7E-2
450	4.8E-4	2.1E-1	1.2E+0	2.6E-1	1.3E-3	9.5E-4	2.7E-2
460	4.9E-4	2.2E-1	1.3E+0	2.7E-1	1.4E-3	9.5E-4	2.7E-2
470	5.1E-4	2.4E-1	1.5E+0	2.7E-1	1.5E-3	9.6E-4	2.7E-2
480	5.2E-4	2.5E-1	1.6E+0	2.8E-1	1.6E-3	9.6E-4	2.7E-2
490	5.3E-4	2.7E-1	1.7E+0	2.9E-1	1.7E-3	9.6E-4	2.7E-2
500	5.4E-4	2.8E-1	1.8E+0	3.0E-1	1.8E-3	9.7E-4	2.7E-2
510	5.6E-4	3.0E-1	2.0E+0	3.0E-1	1.9E-3	9.7E-4	2.7E-2
520	5.7E-4	3.1E-1	2.2E+0	3.1E-1	2.0E-3	9.7E-4	2.7E-2
530	5.8E-4	3.3E-1	2.3E+0	3.2E-1	2.2E-3	9.8E-4	2.7E-2
540	5.9E-4	3.5E-1	2.5E+0	3.3E-1	2.3E-3	9.8E-4	2.8E-2
550	6.0E-4	3.7E-1	2.7E+0	3.3E-1	2.4E-3	9.8E-4	2.8E-2
560	6.1E-4	3.9E-1	2.9E+0	3.4E-1	2.6E-3	9.9E-4	2.8E-2
570	6.2E-4	4.1E-1	3.2E+0	3.4E-1	2.7E-3	9.9E-4	2.8E-2
580	6.3E-4	4.3E-1	3.4E+0	3.5E-1	2.9E-3	9.9E-4	2.8E-2
590	6.5E-4	4.5E-1	3.7E+0	3.5E-1	3.1E-3	1.0E-3	2.8E-2
600	6.6E-4	4.7E-1	4.0E+0	3.6E-1	3.2E-3	1.0E-3	2.8E-2
610	6.7E-4	5.0E-1	4.4E+0	3.6E-1	3.4E-3	1.0E-3	2.8E-2
620	6.8E-4	5.2E-1	4.7E+0	3.7E-1	3.6E-3	1.0E-3	2.8E-2
630	6.9E-4	5.5E-1	5.1E+0	3.7E-1	3.8E-3	1.0E-3	2.8E-2
640	6.9E-4	5.7E-1	5.5E+0	3.8E-1	4.1E-3	1.0E-3	2.8E-2
650	7.0E-4	6.0E-1	6.0E+0	3.8E-1	4.3E-3	1.0E-3	2.8E-2
660	7.1E-4	6.3E-1	6.4E+0	3.9E-1	4.6E-3	1.0E-3	2.8E-2
670	7.2E-4	6.6E-1	7.0E+0	3.9E-1	4.8E-3	1.0E-3	2.8E-2
680	7.3E-4	6.9E-1	7.5E+0	3.9E-1	5.1E-3	1.0E-3	2.8E-2
690	7.4E-4	7.2E-1	8.1E+0	4.0E-1	5.4E-3	1.0E-3	2.8E-2
700	7.5E-4	7.6E-1	8.8E+0	4.0E-1	5.7E-3	1.0E-3	2.8E-2
710	7.5E-4	7.9E-1	9.5E+0	4.0E-1	6.0E-3	1.0E-3	2.8E-2
720	7.6E-4	8.3E-1	1.0E+1	4.0E-1	6.4E-3	1.0E-3	2.8E-2
730	7.7E-4	8.6E-1	1.1E+1	4.1E-1	6.7E-3	1.0E-3	2.8E-2
740	7.8E-4	9.0E-1	1.2E+1	4.1E-1	7.1E-3	1.0E-3	2.8E-2
750	7.8E-4	9.4E-1	1.3E+1	4.1E-1	7.5E-3	1.0E-3	2.9E-2
760	7.9E-4	9.8E-1	1.4E+1	4.1E-1	7.9E-3	1.0E-3	2.9E-2
770	8.0E-4	1.0E+0	1.5E+1	4.2E-1	8.4E-3	1.1E-3	2.9E-2
780	8.0E-4	1.1E+0	1.6E+1	4.2E-1	8.8E-3	1.1E-3	2.9E-2
790	8.1E-4	1.1E+0	1.8E+1	4.2E-1	9.3E-3	1.1E-3	2.9E-2
800	8.2E-4	1.2E+0	1.9E+1	4.2E-1	9.9E-3	1.1E-3	2.9E-2
810	8.2E-4	1.2E+0	2.0E+1	4.2E-1	1.0E-2	1.1E-3	2.9E-2
820	8.3E-4	1.2E+0	2.2E+1	4.2E-1	1.1E-2	1.1E-3	2.9E-2
830	8.3E-4	1.3E+0	2.4E+1	4.2E-1	1.2E-2	1.1E-3	2.9E-2
840	8.4E-4	1.3E+0	2.5E+1	4.3E-1	1.2E-2	1.1E-3	2.9E-2
850	8.4E-4	1.4E+0	2.7E+1	4.3E-1	1.3E-2	1.1E-3	2.9E-2
860	8.5E-4	1.4E+0	3.0E+1	4.3E-1	1.4E-2	1.1E-3	2.9E-2
870	8.6E-4	1.5E+0	3.2E+1	4.3E-1	1.4E-2	1.1E-3	2.9E-2
880	8.6E-4	1.5E+0	3.4E+1	4.3E-1	1.5E-2	1.1E-3	2.9E-2
890	8.7E-4	1.6E+0	3.7E+1	4.3E-1	1.6E-2	1.1E-3	2.9E-2
900	8.7E-4	1.6E+0	4.0E+1	4.3E-1	1.7E-2	1.1E-3	2.9E-2
910	8.7E-4	1.7E+0	4.3E+1	4.3E-1	1.8E-2	1.1E-3	2.9E-2
920	8.8E-4	1.8E+0	4.6E+1	4.3E-1	1.9E-2	1.1E-3	2.9E-2
930	8.8E-4	1.8E+0	4.9E+1	4.3E-1	2.0E-2	1.1E-3	2.9E-2
940	8.9E-4	1.9E+0	5.3E+1	4.3E-1	2.1E-2	1.1E-3	2.9E-2
950	8.9E-4	1.9E+0	5.7E+1	4.4E-1	2.2E-2	1.1E-3	3.0E-2
960	9.0E-4	2.0E+0	6.1E+1	4.4E-1	2.3E-2	1.1E-3	3.0E-2
970	9.0E-4	2.0E+0	6.5E+1	4.4E-1	2.4E-2	1.1E-3	3.0E-2
980	9.1E-4	2.1E+0	7.0E+1	4.4E-1	2.6E-2	1.1E-3	3.0E-2
990	9.1E-4	2.1E+0	7.5E+1	4.4E-1	2.7E-2	1.1E-3	3.0E-2
1000	9.1E-4	2.2E+0	8.0E+1	4.4E-1	2.8E-2	1.1E-3	3.0E-2
1010	9.2E-4	2.3E+0	8.5E+1	4.4E-1	3.0E-2	1.1E-3	3.0E-2
1020	9.2E-4	2.3E+0	9.1E+1	4.4E-1	3.1E-2	1.1E-3	3.0E-2
1030	9.2E-4	2.4E+0	9.7E+1	4.4E-1	3.3E-2	1.1E-3	3.0E-2
1040	9.3E-4	2.4E+0	1.0E+2	4.4E-1	3.5E-2	1.1E-3	3.0E-2
1050	9.3E-4	2.5E+0	1.1E+2	4.4E-1	3.6E-2	1.1E-3	3.0E-2
1060	9.4E-4	2.6E+0	1.2E+2	4.4E-1	3.8E-2	1.1E-3	3.0E-2
1070	9.4E-4	2.6E+0	1.3E+2	4.4E-1	4.0E-2	1.1E-3	3.0E-2
1080	9.4E-4	2.7E+0	1.3E+2	4.4E-1	4.2E-2	1.1E-3	3.0E-2
1090	9.5E-4	2.7E+0	1.4E+2	4.4E-1	4.5E-2	1.1E-3	3.0E-2
1095	9.5E-4	2.8E+0	1.5E+2	4.4E-1	4.6E-2	1.1E-3	3.0E-2
1100	9.5E-4	2.8E+0	1.5E+2	4.4E-1	4.7E-2	1.1E-3	3.0E-2
1200	9.8E-4	3.3E+0	2.5E+2	4.4E-1	7.6E-2	1.2E-3	3.1E-2
1300	1.0E-3	3.8E+0	3.8E+2	4.4E-1	1.2E-1	1.2E-3	3.1E-2
1400	1.0E-3	4.2E+0	5.1E+2	4.5E-1	1.9E-1	1.2E-3	3.2E-2
1500	1.1E-3	4.6E+0	6.2E+2	4.5E-1	2.8E-1	1.3E-3	3.3E-2
1600	1.1E-3	4.9E+0	7.0E+2	4.5E-1	3.9E-1	1.3E-3	3.3E-2
1700	1.1E-3	5.2E+0	7.6E+2	4.5E-1	5.2E-1	1.3E-3	3.4E-2
1800	1.1E-3	5.4E+0	8.1E+2	4.5E-1	6.4E-1	1.4E-3	3.4E-2
1900	1.2E-3	5.7E+0	8.5E+2	4.5E-1	7.5E-1	1.4E-3	3.5E-2
2000	1.2E-3	5.9E+0	8.9E+2	4.5E-1	8.4E-1	1.4E-3	3.6E-2
2100	1.2E-3	6.2E+0	9.3E+2	4.5E-1	9.0E-1	1.5E-3	3.6E-2
2200	1.2E-3	6.4E+0	9.7E+2	4.5E-1	9.5E-1	1.5E-3	3.7E-2
2300	1.2E-3	6.7E+0	1.0E+3	4.5E-1	9.8E-1	1.5E-3	3.8E-2
2400	1.3E-3	6.9E+0	1.0E+3	4.5E-1	1.0E+0	1.6E-3	3.8E-2
2500	1.3E-3	7.2E+0	1.1E+3	4.5E-1	1.0E+0	1.6E-3	3.9E-2
2600	1.3E-3	7.5E+0	1.1E+3	4.5E-1	1.0E+0	1.6E-3	4.0E-2
2700	1.3E-3	7.8E+0	1.2E+3	4.5E-1	1.0E+0	1.7E-3	4.1E-2
2800	1.4E-3	8.0E+0	1.2E+3	4.6E-1	1.0E+0	1.7E-3	4.1E-2
2900	1.4E-3	8.3E+0	1.3E+3	4.6E-1	1.0E+0	1.7E-3	4.2E-2
3000	1.4E-3	8.6E+0	1.3E+3	4.6E-1	1.0E+0	1.8E-3	4.3E-2
3100	1.4E-3	8.9E+0	1.3E+3	4.6E-1	1.0E+0	1.8E-3	4.4E-2
3200	1.5E-3	9.2E+0	1.4E+3	4.6E-1	1.0E+0	1.8E-3	4.4E-2
3300	1.5E-3	9.5E+0	1.4E+3	4.6E-1	1.0E+0	1.9E-3	4.5E-2
3400	1.5E-3	9.9E+0	1.5E+3	4.6E-1	1.0E+0	1.9E-3	4.6E-2
3500	1.5E-3	1.0E+1	1.5E+3	4.6E-1	1.0E+0	1.9E-3	4.7E-2
3600	1.6E-3	1.1E+1	1.6E+3	4.6E-1	1.0E+0	2.0E-3	4.8E-2
3650	1.6E-3	1.1E+1	1.6E+3	4.6E-1	1.0E+0	2.0E-3	4.8E-2
4000	1.6E-3	1.2E+1	1.8E+3	4.6E-1	1.1E+0	2.1E-3	5.1E-2
5000	1.9E-3	1.6E+1	2.4E+3	4.7E-1	1.1E+0	2.4E-3	6.2E-2
6000	2.1E-3	2.1E+1	3.1E+3	4.8E-1	1.1E+0	2.8E-3	7.4E-2
7000	2.3E-3	2.6E+1	3.8E+3	4.9E-1	1.1E+0	3.1E-3	9.0E-2
8000	2.5E-3	3.1E+1	-	5.0E-1	1.1E+0	3.4E-3	1.1E-1
9000	2.7E-3	3.6E+1	-	5.1E-1	1.2E+0	3.8E-3	1.3E-1
10000	2.9E-3	4.1E+1	-	5.2E-1	1.2E+0	4.2E-3	1.6E-1
11000	3.1E-3	4.6E+1	-	5.3E-1	1.2E+0	4.5E-3	1.9E-1
12000	3.3E-3	5.1E+1	-	5.4E-1	1.2E+0	4.9E-3	2.3E-1
13000	3.6E-3	5.6E+1	-	5.5E-1	1.2E+0	5.4E-3	2.7E-1
14000	3.8E-3	6.2E+1	-	5.6E-1	1.3E+0	5.8E-3	3.3E-1
15000	4.0E-3	6.7E+1	-	5.7E-1	1.3E+0	6.3E-3	3.9E-1
16000	4.3E-3	7.3E+1	-	5.8E-1	1.3E+0	6.9E-3	4.7E-1
17000	4.5E-3	7.9E+1	-	5.9E-1	1.3E+0	7.5E-3	5.6E-1
18000	4.8E-3	8.5E+1	-	6.0E-1	1.4E+0	8.1E-3	6.7E-1
18250	4.9E-3	8.7E+1	-	6.0E-1	1.4E+0	8.3E-3	7.0E-1
Radionuclide	U-235
Route of Intake	Inhalation
Material	Aerosols Type S, fA=2E-4
AMTD/AMAD, µm	0.001

Committed Effective Dose per Predicted Content in an Organ or Excreta Sample (Dose per Content Functions z(t)), Sv/Bq
Time, days	Whole Body	Urine (24-hour sample)	Faeces (24-hour sample)	Alimentary Tract*	Lungs*	Skeleton*	Liver*
0.041667	7.7E-6	-	-	2.3E-5	4.9E-5	2.8E-1	4.7E-1
0.083333	7.8E-6	-	-	2.0E-5	5.6E-5	1.6E-1	4.3E-1
0.125	7.9E-6	-	-	1.8E-5	6.1E-5	1.1E-1	4.1E-1
0.25	8.1E-6	-	-	1.5E-5	7.2E-5	6.7E-2	3.8E-1
0.375	8.3E-6	-	-	1.3E-5	7.8E-5	5.2E-2	3.5E-1
0.5	8.5E-6	-	-	1.3E-5	8.1E-5	4.5E-2	3.4E-1
0.625	8.8E-6	-	-	1.2E-5	8.3E-5	4.1E-2	3.4E-1
0.75	9.1E-6	-	-	1.2E-5	8.5E-5	3.9E-2	3.3E-1
0.875	9.5E-6	-	-	1.2E-5	8.7E-5	3.7E-2	3.3E-1
1	1.0E-5	8.4E-3	7.2E-5	1.2E-5	8.9E-5	3.6E-2	3.3E-1
1.125	1.1E-5	-	-	1.3E-5	9.1E-5	3.6E-2	3.3E-1
1.25	1.1E-5	-	-	1.4E-5	9.4E-5	3.5E-2	3.3E-1
1.375	1.2E-5	-	-	1.5E-5	9.6E-5	3.5E-2	3.4E-1
1.5	1.3E-5	-	-	1.6E-5	9.8E-5	3.5E-2	3.4E-1
1.625	1.4E-5	-	-	1.7E-5	1.0E-4	3.5E-2	3.4E-1
1.75	1.5E-5	-	-	1.9E-5	1.0E-4	3.5E-2	3.4E-1
1.875	1.7E-5	-	-	2.1E-5	1.1E-4	3.5E-2	3.5E-1
2	1.8E-5	6.5E-2	2.3E-5	2.3E-5	1.1E-4	3.5E-2	3.5E-1
2.25	2.2E-5	-	-	2.9E-5	1.1E-4	3.6E-2	3.6E-1
2.5	2.7E-5	-	-	3.6E-5	1.2E-4	3.6E-2	3.6E-1
2.75	3.3E-5	-	-	4.6E-5	1.2E-4	3.6E-2	3.7E-1
3	4.0E-5	1.9E-1	3.4E-5	6.0E-5	1.3E-4	3.7E-2	3.8E-1
3.25	4.9E-5	-	-	7.7E-5	1.4E-4	3.7E-2	3.9E-1
3.5	5.8E-5	-	-	9.9E-5	1.4E-4	3.7E-2	3.9E-1
3.75	6.8E-5	-	-	1.3E-4	1.5E-4	3.8E-2	4.0E-1
4	7.8E-5	2.4E-1	8.4E-5	1.6E-4	1.6E-4	3.8E-2	4.1E-1
4.25	8.9E-5	-	-	2.0E-4	1.6E-4	3.8E-2	4.2E-1
4.5	9.9E-5	-	-	2.4E-4	1.7E-4	3.9E-2	4.2E-1
4.75	1.1E-4	-	-	2.9E-4	1.8E-4	3.9E-2	4.3E-1
5	1.2E-4	2.7E-1	2.3E-4	3.4E-4	1.9E-4	3.9E-2	4.4E-1
5.5	1.4E-4	-	-	4.4E-4	2.1E-4	4.0E-2	4.6E-1
6	1.5E-4	3.0E-1	5.2E-4	5.3E-4	2.2E-4	4.1E-2	4.7E-1
6.5	1.7E-4	-	-	6.1E-4	2.5E-4	4.1E-2	4.9E-1
7	1.9E-4	3.3E-1	8.5E-4	7.0E-4	2.7E-4	4.2E-2	5.1E-1
7.5	2.1E-4	-	-	7.8E-4	2.9E-4	4.2E-2	5.3E-1
8	2.3E-4	3.7E-1	1.2E-3	8.7E-4	3.2E-4	4.3E-2	5.5E-1
8.5	2.5E-4	-	-	9.7E-4	3.4E-4	4.4E-2	5.7E-1
9	2.7E-4	4.0E-1	1.4E-3	1.1E-3	3.7E-4	4.4E-2	5.9E-1
9.5	2.9E-4	-	-	1.2E-3	4.0E-4	4.5E-2	6.1E-1
10	3.1E-4	4.4E-1	1.8E-3	1.3E-3	4.4E-4	4.5E-2	6.3E-1
11	3.7E-4	4.8E-1	2.2E-3	1.6E-3	5.1E-4	4.6E-2	6.8E-1
12	4.3E-4	5.2E-1	2.7E-3	1.9E-3	5.9E-4	4.7E-2	7.2E-1
13	4.9E-4	5.7E-1	3.2E-3	2.4E-3	6.7E-4	4.8E-2	7.7E-1
14	5.6E-4	6.2E-1	4.0E-3	2.9E-3	7.6E-4	4.9E-2	8.3E-1
15	6.4E-4	6.7E-1	4.8E-3	3.5E-3	8.6E-4	5.0E-2	8.8E-1
16	7.2E-4	7.2E-1	5.9E-3	4.3E-3	9.5E-4	5.0E-2	9.4E-1
17	8.0E-4	7.8E-1	7.2E-3	5.3E-3	1.0E-3	5.1E-2	1.0E+0
18	8.8E-4	8.4E-1	8.8E-3	6.4E-3	1.1E-3	5.2E-2	1.1E+0
19	9.6E-4	9.0E-1	1.1E-2	7.8E-3	1.2E-3	5.2E-2	1.1E+0
20	1.0E-3	9.7E-1	1.3E-2	9.5E-3	1.3E-3	5.3E-2	1.2E+0
21	1.1E-3	1.0E+0	1.6E-2	1.2E-2	1.4E-3	5.4E-2	1.2E+0
22	1.2E-3	1.1E+0	1.9E-2	1.4E-2	1.5E-3	5.4E-2	1.3E+0
23	1.2E-3	1.2E+0	2.4E-2	1.7E-2	1.6E-3	5.5E-2	1.4E+0
24	1.3E-3	1.2E+0	2.9E-2	2.1E-2	1.6E-3	5.5E-2	1.5E+0
25	1.3E-3	1.3E+0	3.5E-2	2.5E-2	1.7E-3	5.6E-2	1.5E+0
26	1.4E-3	1.4E+0	4.2E-2	3.0E-2	1.7E-3	5.6E-2	1.6E+0
27	1.4E-3	1.5E+0	5.1E-2	3.7E-2	1.8E-3	5.7E-2	1.7E+0
28	1.5E-3	1.6E+0	6.2E-2	4.4E-2	1.8E-3	5.7E-2	1.7E+0
29	1.5E-3	1.7E+0	7.5E-2	5.3E-2	1.8E-3	5.7E-2	1.8E+0
30	1.5E-3	1.7E+0	9.0E-2	6.4E-2	1.9E-3	5.8E-2	1.9E+0
31	1.5E-3	1.8E+0	1.1E-1	7.6E-2	1.9E-3	5.8E-2	1.9E+0
32	1.6E-3	1.9E+0	1.3E-1	9.1E-2	1.9E-3	5.9E-2	2.0E+0
33	1.6E-3	2.0E+0	1.5E-1	1.1E-1	1.9E-3	5.9E-2	2.1E+0
34	1.6E-3	2.1E+0	1.8E-1	1.3E-1	1.9E-3	5.9E-2	2.1E+0
35	1.6E-3	2.2E+0	2.2E-1	1.5E-1	1.9E-3	6.0E-2	2.2E+0
36	1.6E-3	2.3E+0	2.5E-1	1.7E-1	2.0E-3	6.0E-2	2.2E+0
37	1.6E-3	2.4E+0	2.9E-1	2.0E-1	2.0E-3	6.1E-2	2.3E+0
38	1.6E-3	2.5E+0	3.4E-1	2.3E-1	2.0E-3	6.1E-2	2.4E+0
39	1.7E-3	2.6E+0	3.9E-1	2.5E-1	2.0E-3	6.1E-2	2.4E+0
40	1.7E-3	2.7E+0	4.4E-1	2.9E-1	2.0E-3	6.2E-2	2.5E+0
41	1.7E-3	2.8E+0	5.0E-1	3.2E-1	2.0E-3	6.2E-2	2.5E+0
42	1.7E-3	2.9E+0	5.6E-1	3.5E-1	2.0E-3	6.2E-2	2.6E+0
43	1.7E-3	2.9E+0	6.1E-1	3.8E-1	2.0E-3	6.3E-2	2.6E+0
44	1.7E-3	3.0E+0	6.7E-1	4.1E-1	2.0E-3	6.3E-2	2.6E+0
45	1.7E-3	3.1E+0	7.3E-1	4.4E-1	2.0E-3	6.3E-2	2.7E+0
46	1.7E-3	3.2E+0	7.8E-1	4.7E-1	2.0E-3	6.4E-2	2.7E+0
47	1.7E-3	3.3E+0	8.3E-1	4.9E-1	2.0E-3	6.4E-2	2.7E+0
48	1.7E-3	3.4E+0	8.8E-1	5.2E-1	2.0E-3	6.4E-2	2.8E+0
49	1.7E-3	3.5E+0	9.3E-1	5.4E-1	2.0E-3	6.5E-2	2.8E+0
50	1.7E-3	3.6E+0	9.7E-1	5.6E-1	2.0E-3	6.5E-2	2.8E+0
51	1.7E-3	3.7E+0	1.0E+0	5.7E-1	2.1E-3	6.5E-2	2.9E+0
52	1.7E-3	3.8E+0	1.0E+0	5.9E-1	2.1E-3	6.6E-2	2.9E+0
53	1.7E-3	3.9E+0	1.1E+0	6.0E-1	2.1E-3	6.6E-2	2.9E+0
54	1.7E-3	4.0E+0	1.1E+0	6.1E-1	2.1E-3	6.6E-2	2.9E+0
55	1.7E-3	4.1E+0	1.1E+0	6.2E-1	2.1E-3	6.7E-2	3.0E+0
56	1.7E-3	4.2E+0	1.1E+0	6.3E-1	2.1E-3	6.7E-2	3.0E+0
57	1.7E-3	4.3E+0	1.1E+0	6.4E-1	2.1E-3	6.8E-2	3.0E+0
58	1.7E-3	4.4E+0	1.2E+0	6.5E-1	2.1E-3	6.8E-2	3.0E+0
59	1.7E-3	4.4E+0	1.2E+0	6.6E-1	2.1E-3	6.8E-2	3.0E+0
60	1.7E-3	4.5E+0	1.2E+0	6.6E-1	2.1E-3	6.9E-2	3.0E+0
61	1.7E-3	4.6E+0	1.2E+0	6.7E-1	2.1E-3	6.9E-2	3.1E+0
62	1.7E-3	4.7E+0	1.2E+0	6.7E-1	2.1E-3	6.9E-2	3.1E+0
63	1.8E-3	4.8E+0	1.2E+0	6.8E-1	2.1E-3	7.0E-2	3.1E+0
64	1.8E-3	4.9E+0	1.2E+0	6.8E-1	2.1E-3	7.0E-2	3.1E+0
65	1.8E-3	5.0E+0	1.2E+0	6.8E-1	2.1E-3	7.0E-2	3.1E+0
66	1.8E-3	5.1E+0	1.2E+0	6.9E-1	2.1E-3	7.1E-2	3.1E+0
67	1.8E-3	5.2E+0	1.2E+0	6.9E-1	2.1E-3	7.1E-2	3.1E+0
68	1.8E-3	5.3E+0	1.2E+0	7.0E-1	2.1E-3	7.1E-2	3.1E+0
69	1.8E-3	5.3E+0	1.2E+0	7.0E-1	2.1E-3	7.2E-2	3.2E+0
70	1.8E-3	5.4E+0	1.2E+0	7.0E-1	2.1E-3	7.2E-2	3.2E+0
71	1.8E-3	5.5E+0	1.3E+0	7.0E-1	2.1E-3	7.2E-2	3.2E+0
72	1.8E-3	5.6E+0	1.3E+0	7.1E-1	2.1E-3	7.3E-2	3.2E+0
73	1.8E-3	5.7E+0	1.3E+0	7.1E-1	2.1E-3	7.3E-2	3.2E+0
74	1.8E-3	5.8E+0	1.3E+0	7.1E-1	2.1E-3	7.3E-2	3.2E+0
75	1.8E-3	5.9E+0	1.3E+0	7.2E-1	2.1E-3	7.4E-2	3.2E+0
76	1.8E-3	6.0E+0	1.3E+0	7.2E-1	2.1E-3	7.4E-2	3.2E+0
77	1.8E-3	6.1E+0	1.3E+0	7.2E-1	2.2E-3	7.4E-2	3.2E+0
78	1.8E-3	6.1E+0	1.3E+0	7.2E-1	2.2E-3	7.5E-2	3.2E+0
79	1.8E-3	6.2E+0	1.3E+0	7.3E-1	2.2E-3	7.5E-2	3.2E+0
80	1.8E-3	6.3E+0	1.3E+0	7.3E-1	2.2E-3	7.5E-2	3.2E+0
81	1.8E-3	6.4E+0	1.3E+0	7.3E-1	2.2E-3	7.6E-2	3.2E+0
82	1.8E-3	6.5E+0	1.3E+0	7.4E-1	2.2E-3	7.6E-2	3.2E+0
83	1.8E-3	6.6E+0	1.3E+0	7.4E-1	2.2E-3	7.6E-2	3.2E+0
84	1.8E-3	6.7E+0	1.3E+0	7.4E-1	2.2E-3	7.6E-2	3.2E+0
85	1.8E-3	6.8E+0	1.3E+0	7.4E-1	2.2E-3	7.7E-2	3.3E+0
86	1.8E-3	6.9E+0	1.3E+0	7.5E-1	2.2E-3	7.7E-2	3.3E+0
87	1.8E-3	6.9E+0	1.3E+0	7.5E-1	2.2E-3	7.7E-2	3.3E+0
88	1.8E-3	7.0E+0	1.3E+0	7.5E-1	2.2E-3	7.8E-2	3.3E+0
89	1.8E-3	7.1E+0	1.3E+0	7.5E-1	2.2E-3	7.8E-2	3.3E+0
90	1.8E-3	7.2E+0	1.3E+0	7.6E-1	2.2E-3	7.8E-2	3.3E+0
91	1.8E-3	7.3E+0	1.3E+0	7.6E-1	2.2E-3	7.9E-2	3.3E+0
92	1.8E-3	7.4E+0	1.3E+0	7.6E-1	2.2E-3	7.9E-2	3.3E+0
93	1.8E-3	7.5E+0	1.3E+0	7.6E-1	2.2E-3	7.9E-2	3.3E+0
94	1.8E-3	7.6E+0	1.4E+0	7.7E-1	2.2E-3	8.0E-2	3.3E+0
95	1.9E-3	7.7E+0	1.4E+0	7.7E-1	2.2E-3	8.0E-2	3.3E+0
96	1.9E-3	7.7E+0	1.4E+0	7.7E-1	2.2E-3	8.0E-2	3.3E+0
97	1.9E-3	7.8E+0	1.4E+0	7.7E-1	2.2E-3	8.1E-2	3.3E+0
98	1.9E-3	7.9E+0	1.4E+0	7.8E-1	2.2E-3	8.1E-2	3.3E+0
99	1.9E-3	8.0E+0	1.4E+0	7.8E-1	2.2E-3	8.1E-2	3.3E+0
100	1.9E-3	8.1E+0	1.4E+0	7.8E-1	2.2E-3	8.2E-2	3.3E+0
110	1.9E-3	9.0E+0	1.4E+0	8.1E-1	2.3E-3	8.5E-2	3.3E+0
120	1.9E-3	9.9E+0	1.5E+0	8.4E-1	2.3E-3	8.7E-2	3.3E+0
130	2.0E-3	1.1E+1	1.5E+0	8.6E-1	2.4E-3	9.0E-2	3.3E+0
140	2.0E-3	1.2E+1	1.6E+0	8.9E-1	2.4E-3	9.3E-2	3.4E+0
150	2.0E-3	1.2E+1	1.6E+0	9.2E-1	2.4E-3	9.5E-2	3.4E+0
160	2.0E-3	1.3E+1	1.7E+0	9.5E-1	2.5E-3	9.8E-2	3.4E+0
170	2.1E-3	1.4E+1	1.7E+0	9.8E-1	2.5E-3	1.0E-1	3.4E+0
180	2.1E-3	1.5E+1	1.8E+0	1.0E+0	2.6E-3	1.0E-1	3.4E+0
190	2.1E-3	1.5E+1	1.8E+0	1.0E+0	2.6E-3	1.0E-1	3.4E+0
200	2.1E-3	1.6E+1	1.9E+0	1.1E+0	2.6E-3	1.1E-1	3.4E+0
210	2.2E-3	1.7E+1	1.9E+0	1.1E+0	2.7E-3	1.1E-1	3.4E+0
220	2.2E-3	1.8E+1	2.0E+0	1.1E+0	2.7E-3	1.1E-1	3.4E+0
230	2.2E-3	1.8E+1	2.1E+0	1.2E+0	2.7E-3	1.1E-1	3.4E+0
240	2.3E-3	1.9E+1	2.1E+0	1.2E+0	2.8E-3	1.1E-1	3.4E+0
250	2.3E-3	1.9E+1	2.2E+0	1.3E+0	2.8E-3	1.1E-1	3.4E+0
260	2.3E-3	2.0E+1	2.3E+0	1.3E+0	2.9E-3	1.1E-1	3.4E+0
270	2.3E-3	2.0E+1	2.3E+0	1.3E+0	2.9E-3	1.1E-1	3.4E+0
280	2.4E-3	2.1E+1	2.4E+0	1.4E+0	2.9E-3	1.1E-1	3.4E+0
290	2.4E-3	2.1E+1	2.5E+0	1.4E+0	3.0E-3	1.2E-1	3.4E+0
300	2.4E-3	2.2E+1	2.6E+0	1.5E+0	3.0E-3	1.2E-1	3.4E+0
310	2.4E-3	2.2E+1	2.6E+0	1.5E+0	3.1E-3	1.2E-1	3.4E+0
320	2.5E-3	2.3E+1	2.7E+0	1.5E+0	3.1E-3	1.2E-1	3.4E+0
330	2.5E-3	2.3E+1	2.8E+0	1.6E+0	3.1E-3	1.2E-1	3.4E+0
340	2.5E-3	2.4E+1	2.9E+0	1.6E+0	3.2E-3	1.2E-1	3.4E+0
350	2.5E-3	2.4E+1	3.0E+0	1.7E+0	3.2E-3	1.2E-1	3.4E+0
360	2.6E-3	2.4E+1	3.1E+0	1.7E+0	3.2E-3	1.2E-1	3.4E+0
365	2.6E-3	2.5E+1	3.1E+0	1.8E+0	3.3E-3	1.2E-1	3.4E+0
370	2.6E-3	2.5E+1	3.2E+0	1.8E+0	3.3E-3	1.2E-1	3.4E+0
380	2.6E-3	2.5E+1	3.3E+0	1.8E+0	3.3E-3	1.2E-1	3.4E+0
390	2.6E-3	2.5E+1	3.4E+0	1.9E+0	3.4E-3	1.2E-1	3.4E+0
400	2.7E-3	2.6E+1	3.5E+0	2.0E+0	3.4E-3	1.2E-1	3.4E+0
410	2.7E-3	2.6E+1	3.6E+0	2.0E+0	3.4E-3	1.2E-1	3.4E+0
420	2.7E-3	2.6E+1	3.7E+0	2.1E+0	3.5E-3	1.2E-1	3.4E+0
430	2.7E-3	2.7E+1	3.8E+0	2.1E+0	3.5E-3	1.2E-1	3.4E+0
440	2.7E-3	2.7E+1	3.9E+0	2.2E+0	3.5E-3	1.2E-1	3.4E+0
450	2.8E-3	2.7E+1	4.1E+0	2.3E+0	3.6E-3	1.2E-1	3.4E+0
460	2.8E-3	2.8E+1	4.2E+0	2.3E+0	3.6E-3	1.2E-1	3.4E+0
470	2.8E-3	2.8E+1	4.3E+0	2.4E+0	3.6E-3	1.2E-1	3.4E+0
480	2.8E-3	2.8E+1	4.5E+0	2.5E+0	3.7E-3	1.2E-1	3.4E+0
490	2.9E-3	2.8E+1	4.6E+0	2.6E+0	3.7E-3	1.2E-1	3.4E+0
500	2.9E-3	2.8E+1	4.8E+0	2.6E+0	3.7E-3	1.2E-1	3.4E+0
510	2.9E-3	2.9E+1	4.9E+0	2.7E+0	3.8E-3	1.2E-1	3.4E+0
520	2.9E-3	2.9E+1	5.1E+0	2.8E+0	3.8E-3	1.2E-1	3.4E+0
530	2.9E-3	2.9E+1	5.2E+0	2.9E+0	3.8E-3	1.2E-1	3.4E+0
540	2.9E-3	2.9E+1	5.4E+0	3.0E+0	3.9E-3	1.2E-1	3.4E+0
550	3.0E-3	3.0E+1	5.6E+0	3.1E+0	3.9E-3	1.2E-1	3.4E+0
560	3.0E-3	3.0E+1	5.7E+0	3.1E+0	3.9E-3	1.2E-1	3.4E+0
570	3.0E-3	3.0E+1	5.9E+0	3.2E+0	4.0E-3	1.2E-1	3.4E+0
580	3.0E-3	3.0E+1	6.1E+0	3.3E+0	4.0E-3	1.2E-1	3.4E+0
590	3.0E-3	3.0E+1	6.3E+0	3.4E+0	4.0E-3	1.2E-1	3.4E+0
600	3.1E-3	3.1E+1	6.5E+0	3.5E+0	4.0E-3	1.2E-1	3.4E+0
610	3.1E-3	3.1E+1	6.7E+0	3.6E+0	4.1E-3	1.2E-1	3.4E+0
620	3.1E-3	3.1E+1	6.9E+0	3.7E+0	4.1E-3	1.3E-1	3.4E+0
630	3.1E-3	3.1E+1	7.1E+0	3.8E+0	4.1E-3	1.3E-1	3.4E+0
640	3.1E-3	3.1E+1	7.3E+0	4.0E+0	4.2E-3	1.3E-1	3.5E+0
650	3.1E-3	3.1E+1	7.6E+0	4.1E+0	4.2E-3	1.3E-1	3.5E+0
660	3.2E-3	3.2E+1	7.8E+0	4.2E+0	4.2E-3	1.3E-1	3.5E+0
670	3.2E-3	3.2E+1	8.1E+0	4.3E+0	4.2E-3	1.3E-1	3.5E+0
680	3.2E-3	3.2E+1	8.3E+0	4.4E+0	4.3E-3	1.3E-1	3.5E+0
690	3.2E-3	3.2E+1	8.6E+0	4.6E+0	4.3E-3	1.3E-1	3.5E+0
700	3.2E-3	3.2E+1	8.8E+0	4.7E+0	4.3E-3	1.3E-1	3.5E+0
710	3.2E-3	3.2E+1	9.1E+0	4.8E+0	4.3E-3	1.3E-1	3.5E+0
720	3.3E-3	3.3E+1	9.4E+0	5.0E+0	4.4E-3	1.3E-1	3.5E+0
730	3.3E-3	3.3E+1	9.7E+0	5.1E+0	4.4E-3	1.3E-1	3.5E+0
740	3.3E-3	3.3E+1	1.0E+1	5.2E+0	4.4E-3	1.3E-1	3.5E+0
750	3.3E-3	3.3E+1	1.0E+1	5.4E+0	4.4E-3	1.3E-1	3.5E+0
760	3.3E-3	3.3E+1	1.1E+1	5.5E+0	4.5E-3	1.3E-1	3.5E+0
770	3.3E-3	3.3E+1	1.1E+1	5.7E+0	4.5E-3	1.3E-1	3.5E+0
780	3.3E-3	3.3E+1	1.1E+1	5.8E+0	4.5E-3	1.3E-1	3.5E+0
790	3.3E-3	3.4E+1	1.2E+1	6.0E+0	4.5E-3	1.3E-1	3.5E+0
800	3.4E-3	3.4E+1	1.2E+1	6.2E+0	4.6E-3	1.3E-1	3.5E+0
810	3.4E-3	3.4E+1	1.2E+1	6.3E+0	4.6E-3	1.3E-1	3.5E+0
820	3.4E-3	3.4E+1	1.3E+1	6.5E+0	4.6E-3	1.3E-1	3.5E+0
830	3.4E-3	3.4E+1	1.3E+1	6.7E+0	4.6E-3	1.3E-1	3.5E+0
840	3.4E-3	3.4E+1	1.4E+1	6.9E+0	4.6E-3	1.3E-1	3.5E+0
850	3.4E-3	3.4E+1	1.4E+1	7.1E+0	4.7E-3	1.3E-1	3.5E+0
860	3.4E-3	3.4E+1	1.4E+1	7.2E+0	4.7E-3	1.3E-1	3.5E+0
870	3.4E-3	3.5E+1	1.5E+1	7.4E+0	4.7E-3	1.3E-1	3.5E+0
880	3.5E-3	3.5E+1	1.5E+1	7.6E+0	4.7E-3	1.3E-1	3.5E+0
890	3.5E-3	3.5E+1	1.6E+1	7.8E+0	4.7E-3	1.3E-1	3.5E+0
900	3.5E-3	3.5E+1	1.6E+1	8.0E+0	4.8E-3	1.3E-1	3.5E+0
910	3.5E-3	3.5E+1	1.7E+1	8.3E+0	4.8E-3	1.3E-1	3.5E+0
920	3.5E-3	3.5E+1	1.7E+1	8.5E+0	4.8E-3	1.3E-1	3.5E+0
930	3.5E-3	3.5E+1	1.8E+1	8.7E+0	4.8E-3	1.3E-1	3.5E+0
940	3.5E-3	3.5E+1	1.9E+1	8.9E+0	4.8E-3	1.3E-1	3.5E+0
950	3.5E-3	3.5E+1	1.9E+1	9.1E+0	4.8E-3	1.3E-1	3.5E+0
960	3.5E-3	3.6E+1	2.0E+1	9.4E+0	4.9E-3	1.3E-1	3.5E+0
970	3.5E-3	3.6E+1	2.0E+1	9.6E+0	4.9E-3	1.3E-1	3.5E+0
980	3.6E-3	3.6E+1	2.1E+1	9.8E+0	4.9E-3	1.3E-1	3.5E+0
990	3.6E-3	3.6E+1	2.2E+1	1.0E+1	4.9E-3	1.3E-1	3.5E+0
1000	3.6E-3	3.6E+1	2.2E+1	1.0E+1	4.9E-3	1.3E-1	3.5E+0
1010	3.6E-3	3.6E+1	2.3E+1	1.1E+1	4.9E-3	1.3E-1	3.5E+0
1020	3.6E-3	3.6E+1	2.4E+1	1.1E+1	5.0E-3	1.3E-1	3.5E+0
1030	3.6E-3	3.6E+1	2.5E+1	1.1E+1	5.0E-3	1.3E-1	3.5E+0
1040	3.6E-3	3.6E+1	2.5E+1	1.1E+1	5.0E-3	1.3E-1	3.5E+0
1050	3.6E-3	3.6E+1	2.6E+1	1.2E+1	5.0E-3	1.3E-1	3.5E+0
1060	3.6E-3	3.7E+1	2.7E+1	1.2E+1	5.0E-3	1.3E-1	3.5E+0
1070	3.6E-3	3.7E+1	2.8E+1	1.2E+1	5.0E-3	1.3E-1	3.5E+0
1080	3.6E-3	3.7E+1	2.9E+1	1.2E+1	5.0E-3	1.3E-1	3.5E+0
1090	3.7E-3	3.7E+1	2.9E+1	1.3E+1	5.1E-3	1.3E-1	3.5E+0
1095	3.7E-3	3.7E+1	3.0E+1	1.3E+1	5.1E-3	1.3E-1	3.5E+0
1100	3.7E-3	3.7E+1	3.0E+1	1.3E+1	5.1E-3	1.3E-1	3.5E+0
1200	3.7E-3	3.8E+1	4.1E+1	1.6E+1	5.2E-3	1.3E-1	3.6E+0
1300	3.8E-3	3.8E+1	5.6E+1	2.0E+1	5.3E-3	1.4E-1	3.6E+0
1400	3.9E-3	3.9E+1	7.7E+1	2.3E+1	5.4E-3	1.4E-1	3.6E+0
1500	3.9E-3	4.0E+1	1.0E+2	2.7E+1	5.5E-3	1.4E-1	3.6E+0
1600	4.0E-3	4.0E+1	1.4E+2	3.0E+1	5.6E-3	1.4E-1	3.6E+0
1700	4.0E-3	4.1E+1	1.9E+2	3.3E+1	5.6E-3	1.4E-1	3.7E+0
1800	4.1E-3	4.1E+1	2.6E+2	3.6E+1	5.7E-3	1.4E-1	3.7E+0
1900	4.1E-3	4.2E+1	3.5E+2	3.8E+1	5.8E-3	1.5E-1	3.7E+0
2000	4.2E-3	4.2E+1	4.6E+2	3.9E+1	5.8E-3	1.5E-1	3.7E+0
2100	4.2E-3	4.3E+1	6.1E+2	4.1E+1	5.9E-3	1.5E-1	3.8E+0
2200	4.2E-3	4.3E+1	8.1E+2	4.2E+1	6.0E-3	1.5E-1	3.8E+0
2300	4.3E-3	4.4E+1	1.1E+3	4.2E+1	6.0E-3	1.5E-1	3.8E+0
2400	4.3E-3	4.4E+1	1.4E+3	4.3E+1	6.1E-3	1.5E-1	3.8E+0
2500	4.4E-3	4.5E+1	1.7E+3	4.3E+1	6.2E-3	1.5E-1	3.9E+0
2600	4.4E-3	4.5E+1	2.2E+3	4.3E+1	6.2E-3	1.6E-1	3.9E+0
2700	4.5E-3	4.6E+1	2.7E+3	4.3E+1	6.3E-3	1.6E-1	3.9E+0
2800	4.5E-3	4.6E+1	3.2E+3	4.3E+1	6.4E-3	1.6E-1	3.9E+0
2900	4.6E-3	4.7E+1	3.8E+3	4.3E+1	6.4E-3	1.6E-1	4.0E+0
3000	4.6E-3	4.7E+1	4.3E+3	4.3E+1	6.5E-3	1.6E-1	4.0E+0
3100	4.7E-3	4.8E+1	4.9E+3	4.3E+1	6.5E-3	1.6E-1	4.0E+0
3200	4.7E-3	4.8E+1	5.4E+3	4.3E+1	6.6E-3	1.6E-1	4.0E+0
3300	4.7E-3	4.9E+1	5.8E+3	4.3E+1	6.7E-3	1.6E-1	4.1E+0
3400	4.8E-3	4.9E+1	6.2E+3	4.2E+1	6.7E-3	1.6E-1	4.1E+0
3500	4.8E-3	5.0E+1	6.5E+3	4.2E+1	6.8E-3	1.7E-1	4.1E+0
3600	4.9E-3	5.0E+1	6.8E+3	4.2E+1	6.9E-3	1.7E-1	4.2E+0
3650	4.9E-3	5.0E+1	6.9E+3	4.2E+1	6.9E-3	1.7E-1	4.2E+0
4000	5.1E-3	5.2E+1	7.6E+3	4.1E+1	7.2E-3	1.7E-1	4.3E+0
5000	5.6E-3	5.8E+1	8.7E+3	4.0E+1	7.9E-3	1.8E-1	4.6E+0
6000	6.2E-3	6.4E+1	9.6E+3	3.9E+1	8.7E-3	1.9E-1	5.0E+0
7000	6.8E-3	7.1E+1	1.1E+4	3.8E+1	9.7E-3	2.0E-1	5.4E+0
8000	7.5E-3	7.8E+1	1.2E+4	3.7E+1	1.1E-2	2.1E-1	5.9E+0
9000	8.3E-3	8.6E+1	1.3E+4	3.7E+1	1.2E-2	2.2E-1	6.4E+0
10000	9.1E-3	9.5E+1	1.4E+4	3.6E+1	1.3E-2	2.3E-1	7.0E+0
11000	1.0E-2	1.0E+2	1.6E+4	3.6E+1	1.4E-2	2.4E-1	7.6E+0
12000	1.1E-2	1.2E+2	1.7E+4	3.6E+1	1.6E-2	2.5E-1	8.3E+0
13000	1.2E-2	1.3E+2	1.9E+4	3.6E+1	1.8E-2	2.6E-1	9.1E+0
14000	1.3E-2	1.4E+2	2.1E+4	3.6E+1	1.9E-2	2.7E-1	9.9E+0
15000	1.5E-2	1.5E+2	2.3E+4	3.6E+1	2.2E-2	2.9E-1	1.1E+1
16000	1.6E-2	1.7E+2	2.6E+4	3.6E+1	2.4E-2	3.0E-1	1.2E+1
17000	1.8E-2	1.9E+2	2.8E+4	3.6E+1	2.6E-2	3.2E-1	1.3E+1
18000	2.0E-2	2.1E+2	3.1E+4	3.6E+1	2.9E-2	3.4E-1	1.4E+1
18250	2.0E-2	2.1E+2	3.2E+4	3.6E+1	3.0E-2	3.4E-1	1.5E+1
Radionuclide	U-235
Route of Intake	Inhalation
Material	Aerosols Type S, fA=2E-4
AMTD/AMAD, µm	0.003

Committed Effective Dose per Predicted Content in an Organ or Excreta Sample (Dose per Content Functions z(t)), Sv/Bq
Time, days	Whole Body	Urine (24-hour sample)	Faeces (24-hour sample)	Alimentary Tract*	Lungs*	Skeleton*	Liver*
0.041667	3.5E-5	-	-	1.6E-4	7.6E-5	6.3E-1	9.9E-1
0.083333	3.6E-5	-	-	1.4E-4	8.0E-5	3.2E-1	7.9E-1
0.125	3.6E-5	-	-	1.2E-4	8.2E-5	2.2E-1	7.2E-1
0.25	3.6E-5	-	-	9.9E-5	8.7E-5	1.2E-1	6.2E-1
0.375	3.7E-5	-	-	8.8E-5	9.0E-5	8.8E-2	5.8E-1
0.5	3.8E-5	-	-	8.2E-5	9.2E-5	7.4E-2	5.5E-1
0.625	3.8E-5	-	-	7.9E-5	9.3E-5	6.7E-2	5.4E-1
0.75	3.9E-5	-	-	7.8E-5	9.5E-5	6.3E-2	5.3E-1
0.875	4.0E-5	-	-	7.8E-5	9.7E-5	6.0E-2	5.3E-1
1	4.2E-5	1.4E-2	4.8E-4	7.9E-5	9.8E-5	5.8E-2	5.3E-1
1.125	4.3E-5	-	-	8.2E-5	1.0E-4	5.7E-2	5.3E-1
1.25	4.5E-5	-	-	8.6E-5	1.0E-4	5.7E-2	5.4E-1
1.375	4.7E-5	-	-	9.0E-5	1.0E-4	5.7E-2	5.4E-1
1.5	4.9E-5	-	-	9.6E-5	1.0E-4	5.6E-2	5.4E-1
1.625	5.1E-5	-	-	1.0E-4	1.1E-4	5.6E-2	5.5E-1
1.75	5.4E-5	-	-	1.1E-4	1.1E-4	5.7E-2	5.5E-1
1.875	5.6E-5	-	-	1.2E-4	1.1E-4	5.7E-2	5.6E-1
2	5.9E-5	1.0E-1	1.5E-4	1.3E-4	1.1E-4	5.7E-2	5.6E-1
2.25	6.5E-5	-	-	1.5E-4	1.1E-4	5.7E-2	5.7E-1
2.5	7.2E-5	-	-	1.9E-4	1.2E-4	5.8E-2	5.8E-1
2.75	7.8E-5	-	-	2.2E-4	1.2E-4	5.8E-2	6.0E-1
3	8.4E-5	2.9E-1	2.0E-4	2.6E-4	1.3E-4	5.9E-2	6.1E-1
3.25	9.1E-5	-	-	3.1E-4	1.3E-4	5.9E-2	6.2E-1
3.5	9.6E-5	-	-	3.7E-4	1.3E-4	6.0E-2	6.3E-1
3.75	1.0E-4	-	-	4.2E-4	1.4E-4	6.0E-2	6.4E-1
4	1.1E-4	3.6E-1	4.0E-4	4.8E-4	1.4E-4	6.1E-2	6.5E-1
4.25	1.1E-4	-	-	5.4E-4	1.4E-4	6.1E-2	6.6E-1
4.5	1.2E-4	-	-	5.9E-4	1.5E-4	6.2E-2	6.8E-1
4.75	1.2E-4	-	-	6.5E-4	1.5E-4	6.2E-2	6.9E-1
5	1.3E-4	4.0E-1	7.5E-4	7.1E-4	1.5E-4	6.3E-2	7.0E-1
5.5	1.3E-4	-	-	8.1E-4	1.6E-4	6.4E-2	7.3E-1
6	1.4E-4	4.4E-1	1.1E-3	9.2E-4	1.7E-4	6.5E-2	7.5E-1
6.5	1.5E-4	-	-	1.0E-3	1.7E-4	6.6E-2	7.8E-1
7	1.6E-4	4.8E-1	1.5E-3	1.1E-3	1.8E-4	6.6E-2	8.1E-1
7.5	1.6E-4	-	-	1.3E-3	1.9E-4	6.7E-2	8.3E-1
8	1.7E-4	5.2E-1	1.9E-3	1.4E-3	1.9E-4	6.8E-2	8.6E-1
8.5	1.8E-4	-	-	1.5E-3	2.0E-4	6.9E-2	8.9E-1
9	1.8E-4	5.6E-1	2.3E-3	1.7E-3	2.1E-4	7.0E-2	9.2E-1
9.5	1.9E-4	-	-	1.9E-3	2.1E-4	7.0E-2	9.5E-1
10	1.9E-4	6.1E-1	2.8E-3	2.1E-3	2.2E-4	7.1E-2	9.8E-1
11	2.1E-4	6.5E-1	3.4E-3	2.5E-3	2.3E-4	7.2E-2	1.0E+0
12	2.2E-4	7.0E-1	4.2E-3	3.0E-3	2.4E-4	7.4E-2	1.1E+0
13	2.3E-4	7.5E-1	5.1E-3	3.7E-3	2.4E-4	7.5E-2	1.2E+0
14	2.4E-4	8.0E-1	6.2E-3	4.5E-3	2.5E-4	7.6E-2	1.3E+0
15	2.4E-4	8.5E-1	7.4E-3	5.4E-3	2.6E-4	7.7E-2	1.3E+0
16	2.5E-4	9.0E-1	9.0E-3	6.5E-3	2.6E-4	7.8E-2	1.4E+0
17	2.6E-4	9.5E-1	1.1E-2	7.8E-3	2.7E-4	7.9E-2	1.5E+0
18	2.6E-4	1.0E+0	1.3E-2	9.3E-3	2.7E-4	8.0E-2	1.6E+0
19	2.7E-4	1.1E+0	1.6E-2	1.1E-2	2.8E-4	8.0E-2	1.7E+0
20	2.7E-4	1.1E+0	1.9E-2	1.3E-2	2.8E-4	8.1E-2	1.7E+0
21	2.7E-4	1.2E+0	2.2E-2	1.6E-2	2.8E-4	8.2E-2	1.8E+0
22	2.8E-4	1.2E+0	2.6E-2	1.8E-2	2.8E-4	8.2E-2	1.9E+0
23	2.8E-4	1.3E+0	3.1E-2	2.1E-2	2.9E-4	8.3E-2	2.0E+0
24	2.8E-4	1.3E+0	3.6E-2	2.5E-2	2.9E-4	8.3E-2	2.1E+0
25	2.8E-4	1.4E+0	4.2E-2	2.9E-2	2.9E-4	8.4E-2	2.2E+0
26	2.9E-4	1.4E+0	4.8E-2	3.3E-2	2.9E-4	8.4E-2	2.2E+0
27	2.9E-4	1.5E+0	5.5E-2	3.7E-2	2.9E-4	8.5E-2	2.3E+0
28	2.9E-4	1.5E+0	6.2E-2	4.1E-2	2.9E-4	8.5E-2	2.4E+0
29	2.9E-4	1.6E+0	7.0E-2	4.6E-2	2.9E-4	8.6E-2	2.5E+0
30	2.9E-4	1.6E+0	7.7E-2	5.0E-2	2.9E-4	8.6E-2	2.6E+0
31	2.9E-4	1.7E+0	8.5E-2	5.4E-2	3.0E-4	8.6E-2	2.6E+0
32	2.9E-4	1.7E+0	9.3E-2	5.9E-2	3.0E-4	8.7E-2	2.7E+0
33	2.9E-4	1.7E+0	1.0E-1	6.3E-2	3.0E-4	8.7E-2	2.8E+0
34	2.9E-4	1.8E+0	1.1E-1	6.6E-2	3.0E-4	8.7E-2	2.8E+0
35	3.0E-4	1.8E+0	1.1E-1	7.0E-2	3.0E-4	8.8E-2	2.9E+0
36	3.0E-4	1.9E+0	1.2E-1	7.3E-2	3.0E-4	8.8E-2	2.9E+0
37	3.0E-4	1.9E+0	1.3E-1	7.6E-2	3.0E-4	8.8E-2	3.0E+0
38	3.0E-4	1.9E+0	1.3E-1	7.8E-2	3.0E-4	8.9E-2	3.1E+0
39	3.0E-4	2.0E+0	1.3E-1	8.0E-2	3.0E-4	8.9E-2	3.1E+0
40	3.0E-4	2.0E+0	1.4E-1	8.2E-2	3.0E-4	8.9E-2	3.1E+0
41	3.0E-4	2.0E+0	1.4E-1	8.4E-2	3.0E-4	9.0E-2	3.2E+0
42	3.0E-4	2.1E+0	1.4E-1	8.5E-2	3.0E-4	9.0E-2	3.2E+0
43	3.0E-4	2.1E+0	1.5E-1	8.7E-2	3.0E-4	9.0E-2	3.3E+0
44	3.0E-4	2.1E+0	1.5E-1	8.8E-2	3.1E-4	9.0E-2	3.3E+0
45	3.0E-4	2.2E+0	1.5E-1	8.9E-2	3.1E-4	9.1E-2	3.3E+0
46	3.0E-4	2.2E+0	1.5E-1	9.0E-2	3.1E-4	9.1E-2	3.4E+0
47	3.0E-4	2.2E+0	1.5E-1	9.1E-2	3.1E-4	9.1E-2	3.4E+0
48	3.0E-4	2.2E+0	1.6E-1	9.1E-2	3.1E-4	9.1E-2	3.4E+0
49	3.0E-4	2.3E+0	1.6E-1	9.2E-2	3.1E-4	9.2E-2	3.4E+0
50	3.1E-4	2.3E+0	1.6E-1	9.3E-2	3.1E-4	9.2E-2	3.5E+0
51	3.1E-4	2.3E+0	1.6E-1	9.3E-2	3.1E-4	9.2E-2	3.5E+0
52	3.1E-4	2.3E+0	1.6E-1	9.4E-2	3.1E-4	9.2E-2	3.5E+0
53	3.1E-4	2.4E+0	1.6E-1	9.4E-2	3.1E-4	9.3E-2	3.5E+0
54	3.1E-4	2.4E+0	1.6E-1	9.5E-2	3.1E-4	9.3E-2	3.5E+0
55	3.1E-4	2.4E+0	1.6E-1	9.5E-2	3.1E-4	9.3E-2	3.6E+0
56	3.1E-4	2.4E+0	1.6E-1	9.5E-2	3.1E-4	9.3E-2	3.6E+0
57	3.1E-4	2.5E+0	1.6E-1	9.6E-2	3.1E-4	9.4E-2	3.6E+0
58	3.1E-4	2.5E+0	1.7E-1	9.6E-2	3.1E-4	9.4E-2	3.6E+0
59	3.1E-4	2.5E+0	1.7E-1	9.6E-2	3.1E-4	9.4E-2	3.6E+0
60	3.1E-4	2.5E+0	1.7E-1	9.7E-2	3.1E-4	9.4E-2	3.6E+0
61	3.1E-4	2.5E+0	1.7E-1	9.7E-2	3.2E-4	9.5E-2	3.6E+0
62	3.1E-4	2.6E+0	1.7E-1	9.8E-2	3.2E-4	9.5E-2	3.6E+0
63	3.1E-4	2.6E+0	1.7E-1	9.8E-2	3.2E-4	9.5E-2	3.6E+0
64	3.1E-4	2.6E+0	1.7E-1	9.8E-2	3.2E-4	9.5E-2	3.6E+0
65	3.1E-4	2.6E+0	1.7E-1	9.8E-2	3.2E-4	9.5E-2	3.7E+0
66	3.2E-4	2.6E+0	1.7E-1	9.9E-2	3.2E-4	9.6E-2	3.7E+0
67	3.2E-4	2.6E+0	1.7E-1	9.9E-2	3.2E-4	9.6E-2	3.7E+0
68	3.2E-4	2.7E+0	1.7E-1	9.9E-2	3.2E-4	9.6E-2	3.7E+0
69	3.2E-4	2.7E+0	1.7E-1	1.0E-1	3.2E-4	9.6E-2	3.7E+0
70	3.2E-4	2.7E+0	1.7E-1	1.0E-1	3.2E-4	9.7E-2	3.7E+0
71	3.2E-4	2.7E+0	1.7E-1	1.0E-1	3.2E-4	9.7E-2	3.7E+0
72	3.2E-4	2.7E+0	1.7E-1	1.0E-1	3.2E-4	9.7E-2	3.7E+0
73	3.2E-4	2.7E+0	1.7E-1	1.0E-1	3.2E-4	9.7E-2	3.7E+0
74	3.2E-4	2.7E+0	1.7E-1	1.0E-1	3.2E-4	9.7E-2	3.7E+0
75	3.2E-4	2.8E+0	1.7E-1	1.0E-1	3.2E-4	9.8E-2	3.7E+0
76	3.2E-4	2.8E+0	1.8E-1	1.0E-1	3.3E-4	9.8E-2	3.7E+0
77	3.2E-4	2.8E+0	1.8E-1	1.0E-1	3.3E-4	9.8E-2	3.7E+0
78	3.2E-4	2.8E+0	1.8E-1	1.0E-1	3.3E-4	9.8E-2	3.7E+0
79	3.2E-4	2.8E+0	1.8E-1	1.0E-1	3.3E-4	9.8E-2	3.7E+0
80	3.2E-4	2.8E+0	1.8E-1	1.0E-1	3.3E-4	9.9E-2	3.7E+0
81	3.2E-4	2.8E+0	1.8E-1	1.0E-1	3.3E-4	9.9E-2	3.7E+0
82	3.3E-4	2.9E+0	1.8E-1	1.0E-1	3.3E-4	9.9E-2	3.7E+0
83	3.3E-4	2.9E+0	1.8E-1	1.0E-1	3.3E-4	9.9E-2	3.7E+0
84	3.3E-4	2.9E+0	1.8E-1	1.0E-1	3.3E-4	9.9E-2	3.7E+0
85	3.3E-4	2.9E+0	1.8E-1	1.0E-1	3.3E-4	1.0E-1	3.7E+0
86	3.3E-4	2.9E+0	1.8E-1	1.1E-1	3.3E-4	1.0E-1	3.7E+0
87	3.3E-4	2.9E+0	1.8E-1	1.1E-1	3.3E-4	1.0E-1	3.7E+0
88	3.3E-4	2.9E+0	1.8E-1	1.1E-1	3.3E-4	1.0E-1	3.7E+0
89	3.3E-4	3.0E+0	1.8E-1	1.1E-1	3.3E-4	1.0E-1	3.7E+0
90	3.3E-4	3.0E+0	1.8E-1	1.1E-1	3.3E-4	1.0E-1	3.7E+0
91	3.3E-4	3.0E+0	1.8E-1	1.1E-1	3.3E-4	1.0E-1	3.7E+0
92	3.3E-4	3.0E+0	1.8E-1	1.1E-1	3.4E-4	1.0E-1	3.7E+0
93	3.3E-4	3.0E+0	1.8E-1	1.1E-1	3.4E-4	1.0E-1	3.7E+0
94	3.3E-4	3.0E+0	1.9E-1	1.1E-1	3.4E-4	1.0E-1	3.7E+0
95	3.3E-4	3.0E+0	1.9E-1	1.1E-1	3.4E-4	1.0E-1	3.7E+0
96	3.3E-4	3.0E+0	1.9E-1	1.1E-1	3.4E-4	1.0E-1	3.7E+0
97	3.3E-4	3.0E+0	1.9E-1	1.1E-1	3.4E-4	1.0E-1	3.7E+0
98	3.4E-4	3.1E+0	1.9E-1	1.1E-1	3.4E-4	1.0E-1	3.7E+0
99	3.4E-4	3.1E+0	1.9E-1	1.1E-1	3.4E-4	1.0E-1	3.7E+0
100	3.4E-4	3.1E+0	1.9E-1	1.1E-1	3.4E-4	1.0E-1	3.7E+0
110	3.4E-4	3.2E+0	1.9E-1	1.1E-1	3.5E-4	1.0E-1	3.6E+0
120	3.5E-4	3.3E+0	2.0E-1	1.2E-1	3.5E-4	1.0E-1	3.6E+0
130	3.6E-4	3.4E+0	2.1E-1	1.2E-1	3.6E-4	1.1E-1	3.6E+0
140	3.6E-4	3.5E+0	2.1E-1	1.2E-1	3.7E-4	1.1E-1	3.6E+0
150	3.7E-4	3.6E+0	2.2E-1	1.3E-1	3.7E-4	1.1E-1	3.6E+0
160	3.8E-4	3.7E+0	2.3E-1	1.3E-1	3.8E-4	1.1E-1	3.5E+0
170	3.8E-4	3.8E+0	2.3E-1	1.4E-1	3.9E-4	1.1E-1	3.5E+0
180	3.9E-4	3.8E+0	2.4E-1	1.4E-1	3.9E-4	1.1E-1	3.5E+0
190	4.0E-4	3.9E+0	2.5E-1	1.5E-1	4.0E-4	1.1E-1	3.5E+0
200	4.0E-4	4.0E+0	2.6E-1	1.5E-1	4.1E-4	1.1E-1	3.4E+0
210	4.1E-4	4.1E+0	2.7E-1	1.5E-1	4.1E-4	1.1E-1	3.4E+0
220	4.2E-4	4.2E+0	2.7E-1	1.6E-1	4.2E-4	1.1E-1	3.4E+0
230	4.2E-4	4.2E+0	2.8E-1	1.6E-1	4.3E-4	1.1E-1	3.4E+0
240	4.3E-4	4.3E+0	2.9E-1	1.7E-1	4.3E-4	1.1E-1	3.3E+0
250	4.4E-4	4.4E+0	3.0E-1	1.7E-1	4.4E-4	1.1E-1	3.3E+0
260	4.4E-4	4.5E+0	3.1E-1	1.8E-1	4.5E-4	1.1E-1	3.3E+0
270	4.5E-4	4.6E+0	3.2E-1	1.9E-1	4.5E-4	1.1E-1	3.3E+0
280	4.6E-4	4.6E+0	3.3E-1	1.9E-1	4.6E-4	1.1E-1	3.3E+0
290	4.6E-4	4.7E+0	3.4E-1	2.0E-1	4.7E-4	1.1E-1	3.2E+0
300	4.7E-4	4.8E+0	3.5E-1	2.0E-1	4.8E-4	1.1E-1	3.2E+0
310	4.8E-4	4.9E+0	3.6E-1	2.1E-1	4.8E-4	1.1E-1	3.2E+0
320	4.8E-4	4.9E+0	3.7E-1	2.2E-1	4.9E-4	1.1E-1	3.2E+0
330	4.9E-4	5.0E+0	3.9E-1	2.2E-1	5.0E-4	1.1E-1	3.2E+0
340	5.0E-4	5.1E+0	4.0E-1	2.3E-1	5.0E-4	1.1E-1	3.2E+0
350	5.0E-4	5.1E+0	4.1E-1	2.4E-1	5.1E-4	1.1E-1	3.1E+0
360	5.1E-4	5.2E+0	4.2E-1	2.5E-1	5.2E-4	1.1E-1	3.1E+0
365	5.1E-4	5.3E+0	4.3E-1	2.5E-1	5.2E-4	1.1E-1	3.1E+0
370	5.2E-4	5.3E+0	4.4E-1	2.5E-1	5.2E-4	1.1E-1	3.1E+0
380	5.2E-4	5.4E+0	4.5E-1	2.6E-1	5.3E-4	1.1E-1	3.1E+0
390	5.3E-4	5.4E+0	4.6E-1	2.7E-1	5.4E-4	1.1E-1	3.1E+0
400	5.4E-4	5.5E+0	4.8E-1	2.8E-1	5.4E-4	1.1E-1	3.1E+0
410	5.4E-4	5.6E+0	4.9E-1	2.9E-1	5.5E-4	1.1E-1	3.0E+0
420	5.5E-4	5.6E+0	5.1E-1	3.0E-1	5.6E-4	1.1E-1	3.0E+0
430	5.6E-4	5.7E+0	5.3E-1	3.0E-1	5.6E-4	1.1E-1	3.0E+0
440	5.6E-4	5.8E+0	5.4E-1	3.1E-1	5.7E-4	1.0E-1	3.0E+0
450	5.7E-4	5.8E+0	5.6E-1	3.2E-1	5.8E-4	1.0E-1	3.0E+0
460	5.7E-4	5.9E+0	5.8E-1	3.3E-1	5.8E-4	1.0E-1	3.0E+0
470	5.8E-4	6.0E+0	5.9E-1	3.4E-1	5.9E-4	1.0E-1	3.0E+0
480	5.9E-4	6.0E+0	6.1E-1	3.6E-1	5.9E-4	1.0E-1	3.0E+0
490	5.9E-4	6.1E+0	6.3E-1	3.7E-1	6.0E-4	1.0E-1	2.9E+0
500	6.0E-4	6.2E+0	6.5E-1	3.8E-1	6.1E-4	1.0E-1	2.9E+0
510	6.0E-4	6.2E+0	6.7E-1	3.9E-1	6.1E-4	1.0E-1	2.9E+0
520	6.1E-4	6.3E+0	6.9E-1	4.0E-1	6.2E-4	1.0E-1	2.9E+0
530	6.2E-4	6.4E+0	7.2E-1	4.1E-1	6.3E-4	1.0E-1	2.9E+0
540	6.2E-4	6.4E+0	7.4E-1	4.3E-1	6.3E-4	1.0E-1	2.9E+0
550	6.3E-4	6.5E+0	7.6E-1	4.4E-1	6.4E-4	1.0E-1	2.9E+0
560	6.3E-4	6.5E+0	7.9E-1	4.5E-1	6.4E-4	1.0E-1	2.9E+0
570	6.4E-4	6.6E+0	8.1E-1	4.7E-1	6.5E-4	1.0E-1	2.9E+0
580	6.5E-4	6.7E+0	8.4E-1	4.8E-1	6.6E-4	1.0E-1	2.8E+0
590	6.5E-4	6.7E+0	8.6E-1	5.0E-1	6.6E-4	1.0E-1	2.8E+0
600	6.6E-4	6.8E+0	8.9E-1	5.1E-1	6.7E-4	1.0E-1	2.8E+0
610	6.6E-4	6.8E+0	9.2E-1	5.3E-1	6.7E-4	1.0E-1	2.8E+0
620	6.7E-4	6.9E+0	9.5E-1	5.4E-1	6.8E-4	1.0E-1	2.8E+0
630	6.7E-4	6.9E+0	9.8E-1	5.6E-1	6.8E-4	1.0E-1	2.8E+0
640	6.8E-4	7.0E+0	1.0E+0	5.8E-1	6.9E-4	9.9E-2	2.8E+0
650	6.8E-4	7.1E+0	1.0E+0	6.0E-1	6.9E-4	9.9E-2	2.8E+0
660	6.9E-4	7.1E+0	1.1E+0	6.2E-1	7.0E-4	9.9E-2	2.8E+0
670	6.9E-4	7.2E+0	1.1E+0	6.3E-1	7.0E-4	9.9E-2	2.8E+0
680	7.0E-4	7.2E+0	1.1E+0	6.5E-1	7.1E-4	9.9E-2	2.8E+0
690	7.0E-4	7.3E+0	1.2E+0	6.7E-1	7.1E-4	9.8E-2	2.7E+0
700	7.1E-4	7.3E+0	1.2E+0	6.9E-1	7.2E-4	9.8E-2	2.7E+0
710	7.1E-4	7.4E+0	1.3E+0	7.2E-1	7.2E-4	9.8E-2	2.7E+0
720	7.2E-4	7.4E+0	1.3E+0	7.4E-1	7.3E-4	9.8E-2	2.7E+0
730	7.2E-4	7.5E+0	1.3E+0	7.6E-1	7.3E-4	9.8E-2	2.7E+0
740	7.3E-4	7.5E+0	1.4E+0	7.8E-1	7.4E-4	9.7E-2	2.7E+0
750	7.3E-4	7.6E+0	1.4E+0	8.1E-1	7.4E-4	9.7E-2	2.7E+0
760	7.4E-4	7.6E+0	1.5E+0	8.3E-1	7.5E-4	9.7E-2	2.7E+0
770	7.4E-4	7.6E+0	1.5E+0	8.6E-1	7.5E-4	9.7E-2	2.7E+0
780	7.4E-4	7.7E+0	1.6E+0	8.8E-1	7.6E-4	9.7E-2	2.7E+0
790	7.5E-4	7.7E+0	1.6E+0	9.1E-1	7.6E-4	9.6E-2	2.7E+0
800	7.5E-4	7.8E+0	1.7E+0	9.4E-1	7.7E-4	9.6E-2	2.7E+0
810	7.6E-4	7.8E+0	1.7E+0	9.7E-1	7.7E-4	9.6E-2	2.7E+0
820	7.6E-4	7.9E+0	1.8E+0	1.0E+0	7.7E-4	9.6E-2	2.6E+0
830	7.6E-4	7.9E+0	1.8E+0	1.0E+0	7.8E-4	9.6E-2	2.6E+0
840	7.7E-4	7.9E+0	1.9E+0	1.1E+0	7.8E-4	9.5E-2	2.6E+0
850	7.7E-4	8.0E+0	1.9E+0	1.1E+0	7.9E-4	9.5E-2	2.6E+0
860	7.8E-4	8.0E+0	2.0E+0	1.1E+0	7.9E-4	9.5E-2	2.6E+0
870	7.8E-4	8.1E+0	2.1E+0	1.2E+0	7.9E-4	9.5E-2	2.6E+0
880	7.8E-4	8.1E+0	2.1E+0	1.2E+0	8.0E-4	9.5E-2	2.6E+0
890	7.9E-4	8.1E+0	2.2E+0	1.2E+0	8.0E-4	9.5E-2	2.6E+0
900	7.9E-4	8.2E+0	2.3E+0	1.3E+0	8.1E-4	9.4E-2	2.6E+0
910	7.9E-4	8.2E+0	2.3E+0	1.3E+0	8.1E-4	9.4E-2	2.6E+0
920	8.0E-4	8.3E+0	2.4E+0	1.3E+0	8.1E-4	9.4E-2	2.6E+0
930	8.0E-4	8.3E+0	2.5E+0	1.4E+0	8.2E-4	9.4E-2	2.6E+0
940	8.0E-4	8.3E+0	2.5E+0	1.4E+0	8.2E-4	9.4E-2	2.6E+0
950	8.1E-4	8.4E+0	2.6E+0	1.5E+0	8.2E-4	9.4E-2	2.6E+0
960	8.1E-4	8.4E+0	2.7E+0	1.5E+0	8.3E-4	9.4E-2	2.6E+0
970	8.1E-4	8.4E+0	2.8E+0	1.6E+0	8.3E-4	9.3E-2	2.6E+0
980	8.2E-4	8.5E+0	2.9E+0	1.6E+0	8.3E-4	9.3E-2	2.6E+0
990	8.2E-4	8.5E+0	3.0E+0	1.7E+0	8.4E-4	9.3E-2	2.5E+0
1000	8.2E-4	8.5E+0	3.1E+0	1.7E+0	8.4E-4	9.3E-2	2.5E+0
1010	8.3E-4	8.6E+0	3.2E+0	1.8E+0	8.4E-4	9.3E-2	2.5E+0
1020	8.3E-4	8.6E+0	3.3E+0	1.8E+0	8.5E-4	9.3E-2	2.5E+0
1030	8.3E-4	8.6E+0	3.4E+0	1.9E+0	8.5E-4	9.3E-2	2.5E+0
1040	8.4E-4	8.6E+0	3.5E+0	1.9E+0	8.5E-4	9.2E-2	2.5E+0
1050	8.4E-4	8.7E+0	3.6E+0	2.0E+0	8.5E-4	9.2E-2	2.5E+0
1060	8.4E-4	8.7E+0	3.7E+0	2.0E+0	8.6E-4	9.2E-2	2.5E+0
1070	8.4E-4	8.7E+0	3.8E+0	2.1E+0	8.6E-4	9.2E-2	2.5E+0
1080	8.5E-4	8.8E+0	3.9E+0	2.1E+0	8.6E-4	9.2E-2	2.5E+0
1090	8.5E-4	8.8E+0	4.1E+0	2.2E+0	8.7E-4	9.2E-2	2.5E+0
1095	8.5E-4	8.8E+0	4.1E+0	2.2E+0	8.7E-4	9.2E-2	2.5E+0
1100	8.5E-4	8.8E+0	4.2E+0	2.3E+0	8.7E-4	9.2E-2	2.5E+0
1200	8.8E-4	9.1E+0	5.7E+0	3.0E+0	8.9E-4	9.0E-2	2.4E+0
1300	9.0E-4	9.3E+0	7.8E+0	3.9E+0	9.1E-4	8.9E-2	2.4E+0
1400	9.1E-4	9.5E+0	1.1E+1	5.1E+0	9.3E-4	8.8E-2	2.4E+0
1500	9.3E-4	9.6E+0	1.4E+1	6.5E+0	9.5E-4	8.7E-2	2.3E+0
1600	9.4E-4	9.8E+0	1.9E+1	8.2E+0	9.6E-4	8.6E-2	2.3E+0
1700	9.6E-4	9.9E+0	2.6E+1	1.0E+1	9.8E-4	8.5E-2	2.3E+0
1800	9.7E-4	1.0E+1	3.6E+1	1.2E+1	9.9E-4	8.5E-2	2.2E+0
1900	9.8E-4	1.0E+1	4.8E+1	1.4E+1	1.0E-3	8.4E-2	2.2E+0
2000	9.9E-4	1.0E+1	6.5E+1	1.6E+1	1.0E-3	8.3E-2	2.2E+0
2100	1.0E-3	1.0E+1	8.8E+1	1.7E+1	1.0E-3	8.3E-2	2.2E+0
2200	1.0E-3	1.0E+1	1.2E+2	1.9E+1	1.0E-3	8.2E-2	2.1E+0
2300	1.0E-3	1.1E+1	1.6E+2	2.0E+1	1.0E-3	8.1E-2	2.1E+0
2400	1.0E-3	1.1E+1	2.1E+2	2.1E+1	1.1E-3	8.1E-2	2.1E+0
2500	1.0E-3	1.1E+1	2.7E+2	2.1E+1	1.1E-3	8.0E-2	2.1E+0
2600	1.1E-3	1.1E+1	3.5E+2	2.2E+1	1.1E-3	8.0E-2	2.1E+0
2700	1.1E-3	1.1E+1	4.4E+2	2.2E+1	1.1E-3	7.9E-2	2.0E+0
2800	1.1E-3	1.1E+1	5.5E+2	2.2E+1	1.1E-3	7.9E-2	2.0E+0
2900	1.1E-3	1.1E+1	6.7E+2	2.2E+1	1.1E-3	7.9E-2	2.0E+0
3000	1.1E-3	1.1E+1	8.0E+2	2.2E+1	1.1E-3	7.8E-2	2.0E+0
3100	1.1E-3	1.1E+1	9.4E+2	2.2E+1	1.1E-3	7.8E-2	2.0E+0
3200	1.1E-3	1.2E+1	1.1E+3	2.2E+1	1.2E-3	7.7E-2	2.0E+0
3300	1.1E-3	1.2E+1	1.2E+3	2.1E+1	1.2E-3	7.7E-2	2.0E+0
3400	1.1E-3	1.2E+1	1.3E+3	2.1E+1	1.2E-3	7.7E-2	2.0E+0
3500	1.2E-3	1.2E+1	1.4E+3	2.1E+1	1.2E-3	7.6E-2	2.0E+0
3600	1.2E-3	1.2E+1	1.5E+3	2.1E+1	1.2E-3	7.6E-2	1.9E+0
3650	1.2E-3	1.2E+1	1.6E+3	2.1E+1	1.2E-3	7.6E-2	1.9E+0
4000	1.2E-3	1.3E+1	1.8E+3	2.0E+1	1.2E-3	7.5E-2	1.9E+0
5000	1.3E-3	1.4E+1	2.1E+3	1.8E+1	1.4E-3	7.4E-2	1.9E+0
6000	1.5E-3	1.5E+1	2.3E+3	1.7E+1	1.5E-3	7.3E-2	1.9E+0
7000	1.6E-3	1.7E+1	2.5E+3	1.6E+1	1.7E-3	7.3E-2	1.9E+0
8000	1.8E-3	1.9E+1	2.8E+3	1.5E+1	1.9E-3	7.4E-2	2.0E+0
9000	2.0E-3	2.0E+1	3.1E+3	1.5E+1	2.1E-3	7.5E-2	2.1E+0
10000	2.2E-3	2.3E+1	3.4E+3	1.4E+1	2.3E-3	7.7E-2	2.2E+0
11000	2.4E-3	2.5E+1	3.7E+3	1.4E+1	2.5E-3	7.9E-2	2.3E+0
12000	2.6E-3	2.7E+1	4.1E+3	1.4E+1	2.8E-3	8.1E-2	2.5E+0
13000	2.9E-3	3.0E+1	4.6E+3	1.3E+1	3.1E-3	8.4E-2	2.6E+0
14000	3.2E-3	3.3E+1	5.0E+3	1.3E+1	3.4E-3	8.7E-2	2.8E+0
15000	3.5E-3	3.7E+1	5.5E+3	1.3E+1	3.7E-3	9.1E-2	3.0E+0
16000	3.9E-3	4.1E+1	6.1E+3	1.3E+1	4.1E-3	9.5E-2	3.3E+0
17000	4.3E-3	4.5E+1	6.7E+3	1.3E+1	4.6E-3	9.9E-2	3.5E+0
18000	4.7E-3	4.9E+1	7.4E+3	1.3E+1	5.1E-3	1.0E-1	3.8E+0
18250	4.8E-3	5.0E+1	7.6E+3	1.3E+1	5.2E-3	1.0E-1	3.9E+0
Radionuclide	U-235
Route of Intake	Inhalation
Material	Aerosols Type S, fA=2E-4
AMTD/AMAD, µm	0.01

Committed Effective Dose per Predicted Content in an Organ or Excreta Sample (Dose per Content Functions z(t)), Sv/Bq
Time, days	Whole Body	Urine (24-hour sample)	Faeces (24-hour sample)	Alimentary Tract*	Lungs*	Skeleton*	Liver*
0.041667	1.0E-4	-	-	1.2E-3	1.3E-4	1.2E+0	1.9E+0
0.083333	1.1E-4	-	-	9.8E-4	1.4E-4	6.0E-1	1.4E+0
0.125	1.1E-4	-	-	8.7E-4	1.4E-4	4.0E-1	1.3E+0
0.25	1.1E-4	-	-	7.0E-4	1.4E-4	2.1E-1	1.1E+0
0.375	1.1E-4	-	-	6.1E-4	1.4E-4	1.6E-1	1.0E+0
0.5	1.1E-4	-	-	5.7E-4	1.4E-4	1.3E-1	9.5E-1
0.625	1.1E-4	-	-	5.4E-4	1.4E-4	1.2E-1	9.3E-1
0.75	1.1E-4	-	-	5.3E-4	1.4E-4	1.1E-1	9.1E-1
0.875	1.1E-4	-	-	5.2E-4	1.5E-4	1.0E-1	9.1E-1
1	1.1E-4	2.3E-2	3.4E-3	5.3E-4	1.5E-4	1.0E-1	9.1E-1
1.125	1.1E-4	-	-	5.4E-4	1.5E-4	9.8E-2	9.1E-1
1.25	1.2E-4	-	-	5.6E-4	1.5E-4	9.7E-2	9.2E-1
1.375	1.2E-4	-	-	5.8E-4	1.5E-4	9.7E-2	9.2E-1
1.5	1.2E-4	-	-	6.1E-4	1.5E-4	9.6E-2	9.3E-1
1.625	1.2E-4	-	-	6.4E-4	1.5E-4	9.6E-2	9.4E-1
1.75	1.2E-4	-	-	6.8E-4	1.5E-4	9.6E-2	9.4E-1
1.875	1.3E-4	-	-	7.2E-4	1.5E-4	9.7E-2	9.5E-1
2	1.3E-4	1.6E-1	9.8E-4	7.7E-4	1.5E-4	9.7E-2	9.6E-1
2.25	1.3E-4	-	-	8.9E-4	1.6E-4	9.8E-2	9.8E-1
2.5	1.4E-4	-	-	1.0E-3	1.6E-4	9.8E-2	1.0E+0
2.75	1.4E-4	-	-	1.2E-3	1.6E-4	9.9E-2	1.0E+0
3	1.4E-4	4.9E-1	1.2E-3	1.3E-3	1.6E-4	1.0E-1	1.0E+0
3.25	1.5E-4	-	-	1.5E-3	1.6E-4	1.0E-1	1.1E+0
3.5	1.5E-4	-	-	1.7E-3	1.6E-4	1.0E-1	1.1E+0
3.75	1.5E-4	-	-	1.9E-3	1.6E-4	1.0E-1	1.1E+0
4	1.5E-4	5.9E-1	2.1E-3	2.1E-3	1.7E-4	1.0E-1	1.1E+0
4.25	1.6E-4	-	-	2.3E-3	1.7E-4	1.0E-1	1.1E+0
4.5	1.6E-4	-	-	2.4E-3	1.7E-4	1.0E-1	1.1E+0
4.75	1.6E-4	-	-	2.6E-3	1.7E-4	1.1E-1	1.2E+0
5	1.6E-4	6.4E-1	3.3E-3	2.8E-3	1.7E-4	1.1E-1	1.2E+0
5.5	1.6E-4	-	-	3.1E-3	1.7E-4	1.1E-1	1.2E+0
6	1.7E-4	6.8E-1	4.6E-3	3.5E-3	1.8E-4	1.1E-1	1.3E+0
6.5	1.7E-4	-	-	3.9E-3	1.8E-4	1.1E-1	1.3E+0
7	1.7E-4	7.3E-1	5.8E-3	4.2E-3	1.8E-4	1.1E-1	1.4E+0
7.5	1.7E-4	-	-	4.7E-3	1.8E-4	1.1E-1	1.4E+0
8	1.8E-4	7.8E-1	7.1E-3	5.1E-3	1.8E-4	1.1E-1	1.4E+0
8.5	1.8E-4	-	-	5.6E-3	1.8E-4	1.2E-1	1.5E+0
9	1.8E-4	8.3E-1	8.6E-3	6.1E-3	1.9E-4	1.2E-1	1.5E+0
9.5	1.8E-4	-	-	6.7E-3	1.9E-4	1.2E-1	1.6E+0
10	1.8E-4	8.8E-1	1.0E-2	7.3E-3	1.9E-4	1.2E-1	1.6E+0
11	1.9E-4	9.2E-1	1.2E-2	8.7E-3	1.9E-4	1.2E-1	1.7E+0
12	1.9E-4	9.7E-1	1.5E-2	1.0E-2	1.9E-4	1.2E-1	1.8E+0
13	1.9E-4	1.0E+0	1.7E-2	1.2E-2	1.9E-4	1.2E-1	1.9E+0
14	1.9E-4	1.1E+0	2.0E-2	1.4E-2	1.9E-4	1.2E-1	2.0E+0
15	1.9E-4	1.1E+0	2.4E-2	1.6E-2	2.0E-4	1.3E-1	2.1E+0
16	1.9E-4	1.2E+0	2.8E-2	1.9E-2	2.0E-4	1.3E-1	2.2E+0
17	2.0E-4	1.2E+0	3.2E-2	2.2E-2	2.0E-4	1.3E-1	2.3E+0
18	2.0E-4	1.2E+0	3.6E-2	2.4E-2	2.0E-4	1.3E-1	2.4E+0
19	2.0E-4	1.3E+0	4.1E-2	2.7E-2	2.0E-4	1.3E-1	2.6E+0
20	2.0E-4	1.3E+0	4.6E-2	3.0E-2	2.0E-4	1.3E-1	2.7E+0
21	2.0E-4	1.4E+0	5.1E-2	3.3E-2	2.0E-4	1.3E-1	2.8E+0
22	2.0E-4	1.4E+0	5.7E-2	3.6E-2	2.0E-4	1.3E-1	2.9E+0
23	2.0E-4	1.4E+0	6.2E-2	3.9E-2	2.0E-4	1.3E-1	3.0E+0
24	2.0E-4	1.5E+0	6.7E-2	4.2E-2	2.0E-4	1.3E-1	3.1E+0
25	2.0E-4	1.5E+0	7.1E-2	4.4E-2	2.0E-4	1.3E-1	3.1E+0
26	2.0E-4	1.5E+0	7.6E-2	4.7E-2	2.0E-4	1.3E-1	3.2E+0
27	2.0E-4	1.6E+0	8.0E-2	4.9E-2	2.0E-4	1.3E-1	3.3E+0
28	2.0E-4	1.6E+0	8.4E-2	5.1E-2	2.1E-4	1.3E-1	3.4E+0
29	2.0E-4	1.6E+0	8.7E-2	5.3E-2	2.1E-4	1.3E-1	3.5E+0
30	2.0E-4	1.6E+0	9.0E-2	5.4E-2	2.1E-4	1.3E-1	3.6E+0
31	2.1E-4	1.7E+0	9.3E-2	5.5E-2	2.1E-4	1.3E-1	3.6E+0
32	2.1E-4	1.7E+0	9.5E-2	5.7E-2	2.1E-4	1.3E-1	3.7E+0
33	2.1E-4	1.7E+0	9.7E-2	5.8E-2	2.1E-4	1.3E-1	3.8E+0
34	2.1E-4	1.7E+0	9.9E-2	5.8E-2	2.1E-4	1.3E-1	3.8E+0
35	2.1E-4	1.8E+0	1.0E-1	5.9E-2	2.1E-4	1.3E-1	3.9E+0
36	2.1E-4	1.8E+0	1.0E-1	6.0E-2	2.1E-4	1.3E-1	3.9E+0
37	2.1E-4	1.8E+0	1.0E-1	6.1E-2	2.1E-4	1.3E-1	4.0E+0
38	2.1E-4	1.8E+0	1.0E-1	6.1E-2	2.1E-4	1.3E-1	4.0E+0
39	2.1E-4	1.8E+0	1.1E-1	6.2E-2	2.1E-4	1.3E-1	4.0E+0
40	2.1E-4	1.9E+0	1.1E-1	6.2E-2	2.1E-4	1.3E-1	4.1E+0
41	2.1E-4	1.9E+0	1.1E-1	6.2E-2	2.1E-4	1.3E-1	4.1E+0
42	2.1E-4	1.9E+0	1.1E-1	6.3E-2	2.1E-4	1.3E-1	4.1E+0
43	2.1E-4	1.9E+0	1.1E-1	6.3E-2	2.1E-4	1.3E-1	4.2E+0
44	2.1E-4	1.9E+0	1.1E-1	6.3E-2	2.1E-4	1.3E-1	4.2E+0
45	2.1E-4	1.9E+0	1.1E-1	6.4E-2	2.1E-4	1.3E-1	4.2E+0
46	2.1E-4	1.9E+0	1.1E-1	6.4E-2	2.1E-4	1.3E-1	4.2E+0
47	2.1E-4	2.0E+0	1.1E-1	6.4E-2	2.1E-4	1.3E-1	4.3E+0
48	2.1E-4	2.0E+0	1.1E-1	6.5E-2	2.1E-4	1.3E-1	4.3E+0
49	2.1E-4	2.0E+0	1.1E-1	6.5E-2	2.1E-4	1.3E-1	4.3E+0
50	2.1E-4	2.0E+0	1.1E-1	6.5E-2	2.1E-4	1.3E-1	4.3E+0
51	2.1E-4	2.0E+0	1.1E-1	6.5E-2	2.2E-4	1.3E-1	4.3E+0
52	2.1E-4	2.0E+0	1.1E-1	6.5E-2	2.2E-4	1.3E-1	4.3E+0
53	2.1E-4	2.0E+0	1.1E-1	6.6E-2	2.2E-4	1.3E-1	4.3E+0
54	2.2E-4	2.0E+0	1.1E-1	6.6E-2	2.2E-4	1.3E-1	4.3E+0
55	2.2E-4	2.0E+0	1.1E-1	6.6E-2	2.2E-4	1.3E-1	4.3E+0
56	2.2E-4	2.0E+0	1.1E-1	6.6E-2	2.2E-4	1.3E-1	4.4E+0
57	2.2E-4	2.1E+0	1.1E-1	6.7E-2	2.2E-4	1.3E-1	4.4E+0
58	2.2E-4	2.1E+0	1.1E-1	6.7E-2	2.2E-4	1.3E-1	4.4E+0
59	2.2E-4	2.1E+0	1.1E-1	6.7E-2	2.2E-4	1.3E-1	4.4E+0
60	2.2E-4	2.1E+0	1.2E-1	6.7E-2	2.2E-4	1.3E-1	4.4E+0
61	2.2E-4	2.1E+0	1.2E-1	6.7E-2	2.2E-4	1.3E-1	4.4E+0
62	2.2E-4	2.1E+0	1.2E-1	6.8E-2	2.2E-4	1.3E-1	4.4E+0
63	2.2E-4	2.1E+0	1.2E-1	6.8E-2	2.2E-4	1.3E-1	4.4E+0
64	2.2E-4	2.1E+0	1.2E-1	6.8E-2	2.2E-4	1.3E-1	4.4E+0
65	2.2E-4	2.1E+0	1.2E-1	6.8E-2	2.2E-4	1.3E-1	4.4E+0
66	2.2E-4	2.1E+0	1.2E-1	6.9E-2	2.2E-4	1.3E-1	4.4E+0
67	2.2E-4	2.1E+0	1.2E-1	6.9E-2	2.2E-4	1.3E-1	4.4E+0
68	2.2E-4	2.1E+0	1.2E-1	6.9E-2	2.2E-4	1.3E-1	4.4E+0
69	2.2E-4	2.2E+0	1.2E-1	6.9E-2	2.2E-4	1.3E-1	4.4E+0
70	2.2E-4	2.2E+0	1.2E-1	6.9E-2	2.2E-4	1.3E-1	4.4E+0
71	2.2E-4	2.2E+0	1.2E-1	7.0E-2	2.2E-4	1.3E-1	4.3E+0
72	2.2E-4	2.2E+0	1.2E-1	7.0E-2	2.2E-4	1.3E-1	4.3E+0
73	2.2E-4	2.2E+0	1.2E-1	7.0E-2	2.2E-4	1.3E-1	4.3E+0
74	2.2E-4	2.2E+0	1.2E-1	7.0E-2	2.3E-4	1.3E-1	4.3E+0
75	2.2E-4	2.2E+0	1.2E-1	7.0E-2	2.3E-4	1.3E-1	4.3E+0
76	2.2E-4	2.2E+0	1.2E-1	7.1E-2	2.3E-4	1.3E-1	4.3E+0
77	2.3E-4	2.2E+0	1.2E-1	7.1E-2	2.3E-4	1.3E-1	4.3E+0
78	2.3E-4	2.2E+0	1.2E-1	7.1E-2	2.3E-4	1.3E-1	4.3E+0
79	2.3E-4	2.2E+0	1.2E-1	7.1E-2	2.3E-4	1.3E-1	4.3E+0
80	2.3E-4	2.2E+0	1.2E-1	7.2E-2	2.3E-4	1.3E-1	4.3E+0
81	2.3E-4	2.2E+0	1.2E-1	7.2E-2	2.3E-4	1.3E-1	4.3E+0
82	2.3E-4	2.2E+0	1.2E-1	7.2E-2	2.3E-4	1.3E-1	4.3E+0
83	2.3E-4	2.3E+0	1.2E-1	7.2E-2	2.3E-4	1.3E-1	4.3E+0
84	2.3E-4	2.3E+0	1.2E-1	7.2E-2	2.3E-4	1.3E-1	4.3E+0
85	2.3E-4	2.3E+0	1.2E-1	7.3E-2	2.3E-4	1.3E-1	4.3E+0
86	2.3E-4	2.3E+0	1.3E-1	7.3E-2	2.3E-4	1.3E-1	4.3E+0
87	2.3E-4	2.3E+0	1.3E-1	7.3E-2	2.3E-4	1.3E-1	4.3E+0
88	2.3E-4	2.3E+0	1.3E-1	7.3E-2	2.3E-4	1.3E-1	4.3E+0
89	2.3E-4	2.3E+0	1.3E-1	7.4E-2	2.3E-4	1.3E-1	4.3E+0
90	2.3E-4	2.3E+0	1.3E-1	7.4E-2	2.3E-4	1.3E-1	4.3E+0
91	2.3E-4	2.3E+0	1.3E-1	7.4E-2	2.3E-4	1.3E-1	4.2E+0
92	2.3E-4	2.3E+0	1.3E-1	7.4E-2	2.3E-4	1.3E-1	4.2E+0
93	2.3E-4	2.3E+0	1.3E-1	7.5E-2	2.3E-4	1.3E-1	4.2E+0
94	2.3E-4	2.3E+0	1.3E-1	7.5E-2	2.3E-4	1.3E-1	4.2E+0
95	2.3E-4	2.3E+0	1.3E-1	7.5E-2	2.3E-4	1.3E-1	4.2E+0
96	2.3E-4	2.3E+0	1.3E-1	7.5E-2	2.3E-4	1.3E-1	4.2E+0
97	2.3E-4	2.3E+0	1.3E-1	7.5E-2	2.4E-4	1.3E-1	4.2E+0
98	2.3E-4	2.3E+0	1.3E-1	7.6E-2	2.4E-4	1.3E-1	4.2E+0
99	2.3E-4	2.3E+0	1.3E-1	7.6E-2	2.4E-4	1.3E-1	4.2E+0
100	2.4E-4	2.4E+0	1.3E-1	7.6E-2	2.4E-4	1.3E-1	4.2E+0
110	2.4E-4	2.4E+0	1.3E-1	7.9E-2	2.4E-4	1.3E-1	4.1E+0
120	2.4E-4	2.5E+0	1.4E-1	8.1E-2	2.5E-4	1.3E-1	4.1E+0
130	2.5E-4	2.5E+0	1.4E-1	8.4E-2	2.5E-4	1.3E-1	4.0E+0
140	2.5E-4	2.6E+0	1.5E-1	8.6E-2	2.5E-4	1.3E-1	4.0E+0
150	2.6E-4	2.6E+0	1.5E-1	8.9E-2	2.6E-4	1.3E-1	3.9E+0
160	2.6E-4	2.7E+0	1.6E-1	9.2E-2	2.6E-4	1.2E-1	3.9E+0
170	2.7E-4	2.7E+0	1.6E-1	9.5E-2	2.7E-4	1.2E-1	3.8E+0
180	2.7E-4	2.8E+0	1.7E-1	9.8E-2	2.7E-4	1.2E-1	3.8E+0
190	2.8E-4	2.8E+0	1.7E-1	1.0E-1	2.8E-4	1.2E-1	3.7E+0
200	2.8E-4	2.9E+0	1.8E-1	1.0E-1	2.8E-4	1.2E-1	3.7E+0
210	2.9E-4	2.9E+0	1.8E-1	1.1E-1	2.9E-4	1.2E-1	3.6E+0
220	2.9E-4	3.0E+0	1.9E-1	1.1E-1	2.9E-4	1.2E-1	3.6E+0
230	3.0E-4	3.0E+0	2.0E-1	1.1E-1	3.0E-4	1.2E-1	3.5E+0
240	3.0E-4	3.1E+0	2.0E-1	1.2E-1	3.0E-4	1.2E-1	3.5E+0
250	3.1E-4	3.1E+0	2.1E-1	1.2E-1	3.1E-4	1.2E-1	3.5E+0
260	3.1E-4	3.2E+0	2.1E-1	1.2E-1	3.1E-4	1.2E-1	3.4E+0
270	3.1E-4	3.2E+0	2.2E-1	1.3E-1	3.2E-4	1.1E-1	3.4E+0
280	3.2E-4	3.3E+0	2.3E-1	1.3E-1	3.2E-4	1.1E-1	3.4E+0
290	3.2E-4	3.3E+0	2.4E-1	1.4E-1	3.3E-4	1.1E-1	3.3E+0
300	3.3E-4	3.4E+0	2.4E-1	1.4E-1	3.3E-4	1.1E-1	3.3E+0
310	3.3E-4	3.4E+0	2.5E-1	1.5E-1	3.4E-4	1.1E-1	3.3E+0
320	3.4E-4	3.5E+0	2.6E-1	1.5E-1	3.4E-4	1.1E-1	3.2E+0
330	3.4E-4	3.5E+0	2.7E-1	1.6E-1	3.5E-4	1.1E-1	3.2E+0
340	3.5E-4	3.6E+0	2.7E-1	1.6E-1	3.5E-4	1.1E-1	3.2E+0
350	3.5E-4	3.6E+0	2.8E-1	1.6E-1	3.6E-4	1.1E-1	3.2E+0
360	3.6E-4	3.7E+0	2.9E-1	1.7E-1	3.6E-4	1.1E-1	3.1E+0
365	3.6E-4	3.7E+0	3.0E-1	1.7E-1	3.6E-4	1.1E-1	3.1E+0
370	3.6E-4	3.7E+0	3.0E-1	1.8E-1	3.6E-4	1.1E-1	3.1E+0
380	3.7E-4	3.8E+0	3.1E-1	1.8E-1	3.7E-4	1.1E-1	3.1E+0
390	3.7E-4	3.8E+0	3.2E-1	1.9E-1	3.7E-4	1.1E-1	3.1E+0
400	3.8E-4	3.9E+0	3.3E-1	1.9E-1	3.8E-4	1.0E-1	3.0E+0
410	3.8E-4	3.9E+0	3.4E-1	2.0E-1	3.8E-4	1.0E-1	3.0E+0
420	3.9E-4	4.0E+0	3.5E-1	2.0E-1	3.9E-4	1.0E-1	3.0E+0
430	3.9E-4	4.0E+0	3.6E-1	2.1E-1	3.9E-4	1.0E-1	3.0E+0
440	3.9E-4	4.1E+0	3.7E-1	2.2E-1	4.0E-4	1.0E-1	3.0E+0
450	4.0E-4	4.1E+0	3.9E-1	2.2E-1	4.0E-4	1.0E-1	2.9E+0
460	4.0E-4	4.2E+0	4.0E-1	2.3E-1	4.1E-4	1.0E-1	2.9E+0
470	4.1E-4	4.2E+0	4.1E-1	2.4E-1	4.1E-4	1.0E-1	2.9E+0
480	4.1E-4	4.3E+0	4.2E-1	2.5E-1	4.2E-4	1.0E-1	2.9E+0
490	4.2E-4	4.3E+0	4.4E-1	2.5E-1	4.2E-4	1.0E-1	2.9E+0
500	4.2E-4	4.4E+0	4.5E-1	2.6E-1	4.2E-4	9.9E-2	2.8E+0
510	4.3E-4	4.4E+0	4.7E-1	2.7E-1	4.3E-4	9.9E-2	2.8E+0
520	4.3E-4	4.4E+0	4.8E-1	2.8E-1	4.3E-4	9.8E-2	2.8E+0
530	4.3E-4	4.5E+0	5.0E-1	2.9E-1	4.4E-4	9.8E-2	2.8E+0
540	4.4E-4	4.5E+0	5.1E-1	3.0E-1	4.4E-4	9.7E-2	2.8E+0
550	4.4E-4	4.6E+0	5.3E-1	3.1E-1	4.5E-4	9.7E-2	2.8E+0
560	4.5E-4	4.6E+0	5.4E-1	3.1E-1	4.5E-4	9.6E-2	2.8E+0
570	4.5E-4	4.7E+0	5.6E-1	3.2E-1	4.5E-4	9.6E-2	2.7E+0
580	4.5E-4	4.7E+0	5.8E-1	3.3E-1	4.6E-4	9.6E-2	2.7E+0
590	4.6E-4	4.7E+0	6.0E-1	3.4E-1	4.6E-4	9.5E-2	2.7E+0
600	4.6E-4	4.8E+0	6.1E-1	3.6E-1	4.7E-4	9.5E-2	2.7E+0
610	4.7E-4	4.8E+0	6.3E-1	3.7E-1	4.7E-4	9.4E-2	2.7E+0
620	4.7E-4	4.9E+0	6.5E-1	3.8E-1	4.7E-4	9.4E-2	2.7E+0
630	4.7E-4	4.9E+0	6.7E-1	3.9E-1	4.8E-4	9.4E-2	2.7E+0
640	4.8E-4	4.9E+0	7.0E-1	4.0E-1	4.8E-4	9.3E-2	2.6E+0
650	4.8E-4	5.0E+0	7.2E-1	4.1E-1	4.9E-4	9.3E-2	2.6E+0
660	4.9E-4	5.0E+0	7.4E-1	4.3E-1	4.9E-4	9.2E-2	2.6E+0
670	4.9E-4	5.1E+0	7.6E-1	4.4E-1	4.9E-4	9.2E-2	2.6E+0
680	4.9E-4	5.1E+0	7.9E-1	4.5E-1	5.0E-4	9.2E-2	2.6E+0
690	5.0E-4	5.1E+0	8.1E-1	4.7E-1	5.0E-4	9.1E-2	2.6E+0
700	5.0E-4	5.2E+0	8.4E-1	4.8E-1	5.0E-4	9.1E-2	2.6E+0
710	5.0E-4	5.2E+0	8.6E-1	5.0E-1	5.1E-4	9.1E-2	2.6E+0
720	5.1E-4	5.2E+0	8.9E-1	5.1E-1	5.1E-4	9.0E-2	2.5E+0
730	5.1E-4	5.3E+0	9.2E-1	5.3E-1	5.1E-4	9.0E-2	2.5E+0
740	5.1E-4	5.3E+0	9.5E-1	5.5E-1	5.2E-4	9.0E-2	2.5E+0
750	5.2E-4	5.3E+0	9.8E-1	5.6E-1	5.2E-4	8.9E-2	2.5E+0
760	5.2E-4	5.4E+0	1.0E+0	5.8E-1	5.2E-4	8.9E-2	2.5E+0
770	5.2E-4	5.4E+0	1.0E+0	6.0E-1	5.3E-4	8.9E-2	2.5E+0
780	5.3E-4	5.4E+0	1.1E+0	6.2E-1	5.3E-4	8.9E-2	2.5E+0
790	5.3E-4	5.5E+0	1.1E+0	6.3E-1	5.3E-4	8.8E-2	2.5E+0
800	5.3E-4	5.5E+0	1.1E+0	6.5E-1	5.4E-4	8.8E-2	2.5E+0
810	5.3E-4	5.5E+0	1.2E+0	6.7E-1	5.4E-4	8.8E-2	2.4E+0
820	5.4E-4	5.6E+0	1.2E+0	6.9E-1	5.4E-4	8.7E-2	2.4E+0
830	5.4E-4	5.6E+0	1.3E+0	7.2E-1	5.5E-4	8.7E-2	2.4E+0
840	5.4E-4	5.6E+0	1.3E+0	7.4E-1	5.5E-4	8.7E-2	2.4E+0
850	5.5E-4	5.7E+0	1.3E+0	7.6E-1	5.5E-4	8.7E-2	2.4E+0
860	5.5E-4	5.7E+0	1.4E+0	7.8E-1	5.5E-4	8.6E-2	2.4E+0
870	5.5E-4	5.7E+0	1.4E+0	8.1E-1	5.6E-4	8.6E-2	2.4E+0
880	5.5E-4	5.7E+0	1.5E+0	8.3E-1	5.6E-4	8.6E-2	2.4E+0
890	5.6E-4	5.8E+0	1.5E+0	8.6E-1	5.6E-4	8.6E-2	2.4E+0
900	5.6E-4	5.8E+0	1.6E+0	8.8E-1	5.6E-4	8.5E-2	2.4E+0
910	5.6E-4	5.8E+0	1.6E+0	9.1E-1	5.7E-4	8.5E-2	2.4E+0
920	5.6E-4	5.9E+0	1.7E+0	9.4E-1	5.7E-4	8.5E-2	2.3E+0
930	5.7E-4	5.9E+0	1.7E+0	9.7E-1	5.7E-4	8.5E-2	2.3E+0
940	5.7E-4	5.9E+0	1.8E+0	1.0E+0	5.7E-4	8.4E-2	2.3E+0
950	5.7E-4	5.9E+0	1.8E+0	1.0E+0	5.8E-4	8.4E-2	2.3E+0
960	5.7E-4	6.0E+0	1.9E+0	1.1E+0	5.8E-4	8.4E-2	2.3E+0
970	5.8E-4	6.0E+0	1.9E+0	1.1E+0	5.8E-4	8.4E-2	2.3E+0
980	5.8E-4	6.0E+0	2.0E+0	1.1E+0	5.8E-4	8.3E-2	2.3E+0
990	5.8E-4	6.0E+0	2.1E+0	1.2E+0	5.9E-4	8.3E-2	2.3E+0
1000	5.8E-4	6.0E+0	2.1E+0	1.2E+0	5.9E-4	8.3E-2	2.3E+0
1010	5.8E-4	6.1E+0	2.2E+0	1.2E+0	5.9E-4	8.3E-2	2.3E+0
1020	5.9E-4	6.1E+0	2.3E+0	1.3E+0	5.9E-4	8.3E-2	2.3E+0
1030	5.9E-4	6.1E+0	2.3E+0	1.3E+0	5.9E-4	8.2E-2	2.3E+0
1040	5.9E-4	6.1E+0	2.4E+0	1.3E+0	6.0E-4	8.2E-2	2.3E+0
1050	5.9E-4	6.2E+0	2.5E+0	1.4E+0	6.0E-4	8.2E-2	2.3E+0
1060	5.9E-4	6.2E+0	2.6E+0	1.4E+0	6.0E-4	8.2E-2	2.2E+0
1070	6.0E-4	6.2E+0	2.6E+0	1.5E+0	6.0E-4	8.1E-2	2.2E+0
1080	6.0E-4	6.2E+0	2.7E+0	1.5E+0	6.0E-4	8.1E-2	2.2E+0
1090	6.0E-4	6.2E+0	2.8E+0	1.5E+0	6.1E-4	8.1E-2	2.2E+0
1095	6.0E-4	6.2E+0	2.8E+0	1.6E+0	6.1E-4	8.1E-2	2.2E+0
1100	6.0E-4	6.3E+0	2.9E+0	1.6E+0	6.1E-4	8.1E-2	2.2E+0
1200	6.2E-4	6.4E+0	3.9E+0	2.1E+0	6.3E-4	7.9E-2	2.2E+0
1300	6.3E-4	6.6E+0	5.4E+0	2.8E+0	6.4E-4	7.7E-2	2.1E+0
1400	6.5E-4	6.7E+0	7.3E+0	3.7E+0	6.5E-4	7.6E-2	2.0E+0
1500	6.6E-4	6.8E+0	9.9E+0	4.7E+0	6.7E-4	7.4E-2	2.0E+0
1600	6.7E-4	6.9E+0	1.3E+1	6.0E+0	6.8E-4	7.3E-2	2.0E+0
1700	6.8E-4	7.0E+0	1.8E+1	7.4E+0	6.9E-4	7.2E-2	1.9E+0
1800	6.9E-4	7.1E+0	2.5E+1	8.9E+0	7.0E-4	7.1E-2	1.9E+0
1900	6.9E-4	7.2E+0	3.4E+1	1.1E+1	7.0E-4	7.0E-2	1.8E+0
2000	7.0E-4	7.3E+0	4.5E+1	1.2E+1	7.1E-4	6.9E-2	1.8E+0
2100	7.1E-4	7.4E+0	6.1E+1	1.4E+1	7.2E-4	6.8E-2	1.8E+0
2200	7.2E-4	7.4E+0	8.1E+1	1.5E+1	7.3E-4	6.7E-2	1.8E+0
2300	7.3E-4	7.5E+0	1.1E+2	1.6E+1	7.4E-4	6.6E-2	1.7E+0
2400	7.3E-4	7.6E+0	1.4E+2	1.7E+1	7.4E-4	6.6E-2	1.7E+0
2500	7.4E-4	7.7E+0	1.9E+2	1.7E+1	7.5E-4	6.5E-2	1.7E+0
2600	7.5E-4	7.8E+0	2.4E+2	1.7E+1	7.6E-4	6.4E-2	1.7E+0
2700	7.6E-4	7.8E+0	3.1E+2	1.8E+1	7.7E-4	6.4E-2	1.7E+0
2800	7.6E-4	7.9E+0	3.8E+2	1.8E+1	7.8E-4	6.3E-2	1.6E+0
2900	7.7E-4	8.0E+0	4.7E+2	1.8E+1	7.8E-4	6.3E-2	1.6E+0
3000	7.8E-4	8.1E+0	5.6E+2	1.8E+1	7.9E-4	6.2E-2	1.6E+0
3100	7.9E-4	8.1E+0	6.6E+2	1.7E+1	8.0E-4	6.2E-2	1.6E+0
3200	7.9E-4	8.2E+0	7.6E+2	1.7E+1	8.1E-4	6.1E-2	1.6E+0
3300	8.0E-4	8.3E+0	8.5E+2	1.7E+1	8.2E-4	6.1E-2	1.6E+0
3400	8.1E-4	8.4E+0	9.4E+2	1.7E+1	8.2E-4	6.0E-2	1.6E+0
3500	8.2E-4	8.5E+0	1.0E+3	1.7E+1	8.3E-4	6.0E-2	1.5E+0
3600	8.2E-4	8.5E+0	1.1E+3	1.7E+1	8.4E-4	6.0E-2	1.5E+0
3650	8.3E-4	8.6E+0	1.1E+3	1.7E+1	8.4E-4	6.0E-2	1.5E+0
4000	8.6E-4	8.9E+0	1.3E+3	1.6E+1	8.7E-4	5.8E-2	1.5E+0
5000	9.5E-4	9.8E+0	1.5E+3	1.4E+1	9.7E-4	5.6E-2	1.4E+0
6000	1.0E-3	1.1E+1	1.6E+3	1.3E+1	1.1E-3	5.5E-2	1.4E+0
7000	1.1E-3	1.2E+1	1.8E+3	1.2E+1	1.2E-3	5.5E-2	1.4E+0
8000	1.3E-3	1.3E+1	2.0E+3	1.2E+1	1.3E-3	5.5E-2	1.5E+0
9000	1.4E-3	1.4E+1	2.2E+3	1.1E+1	1.4E-3	5.6E-2	1.5E+0
10000	1.5E-3	1.6E+1	2.4E+3	1.1E+1	1.6E-3	5.7E-2	1.6E+0
11000	1.7E-3	1.8E+1	2.6E+3	1.1E+1	1.8E-3	5.8E-2	1.7E+0
12000	1.9E-3	1.9E+1	2.9E+3	1.0E+1	1.9E-3	6.0E-2	1.8E+0
13000	2.1E-3	2.1E+1	3.2E+3	1.0E+1	2.2E-3	6.2E-2	1.9E+0
14000	2.3E-3	2.4E+1	3.6E+3	1.0E+1	2.4E-3	6.4E-2	2.0E+0
15000	2.5E-3	2.6E+1	3.9E+3	9.9E+0	2.6E-3	6.7E-2	2.2E+0
16000	2.7E-3	2.9E+1	4.3E+3	9.8E+0	2.9E-3	6.9E-2	2.3E+0
17000	3.0E-3	3.2E+1	4.8E+3	9.8E+0	3.2E-3	7.2E-2	2.5E+0
18000	3.3E-3	3.5E+1	5.3E+3	9.7E+0	3.5E-3	7.6E-2	2.7E+0
18250	3.4E-3	3.6E+1	5.4E+3	9.7E+0	3.6E-3	7.6E-2	2.8E+0
Radionuclide	U-235
Route of Intake	Inhalation
Material	Aerosols Type S, fA=2E-4
AMTD/AMAD, µm	0.03

Committed Effective Dose per Predicted Content in an Organ or Excreta Sample (Dose per Content Functions z(t)), Sv/Bq
Time, days	Whole Body	Urine (24-hour sample)	Faeces (24-hour sample)	Alimentary Tract*	Lungs*	Skeleton*	Liver*
0.041667	1.3E-4	-	-	2.1E-3	1.5E-4	1.4E+0	2.1E+0
0.083333	1.3E-4	-	-	1.8E-3	1.5E-4	6.7E-1	1.6E+0
0.125	1.3E-4	-	-	1.6E-3	1.5E-4	4.4E-1	1.4E+0
0.25	1.3E-4	-	-	1.3E-3	1.5E-4	2.3E-1	1.2E+0
0.375	1.3E-4	-	-	1.1E-3	1.5E-4	1.7E-1	1.1E+0
0.5	1.3E-4	-	-	1.0E-3	1.5E-4	1.4E-1	1.0E+0
0.625	1.3E-4	-	-	9.6E-4	1.6E-4	1.3E-1	1.0E+0
0.75	1.3E-4	-	-	9.4E-4	1.6E-4	1.2E-1	1.0E+0
0.875	1.3E-4	-	-	9.3E-4	1.6E-4	1.1E-1	1.0E+0
1	1.3E-4	2.6E-2	6.1E-3	9.3E-4	1.6E-4	1.1E-1	9.9E-1
1.125	1.3E-4	-	-	9.5E-4	1.6E-4	1.1E-1	1.0E+0
1.25	1.4E-4	-	-	9.8E-4	1.6E-4	1.1E-1	1.0E+0
1.375	1.4E-4	-	-	1.0E-3	1.6E-4	1.1E-1	1.0E+0
1.5	1.4E-4	-	-	1.1E-3	1.6E-4	1.1E-1	1.0E+0
1.625	1.4E-4	-	-	1.1E-3	1.6E-4	1.1E-1	1.0E+0
1.75	1.4E-4	-	-	1.2E-3	1.6E-4	1.1E-1	1.0E+0
1.875	1.4E-4	-	-	1.3E-3	1.6E-4	1.1E-1	1.0E+0
2	1.4E-4	1.8E-1	1.7E-3	1.3E-3	1.6E-4	1.1E-1	1.1E+0
2.25	1.5E-4	-	-	1.5E-3	1.6E-4	1.1E-1	1.1E+0
2.5	1.5E-4	-	-	1.7E-3	1.6E-4	1.1E-1	1.1E+0
2.75	1.5E-4	-	-	2.0E-3	1.7E-4	1.1E-1	1.1E+0
3	1.5E-4	5.3E-1	2.1E-3	2.2E-3	1.7E-4	1.1E-1	1.1E+0
3.25	1.6E-4	-	-	2.5E-3	1.7E-4	1.1E-1	1.2E+0
3.5	1.6E-4	-	-	2.8E-3	1.7E-4	1.1E-1	1.2E+0
3.75	1.6E-4	-	-	3.1E-3	1.7E-4	1.1E-1	1.2E+0
4	1.6E-4	6.4E-1	3.5E-3	3.4E-3	1.7E-4	1.1E-1	1.2E+0
4.25	1.6E-4	-	-	3.6E-3	1.7E-4	1.1E-1	1.2E+0
4.5	1.6E-4	-	-	3.9E-3	1.7E-4	1.1E-1	1.3E+0
4.75	1.7E-4	-	-	4.2E-3	1.7E-4	1.2E-1	1.3E+0
5	1.7E-4	6.9E-1	5.4E-3	4.4E-3	1.7E-4	1.2E-1	1.3E+0
5.5	1.7E-4	-	-	5.0E-3	1.8E-4	1.2E-1	1.3E+0
6	1.7E-4	7.4E-1	7.3E-3	5.5E-3	1.8E-4	1.2E-1	1.4E+0
6.5	1.7E-4	-	-	6.0E-3	1.8E-4	1.2E-1	1.4E+0
7	1.7E-4	7.9E-1	9.2E-3	6.6E-3	1.8E-4	1.2E-1	1.5E+0
7.5	1.8E-4	-	-	7.2E-3	1.8E-4	1.2E-1	1.5E+0
8	1.8E-4	8.3E-1	1.1E-2	7.9E-3	1.8E-4	1.3E-1	1.6E+0
8.5	1.8E-4	-	-	8.6E-3	1.8E-4	1.3E-1	1.6E+0
9	1.8E-4	8.8E-1	1.3E-2	9.4E-3	1.8E-4	1.3E-1	1.7E+0
9.5	1.8E-4	-	-	1.0E-2	1.8E-4	1.3E-1	1.7E+0
10	1.8E-4	9.3E-1	1.6E-2	1.1E-2	1.8E-4	1.3E-1	1.8E+0
11	1.8E-4	9.7E-1	1.8E-2	1.3E-2	1.9E-4	1.3E-1	1.9E+0
12	1.8E-4	1.0E+0	2.2E-2	1.5E-2	1.9E-4	1.3E-1	2.0E+0
13	1.9E-4	1.1E+0	2.5E-2	1.7E-2	1.9E-4	1.3E-1	2.1E+0
14	1.9E-4	1.1E+0	2.9E-2	2.0E-2	1.9E-4	1.4E-1	2.2E+0
15	1.9E-4	1.2E+0	3.3E-2	2.2E-2	1.9E-4	1.4E-1	2.3E+0
16	1.9E-4	1.2E+0	3.8E-2	2.5E-2	1.9E-4	1.4E-1	2.4E+0
17	1.9E-4	1.2E+0	4.3E-2	2.8E-2	1.9E-4	1.4E-1	2.5E+0
18	1.9E-4	1.3E+0	4.8E-2	3.1E-2	1.9E-4	1.4E-1	2.6E+0
19	1.9E-4	1.3E+0	5.3E-2	3.4E-2	1.9E-4	1.4E-1	2.7E+0
20	1.9E-4	1.4E+0	5.8E-2	3.7E-2	1.9E-4	1.4E-1	2.8E+0
21	1.9E-4	1.4E+0	6.2E-2	3.9E-2	1.9E-4	1.4E-1	2.9E+0
22	1.9E-4	1.4E+0	6.7E-2	4.2E-2	2.0E-4	1.4E-1	3.0E+0
23	1.9E-4	1.5E+0	7.1E-2	4.4E-2	2.0E-4	1.4E-1	3.1E+0
24	1.9E-4	1.5E+0	7.5E-2	4.6E-2	2.0E-4	1.4E-1	3.2E+0
25	2.0E-4	1.5E+0	7.9E-2	4.8E-2	2.0E-4	1.4E-1	3.3E+0
26	2.0E-4	1.5E+0	8.2E-2	5.0E-2	2.0E-4	1.4E-1	3.4E+0
27	2.0E-4	1.6E+0	8.5E-2	5.1E-2	2.0E-4	1.4E-1	3.5E+0
28	2.0E-4	1.6E+0	8.8E-2	5.3E-2	2.0E-4	1.4E-1	3.6E+0
29	2.0E-4	1.6E+0	9.0E-2	5.4E-2	2.0E-4	1.4E-1	3.7E+0
30	2.0E-4	1.7E+0	9.2E-2	5.5E-2	2.0E-4	1.4E-1	3.7E+0
31	2.0E-4	1.7E+0	9.4E-2	5.6E-2	2.0E-4	1.4E-1	3.8E+0
32	2.0E-4	1.7E+0	9.6E-2	5.6E-2	2.0E-4	1.4E-1	3.9E+0
33	2.0E-4	1.7E+0	9.7E-2	5.7E-2	2.0E-4	1.4E-1	3.9E+0
34	2.0E-4	1.7E+0	9.8E-2	5.8E-2	2.0E-4	1.4E-1	4.0E+0
35	2.0E-4	1.8E+0	9.9E-2	5.8E-2	2.0E-4	1.4E-1	4.0E+0
36	2.0E-4	1.8E+0	1.0E-1	5.9E-2	2.0E-4	1.4E-1	4.1E+0
37	2.0E-4	1.8E+0	1.0E-1	5.9E-2	2.0E-4	1.4E-1	4.1E+0
38	2.0E-4	1.8E+0	1.0E-1	6.0E-2	2.0E-4	1.4E-1	4.2E+0
39	2.0E-4	1.8E+0	1.0E-1	6.0E-2	2.0E-4	1.4E-1	4.2E+0
40	2.0E-4	1.8E+0	1.0E-1	6.0E-2	2.0E-4	1.4E-1	4.2E+0
41	2.0E-4	1.9E+0	1.0E-1	6.1E-2	2.0E-4	1.4E-1	4.3E+0
42	2.0E-4	1.9E+0	1.0E-1	6.1E-2	2.0E-4	1.4E-1	4.3E+0
43	2.0E-4	1.9E+0	1.0E-1	6.1E-2	2.0E-4	1.4E-1	4.3E+0
44	2.0E-4	1.9E+0	1.1E-1	6.1E-2	2.0E-4	1.4E-1	4.4E+0
45	2.0E-4	1.9E+0	1.1E-1	6.2E-2	2.1E-4	1.4E-1	4.4E+0
46	2.0E-4	1.9E+0	1.1E-1	6.2E-2	2.1E-4	1.4E-1	4.4E+0
47	2.0E-4	1.9E+0	1.1E-1	6.2E-2	2.1E-4	1.4E-1	4.4E+0
48	2.1E-4	1.9E+0	1.1E-1	6.2E-2	2.1E-4	1.4E-1	4.4E+0
49	2.1E-4	1.9E+0	1.1E-1	6.3E-2	2.1E-4	1.4E-1	4.4E+0
50	2.1E-4	2.0E+0	1.1E-1	6.3E-2	2.1E-4	1.4E-1	4.4E+0
51	2.1E-4	2.0E+0	1.1E-1	6.3E-2	2.1E-4	1.4E-1	4.5E+0
52	2.1E-4	2.0E+0	1.1E-1	6.3E-2	2.1E-4	1.4E-1	4.5E+0
53	2.1E-4	2.0E+0	1.1E-1	6.3E-2	2.1E-4	1.4E-1	4.5E+0
54	2.1E-4	2.0E+0	1.1E-1	6.4E-2	2.1E-4	1.4E-1	4.5E+0
55	2.1E-4	2.0E+0	1.1E-1	6.4E-2	2.1E-4	1.4E-1	4.5E+0
56	2.1E-4	2.0E+0	1.1E-1	6.4E-2	2.1E-4	1.4E-1	4.5E+0
57	2.1E-4	2.0E+0	1.1E-1	6.4E-2	2.1E-4	1.4E-1	4.5E+0
58	2.1E-4	2.0E+0	1.1E-1	6.4E-2	2.1E-4	1.4E-1	4.5E+0
59	2.1E-4	2.0E+0	1.1E-1	6.5E-2	2.1E-4	1.4E-1	4.5E+0
60	2.1E-4	2.0E+0	1.1E-1	6.5E-2	2.1E-4	1.4E-1	4.5E+0
61	2.1E-4	2.1E+0	1.1E-1	6.5E-2	2.1E-4	1.4E-1	4.5E+0
62	2.1E-4	2.1E+0	1.1E-1	6.5E-2	2.1E-4	1.4E-1	4.5E+0
63	2.1E-4	2.1E+0	1.1E-1	6.6E-2	2.1E-4	1.4E-1	4.5E+0
64	2.1E-4	2.1E+0	1.1E-1	6.6E-2	2.1E-4	1.4E-1	4.5E+0
65	2.1E-4	2.1E+0	1.1E-1	6.6E-2	2.1E-4	1.4E-1	4.5E+0
66	2.1E-4	2.1E+0	1.1E-1	6.6E-2	2.1E-4	1.4E-1	4.5E+0
67	2.1E-4	2.1E+0	1.1E-1	6.6E-2	2.1E-4	1.4E-1	4.5E+0
68	2.1E-4	2.1E+0	1.1E-1	6.7E-2	2.1E-4	1.4E-1	4.5E+0
69	2.1E-4	2.1E+0	1.1E-1	6.7E-2	2.2E-4	1.4E-1	4.5E+0
70	2.1E-4	2.1E+0	1.1E-1	6.7E-2	2.2E-4	1.4E-1	4.5E+0
71	2.1E-4	2.1E+0	1.2E-1	6.7E-2	2.2E-4	1.4E-1	4.5E+0
72	2.2E-4	2.1E+0	1.2E-1	6.7E-2	2.2E-4	1.4E-1	4.4E+0
73	2.2E-4	2.1E+0	1.2E-1	6.8E-2	2.2E-4	1.4E-1	4.4E+0
74	2.2E-4	2.1E+0	1.2E-1	6.8E-2	2.2E-4	1.4E-1	4.4E+0
75	2.2E-4	2.1E+0	1.2E-1	6.8E-2	2.2E-4	1.4E-1	4.4E+0
76	2.2E-4	2.2E+0	1.2E-1	6.8E-2	2.2E-4	1.4E-1	4.4E+0
77	2.2E-4	2.2E+0	1.2E-1	6.8E-2	2.2E-4	1.4E-1	4.4E+0
78	2.2E-4	2.2E+0	1.2E-1	6.9E-2	2.2E-4	1.4E-1	4.4E+0
79	2.2E-4	2.2E+0	1.2E-1	6.9E-2	2.2E-4	1.4E-1	4.4E+0
80	2.2E-4	2.2E+0	1.2E-1	6.9E-2	2.2E-4	1.4E-1	4.4E+0
81	2.2E-4	2.2E+0	1.2E-1	6.9E-2	2.2E-4	1.4E-1	4.4E+0
82	2.2E-4	2.2E+0	1.2E-1	7.0E-2	2.2E-4	1.4E-1	4.4E+0
83	2.2E-4	2.2E+0	1.2E-1	7.0E-2	2.2E-4	1.4E-1	4.4E+0
84	2.2E-4	2.2E+0	1.2E-1	7.0E-2	2.2E-4	1.4E-1	4.4E+0
85	2.2E-4	2.2E+0	1.2E-1	7.0E-2	2.2E-4	1.4E-1	4.4E+0
86	2.2E-4	2.2E+0	1.2E-1	7.0E-2	2.2E-4	1.4E-1	4.4E+0
87	2.2E-4	2.2E+0	1.2E-1	7.1E-2	2.2E-4	1.4E-1	4.4E+0
88	2.2E-4	2.2E+0	1.2E-1	7.1E-2	2.2E-4	1.4E-1	4.4E+0
89	2.2E-4	2.2E+0	1.2E-1	7.1E-2	2.2E-4	1.4E-1	4.3E+0
90	2.2E-4	2.2E+0	1.2E-1	7.1E-2	2.2E-4	1.4E-1	4.3E+0
91	2.2E-4	2.2E+0	1.2E-1	7.1E-2	2.2E-4	1.3E-1	4.3E+0
92	2.2E-4	2.2E+0	1.2E-1	7.2E-2	2.3E-4	1.3E-1	4.3E+0
93	2.2E-4	2.3E+0	1.2E-1	7.2E-2	2.3E-4	1.3E-1	4.3E+0
94	2.2E-4	2.3E+0	1.2E-1	7.2E-2	2.3E-4	1.3E-1	4.3E+0
95	2.3E-4	2.3E+0	1.2E-1	7.2E-2	2.3E-4	1.3E-1	4.3E+0
96	2.3E-4	2.3E+0	1.2E-1	7.3E-2	2.3E-4	1.3E-1	4.3E+0
97	2.3E-4	2.3E+0	1.2E-1	7.3E-2	2.3E-4	1.3E-1	4.3E+0
98	2.3E-4	2.3E+0	1.3E-1	7.3E-2	2.3E-4	1.3E-1	4.3E+0
99	2.3E-4	2.3E+0	1.3E-1	7.3E-2	2.3E-4	1.3E-1	4.3E+0
100	2.3E-4	2.3E+0	1.3E-1	7.3E-2	2.3E-4	1.3E-1	4.3E+0
110	2.3E-4	2.3E+0	1.3E-1	7.6E-2	2.3E-4	1.3E-1	4.2E+0
120	2.4E-4	2.4E+0	1.3E-1	7.8E-2	2.4E-4	1.3E-1	4.1E+0
130	2.4E-4	2.4E+0	1.4E-1	8.1E-2	2.4E-4	1.3E-1	4.1E+0
140	2.4E-4	2.5E+0	1.4E-1	8.3E-2	2.5E-4	1.3E-1	4.0E+0
150	2.5E-4	2.5E+0	1.5E-1	8.6E-2	2.5E-4	1.3E-1	4.0E+0
160	2.5E-4	2.6E+0	1.5E-1	8.8E-2	2.6E-4	1.3E-1	3.9E+0
170	2.6E-4	2.6E+0	1.6E-1	9.1E-2	2.6E-4	1.3E-1	3.9E+0
180	2.6E-4	2.7E+0	1.6E-1	9.4E-2	2.6E-4	1.2E-1	3.8E+0
190	2.7E-4	2.7E+0	1.7E-1	9.7E-2	2.7E-4	1.2E-1	3.8E+0
200	2.7E-4	2.8E+0	1.7E-1	1.0E-1	2.7E-4	1.2E-1	3.7E+0
210	2.8E-4	2.8E+0	1.8E-1	1.0E-1	2.8E-4	1.2E-1	3.7E+0
220	2.8E-4	2.9E+0	1.8E-1	1.1E-1	2.8E-4	1.2E-1	3.6E+0
230	2.9E-4	2.9E+0	1.9E-1	1.1E-1	2.9E-4	1.2E-1	3.6E+0
240	2.9E-4	3.0E+0	1.9E-1	1.1E-1	2.9E-4	1.2E-1	3.5E+0
250	2.9E-4	3.0E+0	2.0E-1	1.2E-1	3.0E-4	1.2E-1	3.5E+0
260	3.0E-4	3.1E+0	2.1E-1	1.2E-1	3.0E-4	1.2E-1	3.5E+0
270	3.0E-4	3.1E+0	2.1E-1	1.2E-1	3.1E-4	1.1E-1	3.4E+0
280	3.1E-4	3.2E+0	2.2E-1	1.3E-1	3.1E-4	1.1E-1	3.4E+0
290	3.1E-4	3.2E+0	2.3E-1	1.3E-1	3.2E-4	1.1E-1	3.4E+0
300	3.2E-4	3.3E+0	2.3E-1	1.4E-1	3.2E-4	1.1E-1	3.3E+0
310	3.2E-4	3.3E+0	2.4E-1	1.4E-1	3.2E-4	1.1E-1	3.3E+0
320	3.3E-4	3.4E+0	2.5E-1	1.5E-1	3.3E-4	1.1E-1	3.3E+0
330	3.3E-4	3.4E+0	2.6E-1	1.5E-1	3.3E-4	1.1E-1	3.2E+0
340	3.4E-4	3.5E+0	2.7E-1	1.5E-1	3.4E-4	1.1E-1	3.2E+0
350	3.4E-4	3.5E+0	2.7E-1	1.6E-1	3.4E-4	1.1E-1	3.2E+0
360	3.5E-4	3.6E+0	2.8E-1	1.6E-1	3.5E-4	1.1E-1	3.1E+0
365	3.5E-4	3.6E+0	2.9E-1	1.7E-1	3.5E-4	1.1E-1	3.1E+0
370	3.5E-4	3.6E+0	2.9E-1	1.7E-1	3.5E-4	1.1E-1	3.1E+0
380	3.5E-4	3.7E+0	3.0E-1	1.7E-1	3.6E-4	1.1E-1	3.1E+0
390	3.6E-4	3.7E+0	3.1E-1	1.8E-1	3.6E-4	1.1E-1	3.1E+0
400	3.6E-4	3.8E+0	3.2E-1	1.9E-1	3.7E-4	1.0E-1	3.0E+0
410	3.7E-4	3.8E+0	3.3E-1	1.9E-1	3.7E-4	1.0E-1	3.0E+0
420	3.7E-4	3.8E+0	3.4E-1	2.0E-1	3.7E-4	1.0E-1	3.0E+0
430	3.8E-4	3.9E+0	3.5E-1	2.0E-1	3.8E-4	1.0E-1	3.0E+0
440	3.8E-4	3.9E+0	3.6E-1	2.1E-1	3.8E-4	1.0E-1	3.0E+0
450	3.9E-4	4.0E+0	3.7E-1	2.2E-1	3.9E-4	1.0E-1	2.9E+0
460	3.9E-4	4.0E+0	3.8E-1	2.2E-1	3.9E-4	1.0E-1	2.9E+0
470	3.9E-4	4.1E+0	4.0E-1	2.3E-1	4.0E-4	1.0E-1	2.9E+0
480	4.0E-4	4.1E+0	4.1E-1	2.4E-1	4.0E-4	1.0E-1	2.9E+0
490	4.0E-4	4.2E+0	4.2E-1	2.4E-1	4.1E-4	9.9E-2	2.9E+0
500	4.1E-4	4.2E+0	4.4E-1	2.5E-1	4.1E-4	9.9E-2	2.8E+0
510	4.1E-4	4.2E+0	4.5E-1	2.6E-1	4.1E-4	9.8E-2	2.8E+0
520	4.2E-4	4.3E+0	4.6E-1	2.7E-1	4.2E-4	9.8E-2	2.8E+0
530	4.2E-4	4.3E+0	4.8E-1	2.8E-1	4.2E-4	9.7E-2	2.8E+0
540	4.2E-4	4.4E+0	4.9E-1	2.9E-1	4.3E-4	9.7E-2	2.8E+0
550	4.3E-4	4.4E+0	5.1E-1	2.9E-1	4.3E-4	9.6E-2	2.8E+0
560	4.3E-4	4.5E+0	5.2E-1	3.0E-1	4.3E-4	9.6E-2	2.7E+0
570	4.4E-4	4.5E+0	5.4E-1	3.1E-1	4.4E-4	9.5E-2	2.7E+0
580	4.4E-4	4.5E+0	5.6E-1	3.2E-1	4.4E-4	9.5E-2	2.7E+0
590	4.4E-4	4.6E+0	5.8E-1	3.3E-1	4.5E-4	9.5E-2	2.7E+0
600	4.5E-4	4.6E+0	5.9E-1	3.4E-1	4.5E-4	9.4E-2	2.7E+0
610	4.5E-4	4.7E+0	6.1E-1	3.5E-1	4.5E-4	9.4E-2	2.7E+0
620	4.5E-4	4.7E+0	6.3E-1	3.6E-1	4.6E-4	9.3E-2	2.7E+0
630	4.6E-4	4.7E+0	6.5E-1	3.8E-1	4.6E-4	9.3E-2	2.6E+0
640	4.6E-4	4.8E+0	6.7E-1	3.9E-1	4.7E-4	9.3E-2	2.6E+0
650	4.7E-4	4.8E+0	6.9E-1	4.0E-1	4.7E-4	9.2E-2	2.6E+0
660	4.7E-4	4.9E+0	7.1E-1	4.1E-1	4.7E-4	9.2E-2	2.6E+0
670	4.7E-4	4.9E+0	7.4E-1	4.2E-1	4.8E-4	9.1E-2	2.6E+0
680	4.8E-4	4.9E+0	7.6E-1	4.4E-1	4.8E-4	9.1E-2	2.6E+0
690	4.8E-4	5.0E+0	7.8E-1	4.5E-1	4.8E-4	9.1E-2	2.6E+0
700	4.8E-4	5.0E+0	8.1E-1	4.7E-1	4.9E-4	9.0E-2	2.5E+0
710	4.9E-4	5.0E+0	8.3E-1	4.8E-1	4.9E-4	9.0E-2	2.5E+0
720	4.9E-4	5.1E+0	8.6E-1	4.9E-1	4.9E-4	9.0E-2	2.5E+0
730	4.9E-4	5.1E+0	8.9E-1	5.1E-1	5.0E-4	8.9E-2	2.5E+0
740	5.0E-4	5.1E+0	9.2E-1	5.3E-1	5.0E-4	8.9E-2	2.5E+0
750	5.0E-4	5.2E+0	9.4E-1	5.4E-1	5.0E-4	8.9E-2	2.5E+0
760	5.0E-4	5.2E+0	9.7E-1	5.6E-1	5.1E-4	8.8E-2	2.5E+0
770	5.0E-4	5.2E+0	1.0E+0	5.8E-1	5.1E-4	8.8E-2	2.5E+0
780	5.1E-4	5.3E+0	1.0E+0	5.9E-1	5.1E-4	8.8E-2	2.5E+0
790	5.1E-4	5.3E+0	1.1E+0	6.1E-1	5.1E-4	8.7E-2	2.4E+0
800	5.1E-4	5.3E+0	1.1E+0	6.3E-1	5.2E-4	8.7E-2	2.4E+0
810	5.2E-4	5.4E+0	1.1E+0	6.5E-1	5.2E-4	8.7E-2	2.4E+0
820	5.2E-4	5.4E+0	1.2E+0	6.7E-1	5.2E-4	8.7E-2	2.4E+0
830	5.2E-4	5.4E+0	1.2E+0	6.9E-1	5.3E-4	8.6E-2	2.4E+0
840	5.2E-4	5.4E+0	1.2E+0	7.1E-1	5.3E-4	8.6E-2	2.4E+0
850	5.3E-4	5.5E+0	1.3E+0	7.3E-1	5.3E-4	8.6E-2	2.4E+0
860	5.3E-4	5.5E+0	1.3E+0	7.6E-1	5.3E-4	8.5E-2	2.4E+0
870	5.3E-4	5.5E+0	1.4E+0	7.8E-1	5.4E-4	8.5E-2	2.4E+0
880	5.4E-4	5.6E+0	1.4E+0	8.0E-1	5.4E-4	8.5E-2	2.4E+0
890	5.4E-4	5.6E+0	1.5E+0	8.3E-1	5.4E-4	8.5E-2	2.4E+0
900	5.4E-4	5.6E+0	1.5E+0	8.5E-1	5.5E-4	8.4E-2	2.3E+0
910	5.4E-4	5.6E+0	1.5E+0	8.8E-1	5.5E-4	8.4E-2	2.3E+0
920	5.5E-4	5.7E+0	1.6E+0	9.1E-1	5.5E-4	8.4E-2	2.3E+0
930	5.5E-4	5.7E+0	1.6E+0	9.3E-1	5.5E-4	8.4E-2	2.3E+0
940	5.5E-4	5.7E+0	1.7E+0	9.6E-1	5.5E-4	8.3E-2	2.3E+0
950	5.5E-4	5.7E+0	1.8E+0	9.9E-1	5.6E-4	8.3E-2	2.3E+0
960	5.5E-4	5.8E+0	1.8E+0	1.0E+0	5.6E-4	8.3E-2	2.3E+0
970	5.6E-4	5.8E+0	1.9E+0	1.1E+0	5.6E-4	8.3E-2	2.3E+0
980	5.6E-4	5.8E+0	1.9E+0	1.1E+0	5.6E-4	8.2E-2	2.3E+0
990	5.6E-4	5.8E+0	2.0E+0	1.1E+0	5.7E-4	8.2E-2	2.3E+0
1000	5.6E-4	5.8E+0	2.0E+0	1.1E+0	5.7E-4	8.2E-2	2.3E+0
1010	5.6E-4	5.9E+0	2.1E+0	1.2E+0	5.7E-4	8.2E-2	2.3E+0
1020	5.7E-4	5.9E+0	2.2E+0	1.2E+0	5.7E-4	8.2E-2	2.2E+0
1030	5.7E-4	5.9E+0	2.2E+0	1.3E+0	5.7E-4	8.1E-2	2.2E+0
1040	5.7E-4	5.9E+0	2.3E+0	1.3E+0	5.8E-4	8.1E-2	2.2E+0
1050	5.7E-4	5.9E+0	2.4E+0	1.3E+0	5.8E-4	8.1E-2	2.2E+0
1060	5.7E-4	6.0E+0	2.5E+0	1.4E+0	5.8E-4	8.1E-2	2.2E+0
1070	5.8E-4	6.0E+0	2.5E+0	1.4E+0	5.8E-4	8.0E-2	2.2E+0
1080	5.8E-4	6.0E+0	2.6E+0	1.5E+0	5.8E-4	8.0E-2	2.2E+0
1090	5.8E-4	6.0E+0	2.7E+0	1.5E+0	5.9E-4	8.0E-2	2.2E+0
1095	5.8E-4	6.0E+0	2.7E+0	1.5E+0	5.9E-4	8.0E-2	2.2E+0
1100	5.8E-4	6.0E+0	2.8E+0	1.5E+0	5.9E-4	8.0E-2	2.2E+0
1200	6.0E-4	6.2E+0	3.8E+0	2.0E+0	6.0E-4	7.8E-2	2.1E+0
1300	6.1E-4	6.4E+0	5.2E+0	2.7E+0	6.2E-4	7.6E-2	2.1E+0
1400	6.3E-4	6.5E+0	7.0E+0	3.5E+0	6.3E-4	7.5E-2	2.0E+0
1500	6.4E-4	6.6E+0	9.6E+0	4.6E+0	6.4E-4	7.3E-2	2.0E+0
1600	6.5E-4	6.7E+0	1.3E+1	5.8E+0	6.5E-4	7.2E-2	1.9E+0
1700	6.5E-4	6.8E+0	1.8E+1	7.2E+0	6.6E-4	7.1E-2	1.9E+0
1800	6.6E-4	6.9E+0	2.4E+1	8.7E+0	6.7E-4	7.0E-2	1.8E+0
1900	6.7E-4	7.0E+0	3.2E+1	1.0E+1	6.8E-4	6.9E-2	1.8E+0
2000	6.8E-4	7.0E+0	4.4E+1	1.2E+1	6.9E-4	6.8E-2	1.8E+0
2100	6.9E-4	7.1E+0	5.9E+1	1.3E+1	7.0E-4	6.7E-2	1.8E+0
2200	6.9E-4	7.2E+0	7.9E+1	1.4E+1	7.0E-4	6.6E-2	1.7E+0
2300	7.0E-4	7.3E+0	1.0E+2	1.5E+1	7.1E-4	6.5E-2	1.7E+0
2400	7.1E-4	7.3E+0	1.4E+2	1.6E+1	7.2E-4	6.4E-2	1.7E+0
2500	7.2E-4	7.4E+0	1.8E+2	1.7E+1	7.3E-4	6.4E-2	1.7E+0
2600	7.2E-4	7.5E+0	2.3E+2	1.7E+1	7.3E-4	6.3E-2	1.6E+0
2700	7.3E-4	7.6E+0	3.0E+2	1.7E+1	7.4E-4	6.2E-2	1.6E+0
2800	7.4E-4	7.6E+0	3.7E+2	1.7E+1	7.5E-4	6.2E-2	1.6E+0
2900	7.4E-4	7.7E+0	4.5E+2	1.7E+1	7.6E-4	6.1E-2	1.6E+0
3000	7.5E-4	7.8E+0	5.4E+2	1.7E+1	7.6E-4	6.1E-2	1.6E+0
3100	7.6E-4	7.9E+0	6.4E+2	1.7E+1	7.7E-4	6.0E-2	1.6E+0
3200	7.7E-4	7.9E+0	7.3E+2	1.7E+1	7.8E-4	6.0E-2	1.5E+0
3300	7.7E-4	8.0E+0	8.2E+2	1.7E+1	7.9E-4	5.9E-2	1.5E+0
3400	7.8E-4	8.1E+0	9.0E+2	1.7E+1	8.0E-4	5.9E-2	1.5E+0
3500	7.9E-4	8.2E+0	9.8E+2	1.6E+1	8.0E-4	5.9E-2	1.5E+0
3600	8.0E-4	8.3E+0	1.0E+3	1.6E+1	8.1E-4	5.8E-2	1.5E+0
3650	8.0E-4	8.3E+0	1.1E+3	1.6E+1	8.2E-4	5.8E-2	1.5E+0
4000	8.3E-4	8.6E+0	1.2E+3	1.6E+1	8.4E-4	5.7E-2	1.5E+0
5000	9.1E-4	9.5E+0	1.4E+3	1.4E+1	9.3E-4	5.5E-2	1.4E+0
6000	1.0E-3	1.0E+1	1.6E+3	1.3E+1	1.0E-3	5.4E-2	1.4E+0
7000	1.1E-3	1.1E+1	1.7E+3	1.2E+1	1.1E-3	5.4E-2	1.4E+0
8000	1.2E-3	1.3E+1	1.9E+3	1.1E+1	1.3E-3	5.4E-2	1.4E+0
9000	1.3E-3	1.4E+1	2.1E+3	1.1E+1	1.4E-3	5.4E-2	1.5E+0
10000	1.5E-3	1.5E+1	2.3E+3	1.1E+1	1.5E-3	5.5E-2	1.6E+0
11000	1.6E-3	1.7E+1	2.6E+3	1.0E+1	1.7E-3	5.7E-2	1.6E+0
12000	1.8E-3	1.9E+1	2.8E+3	1.0E+1	1.9E-3	5.8E-2	1.7E+0
13000	2.0E-3	2.1E+1	3.1E+3	9.9E+0	2.1E-3	6.0E-2	1.8E+0
14000	2.2E-3	2.3E+1	3.4E+3	9.7E+0	2.3E-3	6.2E-2	2.0E+0
15000	2.4E-3	2.5E+1	3.8E+3	9.6E+0	2.5E-3	6.5E-2	2.1E+0
16000	2.6E-3	2.8E+1	4.2E+3	9.5E+0	2.8E-3	6.7E-2	2.3E+0
17000	2.9E-3	3.1E+1	4.6E+3	9.5E+0	3.1E-3	7.0E-2	2.4E+0
18000	3.2E-3	3.4E+1	5.1E+3	9.5E+0	3.4E-3	7.3E-2	2.6E+0
18250	3.3E-3	3.5E+1	5.2E+3	9.5E+0	3.5E-3	7.4E-2	2.7E+0
Radionuclide	U-235
Route of Intake	Inhalation
Material	Aerosols Type S, fA=2E-4
AMTD/AMAD, µm	0.1

Committed Effective Dose per Predicted Content in an Organ or Excreta Sample (Dose per Content Functions z(t)), Sv/Bq
Time, days	Whole Body	Urine (24-hour sample)	Faeces (24-hour sample)	Alimentary Tract*	Lungs*	Skeleton*	Liver*
0.041667	1.2E-4	-	-	1.5E-3	1.5E-4	1.4E+0	2.1E+0
0.083333	1.2E-4	-	-	1.3E-3	1.5E-4	6.7E-1	1.6E+0
0.125	1.2E-4	-	-	1.1E-3	1.5E-4	4.4E-1	1.4E+0
0.25	1.2E-4	-	-	9.2E-4	1.5E-4	2.3E-1	1.2E+0
0.375	1.2E-4	-	-	8.1E-4	1.5E-4	1.7E-1	1.1E+0
0.5	1.2E-4	-	-	7.5E-4	1.6E-4	1.4E-1	1.0E+0
0.625	1.2E-4	-	-	7.2E-4	1.6E-4	1.3E-1	1.0E+0
0.75	1.2E-4	-	-	7.0E-4	1.6E-4	1.2E-1	1.0E+0
0.875	1.3E-4	-	-	7.0E-4	1.6E-4	1.1E-1	1.0E+0
1	1.3E-4	2.6E-2	4.4E-3	7.1E-4	1.6E-4	1.1E-1	1.0E+0
1.125	1.3E-4	-	-	7.3E-4	1.6E-4	1.1E-1	1.0E+0
1.25	1.3E-4	-	-	7.5E-4	1.6E-4	1.1E-1	1.0E+0
1.375	1.3E-4	-	-	7.9E-4	1.6E-4	1.1E-1	1.0E+0
1.5	1.3E-4	-	-	8.3E-4	1.6E-4	1.1E-1	1.0E+0
1.625	1.4E-4	-	-	8.8E-4	1.6E-4	1.1E-1	1.0E+0
1.75	1.4E-4	-	-	9.4E-4	1.6E-4	1.1E-1	1.0E+0
1.875	1.4E-4	-	-	1.0E-3	1.6E-4	1.1E-1	1.0E+0
2	1.4E-4	1.8E-1	1.3E-3	1.1E-3	1.6E-4	1.1E-1	1.1E+0
2.25	1.4E-4	-	-	1.3E-3	1.6E-4	1.1E-1	1.1E+0
2.5	1.5E-4	-	-	1.5E-3	1.7E-4	1.1E-1	1.1E+0
2.75	1.5E-4	-	-	1.7E-3	1.7E-4	1.1E-1	1.1E+0
3	1.5E-4	5.4E-1	1.7E-3	2.0E-3	1.7E-4	1.1E-1	1.1E+0
3.25	1.6E-4	-	-	2.3E-3	1.7E-4	1.1E-1	1.2E+0
3.5	1.6E-4	-	-	2.7E-3	1.7E-4	1.1E-1	1.2E+0
3.75	1.6E-4	-	-	3.0E-3	1.7E-4	1.1E-1	1.2E+0
4	1.6E-4	6.4E-1	3.1E-3	3.3E-3	1.7E-4	1.1E-1	1.2E+0
4.25	1.6E-4	-	-	3.7E-3	1.7E-4	1.1E-1	1.2E+0
4.5	1.7E-4	-	-	4.0E-3	1.7E-4	1.2E-1	1.3E+0
4.75	1.7E-4	-	-	4.3E-3	1.7E-4	1.2E-1	1.3E+0
5	1.7E-4	6.9E-1	5.3E-3	4.6E-3	1.7E-4	1.2E-1	1.3E+0
5.5	1.7E-4	-	-	5.2E-3	1.8E-4	1.2E-1	1.4E+0
6	1.7E-4	7.4E-1	7.5E-3	5.7E-3	1.8E-4	1.2E-1	1.4E+0
6.5	1.7E-4	-	-	6.3E-3	1.8E-4	1.2E-1	1.4E+0
7	1.7E-4	7.9E-1	9.6E-3	6.9E-3	1.8E-4	1.2E-1	1.5E+0
7.5	1.8E-4	-	-	7.6E-3	1.8E-4	1.2E-1	1.5E+0
8	1.8E-4	8.4E-1	1.2E-2	8.3E-3	1.8E-4	1.3E-1	1.6E+0
8.5	1.8E-4	-	-	9.0E-3	1.8E-4	1.3E-1	1.6E+0
9	1.8E-4	8.8E-1	1.4E-2	9.8E-3	1.8E-4	1.3E-1	1.7E+0
9.5	1.8E-4	-	-	1.1E-2	1.8E-4	1.3E-1	1.7E+0
10	1.8E-4	9.3E-1	1.6E-2	1.2E-2	1.9E-4	1.3E-1	1.8E+0
11	1.8E-4	9.8E-1	1.9E-2	1.3E-2	1.9E-4	1.3E-1	1.9E+0
12	1.8E-4	1.0E+0	2.3E-2	1.6E-2	1.9E-4	1.3E-1	2.0E+0
13	1.9E-4	1.1E+0	2.6E-2	1.8E-2	1.9E-4	1.4E-1	2.1E+0
14	1.9E-4	1.1E+0	3.0E-2	2.1E-2	1.9E-4	1.4E-1	2.2E+0
15	1.9E-4	1.2E+0	3.5E-2	2.3E-2	1.9E-4	1.4E-1	2.3E+0
16	1.9E-4	1.2E+0	3.9E-2	2.6E-2	1.9E-4	1.4E-1	2.4E+0
17	1.9E-4	1.2E+0	4.4E-2	2.9E-2	1.9E-4	1.4E-1	2.5E+0
18	1.9E-4	1.3E+0	4.9E-2	3.2E-2	1.9E-4	1.4E-1	2.6E+0
19	1.9E-4	1.3E+0	5.4E-2	3.5E-2	1.9E-4	1.4E-1	2.7E+0
20	1.9E-4	1.4E+0	5.9E-2	3.7E-2	1.9E-4	1.4E-1	2.9E+0
21	1.9E-4	1.4E+0	6.4E-2	4.0E-2	1.9E-4	1.4E-1	3.0E+0
22	1.9E-4	1.4E+0	6.8E-2	4.2E-2	1.9E-4	1.4E-1	3.1E+0
23	1.9E-4	1.5E+0	7.2E-2	4.5E-2	2.0E-4	1.4E-1	3.2E+0
24	1.9E-4	1.5E+0	7.6E-2	4.7E-2	2.0E-4	1.4E-1	3.3E+0
25	2.0E-4	1.5E+0	8.0E-2	4.8E-2	2.0E-4	1.4E-1	3.3E+0
26	2.0E-4	1.6E+0	8.3E-2	5.0E-2	2.0E-4	1.4E-1	3.4E+0
27	2.0E-4	1.6E+0	8.6E-2	5.2E-2	2.0E-4	1.4E-1	3.5E+0
28	2.0E-4	1.6E+0	8.8E-2	5.3E-2	2.0E-4	1.4E-1	3.6E+0
29	2.0E-4	1.6E+0	9.1E-2	5.4E-2	2.0E-4	1.4E-1	3.7E+0
30	2.0E-4	1.7E+0	9.3E-2	5.5E-2	2.0E-4	1.4E-1	3.8E+0
31	2.0E-4	1.7E+0	9.4E-2	5.6E-2	2.0E-4	1.4E-1	3.8E+0
32	2.0E-4	1.7E+0	9.6E-2	5.7E-2	2.0E-4	1.4E-1	3.9E+0
33	2.0E-4	1.7E+0	9.7E-2	5.7E-2	2.0E-4	1.4E-1	3.9E+0
34	2.0E-4	1.7E+0	9.8E-2	5.8E-2	2.0E-4	1.4E-1	4.0E+0
35	2.0E-4	1.8E+0	9.9E-2	5.8E-2	2.0E-4	1.4E-1	4.1E+0
36	2.0E-4	1.8E+0	1.0E-1	5.9E-2	2.0E-4	1.4E-1	4.1E+0
37	2.0E-4	1.8E+0	1.0E-1	5.9E-2	2.0E-4	1.4E-1	4.1E+0
38	2.0E-4	1.8E+0	1.0E-1	6.0E-2	2.0E-4	1.4E-1	4.2E+0
39	2.0E-4	1.8E+0	1.0E-1	6.0E-2	2.0E-4	1.4E-1	4.2E+0
40	2.0E-4	1.8E+0	1.0E-1	6.0E-2	2.0E-4	1.4E-1	4.3E+0
41	2.0E-4	1.9E+0	1.0E-1	6.1E-2	2.0E-4	1.4E-1	4.3E+0
42	2.0E-4	1.9E+0	1.0E-1	6.1E-2	2.0E-4	1.4E-1	4.3E+0
43	2.0E-4	1.9E+0	1.0E-1	6.1E-2	2.0E-4	1.4E-1	4.3E+0
44	2.0E-4	1.9E+0	1.1E-1	6.1E-2	2.0E-4	1.4E-1	4.4E+0
45	2.0E-4	1.9E+0	1.1E-1	6.2E-2	2.0E-4	1.4E-1	4.4E+0
46	2.0E-4	1.9E+0	1.1E-1	6.2E-2	2.1E-4	1.4E-1	4.4E+0
47	2.0E-4	1.9E+0	1.1E-1	6.2E-2	2.1E-4	1.4E-1	4.4E+0
48	2.0E-4	1.9E+0	1.1E-1	6.2E-2	2.1E-4	1.4E-1	4.4E+0
49	2.1E-4	1.9E+0	1.1E-1	6.3E-2	2.1E-4	1.4E-1	4.4E+0
50	2.1E-4	2.0E+0	1.1E-1	6.3E-2	2.1E-4	1.4E-1	4.5E+0
51	2.1E-4	2.0E+0	1.1E-1	6.3E-2	2.1E-4	1.4E-1	4.5E+0
52	2.1E-4	2.0E+0	1.1E-1	6.3E-2	2.1E-4	1.4E-1	4.5E+0
53	2.1E-4	2.0E+0	1.1E-1	6.3E-2	2.1E-4	1.4E-1	4.5E+0
54	2.1E-4	2.0E+0	1.1E-1	6.4E-2	2.1E-4	1.4E-1	4.5E+0
55	2.1E-4	2.0E+0	1.1E-1	6.4E-2	2.1E-4	1.4E-1	4.5E+0
56	2.1E-4	2.0E+0	1.1E-1	6.4E-2	2.1E-4	1.4E-1	4.5E+0
57	2.1E-4	2.0E+0	1.1E-1	6.4E-2	2.1E-4	1.4E-1	4.5E+0
58	2.1E-4	2.0E+0	1.1E-1	6.4E-2	2.1E-4	1.4E-1	4.5E+0
59	2.1E-4	2.0E+0	1.1E-1	6.5E-2	2.1E-4	1.4E-1	4.5E+0
60	2.1E-4	2.0E+0	1.1E-1	6.5E-2	2.1E-4	1.4E-1	4.5E+0
61	2.1E-4	2.1E+0	1.1E-1	6.5E-2	2.1E-4	1.4E-1	4.5E+0
62	2.1E-4	2.1E+0	1.1E-1	6.5E-2	2.1E-4	1.4E-1	4.5E+0
63	2.1E-4	2.1E+0	1.1E-1	6.5E-2	2.1E-4	1.4E-1	4.5E+0
64	2.1E-4	2.1E+0	1.1E-1	6.6E-2	2.1E-4	1.4E-1	4.5E+0
65	2.1E-4	2.1E+0	1.1E-1	6.6E-2	2.1E-4	1.4E-1	4.5E+0
66	2.1E-4	2.1E+0	1.1E-1	6.6E-2	2.1E-4	1.4E-1	4.5E+0
67	2.1E-4	2.1E+0	1.1E-1	6.6E-2	2.1E-4	1.4E-1	4.5E+0
68	2.1E-4	2.1E+0	1.1E-1	6.6E-2	2.1E-4	1.4E-1	4.5E+0
69	2.1E-4	2.1E+0	1.1E-1	6.7E-2	2.1E-4	1.4E-1	4.5E+0
70	2.1E-4	2.1E+0	1.1E-1	6.7E-2	2.2E-4	1.4E-1	4.5E+0
71	2.1E-4	2.1E+0	1.2E-1	6.7E-2	2.2E-4	1.4E-1	4.5E+0
72	2.2E-4	2.1E+0	1.2E-1	6.7E-2	2.2E-4	1.4E-1	4.5E+0
73	2.2E-4	2.1E+0	1.2E-1	6.8E-2	2.2E-4	1.4E-1	4.5E+0
74	2.2E-4	2.1E+0	1.2E-1	6.8E-2	2.2E-4	1.4E-1	4.4E+0
75	2.2E-4	2.1E+0	1.2E-1	6.8E-2	2.2E-4	1.4E-1	4.4E+0
76	2.2E-4	2.2E+0	1.2E-1	6.8E-2	2.2E-4	1.4E-1	4.4E+0
77	2.2E-4	2.2E+0	1.2E-1	6.8E-2	2.2E-4	1.4E-1	4.4E+0
78	2.2E-4	2.2E+0	1.2E-1	6.9E-2	2.2E-4	1.4E-1	4.4E+0
79	2.2E-4	2.2E+0	1.2E-1	6.9E-2	2.2E-4	1.4E-1	4.4E+0
80	2.2E-4	2.2E+0	1.2E-1	6.9E-2	2.2E-4	1.4E-1	4.4E+0
81	2.2E-4	2.2E+0	1.2E-1	6.9E-2	2.2E-4	1.4E-1	4.4E+0
82	2.2E-4	2.2E+0	1.2E-1	6.9E-2	2.2E-4	1.4E-1	4.4E+0
83	2.2E-4	2.2E+0	1.2E-1	7.0E-2	2.2E-4	1.4E-1	4.4E+0
84	2.2E-4	2.2E+0	1.2E-1	7.0E-2	2.2E-4	1.4E-1	4.4E+0
85	2.2E-4	2.2E+0	1.2E-1	7.0E-2	2.2E-4	1.4E-1	4.4E+0
86	2.2E-4	2.2E+0	1.2E-1	7.0E-2	2.2E-4	1.4E-1	4.4E+0
87	2.2E-4	2.2E+0	1.2E-1	7.1E-2	2.2E-4	1.4E-1	4.4E+0
88	2.2E-4	2.2E+0	1.2E-1	7.1E-2	2.2E-4	1.4E-1	4.4E+0
89	2.2E-4	2.2E+0	1.2E-1	7.1E-2	2.2E-4	1.4E-1	4.4E+0
90	2.2E-4	2.2E+0	1.2E-1	7.1E-2	2.2E-4	1.4E-1	4.3E+0
91	2.2E-4	2.2E+0	1.2E-1	7.1E-2	2.2E-4	1.4E-1	4.3E+0
92	2.2E-4	2.2E+0	1.2E-1	7.2E-2	2.2E-4	1.4E-1	4.3E+0
93	2.2E-4	2.3E+0	1.2E-1	7.2E-2	2.3E-4	1.4E-1	4.3E+0
94	2.2E-4	2.3E+0	1.2E-1	7.2E-2	2.3E-4	1.3E-1	4.3E+0
95	2.2E-4	2.3E+0	1.2E-1	7.2E-2	2.3E-4	1.3E-1	4.3E+0
96	2.3E-4	2.3E+0	1.2E-1	7.3E-2	2.3E-4	1.3E-1	4.3E+0
97	2.3E-4	2.3E+0	1.2E-1	7.3E-2	2.3E-4	1.3E-1	4.3E+0
98	2.3E-4	2.3E+0	1.3E-1	7.3E-2	2.3E-4	1.3E-1	4.3E+0
99	2.3E-4	2.3E+0	1.3E-1	7.3E-2	2.3E-4	1.3E-1	4.3E+0
100	2.3E-4	2.3E+0	1.3E-1	7.3E-2	2.3E-4	1.3E-1	4.3E+0
110	2.3E-4	2.3E+0	1.3E-1	7.6E-2	2.3E-4	1.3E-1	4.2E+0
120	2.4E-4	2.4E+0	1.3E-1	7.8E-2	2.4E-4	1.3E-1	4.2E+0
130	2.4E-4	2.4E+0	1.4E-1	8.1E-2	2.4E-4	1.3E-1	4.1E+0
140	2.4E-4	2.5E+0	1.4E-1	8.3E-2	2.5E-4	1.3E-1	4.0E+0
150	2.5E-4	2.5E+0	1.5E-1	8.6E-2	2.5E-4	1.3E-1	4.0E+0
160	2.5E-4	2.6E+0	1.5E-1	8.8E-2	2.5E-4	1.3E-1	3.9E+0
170	2.6E-4	2.6E+0	1.6E-1	9.1E-2	2.6E-4	1.3E-1	3.9E+0
180	2.6E-4	2.7E+0	1.6E-1	9.4E-2	2.6E-4	1.2E-1	3.8E+0
190	2.7E-4	2.7E+0	1.7E-1	9.7E-2	2.7E-4	1.2E-1	3.8E+0
200	2.7E-4	2.8E+0	1.7E-1	1.0E-1	2.7E-4	1.2E-1	3.7E+0
210	2.8E-4	2.8E+0	1.8E-1	1.0E-1	2.8E-4	1.2E-1	3.7E+0
220	2.8E-4	2.9E+0	1.8E-1	1.1E-1	2.8E-4	1.2E-1	3.6E+0
230	2.9E-4	2.9E+0	1.9E-1	1.1E-1	2.9E-4	1.2E-1	3.6E+0
240	2.9E-4	3.0E+0	1.9E-1	1.1E-1	2.9E-4	1.2E-1	3.5E+0
250	2.9E-4	3.0E+0	2.0E-1	1.2E-1	3.0E-4	1.2E-1	3.5E+0
260	3.0E-4	3.1E+0	2.1E-1	1.2E-1	3.0E-4	1.2E-1	3.5E+0
270	3.0E-4	3.1E+0	2.1E-1	1.2E-1	3.1E-4	1.1E-1	3.4E+0
280	3.1E-4	3.2E+0	2.2E-1	1.3E-1	3.1E-4	1.1E-1	3.4E+0
290	3.1E-4	3.2E+0	2.3E-1	1.3E-1	3.1E-4	1.1E-1	3.4E+0
300	3.2E-4	3.3E+0	2.3E-1	1.4E-1	3.2E-4	1.1E-1	3.3E+0
310	3.2E-4	3.3E+0	2.4E-1	1.4E-1	3.2E-4	1.1E-1	3.3E+0
320	3.3E-4	3.4E+0	2.5E-1	1.4E-1	3.3E-4	1.1E-1	3.3E+0
330	3.3E-4	3.4E+0	2.6E-1	1.5E-1	3.3E-4	1.1E-1	3.2E+0
340	3.4E-4	3.5E+0	2.6E-1	1.5E-1	3.4E-4	1.1E-1	3.2E+0
350	3.4E-4	3.5E+0	2.7E-1	1.6E-1	3.4E-4	1.1E-1	3.2E+0
360	3.4E-4	3.6E+0	2.8E-1	1.6E-1	3.5E-4	1.1E-1	3.2E+0
365	3.5E-4	3.6E+0	2.9E-1	1.7E-1	3.5E-4	1.1E-1	3.1E+0
370	3.5E-4	3.6E+0	2.9E-1	1.7E-1	3.5E-4	1.1E-1	3.1E+0
380	3.5E-4	3.7E+0	3.0E-1	1.7E-1	3.6E-4	1.1E-1	3.1E+0
390	3.6E-4	3.7E+0	3.1E-1	1.8E-1	3.6E-4	1.1E-1	3.1E+0
400	3.6E-4	3.7E+0	3.2E-1	1.9E-1	3.7E-4	1.0E-1	3.1E+0
410	3.7E-4	3.8E+0	3.3E-1	1.9E-1	3.7E-4	1.0E-1	3.0E+0
420	3.7E-4	3.8E+0	3.4E-1	2.0E-1	3.7E-4	1.0E-1	3.0E+0
430	3.8E-4	3.9E+0	3.5E-1	2.0E-1	3.8E-4	1.0E-1	3.0E+0
440	3.8E-4	3.9E+0	3.6E-1	2.1E-1	3.8E-4	1.0E-1	3.0E+0
450	3.9E-4	4.0E+0	3.7E-1	2.2E-1	3.9E-4	1.0E-1	2.9E+0
460	3.9E-4	4.0E+0	3.8E-1	2.2E-1	3.9E-4	1.0E-1	2.9E+0
470	3.9E-4	4.1E+0	4.0E-1	2.3E-1	4.0E-4	1.0E-1	2.9E+0
480	4.0E-4	4.1E+0	4.1E-1	2.4E-1	4.0E-4	1.0E-1	2.9E+0
490	4.0E-4	4.2E+0	4.2E-1	2.4E-1	4.1E-4	9.9E-2	2.9E+0
500	4.1E-4	4.2E+0	4.3E-1	2.5E-1	4.1E-4	9.9E-2	2.8E+0
510	4.1E-4	4.2E+0	4.5E-1	2.6E-1	4.1E-4	9.8E-2	2.8E+0
520	4.1E-4	4.3E+0	4.6E-1	2.7E-1	4.2E-4	9.8E-2	2.8E+0
530	4.2E-4	4.3E+0	4.8E-1	2.8E-1	4.2E-4	9.7E-2	2.8E+0
540	4.2E-4	4.4E+0	4.9E-1	2.9E-1	4.3E-4	9.7E-2	2.8E+0
550	4.3E-4	4.4E+0	5.1E-1	2.9E-1	4.3E-4	9.6E-2	2.8E+0
560	4.3E-4	4.5E+0	5.2E-1	3.0E-1	4.3E-4	9.6E-2	2.7E+0
570	4.3E-4	4.5E+0	5.4E-1	3.1E-1	4.4E-4	9.6E-2	2.7E+0
580	4.4E-4	4.5E+0	5.6E-1	3.2E-1	4.4E-4	9.5E-2	2.7E+0
590	4.4E-4	4.6E+0	5.7E-1	3.3E-1	4.5E-4	9.5E-2	2.7E+0
600	4.5E-4	4.6E+0	5.9E-1	3.4E-1	4.5E-4	9.4E-2	2.7E+0
610	4.5E-4	4.7E+0	6.1E-1	3.5E-1	4.5E-4	9.4E-2	2.7E+0
620	4.5E-4	4.7E+0	6.3E-1	3.6E-1	4.6E-4	9.3E-2	2.7E+0
630	4.6E-4	4.7E+0	6.5E-1	3.8E-1	4.6E-4	9.3E-2	2.6E+0
640	4.6E-4	4.8E+0	6.7E-1	3.9E-1	4.6E-4	9.3E-2	2.6E+0
650	4.6E-4	4.8E+0	6.9E-1	4.0E-1	4.7E-4	9.2E-2	2.6E+0
660	4.7E-4	4.8E+0	7.1E-1	4.1E-1	4.7E-4	9.2E-2	2.6E+0
670	4.7E-4	4.9E+0	7.4E-1	4.2E-1	4.8E-4	9.1E-2	2.6E+0
680	4.8E-4	4.9E+0	7.6E-1	4.4E-1	4.8E-4	9.1E-2	2.6E+0
690	4.8E-4	5.0E+0	7.8E-1	4.5E-1	4.8E-4	9.1E-2	2.6E+0
700	4.8E-4	5.0E+0	8.1E-1	4.7E-1	4.9E-4	9.0E-2	2.5E+0
710	4.9E-4	5.0E+0	8.3E-1	4.8E-1	4.9E-4	9.0E-2	2.5E+0
720	4.9E-4	5.1E+0	8.6E-1	4.9E-1	4.9E-4	9.0E-2	2.5E+0
730	4.9E-4	5.1E+0	8.9E-1	5.1E-1	5.0E-4	8.9E-2	2.5E+0
740	4.9E-4	5.1E+0	9.1E-1	5.3E-1	5.0E-4	8.9E-2	2.5E+0
750	5.0E-4	5.2E+0	9.4E-1	5.4E-1	5.0E-4	8.9E-2	2.5E+0
760	5.0E-4	5.2E+0	9.7E-1	5.6E-1	5.1E-4	8.8E-2	2.5E+0
770	5.0E-4	5.2E+0	1.0E+0	5.8E-1	5.1E-4	8.8E-2	2.5E+0
780	5.1E-4	5.3E+0	1.0E+0	5.9E-1	5.1E-4	8.8E-2	2.5E+0
790	5.1E-4	5.3E+0	1.1E+0	6.1E-1	5.1E-4	8.7E-2	2.4E+0
800	5.1E-4	5.3E+0	1.1E+0	6.3E-1	5.2E-4	8.7E-2	2.4E+0
810	5.2E-4	5.3E+0	1.1E+0	6.5E-1	5.2E-4	8.7E-2	2.4E+0
820	5.2E-4	5.4E+0	1.2E+0	6.7E-1	5.2E-4	8.7E-2	2.4E+0
830	5.2E-4	5.4E+0	1.2E+0	6.9E-1	5.3E-4	8.6E-2	2.4E+0
840	5.2E-4	5.4E+0	1.2E+0	7.1E-1	5.3E-4	8.6E-2	2.4E+0
850	5.3E-4	5.5E+0	1.3E+0	7.3E-1	5.3E-4	8.6E-2	2.4E+0
860	5.3E-4	5.5E+0	1.3E+0	7.6E-1	5.3E-4	8.5E-2	2.4E+0
870	5.3E-4	5.5E+0	1.4E+0	7.8E-1	5.4E-4	8.5E-2	2.4E+0
880	5.3E-4	5.5E+0	1.4E+0	8.0E-1	5.4E-4	8.5E-2	2.4E+0
890	5.4E-4	5.6E+0	1.5E+0	8.3E-1	5.4E-4	8.5E-2	2.4E+0
900	5.4E-4	5.6E+0	1.5E+0	8.5E-1	5.4E-4	8.4E-2	2.3E+0
910	5.4E-4	5.6E+0	1.5E+0	8.8E-1	5.5E-4	8.4E-2	2.3E+0
920	5.4E-4	5.6E+0	1.6E+0	9.0E-1	5.5E-4	8.4E-2	2.3E+0
930	5.5E-4	5.7E+0	1.6E+0	9.3E-1	5.5E-4	8.4E-2	2.3E+0
940	5.5E-4	5.7E+0	1.7E+0	9.6E-1	5.5E-4	8.3E-2	2.3E+0
950	5.5E-4	5.7E+0	1.8E+0	9.9E-1	5.6E-4	8.3E-2	2.3E+0
960	5.5E-4	5.7E+0	1.8E+0	1.0E+0	5.6E-4	8.3E-2	2.3E+0
970	5.6E-4	5.8E+0	1.9E+0	1.0E+0	5.6E-4	8.3E-2	2.3E+0
980	5.6E-4	5.8E+0	1.9E+0	1.1E+0	5.6E-4	8.2E-2	2.3E+0
990	5.6E-4	5.8E+0	2.0E+0	1.1E+0	5.7E-4	8.2E-2	2.3E+0
1000	5.6E-4	5.8E+0	2.0E+0	1.1E+0	5.7E-4	8.2E-2	2.3E+0
1010	5.6E-4	5.9E+0	2.1E+0	1.2E+0	5.7E-4	8.2E-2	2.3E+0
1020	5.7E-4	5.9E+0	2.2E+0	1.2E+0	5.7E-4	8.2E-2	2.2E+0
1030	5.7E-4	5.9E+0	2.2E+0	1.3E+0	5.7E-4	8.1E-2	2.2E+0
1040	5.7E-4	5.9E+0	2.3E+0	1.3E+0	5.8E-4	8.1E-2	2.2E+0
1050	5.7E-4	5.9E+0	2.4E+0	1.3E+0	5.8E-4	8.1E-2	2.2E+0
1060	5.7E-4	6.0E+0	2.5E+0	1.4E+0	5.8E-4	8.1E-2	2.2E+0
1070	5.8E-4	6.0E+0	2.5E+0	1.4E+0	5.8E-4	8.0E-2	2.2E+0
1080	5.8E-4	6.0E+0	2.6E+0	1.5E+0	5.8E-4	8.0E-2	2.2E+0
1090	5.8E-4	6.0E+0	2.7E+0	1.5E+0	5.9E-4	8.0E-2	2.2E+0
1095	5.8E-4	6.0E+0	2.7E+0	1.5E+0	5.9E-4	8.0E-2	2.2E+0
1100	5.8E-4	6.0E+0	2.8E+0	1.5E+0	5.9E-4	8.0E-2	2.2E+0
1200	6.0E-4	6.2E+0	3.8E+0	2.0E+0	6.0E-4	7.8E-2	2.1E+0
1300	6.1E-4	6.4E+0	5.2E+0	2.7E+0	6.2E-4	7.6E-2	2.1E+0
1400	6.2E-4	6.5E+0	7.0E+0	3.5E+0	6.3E-4	7.5E-2	2.0E+0
1500	6.4E-4	6.6E+0	9.6E+0	4.6E+0	6.4E-4	7.3E-2	2.0E+0
1600	6.5E-4	6.7E+0	1.3E+1	5.8E+0	6.5E-4	7.2E-2	1.9E+0
1700	6.5E-4	6.8E+0	1.8E+1	7.2E+0	6.6E-4	7.1E-2	1.9E+0
1800	6.6E-4	6.9E+0	2.4E+1	8.7E+0	6.7E-4	7.0E-2	1.8E+0
1900	6.7E-4	7.0E+0	3.2E+1	1.0E+1	6.8E-4	6.9E-2	1.8E+0
2000	6.8E-4	7.0E+0	4.4E+1	1.2E+1	6.9E-4	6.8E-2	1.8E+0
2100	6.9E-4	7.1E+0	5.9E+1	1.3E+1	7.0E-4	6.7E-2	1.8E+0
2200	6.9E-4	7.2E+0	7.8E+1	1.4E+1	7.0E-4	6.6E-2	1.7E+0
2300	7.0E-4	7.3E+0	1.0E+2	1.5E+1	7.1E-4	6.5E-2	1.7E+0
2400	7.1E-4	7.3E+0	1.4E+2	1.6E+1	7.2E-4	6.4E-2	1.7E+0
2500	7.1E-4	7.4E+0	1.8E+2	1.7E+1	7.3E-4	6.4E-2	1.7E+0
2600	7.2E-4	7.5E+0	2.3E+2	1.7E+1	7.3E-4	6.3E-2	1.6E+0
2700	7.3E-4	7.6E+0	3.0E+2	1.7E+1	7.4E-4	6.2E-2	1.6E+0
2800	7.4E-4	7.6E+0	3.7E+2	1.7E+1	7.5E-4	6.2E-2	1.6E+0
2900	7.4E-4	7.7E+0	4.5E+2	1.7E+1	7.6E-4	6.1E-2	1.6E+0
3000	7.5E-4	7.8E+0	5.4E+2	1.7E+1	7.6E-4	6.1E-2	1.6E+0
3100	7.6E-4	7.9E+0	6.4E+2	1.7E+1	7.7E-4	6.0E-2	1.6E+0
3200	7.7E-4	7.9E+0	7.3E+2	1.7E+1	7.8E-4	6.0E-2	1.5E+0
3300	7.7E-4	8.0E+0	8.2E+2	1.7E+1	7.9E-4	5.9E-2	1.5E+0
3400	7.8E-4	8.1E+0	9.0E+2	1.7E+1	7.9E-4	5.9E-2	1.5E+0
3500	7.9E-4	8.2E+0	9.8E+2	1.6E+1	8.0E-4	5.9E-2	1.5E+0
3600	8.0E-4	8.3E+0	1.0E+3	1.6E+1	8.1E-4	5.8E-2	1.5E+0
3650	8.0E-4	8.3E+0	1.1E+3	1.6E+1	8.1E-4	5.8E-2	1.5E+0
4000	8.3E-4	8.6E+0	1.2E+3	1.6E+1	8.4E-4	5.7E-2	1.5E+0
5000	9.1E-4	9.5E+0	1.4E+3	1.4E+1	9.3E-4	5.5E-2	1.4E+0
6000	1.0E-3	1.0E+1	1.6E+3	1.3E+1	1.0E-3	5.4E-2	1.4E+0
7000	1.1E-3	1.1E+1	1.7E+3	1.2E+1	1.1E-3	5.4E-2	1.4E+0
8000	1.2E-3	1.3E+1	1.9E+3	1.1E+1	1.3E-3	5.4E-2	1.4E+0
9000	1.3E-3	1.4E+1	2.1E+3	1.1E+1	1.4E-3	5.4E-2	1.5E+0
10000	1.5E-3	1.5E+1	2.3E+3	1.1E+1	1.5E-3	5.5E-2	1.6E+0
11000	1.6E-3	1.7E+1	2.6E+3	1.0E+1	1.7E-3	5.7E-2	1.6E+0
12000	1.8E-3	1.9E+1	2.8E+3	1.0E+1	1.9E-3	5.8E-2	1.7E+0
13000	2.0E-3	2.1E+1	3.1E+3	9.9E+0	2.1E-3	6.0E-2	1.8E+0
14000	2.2E-3	2.3E+1	3.4E+3	9.7E+0	2.3E-3	6.2E-2	2.0E+0
15000	2.4E-3	2.5E+1	3.8E+3	9.6E+0	2.5E-3	6.4E-2	2.1E+0
16000	2.6E-3	2.8E+1	4.2E+3	9.5E+0	2.8E-3	6.7E-2	2.3E+0
17000	2.9E-3	3.1E+1	4.6E+3	9.5E+0	3.1E-3	7.0E-2	2.4E+0
18000	3.2E-3	3.4E+1	5.1E+3	9.4E+0	3.4E-3	7.3E-2	2.6E+0
18250	3.3E-3	3.4E+1	5.2E+3	9.4E+0	3.5E-3	7.4E-2	2.7E+0
Radionuclide	U-235
Route of Intake	Inhalation
Material	Aerosols Type S, fA=2E-4
AMTD/AMAD, µm	0.3

Committed Effective Dose per Predicted Content in an Organ or Excreta Sample (Dose per Content Functions z(t)), Sv/Bq
Time, days	Whole Body	Urine (24-hour sample)	Faeces (24-hour sample)	Alimentary Tract*	Lungs*	Skeleton*	Liver*
0.041667	9.5E-5	-	-	6.5E-4	1.5E-4	1.4E+0	2.1E+0
0.083333	9.5E-5	-	-	5.6E-4	1.5E-4	6.6E-1	1.6E+0
0.125	9.6E-5	-	-	5.1E-4	1.5E-4	4.4E-1	1.4E+0
0.25	9.7E-5	-	-	4.2E-4	1.6E-4	2.3E-1	1.2E+0
0.375	9.8E-5	-	-	3.8E-4	1.6E-4	1.7E-1	1.1E+0
0.5	9.9E-5	-	-	3.5E-4	1.6E-4	1.4E-1	1.1E+0
0.625	1.0E-4	-	-	3.4E-4	1.6E-4	1.3E-1	1.0E+0
0.75	1.0E-4	-	-	3.3E-4	1.6E-4	1.2E-1	1.0E+0
0.875	1.0E-4	-	-	3.4E-4	1.6E-4	1.1E-1	1.0E+0
1	1.1E-4	2.6E-2	2.0E-3	3.4E-4	1.6E-4	1.1E-1	1.0E+0
1.125	1.1E-4	-	-	3.5E-4	1.6E-4	1.1E-1	1.0E+0
1.25	1.1E-4	-	-	3.7E-4	1.6E-4	1.1E-1	1.0E+0
1.375	1.1E-4	-	-	3.9E-4	1.6E-4	1.1E-1	1.0E+0
1.5	1.2E-4	-	-	4.2E-4	1.6E-4	1.1E-1	1.0E+0
1.625	1.2E-4	-	-	4.5E-4	1.6E-4	1.1E-1	1.0E+0
1.75	1.2E-4	-	-	4.9E-4	1.6E-4	1.1E-1	1.0E+0
1.875	1.3E-4	-	-	5.4E-4	1.7E-4	1.1E-1	1.1E+0
2	1.3E-4	1.8E-1	6.3E-4	5.9E-4	1.7E-4	1.1E-1	1.1E+0
2.25	1.3E-4	-	-	7.1E-4	1.7E-4	1.1E-1	1.1E+0
2.5	1.4E-4	-	-	8.8E-4	1.7E-4	1.1E-1	1.1E+0
2.75	1.5E-4	-	-	1.1E-3	1.7E-4	1.1E-1	1.1E+0
3	1.5E-4	5.4E-1	8.9E-4	1.3E-3	1.7E-4	1.1E-1	1.1E+0
3.25	1.5E-4	-	-	1.6E-3	1.7E-4	1.1E-1	1.2E+0
3.5	1.6E-4	-	-	2.0E-3	1.7E-4	1.1E-1	1.2E+0
3.75	1.6E-4	-	-	2.4E-3	1.7E-4	1.1E-1	1.2E+0
4	1.6E-4	6.5E-1	2.0E-3	2.8E-3	1.7E-4	1.1E-1	1.2E+0
4.25	1.6E-4	-	-	3.2E-3	1.7E-4	1.1E-1	1.2E+0
4.5	1.7E-4	-	-	3.7E-3	1.7E-4	1.2E-1	1.3E+0
4.75	1.7E-4	-	-	4.1E-3	1.8E-4	1.2E-1	1.3E+0
5	1.7E-4	7.0E-1	4.2E-3	4.6E-3	1.8E-4	1.2E-1	1.3E+0
5.5	1.7E-4	-	-	5.4E-3	1.8E-4	1.2E-1	1.4E+0
6	1.7E-4	7.5E-1	7.3E-3	6.1E-3	1.8E-4	1.2E-1	1.4E+0
6.5	1.7E-4	-	-	6.8E-3	1.8E-4	1.2E-1	1.4E+0
7	1.8E-4	7.9E-1	1.0E-2	7.5E-3	1.8E-4	1.2E-1	1.5E+0
7.5	1.8E-4	-	-	8.2E-3	1.8E-4	1.2E-1	1.5E+0
8	1.8E-4	8.4E-1	1.3E-2	9.0E-3	1.8E-4	1.3E-1	1.6E+0
8.5	1.8E-4	-	-	9.8E-3	1.8E-4	1.3E-1	1.6E+0
9	1.8E-4	8.9E-1	1.5E-2	1.1E-2	1.8E-4	1.3E-1	1.7E+0
9.5	1.8E-4	-	-	1.1E-2	1.9E-4	1.3E-1	1.7E+0
10	1.8E-4	9.4E-1	1.8E-2	1.2E-2	1.9E-4	1.3E-1	1.8E+0
11	1.8E-4	9.8E-1	2.1E-2	1.4E-2	1.9E-4	1.3E-1	1.9E+0
12	1.9E-4	1.0E+0	2.4E-2	1.7E-2	1.9E-4	1.3E-1	2.0E+0
13	1.9E-4	1.1E+0	2.8E-2	1.9E-2	1.9E-4	1.4E-1	2.1E+0
14	1.9E-4	1.1E+0	3.2E-2	2.2E-2	1.9E-4	1.4E-1	2.2E+0
15	1.9E-4	1.2E+0	3.7E-2	2.5E-2	1.9E-4	1.4E-1	2.3E+0
16	1.9E-4	1.2E+0	4.2E-2	2.7E-2	1.9E-4	1.4E-1	2.4E+0
17	1.9E-4	1.2E+0	4.6E-2	3.0E-2	1.9E-4	1.4E-1	2.5E+0
18	1.9E-4	1.3E+0	5.1E-2	3.3E-2	1.9E-4	1.4E-1	2.6E+0
19	1.9E-4	1.3E+0	5.6E-2	3.6E-2	1.9E-4	1.4E-1	2.8E+0
20	1.9E-4	1.4E+0	6.1E-2	3.9E-2	1.9E-4	1.4E-1	2.9E+0
21	1.9E-4	1.4E+0	6.6E-2	4.1E-2	2.0E-4	1.4E-1	3.0E+0
22	1.9E-4	1.4E+0	7.0E-2	4.4E-2	2.0E-4	1.4E-1	3.1E+0
23	1.9E-4	1.5E+0	7.4E-2	4.6E-2	2.0E-4	1.4E-1	3.2E+0
24	2.0E-4	1.5E+0	7.8E-2	4.8E-2	2.0E-4	1.4E-1	3.3E+0
25	2.0E-4	1.5E+0	8.2E-2	4.9E-2	2.0E-4	1.4E-1	3.4E+0
26	2.0E-4	1.6E+0	8.5E-2	5.1E-2	2.0E-4	1.4E-1	3.4E+0
27	2.0E-4	1.6E+0	8.7E-2	5.2E-2	2.0E-4	1.4E-1	3.5E+0
28	2.0E-4	1.6E+0	9.0E-2	5.3E-2	2.0E-4	1.4E-1	3.6E+0
29	2.0E-4	1.6E+0	9.2E-2	5.5E-2	2.0E-4	1.4E-1	3.7E+0
30	2.0E-4	1.7E+0	9.4E-2	5.5E-2	2.0E-4	1.4E-1	3.8E+0
31	2.0E-4	1.7E+0	9.5E-2	5.6E-2	2.0E-4	1.4E-1	3.8E+0
32	2.0E-4	1.7E+0	9.7E-2	5.7E-2	2.0E-4	1.4E-1	3.9E+0
33	2.0E-4	1.7E+0	9.8E-2	5.8E-2	2.0E-4	1.4E-1	4.0E+0
34	2.0E-4	1.7E+0	9.9E-2	5.8E-2	2.0E-4	1.4E-1	4.0E+0
35	2.0E-4	1.8E+0	1.0E-1	5.9E-2	2.0E-4	1.4E-1	4.1E+0
36	2.0E-4	1.8E+0	1.0E-1	5.9E-2	2.0E-4	1.4E-1	4.1E+0
37	2.0E-4	1.8E+0	1.0E-1	6.0E-2	2.0E-4	1.4E-1	4.2E+0
38	2.0E-4	1.8E+0	1.0E-1	6.0E-2	2.0E-4	1.4E-1	4.2E+0
39	2.0E-4	1.8E+0	1.0E-1	6.0E-2	2.0E-4	1.4E-1	4.2E+0
40	2.0E-4	1.8E+0	1.0E-1	6.1E-2	2.0E-4	1.4E-1	4.3E+0
41	2.0E-4	1.9E+0	1.0E-1	6.1E-2	2.0E-4	1.4E-1	4.3E+0
42	2.0E-4	1.9E+0	1.0E-1	6.1E-2	2.0E-4	1.4E-1	4.3E+0
43	2.0E-4	1.9E+0	1.1E-1	6.1E-2	2.0E-4	1.4E-1	4.4E+0
44	2.0E-4	1.9E+0	1.1E-1	6.2E-2	2.1E-4	1.4E-1	4.4E+0
45	2.0E-4	1.9E+0	1.1E-1	6.2E-2	2.1E-4	1.4E-1	4.4E+0
46	2.0E-4	1.9E+0	1.1E-1	6.2E-2	2.1E-4	1.4E-1	4.4E+0
47	2.1E-4	1.9E+0	1.1E-1	6.2E-2	2.1E-4	1.4E-1	4.4E+0
48	2.1E-4	1.9E+0	1.1E-1	6.3E-2	2.1E-4	1.4E-1	4.4E+0
49	2.1E-4	2.0E+0	1.1E-1	6.3E-2	2.1E-4	1.4E-1	4.5E+0
50	2.1E-4	2.0E+0	1.1E-1	6.3E-2	2.1E-4	1.4E-1	4.5E+0
51	2.1E-4	2.0E+0	1.1E-1	6.3E-2	2.1E-4	1.4E-1	4.5E+0
52	2.1E-4	2.0E+0	1.1E-1	6.3E-2	2.1E-4	1.4E-1	4.5E+0
53	2.1E-4	2.0E+0	1.1E-1	6.4E-2	2.1E-4	1.4E-1	4.5E+0
54	2.1E-4	2.0E+0	1.1E-1	6.4E-2	2.1E-4	1.4E-1	4.5E+0
55	2.1E-4	2.0E+0	1.1E-1	6.4E-2	2.1E-4	1.4E-1	4.5E+0
56	2.1E-4	2.0E+0	1.1E-1	6.4E-2	2.1E-4	1.4E-1	4.5E+0
57	2.1E-4	2.0E+0	1.1E-1	6.4E-2	2.1E-4	1.4E-1	4.5E+0
58	2.1E-4	2.0E+0	1.1E-1	6.5E-2	2.1E-4	1.4E-1	4.5E+0
59	2.1E-4	2.0E+0	1.1E-1	6.5E-2	2.1E-4	1.4E-1	4.5E+0
60	2.1E-4	2.1E+0	1.1E-1	6.5E-2	2.1E-4	1.4E-1	4.5E+0
61	2.1E-4	2.1E+0	1.1E-1	6.5E-2	2.1E-4	1.4E-1	4.5E+0
62	2.1E-4	2.1E+0	1.1E-1	6.5E-2	2.1E-4	1.4E-1	4.5E+0
63	2.1E-4	2.1E+0	1.1E-1	6.6E-2	2.1E-4	1.4E-1	4.5E+0
64	2.1E-4	2.1E+0	1.1E-1	6.6E-2	2.1E-4	1.4E-1	4.5E+0
65	2.1E-4	2.1E+0	1.1E-1	6.6E-2	2.1E-4	1.4E-1	4.5E+0
66	2.1E-4	2.1E+0	1.1E-1	6.6E-2	2.1E-4	1.4E-1	4.5E+0
67	2.1E-4	2.1E+0	1.1E-1	6.6E-2	2.1E-4	1.4E-1	4.5E+0
68	2.1E-4	2.1E+0	1.1E-1	6.7E-2	2.2E-4	1.4E-1	4.5E+0
69	2.1E-4	2.1E+0	1.1E-1	6.7E-2	2.2E-4	1.4E-1	4.5E+0
70	2.1E-4	2.1E+0	1.2E-1	6.7E-2	2.2E-4	1.4E-1	4.5E+0
71	2.2E-4	2.1E+0	1.2E-1	6.7E-2	2.2E-4	1.4E-1	4.5E+0
72	2.2E-4	2.1E+0	1.2E-1	6.8E-2	2.2E-4	1.4E-1	4.5E+0
73	2.2E-4	2.1E+0	1.2E-1	6.8E-2	2.2E-4	1.4E-1	4.5E+0
74	2.2E-4	2.1E+0	1.2E-1	6.8E-2	2.2E-4	1.4E-1	4.5E+0
75	2.2E-4	2.2E+0	1.2E-1	6.8E-2	2.2E-4	1.4E-1	4.5E+0
76	2.2E-4	2.2E+0	1.2E-1	6.8E-2	2.2E-4	1.4E-1	4.4E+0
77	2.2E-4	2.2E+0	1.2E-1	6.9E-2	2.2E-4	1.4E-1	4.4E+0
78	2.2E-4	2.2E+0	1.2E-1	6.9E-2	2.2E-4	1.4E-1	4.4E+0
79	2.2E-4	2.2E+0	1.2E-1	6.9E-2	2.2E-4	1.4E-1	4.4E+0
80	2.2E-4	2.2E+0	1.2E-1	6.9E-2	2.2E-4	1.4E-1	4.4E+0
81	2.2E-4	2.2E+0	1.2E-1	6.9E-2	2.2E-4	1.4E-1	4.4E+0
82	2.2E-4	2.2E+0	1.2E-1	7.0E-2	2.2E-4	1.4E-1	4.4E+0
83	2.2E-4	2.2E+0	1.2E-1	7.0E-2	2.2E-4	1.4E-1	4.4E+0
84	2.2E-4	2.2E+0	1.2E-1	7.0E-2	2.2E-4	1.4E-1	4.4E+0
85	2.2E-4	2.2E+0	1.2E-1	7.0E-2	2.2E-4	1.4E-1	4.4E+0
86	2.2E-4	2.2E+0	1.2E-1	7.1E-2	2.2E-4	1.4E-1	4.4E+0
87	2.2E-4	2.2E+0	1.2E-1	7.1E-2	2.2E-4	1.4E-1	4.4E+0
88	2.2E-4	2.2E+0	1.2E-1	7.1E-2	2.2E-4	1.4E-1	4.4E+0
89	2.2E-4	2.2E+0	1.2E-1	7.1E-2	2.2E-4	1.4E-1	4.4E+0
90	2.2E-4	2.2E+0	1.2E-1	7.1E-2	2.2E-4	1.4E-1	4.4E+0
91	2.2E-4	2.2E+0	1.2E-1	7.2E-2	2.3E-4	1.4E-1	4.4E+0
92	2.2E-4	2.3E+0	1.2E-1	7.2E-2	2.3E-4	1.4E-1	4.3E+0
93	2.2E-4	2.3E+0	1.2E-1	7.2E-2	2.3E-4	1.4E-1	4.3E+0
94	2.3E-4	2.3E+0	1.2E-1	7.2E-2	2.3E-4	1.4E-1	4.3E+0
95	2.3E-4	2.3E+0	1.2E-1	7.3E-2	2.3E-4	1.4E-1	4.3E+0
96	2.3E-4	2.3E+0	1.2E-1	7.3E-2	2.3E-4	1.4E-1	4.3E+0
97	2.3E-4	2.3E+0	1.3E-1	7.3E-2	2.3E-4	1.3E-1	4.3E+0
98	2.3E-4	2.3E+0	1.3E-1	7.3E-2	2.3E-4	1.3E-1	4.3E+0
99	2.3E-4	2.3E+0	1.3E-1	7.3E-2	2.3E-4	1.3E-1	4.3E+0
100	2.3E-4	2.3E+0	1.3E-1	7.4E-2	2.3E-4	1.3E-1	4.3E+0
110	2.3E-4	2.3E+0	1.3E-1	7.6E-2	2.3E-4	1.3E-1	4.2E+0
120	2.4E-4	2.4E+0	1.3E-1	7.8E-2	2.4E-4	1.3E-1	4.2E+0
130	2.4E-4	2.4E+0	1.4E-1	8.1E-2	2.4E-4	1.3E-1	4.1E+0
140	2.5E-4	2.5E+0	1.4E-1	8.3E-2	2.5E-4	1.3E-1	4.0E+0
150	2.5E-4	2.5E+0	1.5E-1	8.6E-2	2.5E-4	1.3E-1	4.0E+0
160	2.5E-4	2.6E+0	1.5E-1	8.9E-2	2.6E-4	1.3E-1	3.9E+0
170	2.6E-4	2.6E+0	1.6E-1	9.1E-2	2.6E-4	1.3E-1	3.9E+0
180	2.6E-4	2.7E+0	1.6E-1	9.4E-2	2.6E-4	1.2E-1	3.8E+0
190	2.7E-4	2.7E+0	1.7E-1	9.7E-2	2.7E-4	1.2E-1	3.8E+0
200	2.7E-4	2.8E+0	1.7E-1	1.0E-1	2.7E-4	1.2E-1	3.7E+0
210	2.8E-4	2.8E+0	1.8E-1	1.0E-1	2.8E-4	1.2E-1	3.7E+0
220	2.8E-4	2.9E+0	1.8E-1	1.1E-1	2.8E-4	1.2E-1	3.6E+0
230	2.9E-4	2.9E+0	1.9E-1	1.1E-1	2.9E-4	1.2E-1	3.6E+0
240	2.9E-4	3.0E+0	1.9E-1	1.1E-1	2.9E-4	1.2E-1	3.6E+0
250	3.0E-4	3.0E+0	2.0E-1	1.2E-1	3.0E-4	1.2E-1	3.5E+0
260	3.0E-4	3.1E+0	2.1E-1	1.2E-1	3.0E-4	1.2E-1	3.5E+0
270	3.0E-4	3.1E+0	2.1E-1	1.2E-1	3.1E-4	1.2E-1	3.4E+0
280	3.1E-4	3.2E+0	2.2E-1	1.3E-1	3.1E-4	1.1E-1	3.4E+0
290	3.1E-4	3.2E+0	2.3E-1	1.3E-1	3.2E-4	1.1E-1	3.4E+0
300	3.2E-4	3.3E+0	2.3E-1	1.4E-1	3.2E-4	1.1E-1	3.3E+0
310	3.2E-4	3.3E+0	2.4E-1	1.4E-1	3.3E-4	1.1E-1	3.3E+0
320	3.3E-4	3.4E+0	2.5E-1	1.5E-1	3.3E-4	1.1E-1	3.3E+0
330	3.3E-4	3.4E+0	2.6E-1	1.5E-1	3.3E-4	1.1E-1	3.2E+0
340	3.4E-4	3.5E+0	2.7E-1	1.5E-1	3.4E-4	1.1E-1	3.2E+0
350	3.4E-4	3.5E+0	2.7E-1	1.6E-1	3.4E-4	1.1E-1	3.2E+0
360	3.5E-4	3.6E+0	2.8E-1	1.6E-1	3.5E-4	1.1E-1	3.2E+0
365	3.5E-4	3.6E+0	2.9E-1	1.7E-1	3.5E-4	1.1E-1	3.1E+0
370	3.5E-4	3.6E+0	2.9E-1	1.7E-1	3.5E-4	1.1E-1	3.1E+0
380	3.5E-4	3.7E+0	3.0E-1	1.7E-1	3.6E-4	1.1E-1	3.1E+0
390	3.6E-4	3.7E+0	3.1E-1	1.8E-1	3.6E-4	1.1E-1	3.1E+0
400	3.6E-4	3.8E+0	3.2E-1	1.9E-1	3.7E-4	1.1E-1	3.1E+0
410	3.7E-4	3.8E+0	3.3E-1	1.9E-1	3.7E-4	1.0E-1	3.0E+0
420	3.7E-4	3.8E+0	3.4E-1	2.0E-1	3.8E-4	1.0E-1	3.0E+0
430	3.8E-4	3.9E+0	3.5E-1	2.0E-1	3.8E-4	1.0E-1	3.0E+0
440	3.8E-4	3.9E+0	3.6E-1	2.1E-1	3.8E-4	1.0E-1	3.0E+0
450	3.9E-4	4.0E+0	3.7E-1	2.2E-1	3.9E-4	1.0E-1	2.9E+0
460	3.9E-4	4.0E+0	3.9E-1	2.2E-1	3.9E-4	1.0E-1	2.9E+0
470	3.9E-4	4.1E+0	4.0E-1	2.3E-1	4.0E-4	1.0E-1	2.9E+0
480	4.0E-4	4.1E+0	4.1E-1	2.4E-1	4.0E-4	1.0E-1	2.9E+0
490	4.0E-4	4.2E+0	4.2E-1	2.5E-1	4.1E-4	1.0E-1	2.9E+0
500	4.1E-4	4.2E+0	4.4E-1	2.5E-1	4.1E-4	9.9E-2	2.9E+0
510	4.1E-4	4.3E+0	4.5E-1	2.6E-1	4.1E-4	9.9E-2	2.8E+0
520	4.2E-4	4.3E+0	4.6E-1	2.7E-1	4.2E-4	9.8E-2	2.8E+0
530	4.2E-4	4.3E+0	4.8E-1	2.8E-1	4.2E-4	9.8E-2	2.8E+0
540	4.2E-4	4.4E+0	4.9E-1	2.9E-1	4.3E-4	9.7E-2	2.8E+0
550	4.3E-4	4.4E+0	5.1E-1	3.0E-1	4.3E-4	9.7E-2	2.8E+0
560	4.3E-4	4.5E+0	5.3E-1	3.0E-1	4.4E-4	9.6E-2	2.7E+0
570	4.4E-4	4.5E+0	5.4E-1	3.1E-1	4.4E-4	9.6E-2	2.7E+0
580	4.4E-4	4.6E+0	5.6E-1	3.2E-1	4.4E-4	9.5E-2	2.7E+0
590	4.4E-4	4.6E+0	5.8E-1	3.3E-1	4.5E-4	9.5E-2	2.7E+0
600	4.5E-4	4.6E+0	5.9E-1	3.4E-1	4.5E-4	9.4E-2	2.7E+0
610	4.5E-4	4.7E+0	6.1E-1	3.5E-1	4.5E-4	9.4E-2	2.7E+0
620	4.5E-4	4.7E+0	6.3E-1	3.7E-1	4.6E-4	9.4E-2	2.7E+0
630	4.6E-4	4.7E+0	6.5E-1	3.8E-1	4.6E-4	9.3E-2	2.6E+0
640	4.6E-4	4.8E+0	6.7E-1	3.9E-1	4.7E-4	9.3E-2	2.6E+0
650	4.7E-4	4.8E+0	6.9E-1	4.0E-1	4.7E-4	9.2E-2	2.6E+0
660	4.7E-4	4.9E+0	7.2E-1	4.1E-1	4.7E-4	9.2E-2	2.6E+0
670	4.7E-4	4.9E+0	7.4E-1	4.3E-1	4.8E-4	9.2E-2	2.6E+0
680	4.8E-4	4.9E+0	7.6E-1	4.4E-1	4.8E-4	9.1E-2	2.6E+0
690	4.8E-4	5.0E+0	7.9E-1	4.5E-1	4.8E-4	9.1E-2	2.6E+0
700	4.8E-4	5.0E+0	8.1E-1	4.7E-1	4.9E-4	9.1E-2	2.6E+0
710	4.9E-4	5.0E+0	8.4E-1	4.8E-1	4.9E-4	9.0E-2	2.5E+0
720	4.9E-4	5.1E+0	8.6E-1	5.0E-1	4.9E-4	9.0E-2	2.5E+0
730	4.9E-4	5.1E+0	8.9E-1	5.1E-1	5.0E-4	9.0E-2	2.5E+0
740	5.0E-4	5.1E+0	9.2E-1	5.3E-1	5.0E-4	8.9E-2	2.5E+0
750	5.0E-4	5.2E+0	9.5E-1	5.4E-1	5.0E-4	8.9E-2	2.5E+0
760	5.0E-4	5.2E+0	9.8E-1	5.6E-1	5.1E-4	8.9E-2	2.5E+0
770	5.1E-4	5.2E+0	1.0E+0	5.8E-1	5.1E-4	8.8E-2	2.5E+0
780	5.1E-4	5.3E+0	1.0E+0	6.0E-1	5.1E-4	8.8E-2	2.5E+0
790	5.1E-4	5.3E+0	1.1E+0	6.1E-1	5.2E-4	8.8E-2	2.5E+0
800	5.1E-4	5.3E+0	1.1E+0	6.3E-1	5.2E-4	8.7E-2	2.4E+0
810	5.2E-4	5.4E+0	1.1E+0	6.5E-1	5.2E-4	8.7E-2	2.4E+0
820	5.2E-4	5.4E+0	1.2E+0	6.7E-1	5.2E-4	8.7E-2	2.4E+0
830	5.2E-4	5.4E+0	1.2E+0	6.9E-1	5.3E-4	8.7E-2	2.4E+0
840	5.3E-4	5.5E+0	1.3E+0	7.1E-1	5.3E-4	8.6E-2	2.4E+0
850	5.3E-4	5.5E+0	1.3E+0	7.4E-1	5.3E-4	8.6E-2	2.4E+0
860	5.3E-4	5.5E+0	1.3E+0	7.6E-1	5.4E-4	8.6E-2	2.4E+0
870	5.3E-4	5.5E+0	1.4E+0	7.8E-1	5.4E-4	8.5E-2	2.4E+0
880	5.4E-4	5.6E+0	1.4E+0	8.0E-1	5.4E-4	8.5E-2	2.4E+0
890	5.4E-4	5.6E+0	1.5E+0	8.3E-1	5.4E-4	8.5E-2	2.4E+0
900	5.4E-4	5.6E+0	1.5E+0	8.5E-1	5.5E-4	8.5E-2	2.4E+0
910	5.4E-4	5.6E+0	1.6E+0	8.8E-1	5.5E-4	8.4E-2	2.3E+0
920	5.5E-4	5.7E+0	1.6E+0	9.1E-1	5.5E-4	8.4E-2	2.3E+0
930	5.5E-4	5.7E+0	1.7E+0	9.3E-1	5.5E-4	8.4E-2	2.3E+0
940	5.5E-4	5.7E+0	1.7E+0	9.6E-1	5.6E-4	8.4E-2	2.3E+0
950	5.5E-4	5.7E+0	1.8E+0	9.9E-1	5.6E-4	8.3E-2	2.3E+0
960	5.6E-4	5.8E+0	1.8E+0	1.0E+0	5.6E-4	8.3E-2	2.3E+0
970	5.6E-4	5.8E+0	1.9E+0	1.1E+0	5.6E-4	8.3E-2	2.3E+0
980	5.6E-4	5.8E+0	1.9E+0	1.1E+0	5.7E-4	8.3E-2	2.3E+0
990	5.6E-4	5.8E+0	2.0E+0	1.1E+0	5.7E-4	8.2E-2	2.3E+0
1000	5.6E-4	5.9E+0	2.1E+0	1.2E+0	5.7E-4	8.2E-2	2.3E+0
1010	5.7E-4	5.9E+0	2.1E+0	1.2E+0	5.7E-4	8.2E-2	2.3E+0
1020	5.7E-4	5.9E+0	2.2E+0	1.2E+0	5.7E-4	8.2E-2	2.3E+0
1030	5.7E-4	5.9E+0	2.3E+0	1.3E+0	5.8E-4	8.2E-2	2.2E+0
1040	5.7E-4	5.9E+0	2.3E+0	1.3E+0	5.8E-4	8.1E-2	2.2E+0
1050	5.7E-4	6.0E+0	2.4E+0	1.3E+0	5.8E-4	8.1E-2	2.2E+0
1060	5.8E-4	6.0E+0	2.5E+0	1.4E+0	5.8E-4	8.1E-2	2.2E+0
1070	5.8E-4	6.0E+0	2.5E+0	1.4E+0	5.8E-4	8.1E-2	2.2E+0
1080	5.8E-4	6.0E+0	2.6E+0	1.5E+0	5.9E-4	8.0E-2	2.2E+0
1090	5.8E-4	6.0E+0	2.7E+0	1.5E+0	5.9E-4	8.0E-2	2.2E+0
1095	5.8E-4	6.0E+0	2.8E+0	1.5E+0	5.9E-4	8.0E-2	2.2E+0
1100	5.8E-4	6.1E+0	2.8E+0	1.5E+0	5.9E-4	8.0E-2	2.2E+0
1200	6.0E-4	6.2E+0	3.8E+0	2.1E+0	6.1E-4	7.8E-2	2.1E+0
1300	6.1E-4	6.4E+0	5.2E+0	2.7E+0	6.2E-4	7.6E-2	2.1E+0
1400	6.3E-4	6.5E+0	7.1E+0	3.5E+0	6.3E-4	7.5E-2	2.0E+0
1500	6.4E-4	6.6E+0	9.6E+0	4.6E+0	6.4E-4	7.3E-2	2.0E+0
1600	6.5E-4	6.7E+0	1.3E+1	5.8E+0	6.5E-4	7.2E-2	1.9E+0
1700	6.6E-4	6.8E+0	1.8E+1	7.2E+0	6.6E-4	7.1E-2	1.9E+0
1800	6.6E-4	6.9E+0	2.4E+1	8.7E+0	6.7E-4	7.0E-2	1.9E+0
1900	6.7E-4	7.0E+0	3.2E+1	1.0E+1	6.8E-4	6.9E-2	1.8E+0
2000	6.8E-4	7.1E+0	4.4E+1	1.2E+1	6.9E-4	6.8E-2	1.8E+0
2100	6.9E-4	7.1E+0	5.9E+1	1.3E+1	7.0E-4	6.7E-2	1.8E+0
2200	6.9E-4	7.2E+0	7.9E+1	1.4E+1	7.0E-4	6.6E-2	1.7E+0
2300	7.0E-4	7.3E+0	1.0E+2	1.5E+1	7.1E-4	6.5E-2	1.7E+0
2400	7.1E-4	7.4E+0	1.4E+2	1.6E+1	7.2E-4	6.4E-2	1.7E+0
2500	7.2E-4	7.4E+0	1.8E+2	1.7E+1	7.3E-4	6.4E-2	1.7E+0
2600	7.2E-4	7.5E+0	2.3E+2	1.7E+1	7.4E-4	6.3E-2	1.6E+0
2700	7.3E-4	7.6E+0	3.0E+2	1.7E+1	7.4E-4	6.2E-2	1.6E+0
2800	7.4E-4	7.7E+0	3.7E+2	1.7E+1	7.5E-4	6.2E-2	1.6E+0
2900	7.5E-4	7.7E+0	4.5E+2	1.7E+1	7.6E-4	6.1E-2	1.6E+0
3000	7.5E-4	7.8E+0	5.4E+2	1.7E+1	7.7E-4	6.1E-2	1.6E+0
3100	7.6E-4	7.9E+0	6.4E+2	1.7E+1	7.7E-4	6.0E-2	1.6E+0
3200	7.7E-4	8.0E+0	7.3E+2	1.7E+1	7.8E-4	6.0E-2	1.5E+0
3300	7.8E-4	8.0E+0	8.2E+2	1.7E+1	7.9E-4	5.9E-2	1.5E+0
3400	7.8E-4	8.1E+0	9.1E+2	1.7E+1	8.0E-4	5.9E-2	1.5E+0
3500	7.9E-4	8.2E+0	9.8E+2	1.6E+1	8.0E-4	5.9E-2	1.5E+0
3600	8.0E-4	8.3E+0	1.0E+3	1.6E+1	8.1E-4	5.8E-2	1.5E+0
3650	8.0E-4	8.3E+0	1.1E+3	1.6E+1	8.2E-4	5.8E-2	1.5E+0
4000	8.3E-4	8.6E+0	1.2E+3	1.6E+1	8.5E-4	5.7E-2	1.5E+0
5000	9.1E-4	9.5E+0	1.4E+3	1.4E+1	9.4E-4	5.5E-2	1.4E+0
6000	1.0E-3	1.0E+1	1.6E+3	1.3E+1	1.0E-3	5.4E-2	1.4E+0
7000	1.1E-3	1.2E+1	1.7E+3	1.2E+1	1.1E-3	5.4E-2	1.4E+0
8000	1.2E-3	1.3E+1	1.9E+3	1.1E+1	1.3E-3	5.4E-2	1.4E+0
9000	1.3E-3	1.4E+1	2.1E+3	1.1E+1	1.4E-3	5.4E-2	1.5E+0
10000	1.5E-3	1.5E+1	2.3E+3	1.1E+1	1.5E-3	5.5E-2	1.6E+0
11000	1.6E-3	1.7E+1	2.6E+3	1.0E+1	1.7E-3	5.7E-2	1.6E+0
12000	1.8E-3	1.9E+1	2.8E+3	1.0E+1	1.9E-3	5.8E-2	1.7E+0
13000	2.0E-3	2.1E+1	3.1E+3	9.9E+0	2.1E-3	6.0E-2	1.8E+0
14000	2.2E-3	2.3E+1	3.4E+3	9.7E+0	2.3E-3	6.2E-2	2.0E+0
15000	2.4E-3	2.5E+1	3.8E+3	9.6E+0	2.5E-3	6.5E-2	2.1E+0
16000	2.7E-3	2.8E+1	4.2E+3	9.6E+0	2.8E-3	6.7E-2	2.3E+0
17000	2.9E-3	3.1E+1	4.6E+3	9.5E+0	3.1E-3	7.0E-2	2.4E+0
18000	3.2E-3	3.4E+1	5.1E+3	9.5E+0	3.4E-3	7.3E-2	2.6E+0
18250	3.3E-3	3.5E+1	5.2E+3	9.5E+0	3.5E-3	7.4E-2	2.7E+0
Radionuclide	U-235
Route of Intake	Inhalation
Material	Aerosols Type S, fA=2E-4
AMTD/AMAD, µm	1

Committed Effective Dose per Predicted Content in an Organ or Excreta Sample (Dose per Content Functions z(t)), Sv/Bq
Time, days	Whole Body	Urine (24-hour sample)	Faeces (24-hour sample)	Alimentary Tract*	Lungs*	Skeleton*	Liver*
0.041667	4.1E-5	-	-	1.4E-4	1.6E-4	1.2E+0	1.9E+0
0.083333	4.1E-5	-	-	1.3E-4	1.6E-4	6.0E-1	1.5E+0
0.125	4.2E-5	-	-	1.2E-4	1.6E-4	4.1E-1	1.4E+0
0.25	4.3E-5	-	-	9.8E-5	1.7E-4	2.2E-1	1.2E+0
0.375	4.4E-5	-	-	8.8E-5	1.7E-4	1.7E-1	1.1E+0
0.5	4.5E-5	-	-	8.2E-5	1.7E-4	1.4E-1	1.0E+0
0.625	4.6E-5	-	-	7.9E-5	1.7E-4	1.2E-1	1.0E+0
0.75	4.7E-5	-	-	7.8E-5	1.7E-4	1.2E-1	9.9E-1
0.875	4.9E-5	-	-	7.9E-5	1.7E-4	1.1E-1	9.8E-1
1	5.1E-5	2.5E-2	4.7E-4	8.1E-5	1.7E-4	1.1E-1	9.8E-1
1.125	5.3E-5	-	-	8.4E-5	1.7E-4	1.1E-1	9.8E-1
1.25	5.6E-5	-	-	8.9E-5	1.7E-4	1.0E-1	9.8E-1
1.375	5.9E-5	-	-	9.5E-5	1.8E-4	1.0E-1	9.9E-1
1.5	6.2E-5	-	-	1.0E-4	1.8E-4	1.0E-1	1.0E+0
1.625	6.6E-5	-	-	1.1E-4	1.8E-4	1.0E-1	1.0E+0
1.75	7.0E-5	-	-	1.2E-4	1.8E-4	1.0E-1	1.0E+0
1.875	7.5E-5	-	-	1.4E-4	1.8E-4	1.0E-1	1.0E+0
2	8.0E-5	1.7E-1	1.5E-4	1.5E-4	1.8E-4	1.0E-1	1.0E+0
2.25	9.1E-5	-	-	1.9E-4	1.8E-4	1.0E-1	1.0E+0
2.5	1.0E-4	-	-	2.4E-4	1.8E-4	1.1E-1	1.1E+0
2.75	1.1E-4	-	-	3.2E-4	1.8E-4	1.1E-1	1.1E+0
3	1.2E-4	5.2E-1	2.2E-4	4.1E-4	1.8E-4	1.1E-1	1.1E+0
3.25	1.4E-4	-	-	5.5E-4	1.8E-4	1.1E-1	1.1E+0
3.5	1.4E-4	-	-	7.3E-4	1.8E-4	1.1E-1	1.1E+0
3.75	1.5E-4	-	-	9.8E-4	1.8E-4	1.1E-1	1.2E+0
4	1.6E-4	6.4E-1	5.8E-4	1.3E-3	1.8E-4	1.1E-1	1.2E+0
4.25	1.7E-4	-	-	1.7E-3	1.8E-4	1.1E-1	1.2E+0
4.5	1.7E-4	-	-	2.2E-3	1.8E-4	1.1E-1	1.2E+0
4.75	1.7E-4	-	-	2.8E-3	1.9E-4	1.1E-1	1.3E+0
5	1.8E-4	6.9E-1	1.8E-3	3.5E-3	1.9E-4	1.1E-1	1.3E+0
5.5	1.8E-4	-	-	5.2E-3	1.9E-4	1.2E-1	1.3E+0
6	1.8E-4	7.4E-1	5.1E-3	6.8E-3	1.9E-4	1.2E-1	1.4E+0
6.5	1.8E-4	-	-	8.3E-3	1.9E-4	1.2E-1	1.4E+0
7	1.9E-4	7.9E-1	1.1E-2	9.6E-3	1.9E-4	1.2E-1	1.5E+0
7.5	1.9E-4	-	-	1.1E-2	1.9E-4	1.2E-1	1.5E+0
8	1.9E-4	8.4E-1	1.6E-2	1.2E-2	1.9E-4	1.2E-1	1.6E+0
8.5	1.9E-4	-	-	1.3E-2	1.9E-4	1.2E-1	1.6E+0
9	1.9E-4	8.9E-1	2.0E-2	1.4E-2	1.9E-4	1.3E-1	1.7E+0
9.5	1.9E-4	-	-	1.5E-2	1.9E-4	1.3E-1	1.7E+0
10	1.9E-4	9.4E-1	2.3E-2	1.6E-2	1.9E-4	1.3E-1	1.8E+0
11	1.9E-4	9.8E-1	2.7E-2	1.9E-2	2.0E-4	1.3E-1	1.9E+0
12	1.9E-4	1.0E+0	3.2E-2	2.1E-2	2.0E-4	1.3E-1	2.0E+0
13	1.9E-4	1.1E+0	3.6E-2	2.4E-2	2.0E-4	1.3E-1	2.1E+0
14	2.0E-4	1.1E+0	4.1E-2	2.7E-2	2.0E-4	1.3E-1	2.2E+0
15	2.0E-4	1.2E+0	4.6E-2	3.0E-2	2.0E-4	1.4E-1	2.3E+0
16	2.0E-4	1.2E+0	5.1E-2	3.3E-2	2.0E-4	1.4E-1	2.4E+0
17	2.0E-4	1.3E+0	5.6E-2	3.6E-2	2.0E-4	1.4E-1	2.5E+0
18	2.0E-4	1.3E+0	6.1E-2	3.9E-2	2.0E-4	1.4E-1	2.6E+0
19	2.0E-4	1.3E+0	6.6E-2	4.1E-2	2.0E-4	1.4E-1	2.7E+0
20	2.0E-4	1.4E+0	7.1E-2	4.4E-2	2.0E-4	1.4E-1	2.8E+0
21	2.0E-4	1.4E+0	7.5E-2	4.6E-2	2.0E-4	1.4E-1	2.9E+0
22	2.0E-4	1.4E+0	7.9E-2	4.8E-2	2.0E-4	1.4E-1	3.0E+0
23	2.0E-4	1.5E+0	8.3E-2	5.0E-2	2.0E-4	1.4E-1	3.1E+0
24	2.0E-4	1.5E+0	8.6E-2	5.2E-2	2.0E-4	1.4E-1	3.2E+0
25	2.0E-4	1.5E+0	8.9E-2	5.3E-2	2.0E-4	1.4E-1	3.3E+0
26	2.0E-4	1.6E+0	9.1E-2	5.5E-2	2.0E-4	1.4E-1	3.4E+0
27	2.0E-4	1.6E+0	9.4E-2	5.6E-2	2.1E-4	1.4E-1	3.5E+0
28	2.0E-4	1.6E+0	9.6E-2	5.7E-2	2.1E-4	1.4E-1	3.6E+0
29	2.0E-4	1.7E+0	9.7E-2	5.8E-2	2.1E-4	1.4E-1	3.7E+0
30	2.0E-4	1.7E+0	9.9E-2	5.8E-2	2.1E-4	1.4E-1	3.7E+0
31	2.1E-4	1.7E+0	1.0E-1	5.9E-2	2.1E-4	1.4E-1	3.8E+0
32	2.1E-4	1.7E+0	1.0E-1	6.0E-2	2.1E-4	1.4E-1	3.9E+0
33	2.1E-4	1.8E+0	1.0E-1	6.0E-2	2.1E-4	1.4E-1	3.9E+0
34	2.1E-4	1.8E+0	1.0E-1	6.1E-2	2.1E-4	1.4E-1	4.0E+0
35	2.1E-4	1.8E+0	1.0E-1	6.1E-2	2.1E-4	1.4E-1	4.1E+0
36	2.1E-4	1.8E+0	1.1E-1	6.2E-2	2.1E-4	1.4E-1	4.1E+0
37	2.1E-4	1.8E+0	1.1E-1	6.2E-2	2.1E-4	1.4E-1	4.2E+0
38	2.1E-4	1.9E+0	1.1E-1	6.2E-2	2.1E-4	1.4E-1	4.2E+0
39	2.1E-4	1.9E+0	1.1E-1	6.3E-2	2.1E-4	1.4E-1	4.2E+0
40	2.1E-4	1.9E+0	1.1E-1	6.3E-2	2.1E-4	1.4E-1	4.3E+0
41	2.1E-4	1.9E+0	1.1E-1	6.3E-2	2.1E-4	1.4E-1	4.3E+0
42	2.1E-4	1.9E+0	1.1E-1	6.3E-2	2.1E-4	1.4E-1	4.3E+0
43	2.1E-4	1.9E+0	1.1E-1	6.4E-2	2.1E-4	1.4E-1	4.4E+0
44	2.1E-4	1.9E+0	1.1E-1	6.4E-2	2.1E-4	1.4E-1	4.4E+0
45	2.1E-4	2.0E+0	1.1E-1	6.4E-2	2.1E-4	1.4E-1	4.4E+0
46	2.1E-4	2.0E+0	1.1E-1	6.4E-2	2.1E-4	1.4E-1	4.4E+0
47	2.1E-4	2.0E+0	1.1E-1	6.5E-2	2.1E-4	1.4E-1	4.4E+0
48	2.1E-4	2.0E+0	1.1E-1	6.5E-2	2.1E-4	1.4E-1	4.5E+0
49	2.1E-4	2.0E+0	1.1E-1	6.5E-2	2.1E-4	1.4E-1	4.5E+0
50	2.1E-4	2.0E+0	1.1E-1	6.5E-2	2.1E-4	1.4E-1	4.5E+0
51	2.1E-4	2.0E+0	1.1E-1	6.5E-2	2.2E-4	1.4E-1	4.5E+0
52	2.1E-4	2.0E+0	1.1E-1	6.6E-2	2.2E-4	1.4E-1	4.5E+0
53	2.1E-4	2.0E+0	1.1E-1	6.6E-2	2.2E-4	1.4E-1	4.5E+0
54	2.1E-4	2.1E+0	1.1E-1	6.6E-2	2.2E-4	1.4E-1	4.5E+0
55	2.2E-4	2.1E+0	1.1E-1	6.6E-2	2.2E-4	1.4E-1	4.5E+0
56	2.2E-4	2.1E+0	1.1E-1	6.6E-2	2.2E-4	1.4E-1	4.5E+0
57	2.2E-4	2.1E+0	1.1E-1	6.7E-2	2.2E-4	1.4E-1	4.5E+0
58	2.2E-4	2.1E+0	1.1E-1	6.7E-2	2.2E-4	1.4E-1	4.5E+0
59	2.2E-4	2.1E+0	1.2E-1	6.7E-2	2.2E-4	1.4E-1	4.5E+0
60	2.2E-4	2.1E+0	1.2E-1	6.7E-2	2.2E-4	1.4E-1	4.5E+0
61	2.2E-4	2.1E+0	1.2E-1	6.8E-2	2.2E-4	1.4E-1	4.5E+0
62	2.2E-4	2.1E+0	1.2E-1	6.8E-2	2.2E-4	1.4E-1	4.5E+0
63	2.2E-4	2.1E+0	1.2E-1	6.8E-2	2.2E-4	1.4E-1	4.5E+0
64	2.2E-4	2.1E+0	1.2E-1	6.8E-2	2.2E-4	1.4E-1	4.5E+0
65	2.2E-4	2.1E+0	1.2E-1	6.8E-2	2.2E-4	1.4E-1	4.5E+0
66	2.2E-4	2.2E+0	1.2E-1	6.9E-2	2.2E-4	1.4E-1	4.5E+0
67	2.2E-4	2.2E+0	1.2E-1	6.9E-2	2.2E-4	1.4E-1	4.5E+0
68	2.2E-4	2.2E+0	1.2E-1	6.9E-2	2.2E-4	1.4E-1	4.5E+0
69	2.2E-4	2.2E+0	1.2E-1	6.9E-2	2.2E-4	1.4E-1	4.5E+0
70	2.2E-4	2.2E+0	1.2E-1	6.9E-2	2.2E-4	1.4E-1	4.5E+0
71	2.2E-4	2.2E+0	1.2E-1	7.0E-2	2.2E-4	1.4E-1	4.5E+0
72	2.2E-4	2.2E+0	1.2E-1	7.0E-2	2.2E-4	1.4E-1	4.5E+0
73	2.2E-4	2.2E+0	1.2E-1	7.0E-2	2.2E-4	1.4E-1	4.5E+0
74	2.2E-4	2.2E+0	1.2E-1	7.0E-2	2.3E-4	1.4E-1	4.5E+0
75	2.2E-4	2.2E+0	1.2E-1	7.1E-2	2.3E-4	1.4E-1	4.5E+0
76	2.2E-4	2.2E+0	1.2E-1	7.1E-2	2.3E-4	1.4E-1	4.5E+0
77	2.2E-4	2.2E+0	1.2E-1	7.1E-2	2.3E-4	1.4E-1	4.5E+0
78	2.3E-4	2.2E+0	1.2E-1	7.1E-2	2.3E-4	1.4E-1	4.5E+0
79	2.3E-4	2.2E+0	1.2E-1	7.1E-2	2.3E-4	1.4E-1	4.5E+0
80	2.3E-4	2.2E+0	1.2E-1	7.2E-2	2.3E-4	1.4E-1	4.5E+0
81	2.3E-4	2.3E+0	1.2E-1	7.2E-2	2.3E-4	1.4E-1	4.5E+0
82	2.3E-4	2.3E+0	1.2E-1	7.2E-2	2.3E-4	1.4E-1	4.4E+0
83	2.3E-4	2.3E+0	1.2E-1	7.2E-2	2.3E-4	1.4E-1	4.4E+0
84	2.3E-4	2.3E+0	1.2E-1	7.3E-2	2.3E-4	1.4E-1	4.4E+0
85	2.3E-4	2.3E+0	1.2E-1	7.3E-2	2.3E-4	1.4E-1	4.4E+0
86	2.3E-4	2.3E+0	1.3E-1	7.3E-2	2.3E-4	1.4E-1	4.4E+0
87	2.3E-4	2.3E+0	1.3E-1	7.3E-2	2.3E-4	1.4E-1	4.4E+0
88	2.3E-4	2.3E+0	1.3E-1	7.3E-2	2.3E-4	1.4E-1	4.4E+0
89	2.3E-4	2.3E+0	1.3E-1	7.4E-2	2.3E-4	1.4E-1	4.4E+0
90	2.3E-4	2.3E+0	1.3E-1	7.4E-2	2.3E-4	1.4E-1	4.4E+0
91	2.3E-4	2.3E+0	1.3E-1	7.4E-2	2.3E-4	1.4E-1	4.4E+0
92	2.3E-4	2.3E+0	1.3E-1	7.4E-2	2.3E-4	1.4E-1	4.4E+0
93	2.3E-4	2.3E+0	1.3E-1	7.5E-2	2.3E-4	1.4E-1	4.4E+0
94	2.3E-4	2.3E+0	1.3E-1	7.5E-2	2.3E-4	1.4E-1	4.4E+0
95	2.3E-4	2.3E+0	1.3E-1	7.5E-2	2.3E-4	1.4E-1	4.4E+0
96	2.3E-4	2.3E+0	1.3E-1	7.5E-2	2.4E-4	1.4E-1	4.4E+0
97	2.3E-4	2.3E+0	1.3E-1	7.6E-2	2.4E-4	1.4E-1	4.4E+0
98	2.3E-4	2.4E+0	1.3E-1	7.6E-2	2.4E-4	1.4E-1	4.3E+0
99	2.3E-4	2.4E+0	1.3E-1	7.6E-2	2.4E-4	1.3E-1	4.3E+0
100	2.4E-4	2.4E+0	1.3E-1	7.6E-2	2.4E-4	1.3E-1	4.3E+0
110	2.4E-4	2.4E+0	1.3E-1	7.9E-2	2.4E-4	1.3E-1	4.3E+0
120	2.4E-4	2.5E+0	1.4E-1	8.1E-2	2.5E-4	1.3E-1	4.2E+0
130	2.5E-4	2.5E+0	1.4E-1	8.4E-2	2.5E-4	1.3E-1	4.1E+0
140	2.5E-4	2.6E+0	1.5E-1	8.6E-2	2.6E-4	1.3E-1	4.1E+0
150	2.6E-4	2.6E+0	1.5E-1	8.9E-2	2.6E-4	1.3E-1	4.0E+0
160	2.6E-4	2.7E+0	1.6E-1	9.2E-2	2.6E-4	1.3E-1	4.0E+0
170	2.7E-4	2.7E+0	1.6E-1	9.5E-2	2.7E-4	1.3E-1	3.9E+0
180	2.7E-4	2.8E+0	1.7E-1	9.8E-2	2.7E-4	1.3E-1	3.9E+0
190	2.8E-4	2.8E+0	1.7E-1	1.0E-1	2.8E-4	1.2E-1	3.8E+0
200	2.8E-4	2.9E+0	1.8E-1	1.0E-1	2.8E-4	1.2E-1	3.8E+0
210	2.9E-4	2.9E+0	1.8E-1	1.1E-1	2.9E-4	1.2E-1	3.7E+0
220	2.9E-4	3.0E+0	1.9E-1	1.1E-1	2.9E-4	1.2E-1	3.7E+0
230	3.0E-4	3.0E+0	2.0E-1	1.1E-1	3.0E-4	1.2E-1	3.6E+0
240	3.0E-4	3.1E+0	2.0E-1	1.2E-1	3.0E-4	1.2E-1	3.6E+0
250	3.0E-4	3.1E+0	2.1E-1	1.2E-1	3.1E-4	1.2E-1	3.6E+0
260	3.1E-4	3.2E+0	2.1E-1	1.3E-1	3.1E-4	1.2E-1	3.5E+0
270	3.1E-4	3.2E+0	2.2E-1	1.3E-1	3.2E-4	1.2E-1	3.5E+0
280	3.2E-4	3.3E+0	2.3E-1	1.3E-1	3.2E-4	1.2E-1	3.5E+0
290	3.2E-4	3.3E+0	2.4E-1	1.4E-1	3.3E-4	1.2E-1	3.4E+0
300	3.3E-4	3.4E+0	2.4E-1	1.4E-1	3.3E-4	1.1E-1	3.4E+0
310	3.3E-4	3.4E+0	2.5E-1	1.5E-1	3.4E-4	1.1E-1	3.4E+0
320	3.4E-4	3.5E+0	2.6E-1	1.5E-1	3.4E-4	1.1E-1	3.3E+0
330	3.4E-4	3.5E+0	2.7E-1	1.6E-1	3.5E-4	1.1E-1	3.3E+0
340	3.5E-4	3.6E+0	2.7E-1	1.6E-1	3.5E-4	1.1E-1	3.3E+0
350	3.5E-4	3.6E+0	2.8E-1	1.7E-1	3.6E-4	1.1E-1	3.2E+0
360	3.6E-4	3.7E+0	2.9E-1	1.7E-1	3.6E-4	1.1E-1	3.2E+0
365	3.6E-4	3.7E+0	3.0E-1	1.7E-1	3.6E-4	1.1E-1	3.2E+0
370	3.6E-4	3.7E+0	3.0E-1	1.8E-1	3.7E-4	1.1E-1	3.2E+0
380	3.7E-4	3.8E+0	3.1E-1	1.8E-1	3.7E-4	1.1E-1	3.2E+0
390	3.7E-4	3.8E+0	3.2E-1	1.9E-1	3.7E-4	1.1E-1	3.1E+0
400	3.8E-4	3.9E+0	3.3E-1	1.9E-1	3.8E-4	1.1E-1	3.1E+0
410	3.8E-4	3.9E+0	3.4E-1	2.0E-1	3.8E-4	1.1E-1	3.1E+0
420	3.8E-4	4.0E+0	3.5E-1	2.0E-1	3.9E-4	1.1E-1	3.1E+0
430	3.9E-4	4.0E+0	3.6E-1	2.1E-1	3.9E-4	1.0E-1	3.0E+0
440	3.9E-4	4.1E+0	3.7E-1	2.2E-1	4.0E-4	1.0E-1	3.0E+0
450	4.0E-4	4.1E+0	3.9E-1	2.2E-1	4.0E-4	1.0E-1	3.0E+0
460	4.0E-4	4.2E+0	4.0E-1	2.3E-1	4.1E-4	1.0E-1	3.0E+0
470	4.1E-4	4.2E+0	4.1E-1	2.4E-1	4.1E-4	1.0E-1	3.0E+0
480	4.1E-4	4.3E+0	4.2E-1	2.5E-1	4.2E-4	1.0E-1	2.9E+0
490	4.2E-4	4.3E+0	4.4E-1	2.5E-1	4.2E-4	1.0E-1	2.9E+0
500	4.2E-4	4.3E+0	4.5E-1	2.6E-1	4.3E-4	1.0E-1	2.9E+0
510	4.2E-4	4.4E+0	4.7E-1	2.7E-1	4.3E-4	1.0E-1	2.9E+0
520	4.3E-4	4.4E+0	4.8E-1	2.8E-1	4.3E-4	1.0E-1	2.9E+0
530	4.3E-4	4.5E+0	5.0E-1	2.9E-1	4.4E-4	9.9E-2	2.8E+0
540	4.4E-4	4.5E+0	5.1E-1	3.0E-1	4.4E-4	9.9E-2	2.8E+0
550	4.4E-4	4.6E+0	5.3E-1	3.1E-1	4.5E-4	9.9E-2	2.8E+0
560	4.5E-4	4.6E+0	5.4E-1	3.1E-1	4.5E-4	9.8E-2	2.8E+0
570	4.5E-4	4.6E+0	5.6E-1	3.2E-1	4.5E-4	9.8E-2	2.8E+0
580	4.5E-4	4.7E+0	5.8E-1	3.3E-1	4.6E-4	9.7E-2	2.8E+0
590	4.6E-4	4.7E+0	6.0E-1	3.5E-1	4.6E-4	9.7E-2	2.8E+0
600	4.6E-4	4.8E+0	6.2E-1	3.6E-1	4.7E-4	9.6E-2	2.7E+0
610	4.6E-4	4.8E+0	6.3E-1	3.7E-1	4.7E-4	9.6E-2	2.7E+0
620	4.7E-4	4.9E+0	6.5E-1	3.8E-1	4.7E-4	9.5E-2	2.7E+0
630	4.7E-4	4.9E+0	6.8E-1	3.9E-1	4.8E-4	9.5E-2	2.7E+0
640	4.8E-4	4.9E+0	7.0E-1	4.0E-1	4.8E-4	9.5E-2	2.7E+0
650	4.8E-4	5.0E+0	7.2E-1	4.1E-1	4.9E-4	9.4E-2	2.7E+0
660	4.8E-4	5.0E+0	7.4E-1	4.3E-1	4.9E-4	9.4E-2	2.7E+0
670	4.9E-4	5.0E+0	7.6E-1	4.4E-1	4.9E-4	9.4E-2	2.6E+0
680	4.9E-4	5.1E+0	7.9E-1	4.5E-1	5.0E-4	9.3E-2	2.6E+0
690	4.9E-4	5.1E+0	8.1E-1	4.7E-1	5.0E-4	9.3E-2	2.6E+0
700	5.0E-4	5.2E+0	8.4E-1	4.8E-1	5.0E-4	9.2E-2	2.6E+0
710	5.0E-4	5.2E+0	8.7E-1	5.0E-1	5.1E-4	9.2E-2	2.6E+0
720	5.0E-4	5.2E+0	8.9E-1	5.1E-1	5.1E-4	9.2E-2	2.6E+0
730	5.1E-4	5.3E+0	9.2E-1	5.3E-1	5.1E-4	9.1E-2	2.6E+0
740	5.1E-4	5.3E+0	9.5E-1	5.5E-1	5.2E-4	9.1E-2	2.6E+0
750	5.1E-4	5.3E+0	9.8E-1	5.6E-1	5.2E-4	9.1E-2	2.5E+0
760	5.2E-4	5.4E+0	1.0E+0	5.8E-1	5.2E-4	9.0E-2	2.5E+0
770	5.2E-4	5.4E+0	1.0E+0	6.0E-1	5.3E-4	9.0E-2	2.5E+0
780	5.2E-4	5.4E+0	1.1E+0	6.2E-1	5.3E-4	9.0E-2	2.5E+0
790	5.3E-4	5.5E+0	1.1E+0	6.3E-1	5.3E-4	8.9E-2	2.5E+0
800	5.3E-4	5.5E+0	1.1E+0	6.5E-1	5.4E-4	8.9E-2	2.5E+0
810	5.3E-4	5.5E+0	1.2E+0	6.7E-1	5.4E-4	8.9E-2	2.5E+0
820	5.4E-4	5.6E+0	1.2E+0	7.0E-1	5.4E-4	8.9E-2	2.5E+0
830	5.4E-4	5.6E+0	1.3E+0	7.2E-1	5.5E-4	8.8E-2	2.5E+0
840	5.4E-4	5.6E+0	1.3E+0	7.4E-1	5.5E-4	8.8E-2	2.5E+0
850	5.4E-4	5.6E+0	1.3E+0	7.6E-1	5.5E-4	8.8E-2	2.4E+0
860	5.5E-4	5.7E+0	1.4E+0	7.8E-1	5.5E-4	8.7E-2	2.4E+0
870	5.5E-4	5.7E+0	1.4E+0	8.1E-1	5.6E-4	8.7E-2	2.4E+0
880	5.5E-4	5.7E+0	1.5E+0	8.3E-1	5.6E-4	8.7E-2	2.4E+0
890	5.5E-4	5.8E+0	1.5E+0	8.6E-1	5.6E-4	8.7E-2	2.4E+0
900	5.6E-4	5.8E+0	1.6E+0	8.8E-1	5.7E-4	8.6E-2	2.4E+0
910	5.6E-4	5.8E+0	1.6E+0	9.1E-1	5.7E-4	8.6E-2	2.4E+0
920	5.6E-4	5.8E+0	1.7E+0	9.4E-1	5.7E-4	8.6E-2	2.4E+0
930	5.6E-4	5.9E+0	1.7E+0	9.7E-1	5.7E-4	8.6E-2	2.4E+0
940	5.7E-4	5.9E+0	1.8E+0	1.0E+0	5.8E-4	8.5E-2	2.4E+0
950	5.7E-4	5.9E+0	1.8E+0	1.0E+0	5.8E-4	8.5E-2	2.4E+0
960	5.7E-4	5.9E+0	1.9E+0	1.1E+0	5.8E-4	8.5E-2	2.3E+0
970	5.7E-4	6.0E+0	1.9E+0	1.1E+0	5.8E-4	8.5E-2	2.3E+0
980	5.8E-4	6.0E+0	2.0E+0	1.1E+0	5.8E-4	8.4E-2	2.3E+0
990	5.8E-4	6.0E+0	2.1E+0	1.2E+0	5.9E-4	8.4E-2	2.3E+0
1000	5.8E-4	6.0E+0	2.1E+0	1.2E+0	5.9E-4	8.4E-2	2.3E+0
1010	5.8E-4	6.0E+0	2.2E+0	1.2E+0	5.9E-4	8.4E-2	2.3E+0
1020	5.8E-4	6.1E+0	2.3E+0	1.3E+0	5.9E-4	8.3E-2	2.3E+0
1030	5.9E-4	6.1E+0	2.3E+0	1.3E+0	6.0E-4	8.3E-2	2.3E+0
1040	5.9E-4	6.1E+0	2.4E+0	1.3E+0	6.0E-4	8.3E-2	2.3E+0
1050	5.9E-4	6.1E+0	2.5E+0	1.4E+0	6.0E-4	8.3E-2	2.3E+0
1060	5.9E-4	6.2E+0	2.6E+0	1.4E+0	6.0E-4	8.3E-2	2.3E+0
1070	5.9E-4	6.2E+0	2.6E+0	1.5E+0	6.0E-4	8.2E-2	2.3E+0
1080	6.0E-4	6.2E+0	2.7E+0	1.5E+0	6.1E-4	8.2E-2	2.3E+0
1090	6.0E-4	6.2E+0	2.8E+0	1.5E+0	6.1E-4	8.2E-2	2.2E+0
1095	6.0E-4	6.2E+0	2.8E+0	1.6E+0	6.1E-4	8.2E-2	2.2E+0
1100	6.0E-4	6.2E+0	2.9E+0	1.6E+0	6.1E-4	8.2E-2	2.2E+0
1200	6.2E-4	6.4E+0	3.9E+0	2.1E+0	6.3E-4	8.0E-2	2.2E+0
1300	6.3E-4	6.6E+0	5.4E+0	2.8E+0	6.4E-4	7.8E-2	2.1E+0
1400	6.4E-4	6.7E+0	7.3E+0	3.7E+0	6.6E-4	7.7E-2	2.1E+0
1500	6.6E-4	6.8E+0	9.9E+0	4.7E+0	6.7E-4	7.5E-2	2.0E+0
1600	6.7E-4	6.9E+0	1.3E+1	6.0E+0	6.8E-4	7.4E-2	2.0E+0
1700	6.7E-4	7.0E+0	1.8E+1	7.4E+0	6.9E-4	7.3E-2	1.9E+0
1800	6.8E-4	7.1E+0	2.5E+1	9.0E+0	7.0E-4	7.1E-2	1.9E+0
1900	6.9E-4	7.2E+0	3.4E+1	1.1E+1	7.1E-4	7.0E-2	1.9E+0
2000	7.0E-4	7.3E+0	4.5E+1	1.2E+1	7.1E-4	6.9E-2	1.8E+0
2100	7.1E-4	7.3E+0	6.1E+1	1.4E+1	7.2E-4	6.8E-2	1.8E+0
2200	7.1E-4	7.4E+0	8.1E+1	1.5E+1	7.3E-4	6.8E-2	1.8E+0
2300	7.2E-4	7.5E+0	1.1E+2	1.6E+1	7.4E-4	6.7E-2	1.7E+0
2400	7.3E-4	7.6E+0	1.4E+2	1.7E+1	7.5E-4	6.6E-2	1.7E+0
2500	7.4E-4	7.6E+0	1.9E+2	1.7E+1	7.5E-4	6.5E-2	1.7E+0
2600	7.4E-4	7.7E+0	2.4E+2	1.7E+1	7.6E-4	6.5E-2	1.7E+0
2700	7.5E-4	7.8E+0	3.1E+2	1.8E+1	7.7E-4	6.4E-2	1.7E+0
2800	7.6E-4	7.9E+0	3.8E+2	1.8E+1	7.8E-4	6.3E-2	1.6E+0
2900	7.7E-4	8.0E+0	4.7E+2	1.8E+1	7.8E-4	6.3E-2	1.6E+0
3000	7.7E-4	8.0E+0	5.6E+2	1.8E+1	7.9E-4	6.2E-2	1.6E+0
3100	7.8E-4	8.1E+0	6.6E+2	1.8E+1	8.0E-4	6.2E-2	1.6E+0
3200	7.9E-4	8.2E+0	7.6E+2	1.7E+1	8.1E-4	6.1E-2	1.6E+0
3300	8.0E-4	8.3E+0	8.5E+2	1.7E+1	8.2E-4	6.1E-2	1.6E+0
3400	8.1E-4	8.3E+0	9.3E+2	1.7E+1	8.2E-4	6.1E-2	1.6E+0
3500	8.1E-4	8.4E+0	1.0E+3	1.7E+1	8.3E-4	6.0E-2	1.5E+0
3600	8.2E-4	8.5E+0	1.1E+3	1.7E+1	8.4E-4	6.0E-2	1.5E+0
3650	8.3E-4	8.6E+0	1.1E+3	1.7E+1	8.5E-4	6.0E-2	1.5E+0
4000	8.5E-4	8.8E+0	1.3E+3	1.6E+1	8.8E-4	5.9E-2	1.5E+0
5000	9.4E-4	9.7E+0	1.5E+3	1.4E+1	9.7E-4	5.6E-2	1.4E+0
6000	1.0E-3	1.1E+1	1.6E+3	1.3E+1	1.1E-3	5.5E-2	1.4E+0
7000	1.1E-3	1.2E+1	1.8E+3	1.2E+1	1.2E-3	5.5E-2	1.4E+0
8000	1.3E-3	1.3E+1	2.0E+3	1.2E+1	1.3E-3	5.5E-2	1.5E+0
9000	1.4E-3	1.4E+1	2.2E+3	1.1E+1	1.4E-3	5.6E-2	1.5E+0
10000	1.5E-3	1.6E+1	2.4E+3	1.1E+1	1.6E-3	5.7E-2	1.6E+0
11000	1.7E-3	1.8E+1	2.6E+3	1.1E+1	1.8E-3	5.8E-2	1.7E+0
12000	1.9E-3	1.9E+1	2.9E+3	1.0E+1	1.9E-3	6.0E-2	1.8E+0
13000	2.0E-3	2.1E+1	3.2E+3	1.0E+1	2.2E-3	6.2E-2	1.9E+0
14000	2.3E-3	2.3E+1	3.5E+3	1.0E+1	2.4E-3	6.4E-2	2.0E+0
15000	2.5E-3	2.6E+1	3.9E+3	9.9E+0	2.6E-3	6.6E-2	2.2E+0
16000	2.7E-3	2.9E+1	4.3E+3	9.8E+0	2.9E-3	6.9E-2	2.3E+0
17000	3.0E-3	3.1E+1	4.7E+3	9.8E+0	3.2E-3	7.2E-2	2.5E+0
18000	3.3E-3	3.5E+1	5.2E+3	9.7E+0	3.6E-3	7.5E-2	2.7E+0
18250	3.4E-3	3.6E+1	5.4E+3	9.7E+0	3.6E-3	7.6E-2	2.8E+0
Radionuclide	U-235
Route of Intake	Inhalation
Material	Aerosols Type S, fA=2E-4
AMTD/AMAD, µm	3

Committed Effective Dose per Predicted Content in an Organ or Excreta Sample (Dose per Content Functions z(t)), Sv/Bq
Time, days	Whole Body	Urine (24-hour sample)	Faeces (24-hour sample)	Alimentary Tract*	Lungs*	Skeleton*	Liver*
0.041667	2.1E-5	-	-	6.4E-5	1.6E-4	8.8E-1	1.5E+0
0.083333	2.1E-5	-	-	5.6E-5	1.6E-4	4.9E-1	1.3E+0
0.125	2.2E-5	-	-	5.2E-5	1.7E-4	3.5E-1	1.2E+0
0.25	2.2E-5	-	-	4.3E-5	1.8E-4	2.0E-1	1.1E+0
0.375	2.3E-5	-	-	3.9E-5	1.8E-4	1.5E-1	9.8E-1
0.5	2.4E-5	-	-	3.7E-5	1.8E-4	1.3E-1	9.3E-1
0.625	2.4E-5	-	-	3.5E-5	1.8E-4	1.1E-1	9.1E-1
0.75	2.5E-5	-	-	3.5E-5	1.8E-4	1.1E-1	9.0E-1
0.875	2.6E-5	-	-	3.5E-5	1.8E-4	1.0E-1	8.9E-1
1	2.7E-5	2.3E-2	2.1E-4	3.6E-5	1.9E-4	9.8E-2	8.9E-1
1.125	2.9E-5	-	-	3.8E-5	1.9E-4	9.6E-2	8.9E-1
1.25	3.1E-5	-	-	4.0E-5	1.9E-4	9.5E-2	8.9E-1
1.375	3.3E-5	-	-	4.3E-5	1.9E-4	9.4E-2	9.0E-1
1.5	3.5E-5	-	-	4.6E-5	1.9E-4	9.4E-2	9.1E-1
1.625	3.8E-5	-	-	5.0E-5	1.9E-4	9.4E-2	9.1E-1
1.75	4.1E-5	-	-	5.5E-5	1.9E-4	9.4E-2	9.2E-1
1.875	4.5E-5	-	-	6.1E-5	1.9E-4	9.4E-2	9.3E-1
2	4.9E-5	1.5E-1	6.6E-5	6.8E-5	1.9E-4	9.5E-2	9.4E-1
2.25	5.8E-5	-	-	8.5E-5	1.9E-4	9.5E-2	9.5E-1
2.5	6.9E-5	-	-	1.1E-4	1.9E-4	9.6E-2	9.7E-1
2.75	8.2E-5	-	-	1.4E-4	1.9E-4	9.7E-2	9.9E-1
3	9.5E-5	4.8E-1	1.0E-4	1.9E-4	1.9E-4	9.8E-2	1.0E+0
3.25	1.1E-4	-	-	2.6E-4	1.9E-4	9.8E-2	1.0E+0
3.5	1.2E-4	-	-	3.5E-4	2.0E-4	9.9E-2	1.0E+0
3.75	1.4E-4	-	-	4.7E-4	2.0E-4	1.0E-1	1.1E+0
4	1.5E-4	6.0E-1	2.6E-4	6.5E-4	2.0E-4	1.0E-1	1.1E+0
4.25	1.6E-4	-	-	8.8E-4	2.0E-4	1.0E-1	1.1E+0
4.5	1.7E-4	-	-	1.2E-3	2.0E-4	1.0E-1	1.1E+0
4.75	1.8E-4	-	-	1.6E-3	2.0E-4	1.0E-1	1.1E+0
5	1.8E-4	6.6E-1	8.7E-4	2.1E-3	2.0E-4	1.0E-1	1.2E+0
5.5	1.9E-4	-	-	3.5E-3	2.0E-4	1.1E-1	1.2E+0
6	1.9E-4	7.0E-1	2.9E-3	5.2E-3	2.0E-4	1.1E-1	1.2E+0
6.5	2.0E-4	-	-	7.0E-3	2.0E-4	1.1E-1	1.3E+0
7	2.0E-4	7.5E-1	7.8E-3	8.6E-3	2.0E-4	1.1E-1	1.3E+0
7.5	2.0E-4	-	-	1.0E-2	2.1E-4	1.1E-1	1.4E+0
8	2.0E-4	8.0E-1	1.4E-2	1.1E-2	2.1E-4	1.1E-1	1.4E+0
8.5	2.0E-4	-	-	1.2E-2	2.1E-4	1.1E-1	1.5E+0
9	2.0E-4	8.5E-1	1.9E-2	1.4E-2	2.1E-4	1.1E-1	1.5E+0
9.5	2.0E-4	-	-	1.5E-2	2.1E-4	1.2E-1	1.6E+0
10	2.1E-4	9.0E-1	2.3E-2	1.6E-2	2.1E-4	1.2E-1	1.6E+0
11	2.1E-4	9.5E-1	2.7E-2	1.8E-2	2.1E-4	1.2E-1	1.7E+0
12	2.1E-4	1.0E+0	3.1E-2	2.1E-2	2.1E-4	1.2E-1	1.8E+0
13	2.1E-4	1.0E+0	3.6E-2	2.4E-2	2.1E-4	1.2E-1	1.9E+0
14	2.1E-4	1.1E+0	4.1E-2	2.7E-2	2.1E-4	1.2E-1	2.0E+0
15	2.1E-4	1.1E+0	4.6E-2	3.0E-2	2.2E-4	1.2E-1	2.1E+0
16	2.1E-4	1.2E+0	5.1E-2	3.4E-2	2.2E-4	1.3E-1	2.2E+0
17	2.1E-4	1.2E+0	5.7E-2	3.7E-2	2.2E-4	1.3E-1	2.3E+0
18	2.1E-4	1.3E+0	6.2E-2	4.0E-2	2.2E-4	1.3E-1	2.4E+0
19	2.1E-4	1.3E+0	6.8E-2	4.3E-2	2.2E-4	1.3E-1	2.6E+0
20	2.2E-4	1.4E+0	7.3E-2	4.6E-2	2.2E-4	1.3E-1	2.7E+0
21	2.2E-4	1.4E+0	7.8E-2	4.8E-2	2.2E-4	1.3E-1	2.8E+0
22	2.2E-4	1.5E+0	8.3E-2	5.1E-2	2.2E-4	1.3E-1	2.9E+0
23	2.2E-4	1.5E+0	8.7E-2	5.3E-2	2.2E-4	1.3E-1	3.0E+0
24	2.2E-4	1.5E+0	9.1E-2	5.5E-2	2.2E-4	1.3E-1	3.1E+0
25	2.2E-4	1.6E+0	9.4E-2	5.7E-2	2.2E-4	1.3E-1	3.2E+0
26	2.2E-4	1.6E+0	9.7E-2	5.8E-2	2.2E-4	1.3E-1	3.3E+0
27	2.2E-4	1.6E+0	1.0E-1	6.0E-2	2.2E-4	1.3E-1	3.4E+0
28	2.2E-4	1.7E+0	1.0E-1	6.1E-2	2.2E-4	1.3E-1	3.4E+0
29	2.2E-4	1.7E+0	1.0E-1	6.2E-2	2.2E-4	1.3E-1	3.5E+0
30	2.2E-4	1.7E+0	1.1E-1	6.3E-2	2.2E-4	1.3E-1	3.6E+0
31	2.2E-4	1.8E+0	1.1E-1	6.4E-2	2.2E-4	1.3E-1	3.7E+0
32	2.2E-4	1.8E+0	1.1E-1	6.4E-2	2.2E-4	1.3E-1	3.8E+0
33	2.2E-4	1.8E+0	1.1E-1	6.5E-2	2.3E-4	1.3E-1	3.8E+0
34	2.2E-4	1.8E+0	1.1E-1	6.6E-2	2.3E-4	1.3E-1	3.9E+0
35	2.2E-4	1.9E+0	1.1E-1	6.6E-2	2.3E-4	1.3E-1	3.9E+0
36	2.2E-4	1.9E+0	1.1E-1	6.7E-2	2.3E-4	1.3E-1	4.0E+0
37	2.2E-4	1.9E+0	1.1E-1	6.7E-2	2.3E-4	1.3E-1	4.0E+0
38	2.2E-4	1.9E+0	1.2E-1	6.7E-2	2.3E-4	1.3E-1	4.1E+0
39	2.3E-4	1.9E+0	1.2E-1	6.8E-2	2.3E-4	1.3E-1	4.1E+0
40	2.3E-4	2.0E+0	1.2E-1	6.8E-2	2.3E-4	1.3E-1	4.2E+0
41	2.3E-4	2.0E+0	1.2E-1	6.8E-2	2.3E-4	1.3E-1	4.2E+0
42	2.3E-4	2.0E+0	1.2E-1	6.9E-2	2.3E-4	1.3E-1	4.2E+0
43	2.3E-4	2.0E+0	1.2E-1	6.9E-2	2.3E-4	1.3E-1	4.3E+0
44	2.3E-4	2.0E+0	1.2E-1	6.9E-2	2.3E-4	1.3E-1	4.3E+0
45	2.3E-4	2.0E+0	1.2E-1	6.9E-2	2.3E-4	1.3E-1	4.3E+0
46	2.3E-4	2.1E+0	1.2E-1	7.0E-2	2.3E-4	1.3E-1	4.3E+0
47	2.3E-4	2.1E+0	1.2E-1	7.0E-2	2.3E-4	1.3E-1	4.4E+0
48	2.3E-4	2.1E+0	1.2E-1	7.0E-2	2.3E-4	1.3E-1	4.4E+0
49	2.3E-4	2.1E+0	1.2E-1	7.0E-2	2.3E-4	1.3E-1	4.4E+0
50	2.3E-4	2.1E+0	1.2E-1	7.1E-2	2.3E-4	1.3E-1	4.4E+0
51	2.3E-4	2.1E+0	1.2E-1	7.1E-2	2.3E-4	1.3E-1	4.4E+0
52	2.3E-4	2.1E+0	1.2E-1	7.1E-2	2.3E-4	1.3E-1	4.4E+0
53	2.3E-4	2.1E+0	1.2E-1	7.1E-2	2.3E-4	1.3E-1	4.5E+0
54	2.3E-4	2.2E+0	1.2E-1	7.2E-2	2.4E-4	1.3E-1	4.5E+0
55	2.3E-4	2.2E+0	1.2E-1	7.2E-2	2.4E-4	1.3E-1	4.5E+0
56	2.3E-4	2.2E+0	1.2E-1	7.2E-2	2.4E-4	1.3E-1	4.5E+0
57	2.3E-4	2.2E+0	1.2E-1	7.2E-2	2.4E-4	1.3E-1	4.5E+0
58	2.3E-4	2.2E+0	1.2E-1	7.3E-2	2.4E-4	1.3E-1	4.5E+0
59	2.3E-4	2.2E+0	1.2E-1	7.3E-2	2.4E-4	1.3E-1	4.5E+0
60	2.3E-4	2.2E+0	1.3E-1	7.3E-2	2.4E-4	1.3E-1	4.5E+0
61	2.4E-4	2.2E+0	1.3E-1	7.3E-2	2.4E-4	1.3E-1	4.5E+0
62	2.4E-4	2.2E+0	1.3E-1	7.4E-2	2.4E-4	1.3E-1	4.5E+0
63	2.4E-4	2.3E+0	1.3E-1	7.4E-2	2.4E-4	1.3E-1	4.5E+0
64	2.4E-4	2.3E+0	1.3E-1	7.4E-2	2.4E-4	1.3E-1	4.5E+0
65	2.4E-4	2.3E+0	1.3E-1	7.4E-2	2.4E-4	1.3E-1	4.5E+0
66	2.4E-4	2.3E+0	1.3E-1	7.4E-2	2.4E-4	1.3E-1	4.5E+0
67	2.4E-4	2.3E+0	1.3E-1	7.5E-2	2.4E-4	1.3E-1	4.5E+0
68	2.4E-4	2.3E+0	1.3E-1	7.5E-2	2.4E-4	1.3E-1	4.5E+0
69	2.4E-4	2.3E+0	1.3E-1	7.5E-2	2.4E-4	1.3E-1	4.5E+0
70	2.4E-4	2.3E+0	1.3E-1	7.5E-2	2.4E-4	1.3E-1	4.5E+0
71	2.4E-4	2.3E+0	1.3E-1	7.6E-2	2.4E-4	1.3E-1	4.5E+0
72	2.4E-4	2.3E+0	1.3E-1	7.6E-2	2.4E-4	1.3E-1	4.5E+0
73	2.4E-4	2.3E+0	1.3E-1	7.6E-2	2.4E-4	1.3E-1	4.5E+0
74	2.4E-4	2.3E+0	1.3E-1	7.6E-2	2.4E-4	1.3E-1	4.5E+0
75	2.4E-4	2.4E+0	1.3E-1	7.7E-2	2.5E-4	1.3E-1	4.5E+0
76	2.4E-4	2.4E+0	1.3E-1	7.7E-2	2.5E-4	1.3E-1	4.5E+0
77	2.4E-4	2.4E+0	1.3E-1	7.7E-2	2.5E-4	1.3E-1	4.5E+0
78	2.4E-4	2.4E+0	1.3E-1	7.7E-2	2.5E-4	1.3E-1	4.5E+0
79	2.4E-4	2.4E+0	1.3E-1	7.8E-2	2.5E-4	1.3E-1	4.5E+0
80	2.4E-4	2.4E+0	1.3E-1	7.8E-2	2.5E-4	1.3E-1	4.4E+0
81	2.4E-4	2.4E+0	1.3E-1	7.8E-2	2.5E-4	1.3E-1	4.4E+0
82	2.5E-4	2.4E+0	1.3E-1	7.8E-2	2.5E-4	1.3E-1	4.4E+0
83	2.5E-4	2.4E+0	1.3E-1	7.8E-2	2.5E-4	1.3E-1	4.4E+0
84	2.5E-4	2.4E+0	1.3E-1	7.9E-2	2.5E-4	1.3E-1	4.4E+0
85	2.5E-4	2.4E+0	1.4E-1	7.9E-2	2.5E-4	1.3E-1	4.4E+0
86	2.5E-4	2.4E+0	1.4E-1	7.9E-2	2.5E-4	1.3E-1	4.4E+0
87	2.5E-4	2.4E+0	1.4E-1	7.9E-2	2.5E-4	1.3E-1	4.4E+0
88	2.5E-4	2.4E+0	1.4E-1	8.0E-2	2.5E-4	1.3E-1	4.4E+0
89	2.5E-4	2.5E+0	1.4E-1	8.0E-2	2.5E-4	1.3E-1	4.4E+0
90	2.5E-4	2.5E+0	1.4E-1	8.0E-2	2.5E-4	1.3E-1	4.4E+0
91	2.5E-4	2.5E+0	1.4E-1	8.0E-2	2.5E-4	1.3E-1	4.4E+0
92	2.5E-4	2.5E+0	1.4E-1	8.1E-2	2.5E-4	1.3E-1	4.4E+0
93	2.5E-4	2.5E+0	1.4E-1	8.1E-2	2.5E-4	1.3E-1	4.4E+0
94	2.5E-4	2.5E+0	1.4E-1	8.1E-2	2.5E-4	1.3E-1	4.4E+0
95	2.5E-4	2.5E+0	1.4E-1	8.1E-2	2.5E-4	1.3E-1	4.4E+0
96	2.5E-4	2.5E+0	1.4E-1	8.2E-2	2.6E-4	1.3E-1	4.4E+0
97	2.5E-4	2.5E+0	1.4E-1	8.2E-2	2.6E-4	1.3E-1	4.4E+0
98	2.5E-4	2.5E+0	1.4E-1	8.2E-2	2.6E-4	1.3E-1	4.4E+0
99	2.5E-4	2.5E+0	1.4E-1	8.2E-2	2.6E-4	1.3E-1	4.3E+0
100	2.5E-4	2.5E+0	1.4E-1	8.3E-2	2.6E-4	1.3E-1	4.3E+0
110	2.6E-4	2.6E+0	1.5E-1	8.5E-2	2.6E-4	1.3E-1	4.3E+0
120	2.6E-4	2.6E+0	1.5E-1	8.8E-2	2.7E-4	1.3E-1	4.2E+0
130	2.7E-4	2.7E+0	1.6E-1	9.1E-2	2.7E-4	1.3E-1	4.2E+0
140	2.7E-4	2.8E+0	1.6E-1	9.4E-2	2.8E-4	1.3E-1	4.1E+0
150	2.8E-4	2.8E+0	1.7E-1	9.7E-2	2.8E-4	1.3E-1	4.1E+0
160	2.8E-4	2.9E+0	1.7E-1	1.0E-1	2.9E-4	1.3E-1	4.0E+0
170	2.9E-4	2.9E+0	1.8E-1	1.0E-1	2.9E-4	1.3E-1	4.0E+0
180	2.9E-4	3.0E+0	1.8E-1	1.1E-1	3.0E-4	1.3E-1	3.9E+0
190	3.0E-4	3.0E+0	1.9E-1	1.1E-1	3.0E-4	1.3E-1	3.9E+0
200	3.0E-4	3.1E+0	1.9E-1	1.1E-1	3.1E-4	1.3E-1	3.8E+0
210	3.1E-4	3.2E+0	2.0E-1	1.2E-1	3.1E-4	1.2E-1	3.8E+0
220	3.1E-4	3.2E+0	2.1E-1	1.2E-1	3.2E-4	1.2E-1	3.7E+0
230	3.2E-4	3.3E+0	2.1E-1	1.2E-1	3.2E-4	1.2E-1	3.7E+0
240	3.2E-4	3.3E+0	2.2E-1	1.3E-1	3.3E-4	1.2E-1	3.7E+0
250	3.3E-4	3.4E+0	2.3E-1	1.3E-1	3.3E-4	1.2E-1	3.6E+0
260	3.3E-4	3.4E+0	2.3E-1	1.4E-1	3.4E-4	1.2E-1	3.6E+0
270	3.4E-4	3.5E+0	2.4E-1	1.4E-1	3.4E-4	1.2E-1	3.6E+0
280	3.4E-4	3.5E+0	2.5E-1	1.4E-1	3.5E-4	1.2E-1	3.5E+0
290	3.5E-4	3.6E+0	2.6E-1	1.5E-1	3.5E-4	1.2E-1	3.5E+0
300	3.5E-4	3.6E+0	2.6E-1	1.5E-1	3.6E-4	1.2E-1	3.5E+0
310	3.6E-4	3.7E+0	2.7E-1	1.6E-1	3.7E-4	1.2E-1	3.4E+0
320	3.6E-4	3.7E+0	2.8E-1	1.6E-1	3.7E-4	1.2E-1	3.4E+0
330	3.7E-4	3.8E+0	2.9E-1	1.7E-1	3.8E-4	1.1E-1	3.4E+0
340	3.7E-4	3.9E+0	3.0E-1	1.7E-1	3.8E-4	1.1E-1	3.3E+0
350	3.8E-4	3.9E+0	3.1E-1	1.8E-1	3.9E-4	1.1E-1	3.3E+0
360	3.8E-4	4.0E+0	3.2E-1	1.8E-1	3.9E-4	1.1E-1	3.3E+0
365	3.9E-4	4.0E+0	3.2E-1	1.9E-1	3.9E-4	1.1E-1	3.3E+0
370	3.9E-4	4.0E+0	3.3E-1	1.9E-1	4.0E-4	1.1E-1	3.3E+0
380	3.9E-4	4.1E+0	3.4E-1	2.0E-1	4.0E-4	1.1E-1	3.2E+0
390	4.0E-4	4.1E+0	3.5E-1	2.0E-1	4.1E-4	1.1E-1	3.2E+0
400	4.0E-4	4.2E+0	3.6E-1	2.1E-1	4.1E-4	1.1E-1	3.2E+0
410	4.1E-4	4.2E+0	3.7E-1	2.2E-1	4.2E-4	1.1E-1	3.2E+0
420	4.1E-4	4.3E+0	3.8E-1	2.2E-1	4.2E-4	1.1E-1	3.1E+0
430	4.2E-4	4.3E+0	3.9E-1	2.3E-1	4.3E-4	1.1E-1	3.1E+0
440	4.2E-4	4.4E+0	4.1E-1	2.4E-1	4.3E-4	1.1E-1	3.1E+0
450	4.3E-4	4.4E+0	4.2E-1	2.4E-1	4.4E-4	1.1E-1	3.1E+0
460	4.3E-4	4.5E+0	4.3E-1	2.5E-1	4.4E-4	1.1E-1	3.1E+0
470	4.4E-4	4.5E+0	4.5E-1	2.6E-1	4.5E-4	1.1E-1	3.0E+0
480	4.4E-4	4.6E+0	4.6E-1	2.7E-1	4.5E-4	1.1E-1	3.0E+0
490	4.5E-4	4.6E+0	4.7E-1	2.8E-1	4.6E-4	1.0E-1	3.0E+0
500	4.5E-4	4.7E+0	4.9E-1	2.8E-1	4.6E-4	1.0E-1	3.0E+0
510	4.6E-4	4.7E+0	5.1E-1	2.9E-1	4.7E-4	1.0E-1	3.0E+0
520	4.6E-4	4.8E+0	5.2E-1	3.0E-1	4.7E-4	1.0E-1	3.0E+0
530	4.7E-4	4.8E+0	5.4E-1	3.1E-1	4.8E-4	1.0E-1	2.9E+0
540	4.7E-4	4.9E+0	5.5E-1	3.2E-1	4.8E-4	1.0E-1	2.9E+0
550	4.7E-4	4.9E+0	5.7E-1	3.3E-1	4.8E-4	1.0E-1	2.9E+0
560	4.8E-4	5.0E+0	5.9E-1	3.4E-1	4.9E-4	1.0E-1	2.9E+0
570	4.8E-4	5.0E+0	6.1E-1	3.5E-1	4.9E-4	1.0E-1	2.9E+0
580	4.9E-4	5.0E+0	6.3E-1	3.6E-1	5.0E-4	1.0E-1	2.9E+0
590	4.9E-4	5.1E+0	6.5E-1	3.7E-1	5.0E-4	1.0E-1	2.8E+0
600	5.0E-4	5.1E+0	6.7E-1	3.9E-1	5.1E-4	1.0E-1	2.8E+0
610	5.0E-4	5.2E+0	6.9E-1	4.0E-1	5.1E-4	9.9E-2	2.8E+0
620	5.0E-4	5.2E+0	7.1E-1	4.1E-1	5.2E-4	9.9E-2	2.8E+0
630	5.1E-4	5.3E+0	7.3E-1	4.2E-1	5.2E-4	9.8E-2	2.8E+0
640	5.1E-4	5.3E+0	7.6E-1	4.4E-1	5.2E-4	9.8E-2	2.8E+0
650	5.2E-4	5.3E+0	7.8E-1	4.5E-1	5.3E-4	9.8E-2	2.8E+0
660	5.2E-4	5.4E+0	8.0E-1	4.6E-1	5.3E-4	9.7E-2	2.7E+0
670	5.2E-4	5.4E+0	8.3E-1	4.8E-1	5.4E-4	9.7E-2	2.7E+0
680	5.3E-4	5.5E+0	8.6E-1	4.9E-1	5.4E-4	9.7E-2	2.7E+0
690	5.3E-4	5.5E+0	8.8E-1	5.1E-1	5.4E-4	9.6E-2	2.7E+0
700	5.4E-4	5.5E+0	9.1E-1	5.2E-1	5.5E-4	9.6E-2	2.7E+0
710	5.4E-4	5.6E+0	9.4E-1	5.4E-1	5.5E-4	9.6E-2	2.7E+0
720	5.4E-4	5.6E+0	9.7E-1	5.6E-1	5.5E-4	9.5E-2	2.7E+0
730	5.5E-4	5.7E+0	1.0E+0	5.7E-1	5.6E-4	9.5E-2	2.7E+0
740	5.5E-4	5.7E+0	1.0E+0	5.9E-1	5.6E-4	9.5E-2	2.7E+0
750	5.5E-4	5.7E+0	1.1E+0	6.1E-1	5.7E-4	9.4E-2	2.6E+0
760	5.6E-4	5.8E+0	1.1E+0	6.3E-1	5.7E-4	9.4E-2	2.6E+0
770	5.6E-4	5.8E+0	1.1E+0	6.5E-1	5.7E-4	9.4E-2	2.6E+0
780	5.6E-4	5.8E+0	1.2E+0	6.7E-1	5.8E-4	9.3E-2	2.6E+0
790	5.7E-4	5.9E+0	1.2E+0	6.9E-1	5.8E-4	9.3E-2	2.6E+0
800	5.7E-4	5.9E+0	1.2E+0	7.1E-1	5.8E-4	9.3E-2	2.6E+0
810	5.7E-4	5.9E+0	1.3E+0	7.3E-1	5.9E-4	9.2E-2	2.6E+0
820	5.8E-4	6.0E+0	1.3E+0	7.5E-1	5.9E-4	9.2E-2	2.6E+0
830	5.8E-4	6.0E+0	1.4E+0	7.8E-1	5.9E-4	9.2E-2	2.6E+0
840	5.8E-4	6.0E+0	1.4E+0	8.0E-1	6.0E-4	9.2E-2	2.5E+0
850	5.8E-4	6.1E+0	1.4E+0	8.2E-1	6.0E-4	9.1E-2	2.5E+0
860	5.9E-4	6.1E+0	1.5E+0	8.5E-1	6.0E-4	9.1E-2	2.5E+0
870	5.9E-4	6.1E+0	1.5E+0	8.8E-1	6.0E-4	9.1E-2	2.5E+0
880	5.9E-4	6.1E+0	1.6E+0	9.0E-1	6.1E-4	9.0E-2	2.5E+0
890	6.0E-4	6.2E+0	1.6E+0	9.3E-1	6.1E-4	9.0E-2	2.5E+0
900	6.0E-4	6.2E+0	1.7E+0	9.6E-1	6.1E-4	9.0E-2	2.5E+0
910	6.0E-4	6.2E+0	1.7E+0	9.9E-1	6.2E-4	9.0E-2	2.5E+0
920	6.0E-4	6.3E+0	1.8E+0	1.0E+0	6.2E-4	8.9E-2	2.5E+0
930	6.1E-4	6.3E+0	1.9E+0	1.0E+0	6.2E-4	8.9E-2	2.5E+0
940	6.1E-4	6.3E+0	1.9E+0	1.1E+0	6.2E-4	8.9E-2	2.5E+0
950	6.1E-4	6.3E+0	2.0E+0	1.1E+0	6.3E-4	8.9E-2	2.5E+0
960	6.1E-4	6.4E+0	2.0E+0	1.1E+0	6.3E-4	8.9E-2	2.4E+0
970	6.2E-4	6.4E+0	2.1E+0	1.2E+0	6.3E-4	8.8E-2	2.4E+0
980	6.2E-4	6.4E+0	2.2E+0	1.2E+0	6.3E-4	8.8E-2	2.4E+0
990	6.2E-4	6.4E+0	2.2E+0	1.3E+0	6.4E-4	8.8E-2	2.4E+0
1000	6.2E-4	6.5E+0	2.3E+0	1.3E+0	6.4E-4	8.8E-2	2.4E+0
1010	6.3E-4	6.5E+0	2.4E+0	1.3E+0	6.4E-4	8.7E-2	2.4E+0
1020	6.3E-4	6.5E+0	2.5E+0	1.4E+0	6.4E-4	8.7E-2	2.4E+0
1030	6.3E-4	6.5E+0	2.5E+0	1.4E+0	6.5E-4	8.7E-2	2.4E+0
1040	6.3E-4	6.6E+0	2.6E+0	1.5E+0	6.5E-4	8.7E-2	2.4E+0
1050	6.3E-4	6.6E+0	2.7E+0	1.5E+0	6.5E-4	8.6E-2	2.4E+0
1060	6.4E-4	6.6E+0	2.8E+0	1.5E+0	6.5E-4	8.6E-2	2.4E+0
1070	6.4E-4	6.6E+0	2.9E+0	1.6E+0	6.6E-4	8.6E-2	2.4E+0
1080	6.4E-4	6.6E+0	3.0E+0	1.6E+0	6.6E-4	8.6E-2	2.4E+0
1090	6.4E-4	6.7E+0	3.0E+0	1.7E+0	6.6E-4	8.6E-2	2.3E+0
1095	6.4E-4	6.7E+0	3.1E+0	1.7E+0	6.6E-4	8.6E-2	2.3E+0
1100	6.4E-4	6.7E+0	3.1E+0	1.7E+0	6.6E-4	8.5E-2	2.3E+0
1200	6.6E-4	6.9E+0	4.3E+0	2.3E+0	6.8E-4	8.4E-2	2.3E+0
1300	6.8E-4	7.0E+0	5.8E+0	3.0E+0	7.0E-4	8.2E-2	2.2E+0
1400	6.9E-4	7.2E+0	7.9E+0	4.0E+0	7.1E-4	8.0E-2	2.2E+0
1500	7.0E-4	7.3E+0	1.1E+1	5.1E+0	7.2E-4	7.9E-2	2.1E+0
1600	7.1E-4	7.4E+0	1.5E+1	6.4E+0	7.3E-4	7.7E-2	2.1E+0
1700	7.2E-4	7.5E+0	2.0E+1	8.0E+0	7.5E-4	7.6E-2	2.0E+0
1800	7.3E-4	7.6E+0	2.7E+1	9.6E+0	7.6E-4	7.5E-2	2.0E+0
1900	7.4E-4	7.7E+0	3.6E+1	1.1E+1	7.6E-4	7.4E-2	2.0E+0
2000	7.5E-4	7.8E+0	4.9E+1	1.3E+1	7.7E-4	7.3E-2	1.9E+0
2100	7.6E-4	7.9E+0	6.6E+1	1.4E+1	7.8E-4	7.2E-2	1.9E+0
2200	7.7E-4	8.0E+0	8.8E+1	1.6E+1	7.9E-4	7.1E-2	1.9E+0
2300	7.7E-4	8.0E+0	1.2E+2	1.7E+1	8.0E-4	7.0E-2	1.8E+0
2400	7.8E-4	8.1E+0	1.5E+2	1.8E+1	8.1E-4	7.0E-2	1.8E+0
2500	7.9E-4	8.2E+0	2.0E+2	1.8E+1	8.2E-4	6.9E-2	1.8E+0
2600	8.0E-4	8.3E+0	2.6E+2	1.9E+1	8.3E-4	6.8E-2	1.8E+0
2700	8.1E-4	8.4E+0	3.3E+2	1.9E+1	8.3E-4	6.8E-2	1.8E+0
2800	8.1E-4	8.4E+0	4.1E+2	1.9E+1	8.4E-4	6.7E-2	1.7E+0
2900	8.2E-4	8.5E+0	5.1E+2	1.9E+1	8.5E-4	6.7E-2	1.7E+0
3000	8.3E-4	8.6E+0	6.1E+2	1.9E+1	8.6E-4	6.6E-2	1.7E+0
3100	8.4E-4	8.7E+0	7.1E+2	1.9E+1	8.7E-4	6.6E-2	1.7E+0
3200	8.5E-4	8.8E+0	8.1E+2	1.8E+1	8.8E-4	6.5E-2	1.7E+0
3300	8.6E-4	8.9E+0	9.1E+2	1.8E+1	8.9E-4	6.5E-2	1.7E+0
3400	8.6E-4	9.0E+0	1.0E+3	1.8E+1	8.9E-4	6.4E-2	1.6E+0
3500	8.7E-4	9.0E+0	1.1E+3	1.8E+1	9.0E-4	6.4E-2	1.6E+0
3600	8.8E-4	9.1E+0	1.2E+3	1.8E+1	9.1E-4	6.3E-2	1.6E+0
3650	8.9E-4	9.2E+0	1.2E+3	1.8E+1	9.2E-4	6.3E-2	1.6E+0
4000	9.2E-4	9.5E+0	1.4E+3	1.7E+1	9.5E-4	6.2E-2	1.6E+0
5000	1.0E-3	1.0E+1	1.6E+3	1.5E+1	1.0E-3	6.0E-2	1.5E+0
6000	1.1E-3	1.2E+1	1.7E+3	1.4E+1	1.2E-3	5.9E-2	1.5E+0
7000	1.2E-3	1.3E+1	1.9E+3	1.3E+1	1.3E-3	5.9E-2	1.5E+0
8000	1.4E-3	1.4E+1	2.1E+3	1.3E+1	1.4E-3	5.9E-2	1.6E+0
9000	1.5E-3	1.5E+1	2.3E+3	1.2E+1	1.6E-3	6.0E-2	1.6E+0
10000	1.6E-3	1.7E+1	2.6E+3	1.2E+1	1.7E-3	6.1E-2	1.7E+0
11000	1.8E-3	1.9E+1	2.8E+3	1.1E+1	1.9E-3	6.2E-2	1.8E+0
12000	2.0E-3	2.1E+1	3.1E+3	1.1E+1	2.1E-3	6.4E-2	1.9E+0
13000	2.2E-3	2.3E+1	3.4E+3	1.1E+1	2.3E-3	6.6E-2	2.0E+0
14000	2.4E-3	2.5E+1	3.8E+3	1.1E+1	2.6E-3	6.8E-2	2.2E+0
15000	2.7E-3	2.8E+1	4.2E+3	1.1E+1	2.9E-3	7.1E-2	2.3E+0
16000	2.9E-3	3.1E+1	4.6E+3	1.0E+1	3.2E-3	7.4E-2	2.5E+0
17000	3.2E-3	3.4E+1	5.1E+3	1.0E+1	3.5E-3	7.7E-2	2.7E+0
18000	3.5E-3	3.7E+1	5.6E+3	1.0E+1	3.9E-3	8.1E-2	2.9E+0
18250	3.6E-3	3.8E+1	5.7E+3	1.0E+1	3.9E-3	8.2E-2	3.0E+0
Radionuclide	U-235
Route of Intake	Inhalation
Material	Aerosols Type S, fA=2E-4
AMTD/AMAD, µm	5

Committed Effective Dose per Predicted Content in an Organ or Excreta Sample (Dose per Content Functions z(t)), Sv/Bq
Time, days	Whole Body	Urine (24-hour sample)	Faeces (24-hour sample)	Alimentary Tract*	Lungs*	Skeleton*	Liver*
0.041667	1.5E-5	-	-	4.3E-5	1.6E-4	7.4E-1	1.3E+0
0.083333	1.5E-5	-	-	3.8E-5	1.7E-4	4.3E-1	1.2E+0
0.125	1.5E-5	-	-	3.5E-5	1.8E-4	3.1E-1	1.1E+0
0.25	1.6E-5	-	-	3.0E-5	1.9E-4	1.8E-1	9.9E-1
0.375	1.6E-5	-	-	2.7E-5	1.9E-4	1.4E-1	9.1E-1
0.5	1.7E-5	-	-	2.5E-5	1.9E-4	1.2E-1	8.7E-1
0.625	1.7E-5	-	-	2.4E-5	1.9E-4	1.0E-1	8.5E-1
0.75	1.8E-5	-	-	2.4E-5	1.9E-4	9.8E-2	8.3E-1
0.875	1.9E-5	-	-	2.4E-5	1.9E-4	9.4E-2	8.3E-1
1	2.0E-5	2.1E-2	1.4E-4	2.5E-5	2.0E-4	9.1E-2	8.2E-1
1.125	2.1E-5	-	-	2.6E-5	2.0E-4	8.9E-2	8.3E-1
1.25	2.2E-5	-	-	2.7E-5	2.0E-4	8.8E-2	8.3E-1
1.375	2.4E-5	-	-	2.9E-5	2.0E-4	8.8E-2	8.3E-1
1.5	2.6E-5	-	-	3.1E-5	2.0E-4	8.7E-2	8.4E-1
1.625	2.8E-5	-	-	3.4E-5	2.0E-4	8.7E-2	8.4E-1
1.75	3.0E-5	-	-	3.7E-5	2.0E-4	8.7E-2	8.5E-1
1.875	3.3E-5	-	-	4.1E-5	2.0E-4	8.7E-2	8.6E-1
2	3.7E-5	1.4E-1	4.5E-5	4.6E-5	2.0E-4	8.8E-2	8.7E-1
2.25	4.4E-5	-	-	5.8E-5	2.0E-4	8.8E-2	8.8E-1
2.5	5.4E-5	-	-	7.5E-5	2.0E-4	8.9E-2	9.0E-1
2.75	6.6E-5	-	-	9.8E-5	2.0E-4	9.0E-2	9.2E-1
3	7.9E-5	4.4E-1	6.8E-5	1.3E-4	2.1E-4	9.0E-2	9.3E-1
3.25	9.4E-5	-	-	1.8E-4	2.1E-4	9.1E-2	9.5E-1
3.5	1.1E-4	-	-	2.4E-4	2.1E-4	9.2E-2	9.7E-1
3.75	1.3E-4	-	-	3.3E-4	2.1E-4	9.3E-2	9.9E-1
4	1.4E-4	5.7E-1	1.8E-4	4.5E-4	2.1E-4	9.4E-2	1.0E+0
4.25	1.6E-4	-	-	6.2E-4	2.1E-4	9.4E-2	1.0E+0
4.5	1.7E-4	-	-	8.5E-4	2.1E-4	9.5E-2	1.0E+0
4.75	1.8E-4	-	-	1.2E-3	2.1E-4	9.6E-2	1.1E+0
5	1.9E-4	6.2E-1	6.0E-4	1.6E-3	2.1E-4	9.7E-2	1.1E+0
5.5	2.0E-4	-	-	2.7E-3	2.2E-4	9.8E-2	1.1E+0
6	2.0E-4	6.7E-1	2.1E-3	4.3E-3	2.2E-4	1.0E-1	1.2E+0
6.5	2.1E-4	-	-	6.0E-3	2.2E-4	1.0E-1	1.2E+0
7	2.1E-4	7.2E-1	6.2E-3	7.7E-3	2.2E-4	1.0E-1	1.2E+0
7.5	2.1E-4	-	-	9.2E-3	2.2E-4	1.0E-1	1.3E+0
8	2.1E-4	7.7E-1	1.2E-2	1.0E-2	2.2E-4	1.0E-1	1.3E+0
8.5	2.2E-4	-	-	1.2E-2	2.2E-4	1.1E-1	1.4E+0
9	2.2E-4	8.2E-1	1.7E-2	1.3E-2	2.2E-4	1.1E-1	1.4E+0
9.5	2.2E-4	-	-	1.4E-2	2.2E-4	1.1E-1	1.5E+0
10	2.2E-4	8.7E-1	2.1E-2	1.5E-2	2.3E-4	1.1E-1	1.5E+0
11	2.2E-4	9.2E-1	2.5E-2	1.8E-2	2.3E-4	1.1E-1	1.6E+0
12	2.2E-4	9.7E-1	3.0E-2	2.0E-2	2.3E-4	1.1E-1	1.7E+0
13	2.2E-4	1.0E+0	3.4E-2	2.3E-2	2.3E-4	1.1E-1	1.8E+0
14	2.3E-4	1.1E+0	3.9E-2	2.6E-2	2.3E-4	1.2E-1	1.9E+0
15	2.3E-4	1.1E+0	4.5E-2	3.0E-2	2.3E-4	1.2E-1	2.0E+0
16	2.3E-4	1.2E+0	5.0E-2	3.3E-2	2.3E-4	1.2E-1	2.1E+0
17	2.3E-4	1.2E+0	5.6E-2	3.7E-2	2.3E-4	1.2E-1	2.2E+0
18	2.3E-4	1.3E+0	6.2E-2	4.0E-2	2.3E-4	1.2E-1	2.3E+0
19	2.3E-4	1.3E+0	6.8E-2	4.4E-2	2.3E-4	1.2E-1	2.4E+0
20	2.3E-4	1.4E+0	7.4E-2	4.7E-2	2.4E-4	1.2E-1	2.5E+0
21	2.3E-4	1.4E+0	8.0E-2	5.0E-2	2.4E-4	1.2E-1	2.6E+0
22	2.3E-4	1.5E+0	8.5E-2	5.3E-2	2.4E-4	1.2E-1	2.7E+0
23	2.3E-4	1.5E+0	9.0E-2	5.5E-2	2.4E-4	1.2E-1	2.8E+0
24	2.3E-4	1.5E+0	9.5E-2	5.8E-2	2.4E-4	1.2E-1	2.9E+0
25	2.3E-4	1.6E+0	9.9E-2	6.0E-2	2.4E-4	1.2E-1	3.0E+0
26	2.4E-4	1.6E+0	1.0E-1	6.2E-2	2.4E-4	1.2E-1	3.1E+0
27	2.4E-4	1.7E+0	1.1E-1	6.3E-2	2.4E-4	1.2E-1	3.2E+0
28	2.4E-4	1.7E+0	1.1E-1	6.5E-2	2.4E-4	1.2E-1	3.3E+0
29	2.4E-4	1.7E+0	1.1E-1	6.6E-2	2.4E-4	1.3E-1	3.4E+0
30	2.4E-4	1.8E+0	1.1E-1	6.7E-2	2.4E-4	1.3E-1	3.5E+0
31	2.4E-4	1.8E+0	1.2E-1	6.8E-2	2.4E-4	1.3E-1	3.6E+0
32	2.4E-4	1.8E+0	1.2E-1	6.9E-2	2.4E-4	1.3E-1	3.6E+0
33	2.4E-4	1.9E+0	1.2E-1	7.0E-2	2.4E-4	1.3E-1	3.7E+0
34	2.4E-4	1.9E+0	1.2E-1	7.0E-2	2.4E-4	1.3E-1	3.8E+0
35	2.4E-4	1.9E+0	1.2E-1	7.1E-2	2.4E-4	1.3E-1	3.8E+0
36	2.4E-4	1.9E+0	1.2E-1	7.2E-2	2.4E-4	1.3E-1	3.9E+0
37	2.4E-4	2.0E+0	1.2E-1	7.2E-2	2.4E-4	1.3E-1	3.9E+0
38	2.4E-4	2.0E+0	1.2E-1	7.2E-2	2.5E-4	1.3E-1	4.0E+0
39	2.4E-4	2.0E+0	1.2E-1	7.3E-2	2.5E-4	1.3E-1	4.0E+0
40	2.4E-4	2.0E+0	1.3E-1	7.3E-2	2.5E-4	1.3E-1	4.1E+0
41	2.4E-4	2.1E+0	1.3E-1	7.4E-2	2.5E-4	1.3E-1	4.1E+0
42	2.4E-4	2.1E+0	1.3E-1	7.4E-2	2.5E-4	1.3E-1	4.2E+0
43	2.4E-4	2.1E+0	1.3E-1	7.4E-2	2.5E-4	1.3E-1	4.2E+0
44	2.4E-4	2.1E+0	1.3E-1	7.5E-2	2.5E-4	1.3E-1	4.2E+0
45	2.4E-4	2.1E+0	1.3E-1	7.5E-2	2.5E-4	1.3E-1	4.3E+0
46	2.5E-4	2.1E+0	1.3E-1	7.5E-2	2.5E-4	1.3E-1	4.3E+0
47	2.5E-4	2.2E+0	1.3E-1	7.5E-2	2.5E-4	1.3E-1	4.3E+0
48	2.5E-4	2.2E+0	1.3E-1	7.6E-2	2.5E-4	1.3E-1	4.3E+0
49	2.5E-4	2.2E+0	1.3E-1	7.6E-2	2.5E-4	1.3E-1	4.3E+0
50	2.5E-4	2.2E+0	1.3E-1	7.6E-2	2.5E-4	1.3E-1	4.4E+0
51	2.5E-4	2.2E+0	1.3E-1	7.6E-2	2.5E-4	1.3E-1	4.4E+0
52	2.5E-4	2.2E+0	1.3E-1	7.7E-2	2.5E-4	1.3E-1	4.4E+0
53	2.5E-4	2.2E+0	1.3E-1	7.7E-2	2.5E-4	1.3E-1	4.4E+0
54	2.5E-4	2.3E+0	1.3E-1	7.7E-2	2.5E-4	1.3E-1	4.4E+0
55	2.5E-4	2.3E+0	1.3E-1	7.7E-2	2.5E-4	1.3E-1	4.4E+0
56	2.5E-4	2.3E+0	1.3E-1	7.8E-2	2.5E-4	1.3E-1	4.4E+0
57	2.5E-4	2.3E+0	1.3E-1	7.8E-2	2.5E-4	1.3E-1	4.4E+0
58	2.5E-4	2.3E+0	1.3E-1	7.8E-2	2.6E-4	1.3E-1	4.4E+0
59	2.5E-4	2.3E+0	1.3E-1	7.8E-2	2.6E-4	1.3E-1	4.5E+0
60	2.5E-4	2.3E+0	1.4E-1	7.9E-2	2.6E-4	1.3E-1	4.5E+0
61	2.5E-4	2.3E+0	1.4E-1	7.9E-2	2.6E-4	1.3E-1	4.5E+0
62	2.5E-4	2.4E+0	1.4E-1	7.9E-2	2.6E-4	1.3E-1	4.5E+0
63	2.5E-4	2.4E+0	1.4E-1	7.9E-2	2.6E-4	1.3E-1	4.5E+0
64	2.5E-4	2.4E+0	1.4E-1	8.0E-2	2.6E-4	1.3E-1	4.5E+0
65	2.5E-4	2.4E+0	1.4E-1	8.0E-2	2.6E-4	1.3E-1	4.5E+0
66	2.6E-4	2.4E+0	1.4E-1	8.0E-2	2.6E-4	1.3E-1	4.5E+0
67	2.6E-4	2.4E+0	1.4E-1	8.0E-2	2.6E-4	1.3E-1	4.5E+0
68	2.6E-4	2.4E+0	1.4E-1	8.1E-2	2.6E-4	1.3E-1	4.5E+0
69	2.6E-4	2.4E+0	1.4E-1	8.1E-2	2.6E-4	1.3E-1	4.5E+0
70	2.6E-4	2.4E+0	1.4E-1	8.1E-2	2.6E-4	1.3E-1	4.5E+0
71	2.6E-4	2.4E+0	1.4E-1	8.1E-2	2.6E-4	1.3E-1	4.5E+0
72	2.6E-4	2.5E+0	1.4E-1	8.2E-2	2.6E-4	1.3E-1	4.5E+0
73	2.6E-4	2.5E+0	1.4E-1	8.2E-2	2.6E-4	1.3E-1	4.5E+0
74	2.6E-4	2.5E+0	1.4E-1	8.2E-2	2.6E-4	1.3E-1	4.5E+0
75	2.6E-4	2.5E+0	1.4E-1	8.3E-2	2.6E-4	1.3E-1	4.5E+0
76	2.6E-4	2.5E+0	1.4E-1	8.3E-2	2.6E-4	1.3E-1	4.4E+0
77	2.6E-4	2.5E+0	1.4E-1	8.3E-2	2.7E-4	1.3E-1	4.4E+0
78	2.6E-4	2.5E+0	1.4E-1	8.3E-2	2.7E-4	1.3E-1	4.4E+0
79	2.6E-4	2.5E+0	1.4E-1	8.4E-2	2.7E-4	1.3E-1	4.4E+0
80	2.6E-4	2.5E+0	1.4E-1	8.4E-2	2.7E-4	1.3E-1	4.4E+0
81	2.6E-4	2.5E+0	1.4E-1	8.4E-2	2.7E-4	1.3E-1	4.4E+0
82	2.6E-4	2.5E+0	1.4E-1	8.4E-2	2.7E-4	1.3E-1	4.4E+0
83	2.6E-4	2.6E+0	1.5E-1	8.5E-2	2.7E-4	1.3E-1	4.4E+0
84	2.6E-4	2.6E+0	1.5E-1	8.5E-2	2.7E-4	1.3E-1	4.4E+0
85	2.6E-4	2.6E+0	1.5E-1	8.5E-2	2.7E-4	1.3E-1	4.4E+0
86	2.7E-4	2.6E+0	1.5E-1	8.5E-2	2.7E-4	1.3E-1	4.4E+0
87	2.7E-4	2.6E+0	1.5E-1	8.6E-2	2.7E-4	1.3E-1	4.4E+0
88	2.7E-4	2.6E+0	1.5E-1	8.6E-2	2.7E-4	1.3E-1	4.4E+0
89	2.7E-4	2.6E+0	1.5E-1	8.6E-2	2.7E-4	1.3E-1	4.4E+0
90	2.7E-4	2.6E+0	1.5E-1	8.6E-2	2.7E-4	1.3E-1	4.4E+0
91	2.7E-4	2.6E+0	1.5E-1	8.7E-2	2.7E-4	1.3E-1	4.4E+0
92	2.7E-4	2.6E+0	1.5E-1	8.7E-2	2.7E-4	1.3E-1	4.4E+0
93	2.7E-4	2.6E+0	1.5E-1	8.7E-2	2.7E-4	1.3E-1	4.4E+0
94	2.7E-4	2.6E+0	1.5E-1	8.8E-2	2.7E-4	1.3E-1	4.4E+0
95	2.7E-4	2.6E+0	1.5E-1	8.8E-2	2.7E-4	1.3E-1	4.4E+0
96	2.7E-4	2.7E+0	1.5E-1	8.8E-2	2.8E-4	1.3E-1	4.4E+0
97	2.7E-4	2.7E+0	1.5E-1	8.8E-2	2.8E-4	1.3E-1	4.4E+0
98	2.7E-4	2.7E+0	1.5E-1	8.9E-2	2.8E-4	1.3E-1	4.4E+0
99	2.7E-4	2.7E+0	1.5E-1	8.9E-2	2.8E-4	1.3E-1	4.3E+0
100	2.7E-4	2.7E+0	1.5E-1	8.9E-2	2.8E-4	1.3E-1	4.3E+0
110	2.8E-4	2.7E+0	1.6E-1	9.2E-2	2.8E-4	1.3E-1	4.3E+0
120	2.8E-4	2.8E+0	1.6E-1	9.5E-2	2.9E-4	1.3E-1	4.2E+0
130	2.9E-4	2.9E+0	1.7E-1	9.8E-2	2.9E-4	1.3E-1	4.2E+0
140	2.9E-4	2.9E+0	1.7E-1	1.0E-1	3.0E-4	1.3E-1	4.1E+0
150	3.0E-4	3.0E+0	1.8E-1	1.0E-1	3.0E-4	1.3E-1	4.1E+0
160	3.0E-4	3.1E+0	1.8E-1	1.1E-1	3.1E-4	1.3E-1	4.0E+0
170	3.1E-4	3.1E+0	1.9E-1	1.1E-1	3.1E-4	1.3E-1	4.0E+0
180	3.1E-4	3.2E+0	2.0E-1	1.1E-1	3.2E-4	1.3E-1	4.0E+0
190	3.2E-4	3.3E+0	2.0E-1	1.2E-1	3.3E-4	1.3E-1	3.9E+0
200	3.3E-4	3.3E+0	2.1E-1	1.2E-1	3.3E-4	1.3E-1	3.9E+0
210	3.3E-4	3.4E+0	2.2E-1	1.3E-1	3.4E-4	1.3E-1	3.8E+0
220	3.4E-4	3.4E+0	2.2E-1	1.3E-1	3.4E-4	1.2E-1	3.8E+0
230	3.4E-4	3.5E+0	2.3E-1	1.3E-1	3.5E-4	1.2E-1	3.8E+0
240	3.5E-4	3.5E+0	2.4E-1	1.4E-1	3.5E-4	1.2E-1	3.7E+0
250	3.5E-4	3.6E+0	2.4E-1	1.4E-1	3.6E-4	1.2E-1	3.7E+0
260	3.6E-4	3.7E+0	2.5E-1	1.5E-1	3.7E-4	1.2E-1	3.6E+0
270	3.6E-4	3.7E+0	2.6E-1	1.5E-1	3.7E-4	1.2E-1	3.6E+0
280	3.7E-4	3.8E+0	2.7E-1	1.6E-1	3.8E-4	1.2E-1	3.6E+0
290	3.7E-4	3.8E+0	2.8E-1	1.6E-1	3.8E-4	1.2E-1	3.5E+0
300	3.8E-4	3.9E+0	2.8E-1	1.7E-1	3.9E-4	1.2E-1	3.5E+0
310	3.8E-4	4.0E+0	2.9E-1	1.7E-1	3.9E-4	1.2E-1	3.5E+0
320	3.9E-4	4.0E+0	3.0E-1	1.8E-1	4.0E-4	1.2E-1	3.5E+0
330	4.0E-4	4.1E+0	3.1E-1	1.8E-1	4.0E-4	1.2E-1	3.4E+0
340	4.0E-4	4.1E+0	3.2E-1	1.9E-1	4.1E-4	1.2E-1	3.4E+0
350	4.1E-4	4.2E+0	3.3E-1	1.9E-1	4.2E-4	1.2E-1	3.4E+0
360	4.1E-4	4.2E+0	3.4E-1	2.0E-1	4.2E-4	1.1E-1	3.4E+0
365	4.1E-4	4.3E+0	3.5E-1	2.0E-1	4.2E-4	1.1E-1	3.3E+0
370	4.2E-4	4.3E+0	3.5E-1	2.1E-1	4.3E-4	1.1E-1	3.3E+0
380	4.2E-4	4.4E+0	3.6E-1	2.1E-1	4.3E-4	1.1E-1	3.3E+0
390	4.3E-4	4.4E+0	3.8E-1	2.2E-1	4.4E-4	1.1E-1	3.3E+0
400	4.3E-4	4.5E+0	3.9E-1	2.3E-1	4.4E-4	1.1E-1	3.3E+0
410	4.4E-4	4.5E+0	4.0E-1	2.3E-1	4.5E-4	1.1E-1	3.2E+0
420	4.4E-4	4.6E+0	4.1E-1	2.4E-1	4.5E-4	1.1E-1	3.2E+0
430	4.5E-4	4.6E+0	4.3E-1	2.5E-1	4.6E-4	1.1E-1	3.2E+0
440	4.5E-4	4.7E+0	4.4E-1	2.5E-1	4.7E-4	1.1E-1	3.2E+0
450	4.6E-4	4.7E+0	4.5E-1	2.6E-1	4.7E-4	1.1E-1	3.2E+0
460	4.6E-4	4.8E+0	4.7E-1	2.7E-1	4.8E-4	1.1E-1	3.1E+0
470	4.7E-4	4.8E+0	4.8E-1	2.8E-1	4.8E-4	1.1E-1	3.1E+0
480	4.7E-4	4.9E+0	5.0E-1	2.9E-1	4.9E-4	1.1E-1	3.1E+0
490	4.8E-4	4.9E+0	5.1E-1	3.0E-1	4.9E-4	1.1E-1	3.1E+0
500	4.8E-4	5.0E+0	5.3E-1	3.1E-1	5.0E-4	1.1E-1	3.1E+0
510	4.9E-4	5.0E+0	5.4E-1	3.2E-1	5.0E-4	1.1E-1	3.1E+0
520	4.9E-4	5.1E+0	5.6E-1	3.3E-1	5.1E-4	1.1E-1	3.0E+0
530	5.0E-4	5.1E+0	5.8E-1	3.4E-1	5.1E-4	1.1E-1	3.0E+0
540	5.0E-4	5.2E+0	6.0E-1	3.5E-1	5.2E-4	1.1E-1	3.0E+0
550	5.1E-4	5.2E+0	6.2E-1	3.6E-1	5.2E-4	1.0E-1	3.0E+0
560	5.1E-4	5.3E+0	6.4E-1	3.7E-1	5.3E-4	1.0E-1	3.0E+0
570	5.2E-4	5.3E+0	6.6E-1	3.8E-1	5.3E-4	1.0E-1	3.0E+0
580	5.2E-4	5.4E+0	6.8E-1	3.9E-1	5.4E-4	1.0E-1	2.9E+0
590	5.3E-4	5.4E+0	7.0E-1	4.0E-1	5.4E-4	1.0E-1	2.9E+0
600	5.3E-4	5.5E+0	7.2E-1	4.2E-1	5.5E-4	1.0E-1	2.9E+0
610	5.3E-4	5.5E+0	7.4E-1	4.3E-1	5.5E-4	1.0E-1	2.9E+0
620	5.4E-4	5.6E+0	7.7E-1	4.4E-1	5.6E-4	1.0E-1	2.9E+0
630	5.4E-4	5.6E+0	7.9E-1	4.6E-1	5.6E-4	1.0E-1	2.9E+0
640	5.5E-4	5.7E+0	8.2E-1	4.7E-1	5.6E-4	1.0E-1	2.9E+0
650	5.5E-4	5.7E+0	8.4E-1	4.8E-1	5.7E-4	1.0E-1	2.8E+0
660	5.6E-4	5.8E+0	8.7E-1	5.0E-1	5.7E-4	1.0E-1	2.8E+0
670	5.6E-4	5.8E+0	8.9E-1	5.2E-1	5.8E-4	1.0E-1	2.8E+0
680	5.6E-4	5.8E+0	9.2E-1	5.3E-1	5.8E-4	1.0E-1	2.8E+0
690	5.7E-4	5.9E+0	9.5E-1	5.5E-1	5.9E-4	9.9E-2	2.8E+0
700	5.7E-4	5.9E+0	9.8E-1	5.6E-1	5.9E-4	9.9E-2	2.8E+0
710	5.8E-4	6.0E+0	1.0E+0	5.8E-1	5.9E-4	9.9E-2	2.8E+0
720	5.8E-4	6.0E+0	1.0E+0	6.0E-1	6.0E-4	9.8E-2	2.8E+0
730	5.8E-4	6.0E+0	1.1E+0	6.2E-1	6.0E-4	9.8E-2	2.7E+0
740	5.9E-4	6.1E+0	1.1E+0	6.4E-1	6.1E-4	9.8E-2	2.7E+0
750	5.9E-4	6.1E+0	1.1E+0	6.6E-1	6.1E-4	9.7E-2	2.7E+0
760	5.9E-4	6.2E+0	1.2E+0	6.8E-1	6.1E-4	9.7E-2	2.7E+0
770	6.0E-4	6.2E+0	1.2E+0	7.0E-1	6.2E-4	9.7E-2	2.7E+0
780	6.0E-4	6.2E+0	1.3E+0	7.2E-1	6.2E-4	9.7E-2	2.7E+0
790	6.0E-4	6.3E+0	1.3E+0	7.4E-1	6.2E-4	9.6E-2	2.7E+0
800	6.1E-4	6.3E+0	1.3E+0	7.6E-1	6.3E-4	9.6E-2	2.7E+0
810	6.1E-4	6.3E+0	1.4E+0	7.9E-1	6.3E-4	9.6E-2	2.7E+0
820	6.1E-4	6.4E+0	1.4E+0	8.1E-1	6.3E-4	9.5E-2	2.7E+0
830	6.2E-4	6.4E+0	1.5E+0	8.4E-1	6.4E-4	9.5E-2	2.6E+0
840	6.2E-4	6.4E+0	1.5E+0	8.6E-1	6.4E-4	9.5E-2	2.6E+0
850	6.2E-4	6.5E+0	1.6E+0	8.9E-1	6.4E-4	9.5E-2	2.6E+0
860	6.3E-4	6.5E+0	1.6E+0	9.2E-1	6.5E-4	9.4E-2	2.6E+0
870	6.3E-4	6.5E+0	1.7E+0	9.4E-1	6.5E-4	9.4E-2	2.6E+0
880	6.3E-4	6.6E+0	1.7E+0	9.7E-1	6.5E-4	9.4E-2	2.6E+0
890	6.4E-4	6.6E+0	1.8E+0	1.0E+0	6.6E-4	9.4E-2	2.6E+0
900	6.4E-4	6.6E+0	1.8E+0	1.0E+0	6.6E-4	9.3E-2	2.6E+0
910	6.4E-4	6.7E+0	1.9E+0	1.1E+0	6.6E-4	9.3E-2	2.6E+0
920	6.4E-4	6.7E+0	1.9E+0	1.1E+0	6.7E-4	9.3E-2	2.6E+0
930	6.5E-4	6.7E+0	2.0E+0	1.1E+0	6.7E-4	9.3E-2	2.6E+0
940	6.5E-4	6.7E+0	2.1E+0	1.2E+0	6.7E-4	9.2E-2	2.5E+0
950	6.5E-4	6.8E+0	2.1E+0	1.2E+0	6.8E-4	9.2E-2	2.5E+0
960	6.5E-4	6.8E+0	2.2E+0	1.2E+0	6.8E-4	9.2E-2	2.5E+0
970	6.6E-4	6.8E+0	2.3E+0	1.3E+0	6.8E-4	9.2E-2	2.5E+0
980	6.6E-4	6.8E+0	2.3E+0	1.3E+0	6.8E-4	9.1E-2	2.5E+0
990	6.6E-4	6.9E+0	2.4E+0	1.3E+0	6.9E-4	9.1E-2	2.5E+0
1000	6.6E-4	6.9E+0	2.5E+0	1.4E+0	6.9E-4	9.1E-2	2.5E+0
1010	6.7E-4	6.9E+0	2.6E+0	1.4E+0	6.9E-4	9.1E-2	2.5E+0
1020	6.7E-4	6.9E+0	2.6E+0	1.5E+0	6.9E-4	9.0E-2	2.5E+0
1030	6.7E-4	7.0E+0	2.7E+0	1.5E+0	7.0E-4	9.0E-2	2.5E+0
1040	6.7E-4	7.0E+0	2.8E+0	1.6E+0	7.0E-4	9.0E-2	2.5E+0
1050	6.8E-4	7.0E+0	2.9E+0	1.6E+0	7.0E-4	9.0E-2	2.5E+0
1060	6.8E-4	7.0E+0	3.0E+0	1.7E+0	7.0E-4	9.0E-2	2.5E+0
1070	6.8E-4	7.1E+0	3.1E+0	1.7E+0	7.1E-4	8.9E-2	2.5E+0
1080	6.8E-4	7.1E+0	3.2E+0	1.8E+0	7.1E-4	8.9E-2	2.4E+0
1090	6.9E-4	7.1E+0	3.3E+0	1.8E+0	7.1E-4	8.9E-2	2.4E+0
1095	6.9E-4	7.1E+0	3.3E+0	1.8E+0	7.1E-4	8.9E-2	2.4E+0
1100	6.9E-4	7.1E+0	3.4E+0	1.9E+0	7.1E-4	8.9E-2	2.4E+0
1200	7.1E-4	7.3E+0	4.6E+0	2.5E+0	7.3E-4	8.7E-2	2.4E+0
1300	7.2E-4	7.5E+0	6.3E+0	3.3E+0	7.5E-4	8.5E-2	2.3E+0
1400	7.4E-4	7.6E+0	8.5E+0	4.2E+0	7.7E-4	8.4E-2	2.3E+0
1500	7.5E-4	7.8E+0	1.2E+1	5.5E+0	7.8E-4	8.2E-2	2.2E+0
1600	7.6E-4	7.9E+0	1.6E+1	6.9E+0	7.9E-4	8.1E-2	2.2E+0
1700	7.7E-4	8.0E+0	2.1E+1	8.5E+0	8.0E-4	8.0E-2	2.1E+0
1800	7.8E-4	8.1E+0	2.9E+1	1.0E+1	8.1E-4	7.9E-2	2.1E+0
1900	7.9E-4	8.2E+0	3.9E+1	1.2E+1	8.2E-4	7.8E-2	2.0E+0
2000	8.0E-4	8.3E+0	5.3E+1	1.4E+1	8.3E-4	7.7E-2	2.0E+0
2100	8.1E-4	8.4E+0	7.1E+1	1.5E+1	8.4E-4	7.6E-2	2.0E+0
2200	8.2E-4	8.5E+0	9.5E+1	1.7E+1	8.5E-4	7.5E-2	2.0E+0
2300	8.3E-4	8.6E+0	1.3E+2	1.8E+1	8.6E-4	7.4E-2	1.9E+0
2400	8.3E-4	8.7E+0	1.7E+2	1.9E+1	8.7E-4	7.3E-2	1.9E+0
2500	8.4E-4	8.7E+0	2.2E+2	1.9E+1	8.8E-4	7.2E-2	1.9E+0
2600	8.5E-4	8.8E+0	2.8E+2	1.9E+1	8.9E-4	7.2E-2	1.9E+0
2700	8.6E-4	8.9E+0	3.6E+2	2.0E+1	9.0E-4	7.1E-2	1.8E+0
2800	8.7E-4	9.0E+0	4.4E+2	2.0E+1	9.1E-4	7.1E-2	1.8E+0
2900	8.8E-4	9.1E+0	5.4E+2	2.0E+1	9.2E-4	7.0E-2	1.8E+0
3000	8.9E-4	9.2E+0	6.5E+2	2.0E+1	9.3E-4	7.0E-2	1.8E+0
3100	8.9E-4	9.3E+0	7.6E+2	2.0E+1	9.4E-4	6.9E-2	1.8E+0
3200	9.0E-4	9.4E+0	8.7E+2	1.9E+1	9.4E-4	6.9E-2	1.8E+0
3300	9.1E-4	9.4E+0	9.8E+2	1.9E+1	9.5E-4	6.8E-2	1.7E+0
3400	9.2E-4	9.5E+0	1.1E+3	1.9E+1	9.6E-4	6.8E-2	1.7E+0
3500	9.3E-4	9.6E+0	1.2E+3	1.9E+1	9.7E-4	6.7E-2	1.7E+0
3600	9.4E-4	9.7E+0	1.2E+3	1.9E+1	9.8E-4	6.7E-2	1.7E+0
3650	9.4E-4	9.8E+0	1.3E+3	1.8E+1	9.9E-4	6.7E-2	1.7E+0
4000	9.8E-4	1.0E+1	1.4E+3	1.8E+1	1.0E-3	6.6E-2	1.7E+0
5000	1.1E-3	1.1E+1	1.7E+3	1.6E+1	1.1E-3	6.3E-2	1.6E+0
6000	1.2E-3	1.2E+1	1.8E+3	1.5E+1	1.3E-3	6.2E-2	1.6E+0
7000	1.3E-3	1.4E+1	2.0E+3	1.4E+1	1.4E-3	6.2E-2	1.6E+0
8000	1.4E-3	1.5E+1	2.2E+3	1.3E+1	1.5E-3	6.3E-2	1.7E+0
9000	1.6E-3	1.6E+1	2.5E+3	1.3E+1	1.7E-3	6.3E-2	1.7E+0
10000	1.7E-3	1.8E+1	2.7E+3	1.2E+1	1.9E-3	6.5E-2	1.8E+0
11000	1.9E-3	2.0E+1	3.0E+3	1.2E+1	2.1E-3	6.6E-2	1.9E+0
12000	2.1E-3	2.2E+1	3.3E+3	1.2E+1	2.3E-3	6.8E-2	2.0E+0
13000	2.3E-3	2.4E+1	3.7E+3	1.1E+1	2.5E-3	7.0E-2	2.2E+0
14000	2.6E-3	2.7E+1	4.0E+3	1.1E+1	2.8E-3	7.3E-2	2.3E+0
15000	2.8E-3	3.0E+1	4.5E+3	1.1E+1	3.1E-3	7.5E-2	2.5E+0
16000	3.1E-3	3.3E+1	4.9E+3	1.1E+1	3.4E-3	7.8E-2	2.7E+0
17000	3.4E-3	3.6E+1	5.4E+3	1.1E+1	3.8E-3	8.2E-2	2.9E+0
18000	3.8E-3	4.0E+1	6.0E+3	1.1E+1	4.1E-3	8.6E-2	3.1E+0
18250	3.9E-3	4.1E+1	6.1E+3	1.1E+1	4.3E-3	8.7E-2	3.2E+0
Radionuclide	U-235
Route of Intake	Inhalation
Material	Aerosols Type S, fA=2E-4
AMTD/AMAD, µm	10

Committed Effective Dose per Predicted Content in an Organ or Excreta Sample (Dose per Content Functions z(t)), Sv/Bq
Time, days	Whole Body	Urine (24-hour sample)	Faeces (24-hour sample)	Alimentary Tract*	Lungs*	Skeleton*	Liver*
0.041667	8.6E-6	-	-	2.4E-5	1.7E-4	5.4E-1	9.9E-1
0.083333	8.8E-6	-	-	2.1E-5	1.9E-4	3.4E-1	1.0E+0
0.125	8.9E-6	-	-	2.0E-5	2.0E-4	2.5E-1	9.7E-1
0.25	9.2E-6	-	-	1.6E-5	2.1E-4	1.5E-1	8.5E-1
0.375	9.5E-6	-	-	1.5E-5	2.2E-4	1.2E-1	7.9E-1
0.5	9.8E-6	-	-	1.4E-5	2.2E-4	1.0E-1	7.5E-1
0.625	1.0E-5	-	-	1.3E-5	2.3E-4	9.1E-2	7.3E-1
0.75	1.0E-5	-	-	1.3E-5	2.3E-4	8.5E-2	7.2E-1
0.875	1.1E-5	-	-	1.3E-5	2.3E-4	8.1E-2	7.1E-1
1	1.2E-5	1.8E-2	7.9E-5	1.4E-5	2.3E-4	7.9E-2	7.1E-1
1.125	1.2E-5	-	-	1.4E-5	2.3E-4	7.7E-2	7.1E-1
1.25	1.3E-5	-	-	1.5E-5	2.3E-4	7.6E-2	7.1E-1
1.375	1.4E-5	-	-	1.6E-5	2.3E-4	7.5E-2	7.2E-1
1.5	1.5E-5	-	-	1.7E-5	2.3E-4	7.5E-2	7.2E-1
1.625	1.7E-5	-	-	1.9E-5	2.4E-4	7.5E-2	7.3E-1
1.75	1.8E-5	-	-	2.1E-5	2.4E-4	7.5E-2	7.3E-1
1.875	2.0E-5	-	-	2.3E-5	2.4E-4	7.5E-2	7.4E-1
2	2.2E-5	1.2E-1	2.5E-5	2.6E-5	2.4E-4	7.5E-2	7.4E-1
2.25	2.8E-5	-	-	3.2E-5	2.4E-4	7.6E-2	7.6E-1
2.5	3.5E-5	-	-	4.2E-5	2.4E-4	7.6E-2	7.7E-1
2.75	4.4E-5	-	-	5.5E-5	2.4E-4	7.7E-2	7.9E-1
3	5.6E-5	3.8E-1	3.8E-5	7.3E-5	2.4E-4	7.8E-2	8.0E-1
3.25	7.0E-5	-	-	9.9E-5	2.5E-4	7.9E-2	8.2E-1
3.5	8.6E-5	-	-	1.4E-4	2.5E-4	7.9E-2	8.3E-1
3.75	1.1E-4	-	-	1.9E-4	2.5E-4	8.0E-2	8.5E-1
4	1.3E-4	5.1E-1	1.0E-4	2.6E-4	2.5E-4	8.1E-2	8.7E-1
4.25	1.5E-4	-	-	3.6E-4	2.5E-4	8.1E-2	8.8E-1
4.5	1.7E-4	-	-	5.0E-4	2.5E-4	8.2E-2	9.0E-1
4.75	1.8E-4	-	-	7.0E-4	2.6E-4	8.3E-2	9.2E-1
5	2.0E-4	5.7E-1	3.4E-4	9.7E-4	2.6E-4	8.3E-2	9.3E-1
5.5	2.2E-4	-	-	1.8E-3	2.6E-4	8.5E-2	9.7E-1
6	2.3E-4	6.2E-1	1.3E-3	3.1E-3	2.6E-4	8.6E-2	1.0E+0
6.5	2.4E-4	-	-	4.8E-3	2.6E-4	8.7E-2	1.0E+0
7	2.5E-4	6.6E-1	4.3E-3	6.7E-3	2.6E-4	8.9E-2	1.1E+0
7.5	2.5E-4	-	-	8.4E-3	2.7E-4	9.0E-2	1.1E+0
8	2.5E-4	7.1E-1	1.0E-2	1.0E-2	2.7E-4	9.1E-2	1.2E+0
8.5	2.6E-4	-	-	1.1E-2	2.7E-4	9.2E-2	1.2E+0
9	2.6E-4	7.6E-1	1.6E-2	1.3E-2	2.7E-4	9.3E-2	1.2E+0
9.5	2.6E-4	-	-	1.4E-2	2.7E-4	9.4E-2	1.3E+0
10	2.6E-4	8.2E-1	2.1E-2	1.5E-2	2.7E-4	9.5E-2	1.3E+0
11	2.6E-4	8.7E-1	2.5E-2	1.8E-2	2.8E-4	9.7E-2	1.4E+0
12	2.7E-4	9.2E-1	3.0E-2	2.1E-2	2.8E-4	9.8E-2	1.5E+0
13	2.7E-4	9.8E-1	3.5E-2	2.4E-2	2.8E-4	1.0E-1	1.6E+0
14	2.7E-4	1.0E+0	4.0E-2	2.8E-2	2.8E-4	1.0E-1	1.7E+0
15	2.7E-4	1.1E+0	4.6E-2	3.1E-2	2.8E-4	1.0E-1	1.8E+0
16	2.7E-4	1.1E+0	5.3E-2	3.5E-2	2.8E-4	1.0E-1	1.9E+0
17	2.8E-4	1.2E+0	6.0E-2	4.0E-2	2.9E-4	1.0E-1	2.0E+0
18	2.8E-4	1.3E+0	6.7E-2	4.4E-2	2.9E-4	1.1E-1	2.1E+0
19	2.8E-4	1.3E+0	7.5E-2	4.8E-2	2.9E-4	1.1E-1	2.2E+0
20	2.8E-4	1.4E+0	8.2E-2	5.2E-2	2.9E-4	1.1E-1	2.3E+0
21	2.8E-4	1.4E+0	8.9E-2	5.6E-2	2.9E-4	1.1E-1	2.4E+0
22	2.8E-4	1.5E+0	9.6E-2	6.0E-2	2.9E-4	1.1E-1	2.5E+0
23	2.8E-4	1.5E+0	1.0E-1	6.4E-2	2.9E-4	1.1E-1	2.6E+0
24	2.8E-4	1.6E+0	1.1E-1	6.7E-2	2.9E-4	1.1E-1	2.7E+0
25	2.8E-4	1.6E+0	1.1E-1	7.0E-2	2.9E-4	1.1E-1	2.8E+0
26	2.8E-4	1.7E+0	1.2E-1	7.3E-2	2.9E-4	1.1E-1	2.9E+0
27	2.8E-4	1.7E+0	1.2E-1	7.5E-2	2.9E-4	1.1E-1	3.0E+0
28	2.9E-4	1.8E+0	1.3E-1	7.7E-2	2.9E-4	1.1E-1	3.1E+0
29	2.9E-4	1.8E+0	1.3E-1	7.9E-2	2.9E-4	1.1E-1	3.2E+0
30	2.9E-4	1.9E+0	1.4E-1	8.1E-2	3.0E-4	1.1E-1	3.3E+0
31	2.9E-4	1.9E+0	1.4E-1	8.2E-2	3.0E-4	1.1E-1	3.4E+0
32	2.9E-4	1.9E+0	1.4E-1	8.3E-2	3.0E-4	1.1E-1	3.4E+0
33	2.9E-4	2.0E+0	1.4E-1	8.4E-2	3.0E-4	1.1E-1	3.5E+0
34	2.9E-4	2.0E+0	1.5E-1	8.5E-2	3.0E-4	1.1E-1	3.6E+0
35	2.9E-4	2.1E+0	1.5E-1	8.6E-2	3.0E-4	1.1E-1	3.6E+0
36	2.9E-4	2.1E+0	1.5E-1	8.7E-2	3.0E-4	1.1E-1	3.7E+0
37	2.9E-4	2.1E+0	1.5E-1	8.8E-2	3.0E-4	1.2E-1	3.8E+0
38	2.9E-4	2.2E+0	1.5E-1	8.8E-2	3.0E-4	1.2E-1	3.8E+0
39	2.9E-4	2.2E+0	1.5E-1	8.9E-2	3.0E-4	1.2E-1	3.9E+0
40	2.9E-4	2.2E+0	1.5E-1	8.9E-2	3.0E-4	1.2E-1	3.9E+0
41	2.9E-4	2.3E+0	1.5E-1	9.0E-2	3.0E-4	1.2E-1	4.0E+0
42	2.9E-4	2.3E+0	1.5E-1	9.0E-2	3.0E-4	1.2E-1	4.0E+0
43	2.9E-4	2.3E+0	1.6E-1	9.1E-2	3.0E-4	1.2E-1	4.1E+0
44	3.0E-4	2.3E+0	1.6E-1	9.1E-2	3.0E-4	1.2E-1	4.1E+0
45	3.0E-4	2.4E+0	1.6E-1	9.2E-2	3.0E-4	1.2E-1	4.1E+0
46	3.0E-4	2.4E+0	1.6E-1	9.2E-2	3.1E-4	1.2E-1	4.2E+0
47	3.0E-4	2.4E+0	1.6E-1	9.2E-2	3.1E-4	1.2E-1	4.2E+0
48	3.0E-4	2.4E+0	1.6E-1	9.3E-2	3.1E-4	1.2E-1	4.2E+0
49	3.0E-4	2.5E+0	1.6E-1	9.3E-2	3.1E-4	1.2E-1	4.2E+0
50	3.0E-4	2.5E+0	1.6E-1	9.3E-2	3.1E-4	1.2E-1	4.3E+0
51	3.0E-4	2.5E+0	1.6E-1	9.4E-2	3.1E-4	1.2E-1	4.3E+0
52	3.0E-4	2.5E+0	1.6E-1	9.4E-2	3.1E-4	1.2E-1	4.3E+0
53	3.0E-4	2.5E+0	1.6E-1	9.4E-2	3.1E-4	1.2E-1	4.3E+0
54	3.0E-4	2.6E+0	1.6E-1	9.5E-2	3.1E-4	1.2E-1	4.3E+0
55	3.0E-4	2.6E+0	1.6E-1	9.5E-2	3.1E-4	1.2E-1	4.3E+0
56	3.0E-4	2.6E+0	1.6E-1	9.5E-2	3.1E-4	1.2E-1	4.4E+0
57	3.0E-4	2.6E+0	1.6E-1	9.5E-2	3.1E-4	1.2E-1	4.4E+0
58	3.0E-4	2.6E+0	1.6E-1	9.6E-2	3.1E-4	1.2E-1	4.4E+0
59	3.0E-4	2.6E+0	1.6E-1	9.6E-2	3.1E-4	1.2E-1	4.4E+0
60	3.0E-4	2.7E+0	1.7E-1	9.6E-2	3.1E-4	1.2E-1	4.4E+0
61	3.1E-4	2.7E+0	1.7E-1	9.7E-2	3.1E-4	1.2E-1	4.4E+0
62	3.1E-4	2.7E+0	1.7E-1	9.7E-2	3.2E-4	1.2E-1	4.4E+0
63	3.1E-4	2.7E+0	1.7E-1	9.7E-2	3.2E-4	1.2E-1	4.4E+0
64	3.1E-4	2.7E+0	1.7E-1	9.8E-2	3.2E-4	1.2E-1	4.4E+0
65	3.1E-4	2.7E+0	1.7E-1	9.8E-2	3.2E-4	1.2E-1	4.4E+0
66	3.1E-4	2.7E+0	1.7E-1	9.8E-2	3.2E-4	1.2E-1	4.4E+0
67	3.1E-4	2.8E+0	1.7E-1	9.9E-2	3.2E-4	1.2E-1	4.4E+0
68	3.1E-4	2.8E+0	1.7E-1	9.9E-2	3.2E-4	1.2E-1	4.4E+0
69	3.1E-4	2.8E+0	1.7E-1	9.9E-2	3.2E-4	1.2E-1	4.4E+0
70	3.1E-4	2.8E+0	1.7E-1	9.9E-2	3.2E-4	1.2E-1	4.4E+0
71	3.1E-4	2.8E+0	1.7E-1	1.0E-1	3.2E-4	1.2E-1	4.4E+0
72	3.1E-4	2.8E+0	1.7E-1	1.0E-1	3.2E-4	1.2E-1	4.4E+0
73	3.1E-4	2.8E+0	1.7E-1	1.0E-1	3.2E-4	1.2E-1	4.4E+0
74	3.1E-4	2.9E+0	1.7E-1	1.0E-1	3.2E-4	1.2E-1	4.4E+0
75	3.1E-4	2.9E+0	1.7E-1	1.0E-1	3.2E-4	1.2E-1	4.4E+0
76	3.1E-4	2.9E+0	1.7E-1	1.0E-1	3.2E-4	1.2E-1	4.4E+0
77	3.1E-4	2.9E+0	1.7E-1	1.0E-1	3.2E-4	1.2E-1	4.4E+0
78	3.2E-4	2.9E+0	1.8E-1	1.0E-1	3.3E-4	1.2E-1	4.4E+0
79	3.2E-4	2.9E+0	1.8E-1	1.0E-1	3.3E-4	1.2E-1	4.4E+0
80	3.2E-4	2.9E+0	1.8E-1	1.0E-1	3.3E-4	1.2E-1	4.4E+0
81	3.2E-4	2.9E+0	1.8E-1	1.0E-1	3.3E-4	1.2E-1	4.4E+0
82	3.2E-4	2.9E+0	1.8E-1	1.0E-1	3.3E-4	1.2E-1	4.4E+0
83	3.2E-4	3.0E+0	1.8E-1	1.0E-1	3.3E-4	1.2E-1	4.4E+0
84	3.2E-4	3.0E+0	1.8E-1	1.0E-1	3.3E-4	1.2E-1	4.4E+0
85	3.2E-4	3.0E+0	1.8E-1	1.0E-1	3.3E-4	1.2E-1	4.4E+0
86	3.2E-4	3.0E+0	1.8E-1	1.0E-1	3.3E-4	1.2E-1	4.4E+0
87	3.2E-4	3.0E+0	1.8E-1	1.0E-1	3.3E-4	1.2E-1	4.4E+0
88	3.2E-4	3.0E+0	1.8E-1	1.1E-1	3.3E-4	1.2E-1	4.4E+0
89	3.2E-4	3.0E+0	1.8E-1	1.1E-1	3.3E-4	1.2E-1	4.4E+0
90	3.2E-4	3.0E+0	1.8E-1	1.1E-1	3.3E-4	1.2E-1	4.4E+0
91	3.2E-4	3.0E+0	1.8E-1	1.1E-1	3.3E-4	1.3E-1	4.4E+0
92	3.2E-4	3.1E+0	1.8E-1	1.1E-1	3.3E-4	1.3E-1	4.4E+0
93	3.2E-4	3.1E+0	1.8E-1	1.1E-1	3.4E-4	1.3E-1	4.4E+0
94	3.3E-4	3.1E+0	1.8E-1	1.1E-1	3.4E-4	1.3E-1	4.4E+0
95	3.3E-4	3.1E+0	1.8E-1	1.1E-1	3.4E-4	1.3E-1	4.4E+0
96	3.3E-4	3.1E+0	1.9E-1	1.1E-1	3.4E-4	1.3E-1	4.4E+0
97	3.3E-4	3.1E+0	1.9E-1	1.1E-1	3.4E-4	1.3E-1	4.4E+0
98	3.3E-4	3.1E+0	1.9E-1	1.1E-1	3.4E-4	1.3E-1	4.4E+0
99	3.3E-4	3.1E+0	1.9E-1	1.1E-1	3.4E-4	1.3E-1	4.4E+0
100	3.3E-4	3.1E+0	1.9E-1	1.1E-1	3.4E-4	1.3E-1	4.4E+0
110	3.3E-4	3.2E+0	1.9E-1	1.1E-1	3.5E-4	1.3E-1	4.3E+0
120	3.4E-4	3.3E+0	2.0E-1	1.2E-1	3.5E-4	1.3E-1	4.3E+0
130	3.5E-4	3.4E+0	2.1E-1	1.2E-1	3.6E-4	1.3E-1	4.3E+0
140	3.5E-4	3.5E+0	2.1E-1	1.2E-1	3.7E-4	1.3E-1	4.2E+0
150	3.6E-4	3.6E+0	2.2E-1	1.3E-1	3.7E-4	1.3E-1	4.2E+0
160	3.7E-4	3.7E+0	2.3E-1	1.3E-1	3.8E-4	1.3E-1	4.1E+0
170	3.7E-4	3.7E+0	2.3E-1	1.4E-1	3.9E-4	1.3E-1	4.1E+0
180	3.8E-4	3.8E+0	2.4E-1	1.4E-1	3.9E-4	1.3E-1	4.1E+0
190	3.9E-4	3.9E+0	2.5E-1	1.4E-1	4.0E-4	1.3E-1	4.0E+0
200	3.9E-4	4.0E+0	2.6E-1	1.5E-1	4.1E-4	1.3E-1	4.0E+0
210	4.0E-4	4.0E+0	2.6E-1	1.5E-1	4.1E-4	1.3E-1	4.0E+0
220	4.0E-4	4.1E+0	2.7E-1	1.6E-1	4.2E-4	1.3E-1	3.9E+0
230	4.1E-4	4.2E+0	2.8E-1	1.6E-1	4.3E-4	1.3E-1	3.9E+0
240	4.2E-4	4.2E+0	2.9E-1	1.7E-1	4.3E-4	1.3E-1	3.9E+0
250	4.2E-4	4.3E+0	3.0E-1	1.7E-1	4.4E-4	1.3E-1	3.8E+0
260	4.3E-4	4.4E+0	3.1E-1	1.8E-1	4.5E-4	1.3E-1	3.8E+0
270	4.4E-4	4.5E+0	3.2E-1	1.8E-1	4.5E-4	1.3E-1	3.8E+0
280	4.4E-4	4.5E+0	3.3E-1	1.9E-1	4.6E-4	1.3E-1	3.7E+0
290	4.5E-4	4.6E+0	3.4E-1	2.0E-1	4.7E-4	1.3E-1	3.7E+0
300	4.6E-4	4.7E+0	3.5E-1	2.0E-1	4.7E-4	1.2E-1	3.7E+0
310	4.6E-4	4.7E+0	3.6E-1	2.1E-1	4.8E-4	1.2E-1	3.7E+0
320	4.7E-4	4.8E+0	3.7E-1	2.2E-1	4.9E-4	1.2E-1	3.6E+0
330	4.7E-4	4.9E+0	3.8E-1	2.2E-1	5.0E-4	1.2E-1	3.6E+0
340	4.8E-4	4.9E+0	3.9E-1	2.3E-1	5.0E-4	1.2E-1	3.6E+0
350	4.9E-4	5.0E+0	4.1E-1	2.4E-1	5.1E-4	1.2E-1	3.6E+0
360	4.9E-4	5.1E+0	4.2E-1	2.4E-1	5.2E-4	1.2E-1	3.5E+0
365	5.0E-4	5.1E+0	4.3E-1	2.5E-1	5.2E-4	1.2E-1	3.5E+0
370	5.0E-4	5.1E+0	4.3E-1	2.5E-1	5.2E-4	1.2E-1	3.5E+0
380	5.1E-4	5.2E+0	4.5E-1	2.6E-1	5.3E-4	1.2E-1	3.5E+0
390	5.1E-4	5.3E+0	4.6E-1	2.7E-1	5.4E-4	1.2E-1	3.5E+0
400	5.2E-4	5.3E+0	4.7E-1	2.8E-1	5.4E-4	1.2E-1	3.5E+0
410	5.2E-4	5.4E+0	4.9E-1	2.8E-1	5.5E-4	1.2E-1	3.4E+0
420	5.3E-4	5.5E+0	5.1E-1	2.9E-1	5.6E-4	1.2E-1	3.4E+0
430	5.4E-4	5.5E+0	5.2E-1	3.0E-1	5.6E-4	1.2E-1	3.4E+0
440	5.4E-4	5.6E+0	5.4E-1	3.1E-1	5.7E-4	1.2E-1	3.4E+0
450	5.5E-4	5.7E+0	5.5E-1	3.2E-1	5.8E-4	1.2E-1	3.4E+0
460	5.5E-4	5.7E+0	5.7E-1	3.3E-1	5.8E-4	1.2E-1	3.3E+0
470	5.6E-4	5.8E+0	5.9E-1	3.4E-1	5.9E-4	1.2E-1	3.3E+0
480	5.7E-4	5.8E+0	6.1E-1	3.5E-1	6.0E-4	1.2E-1	3.3E+0
490	5.7E-4	5.9E+0	6.3E-1	3.6E-1	6.0E-4	1.2E-1	3.3E+0
500	5.8E-4	6.0E+0	6.5E-1	3.8E-1	6.1E-4	1.1E-1	3.3E+0
510	5.8E-4	6.0E+0	6.7E-1	3.9E-1	6.1E-4	1.1E-1	3.3E+0
520	5.9E-4	6.1E+0	6.9E-1	4.0E-1	6.2E-4	1.1E-1	3.2E+0
530	5.9E-4	6.1E+0	7.1E-1	4.1E-1	6.3E-4	1.1E-1	3.2E+0
540	6.0E-4	6.2E+0	7.3E-1	4.2E-1	6.3E-4	1.1E-1	3.2E+0
550	6.1E-4	6.3E+0	7.6E-1	4.4E-1	6.4E-4	1.1E-1	3.2E+0
560	6.1E-4	6.3E+0	7.8E-1	4.5E-1	6.4E-4	1.1E-1	3.2E+0
570	6.2E-4	6.4E+0	8.0E-1	4.6E-1	6.5E-4	1.1E-1	3.2E+0
580	6.2E-4	6.4E+0	8.3E-1	4.8E-1	6.6E-4	1.1E-1	3.2E+0
590	6.3E-4	6.5E+0	8.6E-1	4.9E-1	6.6E-4	1.1E-1	3.1E+0
600	6.3E-4	6.5E+0	8.8E-1	5.1E-1	6.7E-4	1.1E-1	3.1E+0
610	6.4E-4	6.6E+0	9.1E-1	5.3E-1	6.7E-4	1.1E-1	3.1E+0
620	6.4E-4	6.6E+0	9.4E-1	5.4E-1	6.8E-4	1.1E-1	3.1E+0
630	6.5E-4	6.7E+0	9.7E-1	5.6E-1	6.8E-4	1.1E-1	3.1E+0
640	6.5E-4	6.7E+0	1.0E+0	5.8E-1	6.9E-4	1.1E-1	3.1E+0
650	6.6E-4	6.8E+0	1.0E+0	5.9E-1	7.0E-4	1.1E-1	3.1E+0
660	6.6E-4	6.8E+0	1.1E+0	6.1E-1	7.0E-4	1.1E-1	3.1E+0
670	6.7E-4	6.9E+0	1.1E+0	6.3E-1	7.1E-4	1.1E-1	3.0E+0
680	6.7E-4	6.9E+0	1.1E+0	6.5E-1	7.1E-4	1.1E-1	3.0E+0
690	6.8E-4	7.0E+0	1.2E+0	6.7E-1	7.2E-4	1.1E-1	3.0E+0
700	6.8E-4	7.0E+0	1.2E+0	6.9E-1	7.2E-4	1.1E-1	3.0E+0
710	6.8E-4	7.1E+0	1.2E+0	7.1E-1	7.3E-4	1.1E-1	3.0E+0
720	6.9E-4	7.1E+0	1.3E+0	7.3E-1	7.3E-4	1.1E-1	3.0E+0
730	6.9E-4	7.2E+0	1.3E+0	7.6E-1	7.4E-4	1.1E-1	3.0E+0
740	7.0E-4	7.2E+0	1.4E+0	7.8E-1	7.4E-4	1.1E-1	3.0E+0
750	7.0E-4	7.3E+0	1.4E+0	8.0E-1	7.5E-4	1.1E-1	3.0E+0
760	7.1E-4	7.3E+0	1.4E+0	8.3E-1	7.5E-4	1.1E-1	3.0E+0
770	7.1E-4	7.4E+0	1.5E+0	8.5E-1	7.6E-4	1.1E-1	2.9E+0
780	7.1E-4	7.4E+0	1.5E+0	8.8E-1	7.6E-4	1.1E-1	2.9E+0
790	7.2E-4	7.4E+0	1.6E+0	9.1E-1	7.6E-4	1.1E-1	2.9E+0
800	7.2E-4	7.5E+0	1.6E+0	9.3E-1	7.7E-4	1.0E-1	2.9E+0
810	7.3E-4	7.5E+0	1.7E+0	9.6E-1	7.7E-4	1.0E-1	2.9E+0
820	7.3E-4	7.6E+0	1.7E+0	9.9E-1	7.8E-4	1.0E-1	2.9E+0
830	7.3E-4	7.6E+0	1.8E+0	1.0E+0	7.8E-4	1.0E-1	2.9E+0
840	7.4E-4	7.6E+0	1.9E+0	1.1E+0	7.9E-4	1.0E-1	2.9E+0
850	7.4E-4	7.7E+0	1.9E+0	1.1E+0	7.9E-4	1.0E-1	2.9E+0
860	7.4E-4	7.7E+0	2.0E+0	1.1E+0	7.9E-4	1.0E-1	2.9E+0
870	7.5E-4	7.7E+0	2.0E+0	1.2E+0	8.0E-4	1.0E-1	2.8E+0
880	7.5E-4	7.8E+0	2.1E+0	1.2E+0	8.0E-4	1.0E-1	2.8E+0
890	7.5E-4	7.8E+0	2.2E+0	1.2E+0	8.0E-4	1.0E-1	2.8E+0
900	7.6E-4	7.9E+0	2.2E+0	1.3E+0	8.1E-4	1.0E-1	2.8E+0
910	7.6E-4	7.9E+0	2.3E+0	1.3E+0	8.1E-4	1.0E-1	2.8E+0
920	7.6E-4	7.9E+0	2.4E+0	1.3E+0	8.2E-4	1.0E-1	2.8E+0
930	7.7E-4	8.0E+0	2.5E+0	1.4E+0	8.2E-4	1.0E-1	2.8E+0
940	7.7E-4	8.0E+0	2.5E+0	1.4E+0	8.2E-4	1.0E-1	2.8E+0
950	7.7E-4	8.0E+0	2.6E+0	1.5E+0	8.3E-4	1.0E-1	2.8E+0
960	7.8E-4	8.0E+0	2.7E+0	1.5E+0	8.3E-4	1.0E-1	2.8E+0
970	7.8E-4	8.1E+0	2.8E+0	1.6E+0	8.3E-4	1.0E-1	2.8E+0
980	7.8E-4	8.1E+0	2.9E+0	1.6E+0	8.4E-4	1.0E-1	2.8E+0
990	7.9E-4	8.1E+0	3.0E+0	1.6E+0	8.4E-4	1.0E-1	2.8E+0
1000	7.9E-4	8.2E+0	3.0E+0	1.7E+0	8.4E-4	1.0E-1	2.7E+0
1010	7.9E-4	8.2E+0	3.1E+0	1.7E+0	8.5E-4	1.0E-1	2.7E+0
1020	7.9E-4	8.2E+0	3.2E+0	1.8E+0	8.5E-4	1.0E-1	2.7E+0
1030	8.0E-4	8.3E+0	3.3E+0	1.8E+0	8.5E-4	9.9E-2	2.7E+0
1040	8.0E-4	8.3E+0	3.4E+0	1.9E+0	8.6E-4	9.9E-2	2.7E+0
1050	8.0E-4	8.3E+0	3.6E+0	2.0E+0	8.6E-4	9.9E-2	2.7E+0
1060	8.0E-4	8.3E+0	3.7E+0	2.0E+0	8.6E-4	9.9E-2	2.7E+0
1070	8.1E-4	8.4E+0	3.8E+0	2.1E+0	8.6E-4	9.9E-2	2.7E+0
1080	8.1E-4	8.4E+0	3.9E+0	2.1E+0	8.7E-4	9.8E-2	2.7E+0
1090	8.1E-4	8.4E+0	4.0E+0	2.2E+0	8.7E-4	9.8E-2	2.7E+0
1095	8.1E-4	8.4E+0	4.1E+0	2.2E+0	8.7E-4	9.8E-2	2.7E+0
1100	8.1E-4	8.4E+0	4.1E+0	2.3E+0	8.7E-4	9.8E-2	2.7E+0
1200	8.4E-4	8.7E+0	5.7E+0	3.0E+0	9.0E-4	9.6E-2	2.6E+0
1300	8.6E-4	8.9E+0	7.7E+0	3.9E+0	9.2E-4	9.5E-2	2.6E+0
1400	8.7E-4	9.0E+0	1.0E+1	5.1E+0	9.4E-4	9.3E-2	2.5E+0
1500	8.9E-4	9.2E+0	1.4E+1	6.6E+0	9.5E-4	9.2E-2	2.5E+0
1600	9.0E-4	9.3E+0	1.9E+1	8.2E+0	9.7E-4	9.1E-2	2.4E+0
1700	9.1E-4	9.5E+0	2.6E+1	1.0E+1	9.8E-4	8.9E-2	2.4E+0
1800	9.2E-4	9.6E+0	3.6E+1	1.2E+1	1.0E-3	8.8E-2	2.3E+0
1900	9.4E-4	9.7E+0	4.8E+1	1.4E+1	1.0E-3	8.7E-2	2.3E+0
2000	9.5E-4	9.8E+0	6.5E+1	1.6E+1	1.0E-3	8.6E-2	2.3E+0
2100	9.6E-4	9.9E+0	8.7E+1	1.8E+1	1.0E-3	8.5E-2	2.2E+0
2200	9.7E-4	1.0E+1	1.2E+2	1.9E+1	1.0E-3	8.5E-2	2.2E+0
2300	9.8E-4	1.0E+1	1.5E+2	2.0E+1	1.1E-3	8.4E-2	2.2E+0
2400	9.9E-4	1.0E+1	2.0E+2	2.1E+1	1.1E-3	8.3E-2	2.2E+0
2500	1.0E-3	1.0E+1	2.6E+2	2.2E+1	1.1E-3	8.2E-2	2.1E+0
2600	1.0E-3	1.0E+1	3.4E+2	2.2E+1	1.1E-3	8.2E-2	2.1E+0
2700	1.0E-3	1.1E+1	4.3E+2	2.2E+1	1.1E-3	8.1E-2	2.1E+0
2800	1.0E-3	1.1E+1	5.4E+2	2.2E+1	1.1E-3	8.0E-2	2.1E+0
2900	1.0E-3	1.1E+1	6.6E+2	2.2E+1	1.1E-3	8.0E-2	2.1E+0
3000	1.0E-3	1.1E+1	7.8E+2	2.2E+1	1.1E-3	7.9E-2	2.0E+0
3100	1.1E-3	1.1E+1	9.1E+2	2.2E+1	1.1E-3	7.9E-2	2.0E+0
3200	1.1E-3	1.1E+1	1.0E+3	2.2E+1	1.2E-3	7.8E-2	2.0E+0
3300	1.1E-3	1.1E+1	1.2E+3	2.2E+1	1.2E-3	7.8E-2	2.0E+0
3400	1.1E-3	1.1E+1	1.3E+3	2.2E+1	1.2E-3	7.7E-2	2.0E+0
3500	1.1E-3	1.1E+1	1.4E+3	2.1E+1	1.2E-3	7.7E-2	2.0E+0
3600	1.1E-3	1.1E+1	1.5E+3	2.1E+1	1.2E-3	7.7E-2	2.0E+0
3650	1.1E-3	1.2E+1	1.5E+3	2.1E+1	1.2E-3	7.7E-2	2.0E+0
4000	1.2E-3	1.2E+1	1.7E+3	2.0E+1	1.3E-3	7.5E-2	1.9E+0
5000	1.3E-3	1.3E+1	2.0E+3	1.8E+1	1.4E-3	7.3E-2	1.9E+0
6000	1.4E-3	1.5E+1	2.2E+3	1.7E+1	1.5E-3	7.2E-2	1.9E+0
7000	1.5E-3	1.6E+1	2.4E+3	1.6E+1	1.7E-3	7.2E-2	1.9E+0
8000	1.7E-3	1.8E+1	2.7E+3	1.5E+1	1.9E-3	7.3E-2	2.0E+0
9000	1.9E-3	1.9E+1	2.9E+3	1.5E+1	2.1E-3	7.4E-2	2.0E+0
10000	2.1E-3	2.1E+1	3.2E+3	1.4E+1	2.3E-3	7.5E-2	2.1E+0
11000	2.3E-3	2.4E+1	3.6E+3	1.4E+1	2.5E-3	7.7E-2	2.2E+0
12000	2.5E-3	2.6E+1	3.9E+3	1.4E+1	2.8E-3	7.9E-2	2.4E+0
13000	2.8E-3	2.9E+1	4.3E+3	1.3E+1	3.1E-3	8.2E-2	2.5E+0
14000	3.0E-3	3.2E+1	4.8E+3	1.3E+1	3.4E-3	8.5E-2	2.7E+0
15000	3.3E-3	3.5E+1	5.3E+3	1.3E+1	3.8E-3	8.8E-2	2.9E+0
16000	3.7E-3	3.9E+1	5.8E+3	1.3E+1	4.2E-3	9.2E-2	3.1E+0
17000	4.1E-3	4.3E+1	6.4E+3	1.3E+1	4.6E-3	9.6E-2	3.4E+0
18000	4.5E-3	4.7E+1	7.1E+3	1.3E+1	5.1E-3	1.0E-1	3.6E+0
18250	4.6E-3	4.8E+1	7.2E+3	1.3E+1	5.2E-3	1.0E-1	3.7E+0
Radionuclide	U-235
Route of Intake	Inhalation
Material	Aerosols Type S, fA=2E-4
AMTD/AMAD, µm	20

Committed Effective Dose per Predicted Content in an Organ or Excreta Sample (Dose per Content Functions z(t)), Sv/Bq
Time, days	Whole Body	Urine (24-hour sample)	Faeces (24-hour sample)	Alimentary Tract*	Lungs*	Skeleton*	Liver*
0.041667	4.9E-6	-	-	1.3E-5	2.3E-4	3.7E-1	7.2E-1
0.083333	5.0E-6	-	-	1.2E-5	2.6E-4	2.5E-1	8.3E-1
0.125	5.0E-6	-	-	1.1E-5	2.8E-4	2.0E-1	8.1E-1
0.25	5.2E-6	-	-	9.2E-6	3.2E-4	1.2E-1	7.1E-1
0.375	5.4E-6	-	-	8.2E-6	3.4E-4	9.7E-2	6.6E-1
0.5	5.6E-6	-	-	7.7E-6	3.4E-4	8.3E-2	6.3E-1
0.625	5.7E-6	-	-	7.4E-6	3.5E-4	7.5E-2	6.1E-1
0.75	6.0E-6	-	-	7.3E-6	3.5E-4	7.0E-2	6.0E-1
0.875	6.3E-6	-	-	7.4E-6	3.5E-4	6.7E-2	5.9E-1
1	6.6E-6	1.5E-2	4.4E-5	7.6E-6	3.5E-4	6.5E-2	5.9E-1
1.125	7.0E-6	-	-	7.9E-6	3.6E-4	6.3E-2	5.8E-1
1.25	7.5E-6	-	-	8.3E-6	3.6E-4	6.3E-2	5.9E-1
1.375	8.2E-6	-	-	8.9E-6	3.6E-4	6.2E-2	5.9E-1
1.5	8.9E-6	-	-	9.6E-6	3.6E-4	6.2E-2	5.9E-1
1.625	9.7E-6	-	-	1.0E-5	3.6E-4	6.2E-2	5.9E-1
1.75	1.1E-5	-	-	1.2E-5	3.7E-4	6.1E-2	6.0E-1
1.875	1.2E-5	-	-	1.3E-5	3.7E-4	6.2E-2	6.0E-1
2	1.3E-5	9.3E-2	1.4E-5	1.4E-5	3.7E-4	6.2E-2	6.1E-1
2.25	1.7E-5	-	-	1.8E-5	3.7E-4	6.2E-2	6.2E-1
2.5	2.1E-5	-	-	2.3E-5	3.8E-4	6.3E-2	6.3E-1
2.75	2.8E-5	-	-	3.1E-5	3.8E-4	6.3E-2	6.4E-1
3	3.6E-5	3.1E-1	2.1E-5	4.1E-5	3.8E-4	6.4E-2	6.6E-1
3.25	4.8E-5	-	-	5.5E-5	3.9E-4	6.4E-2	6.7E-1
3.5	6.3E-5	-	-	7.6E-5	3.9E-4	6.5E-2	6.8E-1
3.75	8.1E-5	-	-	1.1E-4	3.9E-4	6.6E-2	7.0E-1
4	1.0E-4	4.4E-1	5.6E-5	1.5E-4	3.9E-4	6.6E-2	7.1E-1
4.25	1.3E-4	-	-	2.1E-4	4.0E-4	6.7E-2	7.3E-1
4.5	1.6E-4	-	-	2.9E-4	4.0E-4	6.7E-2	7.4E-1
4.75	2.0E-4	-	-	4.1E-4	4.0E-4	6.8E-2	7.5E-1
5	2.3E-4	5.0E-1	1.9E-4	5.8E-4	4.0E-4	6.9E-2	7.7E-1
5.5	2.9E-4	-	-	1.2E-3	4.1E-4	7.0E-2	8.0E-1
6	3.3E-4	5.5E-1	7.6E-4	2.2E-3	4.1E-4	7.1E-2	8.3E-1
6.5	3.5E-4	-	-	4.0E-3	4.2E-4	7.2E-2	8.6E-1
7	3.7E-4	5.9E-1	3.0E-3	6.4E-3	4.2E-4	7.3E-2	8.9E-1
7.5	3.8E-4	-	-	9.1E-3	4.2E-4	7.4E-2	9.2E-1
8	3.9E-4	6.4E-1	9.2E-3	1.2E-2	4.3E-4	7.5E-2	9.6E-1
8.5	3.9E-4	-	-	1.4E-2	4.3E-4	7.6E-2	9.9E-1
9	3.9E-4	7.0E-1	1.8E-2	1.6E-2	4.3E-4	7.7E-2	1.0E+0
9.5	4.0E-4	-	-	1.8E-2	4.4E-4	7.8E-2	1.1E+0
10	4.0E-4	7.5E-1	2.6E-2	1.9E-2	4.4E-4	7.9E-2	1.1E+0
11	4.1E-4	8.0E-1	3.2E-2	2.3E-2	4.4E-4	8.1E-2	1.2E+0
12	4.1E-4	8.6E-1	3.9E-2	2.7E-2	4.5E-4	8.2E-2	1.3E+0
13	4.1E-4	9.2E-1	4.6E-2	3.2E-2	4.5E-4	8.4E-2	1.3E+0
14	4.2E-4	9.8E-1	5.4E-2	3.7E-2	4.5E-4	8.5E-2	1.4E+0
15	4.2E-4	1.0E+0	6.2E-2	4.3E-2	4.6E-4	8.6E-2	1.5E+0
16	4.2E-4	1.1E+0	7.2E-2	4.9E-2	4.6E-4	8.7E-2	1.6E+0
17	4.3E-4	1.2E+0	8.2E-2	5.5E-2	4.6E-4	8.9E-2	1.7E+0
18	4.3E-4	1.2E+0	9.4E-2	6.2E-2	4.6E-4	8.9E-2	1.8E+0
19	4.3E-4	1.3E+0	1.1E-1	6.9E-2	4.6E-4	9.0E-2	1.9E+0
20	4.3E-4	1.4E+0	1.2E-1	7.6E-2	4.7E-4	9.1E-2	2.0E+0
21	4.3E-4	1.5E+0	1.3E-1	8.2E-2	4.7E-4	9.2E-2	2.1E+0
22	4.3E-4	1.5E+0	1.4E-1	8.9E-2	4.7E-4	9.3E-2	2.2E+0
23	4.4E-4	1.6E+0	1.5E-1	9.5E-2	4.7E-4	9.4E-2	2.3E+0
24	4.4E-4	1.7E+0	1.6E-1	1.0E-1	4.7E-4	9.4E-2	2.4E+0
25	4.4E-4	1.7E+0	1.7E-1	1.1E-1	4.7E-4	9.5E-2	2.5E+0
26	4.4E-4	1.8E+0	1.8E-1	1.1E-1	4.7E-4	9.5E-2	2.6E+0
27	4.4E-4	1.9E+0	1.9E-1	1.2E-1	4.7E-4	9.6E-2	2.7E+0
28	4.4E-4	1.9E+0	2.0E-1	1.2E-1	4.8E-4	9.7E-2	2.8E+0
29	4.4E-4	2.0E+0	2.1E-1	1.2E-1	4.8E-4	9.7E-2	2.9E+0
30	4.4E-4	2.1E+0	2.1E-1	1.3E-1	4.8E-4	9.8E-2	3.0E+0
31	4.4E-4	2.1E+0	2.2E-1	1.3E-1	4.8E-4	9.8E-2	3.1E+0
32	4.5E-4	2.2E+0	2.2E-1	1.3E-1	4.8E-4	9.9E-2	3.2E+0
33	4.5E-4	2.3E+0	2.3E-1	1.3E-1	4.8E-4	9.9E-2	3.2E+0
34	4.5E-4	2.3E+0	2.3E-1	1.4E-1	4.8E-4	1.0E-1	3.3E+0
35	4.5E-4	2.4E+0	2.4E-1	1.4E-1	4.8E-4	1.0E-1	3.4E+0
36	4.5E-4	2.4E+0	2.4E-1	1.4E-1	4.8E-4	1.0E-1	3.5E+0
37	4.5E-4	2.5E+0	2.4E-1	1.4E-1	4.9E-4	1.0E-1	3.5E+0
38	4.5E-4	2.6E+0	2.4E-1	1.4E-1	4.9E-4	1.0E-1	3.6E+0
39	4.5E-4	2.6E+0	2.5E-1	1.4E-1	4.9E-4	1.0E-1	3.7E+0
40	4.5E-4	2.7E+0	2.5E-1	1.4E-1	4.9E-4	1.0E-1	3.7E+0
41	4.5E-4	2.7E+0	2.5E-1	1.4E-1	4.9E-4	1.0E-1	3.8E+0
42	4.5E-4	2.8E+0	2.5E-1	1.5E-1	4.9E-4	1.0E-1	3.8E+0
43	4.6E-4	2.8E+0	2.5E-1	1.5E-1	4.9E-4	1.0E-1	3.9E+0
44	4.6E-4	2.9E+0	2.5E-1	1.5E-1	4.9E-4	1.0E-1	3.9E+0
45	4.6E-4	2.9E+0	2.5E-1	1.5E-1	4.9E-4	1.0E-1	4.0E+0
46	4.6E-4	3.0E+0	2.6E-1	1.5E-1	4.9E-4	1.0E-1	4.0E+0
47	4.6E-4	3.0E+0	2.6E-1	1.5E-1	5.0E-4	1.0E-1	4.1E+0
48	4.6E-4	3.0E+0	2.6E-1	1.5E-1	5.0E-4	1.1E-1	4.1E+0
49	4.6E-4	3.1E+0	2.6E-1	1.5E-1	5.0E-4	1.1E-1	4.1E+0
50	4.6E-4	3.1E+0	2.6E-1	1.5E-1	5.0E-4	1.1E-1	4.2E+0
51	4.6E-4	3.2E+0	2.6E-1	1.5E-1	5.0E-4	1.1E-1	4.2E+0
52	4.6E-4	3.2E+0	2.6E-1	1.5E-1	5.0E-4	1.1E-1	4.2E+0
53	4.6E-4	3.2E+0	2.6E-1	1.5E-1	5.0E-4	1.1E-1	4.2E+0
54	4.7E-4	3.3E+0	2.6E-1	1.5E-1	5.0E-4	1.1E-1	4.3E+0
55	4.7E-4	3.3E+0	2.6E-1	1.5E-1	5.0E-4	1.1E-1	4.3E+0
56	4.7E-4	3.3E+0	2.6E-1	1.5E-1	5.0E-4	1.1E-1	4.3E+0
57	4.7E-4	3.4E+0	2.7E-1	1.5E-1	5.1E-4	1.1E-1	4.3E+0
58	4.7E-4	3.4E+0	2.7E-1	1.5E-1	5.1E-4	1.1E-1	4.3E+0
59	4.7E-4	3.4E+0	2.7E-1	1.6E-1	5.1E-4	1.1E-1	4.3E+0
60	4.7E-4	3.5E+0	2.7E-1	1.6E-1	5.1E-4	1.1E-1	4.4E+0
61	4.7E-4	3.5E+0	2.7E-1	1.6E-1	5.1E-4	1.1E-1	4.4E+0
62	4.7E-4	3.5E+0	2.7E-1	1.6E-1	5.1E-4	1.1E-1	4.4E+0
63	4.7E-4	3.6E+0	2.7E-1	1.6E-1	5.1E-4	1.1E-1	4.4E+0
64	4.7E-4	3.6E+0	2.7E-1	1.6E-1	5.1E-4	1.1E-1	4.4E+0
65	4.8E-4	3.6E+0	2.7E-1	1.6E-1	5.1E-4	1.1E-1	4.4E+0
66	4.8E-4	3.7E+0	2.7E-1	1.6E-1	5.1E-4	1.1E-1	4.4E+0
67	4.8E-4	3.7E+0	2.7E-1	1.6E-1	5.2E-4	1.1E-1	4.4E+0
68	4.8E-4	3.7E+0	2.7E-1	1.6E-1	5.2E-4	1.1E-1	4.4E+0
69	4.8E-4	3.7E+0	2.8E-1	1.6E-1	5.2E-4	1.1E-1	4.4E+0
70	4.8E-4	3.8E+0	2.8E-1	1.6E-1	5.2E-4	1.1E-1	4.4E+0
71	4.8E-4	3.8E+0	2.8E-1	1.6E-1	5.2E-4	1.1E-1	4.4E+0
72	4.8E-4	3.8E+0	2.8E-1	1.6E-1	5.2E-4	1.1E-1	4.4E+0
73	4.8E-4	3.8E+0	2.8E-1	1.6E-1	5.2E-4	1.1E-1	4.5E+0
74	4.8E-4	3.9E+0	2.8E-1	1.6E-1	5.2E-4	1.1E-1	4.5E+0
75	4.8E-4	3.9E+0	2.8E-1	1.6E-1	5.2E-4	1.1E-1	4.5E+0
76	4.8E-4	3.9E+0	2.8E-1	1.6E-1	5.2E-4	1.1E-1	4.5E+0
77	4.9E-4	3.9E+0	2.8E-1	1.6E-1	5.3E-4	1.1E-1	4.5E+0
78	4.9E-4	4.0E+0	2.8E-1	1.6E-1	5.3E-4	1.2E-1	4.5E+0
79	4.9E-4	4.0E+0	2.8E-1	1.7E-1	5.3E-4	1.2E-1	4.5E+0
80	4.9E-4	4.0E+0	2.9E-1	1.7E-1	5.3E-4	1.2E-1	4.5E+0
81	4.9E-4	4.0E+0	2.9E-1	1.7E-1	5.3E-4	1.2E-1	4.5E+0
82	4.9E-4	4.1E+0	2.9E-1	1.7E-1	5.3E-4	1.2E-1	4.5E+0
83	4.9E-4	4.1E+0	2.9E-1	1.7E-1	5.3E-4	1.2E-1	4.5E+0
84	4.9E-4	4.1E+0	2.9E-1	1.7E-1	5.3E-4	1.2E-1	4.5E+0
85	4.9E-4	4.1E+0	2.9E-1	1.7E-1	5.3E-4	1.2E-1	4.5E+0
86	4.9E-4	4.1E+0	2.9E-1	1.7E-1	5.3E-4	1.2E-1	4.5E+0
87	4.9E-4	4.2E+0	2.9E-1	1.7E-1	5.4E-4	1.2E-1	4.5E+0
88	5.0E-4	4.2E+0	2.9E-1	1.7E-1	5.4E-4	1.2E-1	4.5E+0
89	5.0E-4	4.2E+0	2.9E-1	1.7E-1	5.4E-4	1.2E-1	4.5E+0
90	5.0E-4	4.2E+0	2.9E-1	1.7E-1	5.4E-4	1.2E-1	4.5E+0
91	5.0E-4	4.2E+0	3.0E-1	1.7E-1	5.4E-4	1.2E-1	4.5E+0
92	5.0E-4	4.3E+0	3.0E-1	1.7E-1	5.4E-4	1.2E-1	4.5E+0
93	5.0E-4	4.3E+0	3.0E-1	1.7E-1	5.4E-4	1.2E-1	4.5E+0
94	5.0E-4	4.3E+0	3.0E-1	1.7E-1	5.4E-4	1.2E-1	4.5E+0
95	5.0E-4	4.3E+0	3.0E-1	1.7E-1	5.4E-4	1.2E-1	4.5E+0
96	5.0E-4	4.3E+0	3.0E-1	1.7E-1	5.5E-4	1.2E-1	4.5E+0
97	5.0E-4	4.4E+0	3.0E-1	1.8E-1	5.5E-4	1.2E-1	4.5E+0
98	5.0E-4	4.4E+0	3.0E-1	1.8E-1	5.5E-4	1.2E-1	4.5E+0
99	5.1E-4	4.4E+0	3.0E-1	1.8E-1	5.5E-4	1.2E-1	4.5E+0
100	5.1E-4	4.4E+0	3.0E-1	1.8E-1	5.5E-4	1.2E-1	4.5E+0
110	5.2E-4	4.6E+0	3.1E-1	1.8E-1	5.6E-4	1.2E-1	4.5E+0
120	5.2E-4	4.8E+0	3.2E-1	1.9E-1	5.7E-4	1.3E-1	4.4E+0
130	5.3E-4	4.9E+0	3.3E-1	1.9E-1	5.8E-4	1.3E-1	4.4E+0
140	5.4E-4	5.1E+0	3.4E-1	2.0E-1	5.9E-4	1.3E-1	4.4E+0
150	5.5E-4	5.2E+0	3.5E-1	2.1E-1	6.0E-4	1.3E-1	4.4E+0
160	5.6E-4	5.4E+0	3.7E-1	2.1E-1	6.1E-4	1.3E-1	4.4E+0
170	5.7E-4	5.5E+0	3.8E-1	2.2E-1	6.2E-4	1.3E-1	4.3E+0
180	5.8E-4	5.6E+0	3.9E-1	2.3E-1	6.4E-4	1.3E-1	4.3E+0
190	5.9E-4	5.8E+0	4.0E-1	2.3E-1	6.5E-4	1.4E-1	4.3E+0
200	6.0E-4	5.9E+0	4.1E-1	2.4E-1	6.6E-4	1.4E-1	4.3E+0
210	6.1E-4	6.0E+0	4.3E-1	2.5E-1	6.7E-4	1.4E-1	4.2E+0
220	6.2E-4	6.1E+0	4.4E-1	2.6E-1	6.8E-4	1.4E-1	4.2E+0
230	6.3E-4	6.2E+0	4.5E-1	2.6E-1	6.9E-4	1.4E-1	4.2E+0
240	6.3E-4	6.4E+0	4.7E-1	2.7E-1	7.0E-4	1.4E-1	4.2E+0
250	6.4E-4	6.5E+0	4.8E-1	2.8E-1	7.1E-4	1.4E-1	4.2E+0
260	6.5E-4	6.6E+0	5.0E-1	2.9E-1	7.2E-4	1.4E-1	4.1E+0
270	6.6E-4	6.7E+0	5.1E-1	3.0E-1	7.3E-4	1.4E-1	4.1E+0
280	6.7E-4	6.8E+0	5.3E-1	3.1E-1	7.5E-4	1.4E-1	4.1E+0
290	6.8E-4	6.9E+0	5.5E-1	3.2E-1	7.6E-4	1.4E-1	4.1E+0
300	6.9E-4	7.0E+0	5.6E-1	3.3E-1	7.7E-4	1.4E-1	4.1E+0
310	7.0E-4	7.1E+0	5.8E-1	3.4E-1	7.8E-4	1.4E-1	4.0E+0
320	7.1E-4	7.2E+0	6.0E-1	3.5E-1	7.9E-4	1.4E-1	4.0E+0
330	7.2E-4	7.3E+0	6.2E-1	3.6E-1	8.0E-4	1.4E-1	4.0E+0
340	7.3E-4	7.4E+0	6.4E-1	3.7E-1	8.1E-4	1.4E-1	4.0E+0
350	7.3E-4	7.5E+0	6.6E-1	3.8E-1	8.2E-4	1.4E-1	4.0E+0
360	7.4E-4	7.6E+0	6.8E-1	3.9E-1	8.3E-4	1.4E-1	3.9E+0
365	7.5E-4	7.7E+0	6.9E-1	4.0E-1	8.4E-4	1.4E-1	3.9E+0
370	7.5E-4	7.7E+0	7.0E-1	4.1E-1	8.5E-4	1.4E-1	3.9E+0
380	7.6E-4	7.8E+0	7.2E-1	4.2E-1	8.6E-4	1.4E-1	3.9E+0
390	7.7E-4	7.9E+0	7.5E-1	4.3E-1	8.7E-4	1.4E-1	3.9E+0
400	7.8E-4	8.0E+0	7.7E-1	4.5E-1	8.8E-4	1.3E-1	3.9E+0
410	7.9E-4	8.1E+0	7.9E-1	4.6E-1	8.9E-4	1.3E-1	3.9E+0
420	8.0E-4	8.2E+0	8.2E-1	4.7E-1	9.0E-4	1.3E-1	3.9E+0
430	8.0E-4	8.3E+0	8.4E-1	4.9E-1	9.1E-4	1.3E-1	3.8E+0
440	8.1E-4	8.3E+0	8.7E-1	5.0E-1	9.2E-4	1.3E-1	3.8E+0
450	8.2E-4	8.4E+0	9.0E-1	5.2E-1	9.3E-4	1.3E-1	3.8E+0
460	8.3E-4	8.5E+0	9.3E-1	5.4E-1	9.4E-4	1.3E-1	3.8E+0
470	8.4E-4	8.6E+0	9.6E-1	5.5E-1	9.5E-4	1.3E-1	3.8E+0
480	8.5E-4	8.7E+0	9.9E-1	5.7E-1	9.6E-4	1.3E-1	3.8E+0
490	8.5E-4	8.8E+0	1.0E+0	5.9E-1	9.7E-4	1.3E-1	3.8E+0
500	8.6E-4	8.9E+0	1.0E+0	6.1E-1	9.8E-4	1.3E-1	3.7E+0
510	8.7E-4	9.0E+0	1.1E+0	6.2E-1	9.9E-4	1.3E-1	3.7E+0
520	8.8E-4	9.0E+0	1.1E+0	6.4E-1	1.0E-3	1.3E-1	3.7E+0
530	8.8E-4	9.1E+0	1.2E+0	6.6E-1	1.0E-3	1.3E-1	3.7E+0
540	8.9E-4	9.2E+0	1.2E+0	6.8E-1	1.0E-3	1.3E-1	3.7E+0
550	9.0E-4	9.3E+0	1.2E+0	7.1E-1	1.0E-3	1.3E-1	3.7E+0
560	9.1E-4	9.4E+0	1.3E+0	7.3E-1	1.0E-3	1.3E-1	3.7E+0
570	9.1E-4	9.4E+0	1.3E+0	7.5E-1	1.1E-3	1.3E-1	3.7E+0
580	9.2E-4	9.5E+0	1.3E+0	7.7E-1	1.1E-3	1.3E-1	3.7E+0
590	9.3E-4	9.6E+0	1.4E+0	8.0E-1	1.1E-3	1.3E-1	3.6E+0
600	9.4E-4	9.7E+0	1.4E+0	8.2E-1	1.1E-3	1.3E-1	3.6E+0
610	9.4E-4	9.7E+0	1.5E+0	8.5E-1	1.1E-3	1.3E-1	3.6E+0
620	9.5E-4	9.8E+0	1.5E+0	8.7E-1	1.1E-3	1.3E-1	3.6E+0
630	9.6E-4	9.9E+0	1.6E+0	9.0E-1	1.1E-3	1.3E-1	3.6E+0
640	9.6E-4	9.9E+0	1.6E+0	9.3E-1	1.1E-3	1.3E-1	3.6E+0
650	9.7E-4	1.0E+1	1.7E+0	9.6E-1	1.1E-3	1.3E-1	3.6E+0
660	9.8E-4	1.0E+1	1.7E+0	9.9E-1	1.1E-3	1.3E-1	3.6E+0
670	9.8E-4	1.0E+1	1.8E+0	1.0E+0	1.1E-3	1.3E-1	3.6E+0
680	9.9E-4	1.0E+1	1.8E+0	1.0E+0	1.2E-3	1.3E-1	3.5E+0
690	1.0E-3	1.0E+1	1.9E+0	1.1E+0	1.2E-3	1.3E-1	3.5E+0
700	1.0E-3	1.0E+1	1.9E+0	1.1E+0	1.2E-3	1.3E-1	3.5E+0
710	1.0E-3	1.0E+1	2.0E+0	1.1E+0	1.2E-3	1.3E-1	3.5E+0
720	1.0E-3	1.0E+1	2.1E+0	1.2E+0	1.2E-3	1.3E-1	3.5E+0
730	1.0E-3	1.1E+1	2.1E+0	1.2E+0	1.2E-3	1.3E-1	3.5E+0
740	1.0E-3	1.1E+1	2.2E+0	1.3E+0	1.2E-3	1.3E-1	3.5E+0
750	1.0E-3	1.1E+1	2.3E+0	1.3E+0	1.2E-3	1.3E-1	3.5E+0
760	1.0E-3	1.1E+1	2.3E+0	1.3E+0	1.2E-3	1.3E-1	3.5E+0
770	1.0E-3	1.1E+1	2.4E+0	1.4E+0	1.2E-3	1.3E-1	3.5E+0
780	1.0E-3	1.1E+1	2.5E+0	1.4E+0	1.2E-3	1.3E-1	3.5E+0
790	1.1E-3	1.1E+1	2.6E+0	1.5E+0	1.2E-3	1.2E-1	3.5E+0
800	1.1E-3	1.1E+1	2.7E+0	1.5E+0	1.2E-3	1.2E-1	3.4E+0
810	1.1E-3	1.1E+1	2.7E+0	1.5E+0	1.2E-3	1.2E-1	3.4E+0
820	1.1E-3	1.1E+1	2.8E+0	1.6E+0	1.3E-3	1.2E-1	3.4E+0
830	1.1E-3	1.1E+1	2.9E+0	1.6E+0	1.3E-3	1.2E-1	3.4E+0
840	1.1E-3	1.1E+1	3.0E+0	1.7E+0	1.3E-3	1.2E-1	3.4E+0
850	1.1E-3	1.1E+1	3.1E+0	1.7E+0	1.3E-3	1.2E-1	3.4E+0
860	1.1E-3	1.1E+1	3.2E+0	1.8E+0	1.3E-3	1.2E-1	3.4E+0
870	1.1E-3	1.1E+1	3.3E+0	1.8E+0	1.3E-3	1.2E-1	3.4E+0
880	1.1E-3	1.1E+1	3.4E+0	1.9E+0	1.3E-3	1.2E-1	3.4E+0
890	1.1E-3	1.1E+1	3.5E+0	2.0E+0	1.3E-3	1.2E-1	3.4E+0
900	1.1E-3	1.1E+1	3.6E+0	2.0E+0	1.3E-3	1.2E-1	3.4E+0
910	1.1E-3	1.1E+1	3.7E+0	2.1E+0	1.3E-3	1.2E-1	3.4E+0
920	1.1E-3	1.2E+1	3.9E+0	2.1E+0	1.3E-3	1.2E-1	3.4E+0
930	1.1E-3	1.2E+1	4.0E+0	2.2E+0	1.3E-3	1.2E-1	3.3E+0
940	1.1E-3	1.2E+1	4.1E+0	2.3E+0	1.3E-3	1.2E-1	3.3E+0
950	1.1E-3	1.2E+1	4.2E+0	2.3E+0	1.3E-3	1.2E-1	3.3E+0
960	1.1E-3	1.2E+1	4.4E+0	2.4E+0	1.3E-3	1.2E-1	3.3E+0
970	1.1E-3	1.2E+1	4.5E+0	2.5E+0	1.3E-3	1.2E-1	3.3E+0
980	1.1E-3	1.2E+1	4.6E+0	2.6E+0	1.4E-3	1.2E-1	3.3E+0
990	1.1E-3	1.2E+1	4.8E+0	2.6E+0	1.4E-3	1.2E-1	3.3E+0
1000	1.1E-3	1.2E+1	4.9E+0	2.7E+0	1.4E-3	1.2E-1	3.3E+0
1010	1.2E-3	1.2E+1	5.1E+0	2.8E+0	1.4E-3	1.2E-1	3.3E+0
1020	1.2E-3	1.2E+1	5.2E+0	2.9E+0	1.4E-3	1.2E-1	3.3E+0
1030	1.2E-3	1.2E+1	5.4E+0	2.9E+0	1.4E-3	1.2E-1	3.3E+0
1040	1.2E-3	1.2E+1	5.6E+0	3.0E+0	1.4E-3	1.2E-1	3.3E+0
1050	1.2E-3	1.2E+1	5.8E+0	3.1E+0	1.4E-3	1.2E-1	3.3E+0
1060	1.2E-3	1.2E+1	5.9E+0	3.2E+0	1.4E-3	1.2E-1	3.3E+0
1070	1.2E-3	1.2E+1	6.1E+0	3.3E+0	1.4E-3	1.2E-1	3.3E+0
1080	1.2E-3	1.2E+1	6.3E+0	3.4E+0	1.4E-3	1.2E-1	3.3E+0
1090	1.2E-3	1.2E+1	6.5E+0	3.5E+0	1.4E-3	1.2E-1	3.2E+0
1095	1.2E-3	1.2E+1	6.6E+0	3.5E+0	1.4E-3	1.2E-1	3.2E+0
1100	1.2E-3	1.2E+1	6.7E+0	3.6E+0	1.4E-3	1.2E-1	3.2E+0
1200	1.2E-3	1.3E+1	9.1E+0	4.7E+0	1.4E-3	1.2E-1	3.2E+0
1300	1.2E-3	1.3E+1	1.2E+1	6.2E+0	1.5E-3	1.2E-1	3.1E+0
1400	1.3E-3	1.3E+1	1.7E+1	7.9E+0	1.5E-3	1.2E-1	3.1E+0
1500	1.3E-3	1.3E+1	2.3E+1	1.0E+1	1.5E-3	1.1E-1	3.0E+0
1600	1.3E-3	1.3E+1	3.1E+1	1.2E+1	1.6E-3	1.1E-1	3.0E+0
1700	1.3E-3	1.4E+1	4.2E+1	1.5E+1	1.6E-3	1.1E-1	3.0E+0
1800	1.3E-3	1.4E+1	5.7E+1	1.8E+1	1.6E-3	1.1E-1	2.9E+0
1900	1.4E-3	1.4E+1	7.8E+1	2.0E+1	1.6E-3	1.1E-1	2.9E+0
2000	1.4E-3	1.4E+1	1.0E+2	2.2E+1	1.6E-3	1.1E-1	2.9E+0
2100	1.4E-3	1.4E+1	1.4E+2	2.4E+1	1.7E-3	1.1E-1	2.9E+0
2200	1.4E-3	1.4E+1	1.9E+2	2.6E+1	1.7E-3	1.1E-1	2.8E+0
2300	1.4E-3	1.5E+1	2.5E+2	2.7E+1	1.7E-3	1.1E-1	2.8E+0
2400	1.4E-3	1.5E+1	3.2E+2	2.8E+1	1.7E-3	1.1E-1	2.8E+0
2500	1.4E-3	1.5E+1	4.2E+2	2.9E+1	1.7E-3	1.1E-1	2.8E+0
2600	1.5E-3	1.5E+1	5.4E+2	2.9E+1	1.8E-3	1.1E-1	2.7E+0
2700	1.5E-3	1.5E+1	6.8E+2	2.9E+1	1.8E-3	1.1E-1	2.7E+0
2800	1.5E-3	1.5E+1	8.4E+2	2.9E+1	1.8E-3	1.1E-1	2.7E+0
2900	1.5E-3	1.5E+1	1.0E+3	2.9E+1	1.8E-3	1.0E-1	2.7E+0
3000	1.5E-3	1.6E+1	1.2E+3	2.9E+1	1.8E-3	1.0E-1	2.7E+0
3100	1.5E-3	1.6E+1	1.4E+3	2.9E+1	1.8E-3	1.0E-1	2.7E+0
3200	1.5E-3	1.6E+1	1.6E+3	2.9E+1	1.9E-3	1.0E-1	2.6E+0
3300	1.6E-3	1.6E+1	1.7E+3	2.9E+1	1.9E-3	1.0E-1	2.6E+0
3400	1.6E-3	1.6E+1	1.9E+3	2.8E+1	1.9E-3	1.0E-1	2.6E+0
3500	1.6E-3	1.6E+1	2.0E+3	2.8E+1	1.9E-3	1.0E-1	2.6E+0
3600	1.6E-3	1.7E+1	2.2E+3	2.8E+1	1.9E-3	1.0E-1	2.6E+0
3650	1.6E-3	1.7E+1	2.2E+3	2.8E+1	2.0E-3	1.0E-1	2.6E+0
4000	1.7E-3	1.7E+1	2.5E+3	2.7E+1	2.0E-3	1.0E-1	2.6E+0
5000	1.8E-3	1.9E+1	2.9E+3	2.5E+1	2.2E-3	9.9E-2	2.5E+0
6000	2.0E-3	2.1E+1	3.2E+3	2.3E+1	2.5E-3	9.9E-2	2.6E+0
7000	2.2E-3	2.3E+1	3.5E+3	2.2E+1	2.7E-3	9.9E-2	2.6E+0
8000	2.5E-3	2.5E+1	3.8E+3	2.1E+1	3.0E-3	1.0E-1	2.7E+0
9000	2.7E-3	2.8E+1	4.2E+3	2.0E+1	3.3E-3	1.0E-1	2.8E+0
10000	3.0E-3	3.1E+1	4.7E+3	1.9E+1	3.7E-3	1.0E-1	3.0E+0
11000	3.3E-3	3.4E+1	5.1E+3	1.9E+1	4.1E-3	1.1E-1	3.2E+0
12000	3.6E-3	3.8E+1	5.7E+3	1.8E+1	4.5E-3	1.1E-1	3.4E+0
13000	4.0E-3	4.2E+1	6.3E+3	1.8E+1	5.0E-3	1.1E-1	3.6E+0
14000	4.4E-3	4.6E+1	6.9E+3	1.8E+1	5.5E-3	1.2E-1	3.8E+0
15000	4.8E-3	5.1E+1	7.6E+3	1.8E+1	6.1E-3	1.2E-1	4.1E+0
16000	5.3E-3	5.6E+1	8.4E+3	1.8E+1	6.7E-3	1.3E-1	4.5E+0
17000	5.9E-3	6.1E+1	9.3E+3	1.8E+1	7.4E-3	1.3E-1	4.8E+0
18000	6.4E-3	6.8E+1	1.0E+4	1.8E+1	8.2E-3	1.4E-1	5.2E+0
18250	6.6E-3	6.9E+1	1.0E+4	1.8E+1	8.4E-3	1.4E-1	5.3E+0
Radionuclide	U-235
Route of Intake	Inhalation
Material	Aerosols Intermediate Type F/M: Uranyl nitrate, uranium peroxide hydrate, ammonium diuranate, uranium trioxide, fA=1.6E-2
AMTD/AMAD, µm	0.001

Committed Effective Dose per Predicted Content in an Organ or Excreta Sample (Dose per Content Functions z(t)), Sv/Bq
Time, days	Whole Body	Urine (24-hour sample)	Faeces (24-hour sample)	Alimentary Tract*	Lungs*	Skeleton*	Liver*
0.041667	1.3E-6	-	-	3.8E-6	8.2E-6	1.7E-3	2.7E-3
0.083333	1.3E-6	-	-	3.3E-6	9.7E-6	8.8E-4	2.3E-3
0.125	1.3E-6	-	-	3.0E-6	1.1E-5	6.0E-4	2.0E-3
0.25	1.3E-6	-	-	2.5E-6	1.4E-5	3.2E-4	1.7E-3
0.375	1.4E-6	-	-	2.3E-6	1.7E-5	2.3E-4	1.4E-3
0.5	1.4E-6	-	-	2.1E-6	1.9E-5	1.9E-4	1.3E-3
0.625	1.5E-6	-	-	2.1E-6	2.1E-5	1.6E-4	1.2E-3
0.75	1.6E-6	-	-	2.0E-6	2.4E-5	1.4E-4	1.2E-3
0.875	1.6E-6	-	-	2.1E-6	2.6E-5	1.3E-4	1.1E-3
1	1.7E-6	3.0E-5	1.2E-5	2.1E-6	2.9E-5	1.2E-4	1.1E-3
1.125	1.8E-6	-	-	2.2E-6	3.2E-5	1.2E-4	1.0E-3
1.25	2.0E-6	-	-	2.3E-6	3.5E-5	1.1E-4	1.0E-3
1.375	2.1E-6	-	-	2.5E-6	3.9E-5	1.1E-4	1.0E-3
1.5	2.3E-6	-	-	2.7E-6	4.2E-5	1.1E-4	9.9E-4
1.625	2.5E-6	-	-	3.0E-6	4.6E-5	1.1E-4	9.9E-4
1.75	2.7E-6	-	-	3.2E-6	4.9E-5	1.0E-4	9.8E-4
1.875	3.0E-6	-	-	3.6E-6	5.3E-5	1.0E-4	9.8E-4
2	3.4E-6	8.3E-5	3.9E-6	4.0E-6	5.7E-5	1.0E-4	9.8E-4
2.25	4.1E-6	-	-	5.1E-6	6.5E-5	1.0E-4	9.8E-4
2.5	5.2E-6	-	-	6.5E-6	7.3E-5	1.0E-4	9.9E-4
2.75	6.4E-6	-	-	8.5E-6	8.1E-5	1.0E-4	1.0E-3
3	8.0E-6	2.2E-4	6.0E-6	1.1E-5	8.9E-5	1.0E-4	1.0E-3
3.25	1.0E-5	-	-	1.5E-5	9.8E-5	1.0E-4	1.0E-3
3.5	1.2E-5	-	-	2.0E-5	1.1E-4	1.0E-4	1.0E-3
3.75	1.5E-5	-	-	2.8E-5	1.1E-4	1.0E-4	1.1E-3
4	1.7E-5	4.4E-4	1.6E-5	3.8E-5	1.2E-4	1.0E-4	1.1E-3
4.25	2.0E-5	-	-	5.1E-5	1.3E-4	1.0E-4	1.1E-3
4.5	2.3E-5	-	-	6.9E-5	1.4E-4	1.0E-4	1.1E-3
4.75	2.5E-5	-	-	9.2E-5	1.5E-4	1.0E-4	1.1E-3
5	2.7E-5	6.5E-4	5.1E-5	1.2E-4	1.5E-4	1.1E-4	1.2E-3
5.5	3.1E-5	-	-	2.0E-4	1.7E-4	1.1E-4	1.2E-3
6	3.4E-5	8.1E-4	1.7E-4	3.0E-4	1.9E-4	1.1E-4	1.3E-3
6.5	3.6E-5	-	-	4.0E-4	2.1E-4	1.1E-4	1.3E-3
7	3.8E-5	9.3E-4	4.6E-4	5.1E-4	2.3E-4	1.1E-4	1.4E-3
7.5	4.0E-5	-	-	6.0E-4	2.5E-4	1.1E-4	1.4E-3
8	4.1E-5	1.0E-3	8.5E-4	6.9E-4	2.7E-4	1.2E-4	1.5E-3
8.5	4.3E-5	-	-	7.7E-4	3.0E-4	1.2E-4	1.5E-3
9	4.4E-5	1.1E-3	1.2E-3	8.6E-4	3.3E-4	1.2E-4	1.6E-3
9.5	4.6E-5	-	-	9.5E-4	3.5E-4	1.2E-4	1.6E-3
10	4.8E-5	1.3E-3	1.6E-3	1.1E-3	3.8E-4	1.2E-4	1.7E-3
11	5.1E-5	1.4E-3	1.9E-3	1.3E-3	4.5E-4	1.3E-4	1.8E-3
12	5.3E-5	1.5E-3	2.4E-3	1.5E-3	5.2E-4	1.3E-4	2.0E-3
13	5.6E-5	1.6E-3	3.0E-3	1.8E-3	6.0E-4	1.3E-4	2.1E-3
14	5.9E-5	1.8E-3	3.6E-3	2.2E-3	6.9E-4	1.3E-4	2.2E-3
15	6.2E-5	1.9E-3	4.5E-3	2.6E-3	7.8E-4	1.4E-4	2.4E-3
16	6.5E-5	2.1E-3	5.5E-3	3.1E-3	8.8E-4	1.4E-4	2.5E-3
17	6.7E-5	2.2E-3	6.8E-3	3.6E-3	9.7E-4	1.4E-4	2.7E-3
18	7.0E-5	2.4E-3	8.3E-3	4.2E-3	1.1E-3	1.4E-4	2.9E-3
19	7.2E-5	2.6E-3	1.0E-2	4.9E-3	1.2E-3	1.4E-4	3.1E-3
20	7.4E-5	2.8E-3	1.3E-2	5.7E-3	1.3E-3	1.5E-4	3.2E-3
21	7.7E-5	2.9E-3	1.5E-2	6.4E-3	1.3E-3	1.5E-4	3.4E-3
22	7.9E-5	3.2E-3	1.9E-2	7.3E-3	1.4E-3	1.5E-4	3.6E-3
23	8.1E-5	3.4E-3	2.3E-2	8.2E-3	1.5E-3	1.5E-4	3.8E-3
24	8.3E-5	3.6E-3	2.8E-2	9.1E-3	1.6E-3	1.5E-4	4.0E-3
25	8.5E-5	3.8E-3	3.4E-2	1.0E-2	1.7E-3	1.5E-4	4.2E-3
26	8.7E-5	4.1E-3	4.2E-2	1.1E-2	1.7E-3	1.6E-4	4.4E-3
27	8.9E-5	4.3E-3	5.1E-2	1.2E-2	1.8E-3	1.6E-4	4.6E-3
28	9.1E-5	4.6E-3	6.2E-2	1.3E-2	1.8E-3	1.6E-4	4.8E-3
29	9.3E-5	4.8E-3	7.4E-2	1.4E-2	1.9E-3	1.6E-4	5.0E-3
30	9.5E-5	5.1E-3	8.9E-2	1.5E-2	1.9E-3	1.6E-4	5.2E-3
31	9.7E-5	5.4E-3	1.1E-1	1.6E-2	2.0E-3	1.6E-4	5.4E-3
32	9.9E-5	5.7E-3	1.3E-1	1.6E-2	2.0E-3	1.6E-4	5.6E-3
33	1.0E-4	5.9E-3	1.5E-1	1.7E-2	2.1E-3	1.6E-4	5.7E-3
34	1.0E-4	6.2E-3	1.8E-1	1.8E-2	2.1E-3	1.6E-4	5.9E-3
35	1.0E-4	6.5E-3	2.1E-1	1.9E-2	2.1E-3	1.7E-4	6.1E-3
36	1.1E-4	6.8E-3	2.4E-1	2.0E-2	2.2E-3	1.7E-4	6.3E-3
37	1.1E-4	7.2E-3	2.7E-1	2.0E-2	2.2E-3	1.7E-4	6.4E-3
38	1.1E-4	7.5E-3	3.1E-1	2.1E-2	2.2E-3	1.7E-4	6.6E-3
39	1.1E-4	7.8E-3	3.5E-1	2.2E-2	2.3E-3	1.7E-4	6.8E-3
40	1.1E-4	8.1E-3	3.9E-1	2.3E-2	2.3E-3	1.7E-4	6.9E-3
41	1.1E-4	8.4E-3	4.4E-1	2.3E-2	2.3E-3	1.7E-4	7.0E-3
42	1.1E-4	8.8E-3	4.8E-1	2.4E-2	2.4E-3	1.7E-4	7.2E-3
43	1.2E-4	9.1E-3	5.2E-1	2.5E-2	2.4E-3	1.7E-4	7.3E-3
44	1.2E-4	9.4E-3	5.6E-1	2.5E-2	2.4E-3	1.8E-4	7.4E-3
45	1.2E-4	9.8E-3	6.0E-1	2.6E-2	2.5E-3	1.8E-4	7.5E-3
46	1.2E-4	1.0E-2	6.4E-1	2.7E-2	2.5E-3	1.8E-4	7.6E-3
47	1.2E-4	1.0E-2	6.8E-1	2.8E-2	2.5E-3	1.8E-4	7.7E-3
48	1.2E-4	1.1E-2	7.1E-1	2.8E-2	2.6E-3	1.8E-4	7.8E-3
49	1.2E-4	1.1E-2	7.4E-1	2.9E-2	2.6E-3	1.8E-4	7.9E-3
50	1.3E-4	1.2E-2	7.7E-1	3.0E-2	2.6E-3	1.8E-4	8.0E-3
51	1.3E-4	1.2E-2	8.0E-1	3.1E-2	2.7E-3	1.8E-4	8.1E-3
52	1.3E-4	1.2E-2	8.3E-1	3.1E-2	2.7E-3	1.8E-4	8.2E-3
53	1.3E-4	1.3E-2	8.6E-1	3.2E-2	2.7E-3	1.8E-4	8.3E-3
54	1.3E-4	1.3E-2	8.8E-1	3.3E-2	2.8E-3	1.9E-4	8.3E-3
55	1.3E-4	1.3E-2	9.0E-1	3.4E-2	2.8E-3	1.9E-4	8.4E-3
56	1.3E-4	1.4E-2	9.3E-1	3.4E-2	2.8E-3	1.9E-4	8.5E-3
57	1.4E-4	1.4E-2	9.5E-1	3.5E-2	2.9E-3	1.9E-4	8.5E-3
58	1.4E-4	1.4E-2	9.7E-1	3.6E-2	2.9E-3	1.9E-4	8.6E-3
59	1.4E-4	1.5E-2	9.9E-1	3.7E-2	2.9E-3	1.9E-4	8.6E-3
60	1.4E-4	1.5E-2	1.0E+0	3.8E-2	3.0E-3	1.9E-4	8.7E-3
61	1.4E-4	1.6E-2	1.0E+0	3.8E-2	3.0E-3	1.9E-4	8.7E-3
62	1.4E-4	1.6E-2	1.1E+0	3.9E-2	3.0E-3	1.9E-4	8.8E-3
63	1.4E-4	1.6E-2	1.1E+0	4.0E-2	3.1E-3	1.9E-4	8.8E-3
64	1.4E-4	1.7E-2	1.1E+0	4.1E-2	3.1E-3	2.0E-4	8.8E-3
65	1.5E-4	1.7E-2	1.1E+0	4.2E-2	3.1E-3	2.0E-4	8.9E-3
66	1.5E-4	1.8E-2	1.1E+0	4.3E-2	3.2E-3	2.0E-4	8.9E-3
67	1.5E-4	1.8E-2	1.1E+0	4.4E-2	3.2E-3	2.0E-4	8.9E-3
68	1.5E-4	1.8E-2	1.2E+0	4.5E-2	3.3E-3	2.0E-4	9.0E-3
69	1.5E-4	1.9E-2	1.2E+0	4.6E-2	3.3E-3	2.0E-4	9.0E-3
70	1.5E-4	1.9E-2	1.2E+0	4.6E-2	3.3E-3	2.0E-4	9.0E-3
71	1.5E-4	2.0E-2	1.2E+0	4.7E-2	3.4E-3	2.0E-4	9.1E-3
72	1.5E-4	2.0E-2	1.2E+0	4.8E-2	3.4E-3	2.0E-4	9.1E-3
73	1.6E-4	2.0E-2	1.3E+0	4.9E-2	3.5E-3	2.0E-4	9.1E-3
74	1.6E-4	2.1E-2	1.3E+0	5.0E-2	3.5E-3	2.1E-4	9.1E-3
75	1.6E-4	2.1E-2	1.3E+0	5.1E-2	3.5E-3	2.1E-4	9.1E-3
76	1.6E-4	2.2E-2	1.3E+0	5.2E-2	3.6E-3	2.1E-4	9.2E-3
77	1.6E-4	2.2E-2	1.3E+0	5.3E-2	3.6E-3	2.1E-4	9.2E-3
78	1.6E-4	2.3E-2	1.4E+0	5.4E-2	3.7E-3	2.1E-4	9.2E-3
79	1.6E-4	2.3E-2	1.4E+0	5.5E-2	3.7E-3	2.1E-4	9.2E-3
80	1.6E-4	2.3E-2	1.4E+0	5.6E-2	3.8E-3	2.1E-4	9.2E-3
81	1.6E-4	2.4E-2	1.4E+0	5.7E-2	3.8E-3	2.1E-4	9.3E-3
82	1.7E-4	2.4E-2	1.5E+0	5.8E-2	3.9E-3	2.1E-4	9.3E-3
83	1.7E-4	2.5E-2	1.5E+0	5.9E-2	3.9E-3	2.1E-4	9.3E-3
84	1.7E-4	2.5E-2	1.5E+0	6.0E-2	3.9E-3	2.1E-4	9.3E-3
85	1.7E-4	2.6E-2	1.5E+0	6.1E-2	4.0E-3	2.2E-4	9.3E-3
86	1.7E-4	2.6E-2	1.5E+0	6.2E-2	4.0E-3	2.2E-4	9.3E-3
87	1.7E-4	2.7E-2	1.6E+0	6.3E-2	4.1E-3	2.2E-4	9.4E-3
88	1.7E-4	2.7E-2	1.6E+0	6.4E-2	4.1E-3	2.2E-4	9.4E-3
89	1.7E-4	2.8E-2	1.6E+0	6.5E-2	4.2E-3	2.2E-4	9.4E-3
90	1.7E-4	2.8E-2	1.6E+0	6.7E-2	4.2E-3	2.2E-4	9.4E-3
91	1.8E-4	2.9E-2	1.7E+0	6.8E-2	4.3E-3	2.2E-4	9.4E-3
92	1.8E-4	2.9E-2	1.7E+0	6.9E-2	4.3E-3	2.2E-4	9.4E-3
93	1.8E-4	3.0E-2	1.7E+0	7.0E-2	4.4E-3	2.2E-4	9.4E-3
94	1.8E-4	3.0E-2	1.7E+0	7.1E-2	4.4E-3	2.2E-4	9.4E-3
95	1.8E-4	3.1E-2	1.8E+0	7.2E-2	4.5E-3	2.3E-4	9.5E-3
96	1.8E-4	3.1E-2	1.8E+0	7.3E-2	4.5E-3	2.3E-4	9.5E-3
97	1.8E-4	3.2E-2	1.8E+0	7.4E-2	4.6E-3	2.3E-4	9.5E-3
98	1.8E-4	3.3E-2	1.8E+0	7.5E-2	4.6E-3	2.3E-4	9.5E-3
99	1.8E-4	3.3E-2	1.9E+0	7.6E-2	4.7E-3	2.3E-4	9.5E-3
100	1.9E-4	3.4E-2	1.9E+0	7.7E-2	4.8E-3	2.3E-4	9.5E-3
110	2.0E-4	4.0E-2	2.2E+0	8.8E-2	5.3E-3	2.4E-4	9.6E-3
120	2.1E-4	4.6E-2	2.5E+0	9.8E-2	6.0E-3	2.5E-4	9.7E-3
130	2.1E-4	5.4E-2	2.9E+0	1.1E-1	6.7E-3	2.6E-4	9.7E-3
140	2.2E-4	6.2E-2	3.3E+0	1.2E-1	7.5E-3	2.7E-4	9.8E-3
150	2.3E-4	7.1E-2	3.7E+0	1.2E-1	8.5E-3	2.7E-4	9.8E-3
160	2.4E-4	8.2E-2	4.3E+0	1.3E-1	9.5E-3	2.8E-4	9.8E-3
170	2.4E-4	9.3E-2	4.9E+0	1.3E-1	1.1E-2	2.9E-4	9.9E-3
180	2.5E-4	1.1E-1	5.5E+0	1.4E-1	1.2E-2	2.9E-4	9.9E-3
190	2.6E-4	1.2E-1	6.3E+0	1.4E-1	1.3E-2	3.0E-4	9.9E-3
200	2.6E-4	1.3E-1	7.1E+0	1.5E-1	1.5E-2	3.1E-4	1.0E-2
210	2.7E-4	1.5E-1	8.1E+0	1.5E-1	1.6E-2	3.1E-4	1.0E-2
220	2.7E-4	1.7E-1	9.1E+0	1.5E-1	1.8E-2	3.2E-4	1.0E-2
230	2.8E-4	1.9E-1	1.0E+1	1.5E-1	2.0E-2	3.2E-4	1.0E-2
240	2.8E-4	2.1E-1	1.2E+1	1.6E-1	2.3E-2	3.3E-4	1.0E-2
250	2.8E-4	2.3E-1	1.3E+1	1.6E-1	2.5E-2	3.3E-4	1.0E-2
260	2.9E-4	2.6E-1	1.5E+1	1.6E-1	2.8E-2	3.3E-4	1.0E-2
270	2.9E-4	2.8E-1	1.7E+1	1.6E-1	3.1E-2	3.4E-4	1.0E-2
280	2.9E-4	3.1E-1	1.9E+1	1.6E-1	3.5E-2	3.4E-4	1.0E-2
290	3.0E-4	3.4E-1	2.1E+1	1.6E-1	3.8E-2	3.4E-4	1.0E-2
300	3.0E-4	3.7E-1	2.3E+1	1.6E-1	4.2E-2	3.5E-4	1.0E-2
310	3.0E-4	4.0E-1	2.6E+1	1.6E-1	4.7E-2	3.5E-4	1.0E-2
320	3.0E-4	4.4E-1	2.9E+1	1.6E-1	5.1E-2	3.5E-4	1.0E-2
330	3.0E-4	4.7E-1	3.2E+1	1.7E-1	5.7E-2	3.5E-4	1.0E-2
340	3.1E-4	5.1E-1	3.6E+1	1.7E-1	6.2E-2	3.6E-4	1.0E-2
350	3.1E-4	5.5E-1	4.0E+1	1.7E-1	6.8E-2	3.6E-4	1.0E-2
360	3.1E-4	5.9E-1	4.4E+1	1.7E-1	7.5E-2	3.6E-4	1.0E-2
365	3.1E-4	6.1E-1	4.6E+1	1.7E-1	7.8E-2	3.6E-4	1.0E-2
370	3.1E-4	6.3E-1	4.9E+1	1.7E-1	8.1E-2	3.6E-4	1.0E-2
380	3.1E-4	6.6E-1	5.3E+1	1.7E-1	8.9E-2	3.6E-4	1.0E-2
390	3.1E-4	7.0E-1	5.8E+1	1.7E-1	9.7E-2	3.7E-4	1.0E-2
400	3.2E-4	7.4E-1	6.4E+1	1.7E-1	1.0E-1	3.7E-4	1.0E-2
410	3.2E-4	7.8E-1	6.9E+1	1.7E-1	1.1E-1	3.7E-4	1.0E-2
420	3.2E-4	8.2E-1	7.5E+1	1.7E-1	1.2E-1	3.7E-4	1.0E-2
430	3.2E-4	8.6E-1	8.1E+1	1.7E-1	1.3E-1	3.7E-4	1.0E-2
440	3.2E-4	8.9E-1	8.7E+1	1.7E-1	1.4E-1	3.7E-4	1.0E-2
450	3.2E-4	9.3E-1	9.3E+1	1.7E-1	1.5E-1	3.7E-4	1.1E-2
460	3.2E-4	9.6E-1	1.0E+2	1.7E-1	1.6E-1	3.8E-4	1.1E-2
470	3.2E-4	9.9E-1	1.1E+2	1.7E-1	1.7E-1	3.8E-4	1.1E-2
480	3.2E-4	1.0E+0	1.1E+2	1.7E-1	1.8E-1	3.8E-4	1.1E-2
490	3.3E-4	1.0E+0	1.2E+2	1.7E-1	1.9E-1	3.8E-4	1.1E-2
500	3.3E-4	1.1E+0	1.2E+2	1.7E-1	2.0E-1	3.8E-4	1.1E-2
510	3.3E-4	1.1E+0	1.3E+2	1.7E-1	2.1E-1	3.8E-4	1.1E-2
520	3.3E-4	1.1E+0	1.4E+2	1.7E-1	2.2E-1	3.8E-4	1.1E-2
530	3.3E-4	1.1E+0	1.4E+2	1.7E-1	2.3E-1	3.8E-4	1.1E-2
540	3.3E-4	1.2E+0	1.5E+2	1.7E-1	2.4E-1	3.9E-4	1.1E-2
550	3.3E-4	1.2E+0	1.5E+2	1.7E-1	2.5E-1	3.9E-4	1.1E-2
560	3.3E-4	1.2E+0	1.6E+2	1.7E-1	2.6E-1	3.9E-4	1.1E-2
570	3.3E-4	1.2E+0	1.6E+2	1.7E-1	2.7E-1	3.9E-4	1.1E-2
580	3.3E-4	1.2E+0	1.7E+2	1.7E-1	2.8E-1	3.9E-4	1.1E-2
590	3.4E-4	1.3E+0	1.7E+2	1.7E-1	2.9E-1	3.9E-4	1.1E-2
600	3.4E-4	1.3E+0	1.8E+2	1.7E-1	2.9E-1	3.9E-4	1.1E-2
610	3.4E-4	1.3E+0	1.8E+2	1.7E-1	3.0E-1	3.9E-4	1.1E-2
620	3.4E-4	1.3E+0	1.8E+2	1.7E-1	3.1E-1	4.0E-4	1.1E-2
630	3.4E-4	1.3E+0	1.9E+2	1.7E-1	3.2E-1	4.0E-4	1.1E-2
640	3.4E-4	1.3E+0	1.9E+2	1.7E-1	3.2E-1	4.0E-4	1.1E-2
650	3.4E-4	1.3E+0	1.9E+2	1.7E-1	3.3E-1	4.0E-4	1.1E-2
660	3.4E-4	1.3E+0	1.9E+2	1.7E-1	3.3E-1	4.0E-4	1.1E-2
670	3.4E-4	1.4E+0	2.0E+2	1.7E-1	3.4E-1	4.0E-4	1.1E-2
680	3.4E-4	1.4E+0	2.0E+2	1.7E-1	3.4E-1	4.0E-4	1.1E-2
690	3.4E-4	1.4E+0	2.0E+2	1.7E-1	3.5E-1	4.0E-4	1.1E-2
700	3.5E-4	1.4E+0	2.0E+2	1.7E-1	3.5E-1	4.0E-4	1.1E-2
710	3.5E-4	1.4E+0	2.1E+2	1.7E-1	3.5E-1	4.1E-4	1.1E-2
720	3.5E-4	1.4E+0	2.1E+2	1.7E-1	3.6E-1	4.1E-4	1.1E-2
730	3.5E-4	1.4E+0	2.1E+2	1.7E-1	3.6E-1	4.1E-4	1.1E-2
740	3.5E-4	1.4E+0	2.1E+2	1.7E-1	3.6E-1	4.1E-4	1.1E-2
750	3.5E-4	1.4E+0	2.1E+2	1.7E-1	3.6E-1	4.1E-4	1.1E-2
760	3.5E-4	1.4E+0	2.1E+2	1.7E-1	3.7E-1	4.1E-4	1.1E-2
770	3.5E-4	1.4E+0	2.1E+2	1.7E-1	3.7E-1	4.1E-4	1.1E-2
780	3.5E-4	1.5E+0	2.2E+2	1.7E-1	3.7E-1	4.1E-4	1.1E-2
790	3.5E-4	1.5E+0	2.2E+2	1.7E-1	3.7E-1	4.1E-4	1.1E-2
800	3.5E-4	1.5E+0	2.2E+2	1.7E-1	3.7E-1	4.2E-4	1.1E-2
810	3.5E-4	1.5E+0	2.2E+2	1.7E-1	3.7E-1	4.2E-4	1.1E-2
820	3.6E-4	1.5E+0	2.2E+2	1.7E-1	3.8E-1	4.2E-4	1.1E-2
830	3.6E-4	1.5E+0	2.2E+2	1.7E-1	3.8E-1	4.2E-4	1.1E-2
840	3.6E-4	1.5E+0	2.2E+2	1.7E-1	3.8E-1	4.2E-4	1.1E-2
850	3.6E-4	1.5E+0	2.2E+2	1.7E-1	3.8E-1	4.2E-4	1.1E-2
860	3.6E-4	1.5E+0	2.3E+2	1.7E-1	3.8E-1	4.2E-4	1.1E-2
870	3.6E-4	1.5E+0	2.3E+2	1.7E-1	3.8E-1	4.2E-4	1.1E-2
880	3.6E-4	1.5E+0	2.3E+2	1.7E-1	3.8E-1	4.2E-4	1.1E-2
890	3.6E-4	1.5E+0	2.3E+2	1.7E-1	3.8E-1	4.3E-4	1.1E-2
900	3.6E-4	1.5E+0	2.3E+2	1.7E-1	3.8E-1	4.3E-4	1.1E-2
910	3.6E-4	1.5E+0	2.3E+2	1.7E-1	3.8E-1	4.3E-4	1.1E-2
920	3.6E-4	1.5E+0	2.3E+2	1.7E-1	3.8E-1	4.3E-4	1.1E-2
930	3.6E-4	1.6E+0	2.3E+2	1.7E-1	3.8E-1	4.3E-4	1.1E-2
940	3.7E-4	1.6E+0	2.3E+2	1.7E-1	3.8E-1	4.3E-4	1.1E-2
950	3.7E-4	1.6E+0	2.4E+2	1.7E-1	3.8E-1	4.3E-4	1.1E-2
960	3.7E-4	1.6E+0	2.4E+2	1.7E-1	3.9E-1	4.3E-4	1.2E-2
970	3.7E-4	1.6E+0	2.4E+2	1.7E-1	3.9E-1	4.3E-4	1.2E-2
980	3.7E-4	1.6E+0	2.4E+2	1.7E-1	3.9E-1	4.4E-4	1.2E-2
990	3.7E-4	1.6E+0	2.4E+2	1.7E-1	3.9E-1	4.4E-4	1.2E-2
1000	3.7E-4	1.6E+0	2.4E+2	1.7E-1	3.9E-1	4.4E-4	1.2E-2
1010	3.7E-4	1.6E+0	2.4E+2	1.7E-1	3.9E-1	4.4E-4	1.2E-2
1020	3.7E-4	1.6E+0	2.4E+2	1.7E-1	3.9E-1	4.4E-4	1.2E-2
1030	3.7E-4	1.6E+0	2.4E+2	1.7E-1	3.9E-1	4.4E-4	1.2E-2
1040	3.7E-4	1.6E+0	2.4E+2	1.7E-1	3.9E-1	4.4E-4	1.2E-2
1050	3.8E-4	1.6E+0	2.5E+2	1.7E-1	3.9E-1	4.4E-4	1.2E-2
1060	3.8E-4	1.6E+0	2.5E+2	1.7E-1	3.9E-1	4.5E-4	1.2E-2
1070	3.8E-4	1.6E+0	2.5E+2	1.7E-1	3.9E-1	4.5E-4	1.2E-2
1080	3.8E-4	1.7E+0	2.5E+2	1.7E-1	3.9E-1	4.5E-4	1.2E-2
1090	3.8E-4	1.7E+0	2.5E+2	1.7E-1	3.9E-1	4.5E-4	1.2E-2
1095	3.8E-4	1.7E+0	2.5E+2	1.7E-1	3.9E-1	4.5E-4	1.2E-2
1100	3.8E-4	1.7E+0	2.5E+2	1.7E-1	3.9E-1	4.5E-4	1.2E-2
1200	3.9E-4	1.7E+0	2.6E+2	1.7E-1	3.9E-1	4.6E-4	1.2E-2
1300	4.0E-4	1.8E+0	2.7E+2	1.7E-1	3.9E-1	4.7E-4	1.2E-2
1400	4.1E-4	1.9E+0	2.8E+2	1.7E-1	3.9E-1	4.9E-4	1.2E-2
1500	4.1E-4	2.0E+0	2.9E+2	1.7E-1	3.9E-1	5.0E-4	1.3E-2
1600	4.2E-4	2.0E+0	3.1E+2	1.7E-1	3.9E-1	5.1E-4	1.3E-2
1700	4.3E-4	2.1E+0	3.2E+2	1.7E-1	3.9E-1	5.2E-4	1.3E-2
1800	4.4E-4	2.2E+0	3.3E+2	1.7E-1	3.9E-1	5.3E-4	1.3E-2
1900	4.5E-4	2.3E+0	3.4E+2	1.7E-1	3.9E-1	5.5E-4	1.4E-2
2000	4.6E-4	2.4E+0	3.6E+2	1.7E-1	3.9E-1	5.6E-4	1.4E-2
2100	4.7E-4	2.5E+0	3.7E+2	1.7E-1	3.9E-1	5.7E-4	1.4E-2
2200	4.8E-4	2.5E+0	3.8E+2	1.7E-1	4.0E-1	5.8E-4	1.4E-2
2300	4.9E-4	2.6E+0	4.0E+2	1.7E-1	4.0E-1	6.0E-4	1.5E-2
2400	5.0E-4	2.7E+0	4.1E+2	1.7E-1	4.0E-1	6.1E-4	1.5E-2
2500	5.0E-4	2.8E+0	4.3E+2	1.7E-1	4.0E-1	6.2E-4	1.5E-2
2600	5.1E-4	2.9E+0	4.4E+2	1.8E-1	4.0E-1	6.3E-4	1.6E-2
2700	5.2E-4	3.1E+0	4.6E+2	1.8E-1	4.0E-1	6.5E-4	1.6E-2
2800	5.3E-4	3.2E+0	4.8E+2	1.8E-1	4.0E-1	6.6E-4	1.6E-2
2900	5.4E-4	3.3E+0	4.9E+2	1.8E-1	4.0E-1	6.7E-4	1.6E-2
3000	5.5E-4	3.4E+0	5.1E+2	1.8E-1	4.0E-1	6.9E-4	1.7E-2
3100	5.6E-4	3.5E+0	5.3E+2	1.8E-1	4.0E-1	7.0E-4	1.7E-2
3200	5.7E-4	3.6E+0	5.5E+2	1.8E-1	4.0E-1	7.1E-4	1.7E-2
3300	5.8E-4	3.8E+0	5.7E+2	1.8E-1	4.0E-1	7.2E-4	1.8E-2
3400	5.9E-4	3.9E+0	5.8E+2	1.8E-1	4.0E-1	7.4E-4	1.8E-2
3500	5.9E-4	4.0E+0	6.0E+2	1.8E-1	4.0E-1	7.5E-4	1.8E-2
3600	6.0E-4	4.1E+0	6.2E+2	1.8E-1	4.0E-1	7.6E-4	1.9E-2
3650	6.1E-4	4.2E+0	6.3E+2	1.8E-1	4.0E-1	7.7E-4	1.9E-2
4000	6.4E-4	4.7E+0	7.1E+2	1.8E-1	4.1E-1	8.2E-4	2.0E-2
5000	7.2E-4	6.3E+0	9.4E+2	1.8E-1	4.1E-1	9.5E-4	2.4E-2
6000	8.1E-4	8.0E+0	1.2E+3	1.9E-1	4.2E-1	1.1E-3	2.9E-2
7000	8.9E-4	1.0E+1	1.5E+3	1.9E-1	4.3E-1	1.2E-3	3.5E-2
8000	9.7E-4	1.2E+1	1.8E+3	1.9E-1	4.4E-1	1.3E-3	4.2E-2
9000	1.0E-3	1.4E+1	2.1E+3	2.0E-1	4.4E-1	1.5E-3	5.1E-2
10000	1.1E-3	1.6E+1	2.4E+3	2.0E-1	4.5E-1	1.6E-3	6.1E-2
11000	1.2E-3	1.8E+1	2.7E+3	2.0E-1	4.6E-1	1.8E-3	7.3E-2
12000	1.3E-3	2.0E+1	3.0E+3	2.1E-1	4.7E-1	1.9E-3	8.8E-2
13000	1.4E-3	2.2E+1	3.3E+3	2.1E-1	4.8E-1	2.1E-3	1.1E-1
14000	1.5E-3	2.4E+1	3.6E+3	2.1E-1	4.9E-1	2.3E-3	1.3E-1
15000	1.6E-3	2.6E+1	3.9E+3	2.2E-1	5.0E-1	2.5E-3	1.5E-1
16000	1.6E-3	2.8E+1	4.2E+3	2.2E-1	5.0E-1	2.7E-3	1.8E-1
17000	1.7E-3	3.1E+1	4.6E+3	2.3E-1	5.1E-1	2.9E-3	2.2E-1
18000	1.8E-3	3.3E+1	5.0E+3	2.3E-1	5.2E-1	3.1E-3	2.6E-1
18250	1.9E-3	3.4E+1	5.1E+3	2.3E-1	5.3E-1	3.2E-3	2.7E-1
Radionuclide	U-235
Route of Intake	Inhalation
Material	Aerosols Intermediate Type F/M: Uranyl nitrate, uranium peroxide hydrate, ammonium diuranate, uranium trioxide, fA=1.6E-2
AMTD/AMAD, µm	0.003

Committed Effective Dose per Predicted Content in an Organ or Excreta Sample (Dose per Content Functions z(t)), Sv/Bq
Time, days	Whole Body	Urine (24-hour sample)	Faeces (24-hour sample)	Alimentary Tract*	Lungs*	Skeleton*	Liver*
0.041667	3.7E-6	-	-	1.7E-5	8.3E-6	2.4E-3	3.7E-3
0.083333	3.8E-6	-	-	1.5E-5	8.9E-6	1.2E-3	2.8E-3
0.125	3.8E-6	-	-	1.3E-5	9.5E-6	7.6E-4	2.4E-3
0.25	4.0E-6	-	-	1.1E-5	1.1E-5	3.8E-4	1.8E-3
0.375	4.1E-6	-	-	9.6E-6	1.2E-5	2.6E-4	1.5E-3
0.5	4.3E-6	-	-	9.0E-6	1.4E-5	2.0E-4	1.3E-3
0.625	4.4E-6	-	-	8.7E-6	1.5E-5	1.7E-4	1.2E-3
0.75	4.6E-6	-	-	8.6E-6	1.7E-5	1.5E-4	1.1E-3
0.875	4.9E-6	-	-	8.7E-6	1.9E-5	1.3E-4	1.1E-3
1	5.1E-6	3.0E-5	5.3E-5	8.9E-6	2.1E-5	1.2E-4	1.0E-3
1.125	5.4E-6	-	-	9.3E-6	2.3E-5	1.2E-4	9.9E-4
1.25	5.7E-6	-	-	9.8E-6	2.5E-5	1.1E-4	9.7E-4
1.375	6.1E-6	-	-	1.0E-5	2.7E-5	1.1E-4	9.4E-4
1.5	6.5E-6	-	-	1.1E-5	2.9E-5	1.0E-4	9.3E-4
1.625	6.9E-6	-	-	1.2E-5	3.1E-5	1.0E-4	9.2E-4
1.75	7.4E-6	-	-	1.3E-5	3.3E-5	9.8E-5	9.1E-4
1.875	8.0E-6	-	-	1.5E-5	3.6E-5	9.6E-5	9.0E-4
2	8.6E-6	6.6E-5	1.6E-5	1.6E-5	3.8E-5	9.5E-5	9.0E-4
2.25	9.9E-6	-	-	2.0E-5	4.3E-5	9.3E-5	8.9E-4
2.5	1.1E-5	-	-	2.5E-5	4.7E-5	9.2E-5	9.0E-4
2.75	1.3E-5	-	-	3.2E-5	5.1E-5	9.1E-5	9.0E-4
3	1.4E-5	1.7E-4	2.4E-5	4.1E-5	5.6E-5	9.1E-5	9.1E-4
3.25	1.6E-5	-	-	5.3E-5	5.9E-5	9.1E-5	9.2E-4
3.5	1.8E-5	-	-	6.8E-5	6.3E-5	9.1E-5	9.4E-4
3.75	1.9E-5	-	-	8.7E-5	6.7E-5	9.1E-5	9.5E-4
4	2.0E-5	3.3E-4	5.9E-5	1.1E-4	7.0E-5	9.2E-5	9.7E-4
4.25	2.2E-5	-	-	1.4E-4	7.3E-5	9.3E-5	9.8E-4
4.5	2.3E-5	-	-	1.7E-4	7.6E-5	9.3E-5	1.0E-3
4.75	2.4E-5	-	-	2.1E-4	7.9E-5	9.4E-5	1.0E-3
5	2.4E-5	5.2E-4	1.6E-4	2.5E-4	8.1E-5	9.5E-5	1.0E-3
5.5	2.6E-5	-	-	3.3E-4	8.6E-5	9.6E-5	1.1E-3
6	2.7E-5	6.8E-4	3.8E-4	4.1E-4	9.1E-5	9.8E-5	1.1E-3
6.5	2.8E-5	-	-	4.9E-4	9.6E-5	9.9E-5	1.2E-3
7	2.9E-5	7.9E-4	6.9E-4	5.6E-4	1.0E-4	1.0E-4	1.2E-3
7.5	3.0E-5	-	-	6.4E-4	1.0E-4	1.0E-4	1.2E-3
8	3.1E-5	8.9E-4	9.9E-4	7.1E-4	1.1E-4	1.0E-4	1.3E-3
8.5	3.2E-5	-	-	7.9E-4	1.1E-4	1.1E-4	1.3E-3
9	3.3E-5	9.8E-4	1.3E-3	8.7E-4	1.2E-4	1.1E-4	1.4E-3
9.5	3.4E-5	-	-	9.6E-4	1.2E-4	1.1E-4	1.4E-3
10	3.5E-5	1.1E-3	1.6E-3	1.1E-3	1.2E-4	1.1E-4	1.5E-3
11	3.7E-5	1.2E-3	2.0E-3	1.3E-3	1.3E-4	1.1E-4	1.6E-3
12	3.8E-5	1.3E-3	2.4E-3	1.5E-3	1.4E-4	1.1E-4	1.7E-3
13	4.0E-5	1.4E-3	3.0E-3	1.8E-3	1.4E-4	1.2E-4	1.8E-3
14	4.2E-5	1.5E-3	3.6E-3	2.1E-3	1.5E-4	1.2E-4	2.0E-3
15	4.3E-5	1.6E-3	4.4E-3	2.5E-3	1.6E-4	1.2E-4	2.1E-3
16	4.5E-5	1.7E-3	5.4E-3	2.9E-3	1.6E-4	1.2E-4	2.2E-3
17	4.6E-5	1.8E-3	6.6E-3	3.4E-3	1.6E-4	1.3E-4	2.4E-3
18	4.8E-5	2.0E-3	7.9E-3	3.9E-3	1.7E-4	1.3E-4	2.5E-3
19	4.9E-5	2.1E-3	9.6E-3	4.4E-3	1.7E-4	1.3E-4	2.7E-3
20	5.0E-5	2.2E-3	1.2E-2	5.0E-3	1.8E-4	1.3E-4	2.8E-3
21	5.2E-5	2.4E-3	1.4E-2	5.6E-3	1.8E-4	1.3E-4	3.0E-3
22	5.3E-5	2.5E-3	1.6E-2	6.2E-3	1.8E-4	1.3E-4	3.1E-3
23	5.4E-5	2.7E-3	1.9E-2	6.9E-3	1.9E-4	1.3E-4	3.3E-3
24	5.5E-5	2.9E-3	2.3E-2	7.5E-3	1.9E-4	1.4E-4	3.5E-3
25	5.6E-5	3.0E-3	2.7E-2	8.1E-3	1.9E-4	1.4E-4	3.6E-3
26	5.7E-5	3.2E-3	3.1E-2	8.8E-3	2.0E-4	1.4E-4	3.8E-3
27	5.9E-5	3.4E-3	3.5E-2	9.4E-3	2.0E-4	1.4E-4	4.0E-3
28	6.0E-5	3.5E-3	4.0E-2	1.0E-2	2.0E-4	1.4E-4	4.1E-3
29	6.1E-5	3.7E-3	4.5E-2	1.1E-2	2.0E-4	1.4E-4	4.3E-3
30	6.2E-5	3.9E-3	5.1E-2	1.1E-2	2.1E-4	1.4E-4	4.5E-3
31	6.3E-5	4.1E-3	5.6E-2	1.2E-2	2.1E-4	1.4E-4	4.6E-3
32	6.4E-5	4.3E-3	6.1E-2	1.2E-2	2.1E-4	1.4E-4	4.8E-3
33	6.5E-5	4.4E-3	6.6E-2	1.3E-2	2.1E-4	1.4E-4	4.9E-3
34	6.6E-5	4.6E-3	7.2E-2	1.3E-2	2.2E-4	1.5E-4	5.1E-3
35	6.7E-5	4.8E-3	7.6E-2	1.4E-2	2.2E-4	1.5E-4	5.2E-3
36	6.8E-5	5.0E-3	8.1E-2	1.4E-2	2.2E-4	1.5E-4	5.4E-3
37	6.9E-5	5.2E-3	8.5E-2	1.4E-2	2.3E-4	1.5E-4	5.5E-3
38	6.9E-5	5.4E-3	8.9E-2	1.5E-2	2.3E-4	1.5E-4	5.6E-3
39	7.0E-5	5.6E-3	9.3E-2	1.5E-2	2.3E-4	1.5E-4	5.7E-3
40	7.1E-5	5.8E-3	9.7E-2	1.6E-2	2.3E-4	1.5E-4	5.9E-3
41	7.2E-5	6.0E-3	1.0E-1	1.6E-2	2.4E-4	1.5E-4	6.0E-3
42	7.3E-5	6.2E-3	1.0E-1	1.6E-2	2.4E-4	1.5E-4	6.1E-3
43	7.4E-5	6.4E-3	1.1E-1	1.7E-2	2.4E-4	1.5E-4	6.2E-3
44	7.5E-5	6.6E-3	1.1E-1	1.7E-2	2.5E-4	1.5E-4	6.3E-3
45	7.6E-5	6.8E-3	1.1E-1	1.8E-2	2.5E-4	1.5E-4	6.4E-3
46	7.7E-5	7.0E-3	1.1E-1	1.8E-2	2.5E-4	1.6E-4	6.5E-3
47	7.8E-5	7.2E-3	1.2E-1	1.9E-2	2.5E-4	1.6E-4	6.6E-3
48	7.8E-5	7.4E-3	1.2E-1	1.9E-2	2.6E-4	1.6E-4	6.6E-3
49	7.9E-5	7.6E-3	1.2E-1	1.9E-2	2.6E-4	1.6E-4	6.7E-3
50	8.0E-5	7.8E-3	1.2E-1	2.0E-2	2.6E-4	1.6E-4	6.8E-3
51	8.1E-5	8.0E-3	1.2E-1	2.0E-2	2.7E-4	1.6E-4	6.8E-3
52	8.2E-5	8.2E-3	1.3E-1	2.1E-2	2.7E-4	1.6E-4	6.9E-3
53	8.3E-5	8.4E-3	1.3E-1	2.1E-2	2.7E-4	1.6E-4	7.0E-3
54	8.4E-5	8.6E-3	1.3E-1	2.1E-2	2.8E-4	1.6E-4	7.0E-3
55	8.4E-5	8.8E-3	1.3E-1	2.2E-2	2.8E-4	1.6E-4	7.1E-3
56	8.5E-5	9.0E-3	1.3E-1	2.2E-2	2.8E-4	1.6E-4	7.1E-3
57	8.6E-5	9.2E-3	1.4E-1	2.3E-2	2.9E-4	1.6E-4	7.2E-3
58	8.7E-5	9.4E-3	1.4E-1	2.3E-2	2.9E-4	1.6E-4	7.2E-3
59	8.8E-5	9.6E-3	1.4E-1	2.4E-2	2.9E-4	1.7E-4	7.3E-3
60	8.9E-5	9.8E-3	1.4E-1	2.4E-2	3.0E-4	1.7E-4	7.3E-3
61	9.0E-5	1.0E-2	1.4E-1	2.5E-2	3.0E-4	1.7E-4	7.3E-3
62	9.0E-5	1.0E-2	1.5E-1	2.5E-2	3.0E-4	1.7E-4	7.4E-3
63	9.1E-5	1.0E-2	1.5E-1	2.6E-2	3.1E-4	1.7E-4	7.4E-3
64	9.2E-5	1.1E-2	1.5E-1	2.6E-2	3.1E-4	1.7E-4	7.4E-3
65	9.3E-5	1.1E-2	1.5E-1	2.6E-2	3.1E-4	1.7E-4	7.5E-3
66	9.4E-5	1.1E-2	1.5E-1	2.7E-2	3.2E-4	1.7E-4	7.5E-3
67	9.5E-5	1.1E-2	1.6E-1	2.7E-2	3.2E-4	1.7E-4	7.5E-3
68	9.5E-5	1.1E-2	1.6E-1	2.8E-2	3.3E-4	1.7E-4	7.5E-3
69	9.6E-5	1.2E-2	1.6E-1	2.8E-2	3.3E-4	1.7E-4	7.6E-3
70	9.7E-5	1.2E-2	1.6E-1	2.9E-2	3.3E-4	1.7E-4	7.6E-3
71	9.8E-5	1.2E-2	1.7E-1	2.9E-2	3.4E-4	1.8E-4	7.6E-3
72	9.9E-5	1.2E-2	1.7E-1	3.0E-2	3.4E-4	1.8E-4	7.6E-3
73	1.0E-4	1.3E-2	1.7E-1	3.0E-2	3.5E-4	1.8E-4	7.7E-3
74	1.0E-4	1.3E-2	1.7E-1	3.1E-2	3.5E-4	1.8E-4	7.7E-3
75	1.0E-4	1.3E-2	1.7E-1	3.1E-2	3.5E-4	1.8E-4	7.7E-3
76	1.0E-4	1.3E-2	1.8E-1	3.2E-2	3.6E-4	1.8E-4	7.7E-3
77	1.0E-4	1.3E-2	1.8E-1	3.3E-2	3.6E-4	1.8E-4	7.7E-3
78	1.0E-4	1.4E-2	1.8E-1	3.3E-2	3.7E-4	1.8E-4	7.7E-3
79	1.0E-4	1.4E-2	1.8E-1	3.4E-2	3.7E-4	1.8E-4	7.8E-3
80	1.1E-4	1.4E-2	1.9E-1	3.4E-2	3.8E-4	1.8E-4	7.8E-3
81	1.1E-4	1.4E-2	1.9E-1	3.5E-2	3.8E-4	1.8E-4	7.8E-3
82	1.1E-4	1.5E-2	1.9E-1	3.5E-2	3.9E-4	1.8E-4	7.8E-3
83	1.1E-4	1.5E-2	1.9E-1	3.6E-2	3.9E-4	1.8E-4	7.8E-3
84	1.1E-4	1.5E-2	2.0E-1	3.6E-2	3.9E-4	1.9E-4	7.8E-3
85	1.1E-4	1.5E-2	2.0E-1	3.7E-2	4.0E-4	1.9E-4	7.8E-3
86	1.1E-4	1.6E-2	2.0E-1	3.7E-2	4.0E-4	1.9E-4	7.9E-3
87	1.1E-4	1.6E-2	2.0E-1	3.8E-2	4.1E-4	1.9E-4	7.9E-3
88	1.1E-4	1.6E-2	2.1E-1	3.9E-2	4.1E-4	1.9E-4	7.9E-3
89	1.1E-4	1.6E-2	2.1E-1	3.9E-2	4.2E-4	1.9E-4	7.9E-3
90	1.1E-4	1.7E-2	2.1E-1	4.0E-2	4.2E-4	1.9E-4	7.9E-3
91	1.1E-4	1.7E-2	2.2E-1	4.0E-2	4.3E-4	1.9E-4	7.9E-3
92	1.2E-4	1.7E-2	2.2E-1	4.1E-2	4.3E-4	1.9E-4	7.9E-3
93	1.2E-4	1.7E-2	2.2E-1	4.1E-2	4.4E-4	1.9E-4	7.9E-3
94	1.2E-4	1.8E-2	2.2E-1	4.2E-2	4.4E-4	1.9E-4	7.9E-3
95	1.2E-4	1.8E-2	2.3E-1	4.3E-2	4.5E-4	1.9E-4	8.0E-3
96	1.2E-4	1.8E-2	2.3E-1	4.3E-2	4.5E-4	1.9E-4	8.0E-3
97	1.2E-4	1.8E-2	2.3E-1	4.4E-2	4.6E-4	2.0E-4	8.0E-3
98	1.2E-4	1.9E-2	2.4E-1	4.4E-2	4.7E-4	2.0E-4	8.0E-3
99	1.2E-4	1.9E-2	2.4E-1	4.5E-2	4.7E-4	2.0E-4	8.0E-3
100	1.2E-4	1.9E-2	2.4E-1	4.6E-2	4.8E-4	2.0E-4	8.0E-3
110	1.3E-4	2.2E-2	2.8E-1	5.1E-2	5.4E-4	2.1E-4	8.1E-3
120	1.4E-4	2.6E-2	3.1E-1	5.8E-2	6.0E-4	2.1E-4	8.1E-3
130	1.5E-4	2.9E-2	3.6E-1	6.3E-2	6.8E-4	2.2E-4	8.2E-3
140	1.5E-4	3.3E-2	4.1E-1	6.9E-2	7.6E-4	2.3E-4	8.2E-3
150	1.6E-4	3.8E-2	4.6E-1	7.5E-2	8.6E-4	2.3E-4	8.3E-3
160	1.7E-4	4.3E-2	5.3E-1	8.1E-2	9.6E-4	2.4E-4	8.3E-3
170	1.8E-4	4.8E-2	6.0E-1	8.6E-2	1.1E-3	2.4E-4	8.4E-3
180	1.8E-4	5.4E-2	6.8E-1	9.1E-2	1.2E-3	2.5E-4	8.4E-3
190	1.9E-4	6.1E-2	7.8E-1	9.5E-2	1.4E-3	2.5E-4	8.4E-3
200	2.0E-4	6.8E-2	8.9E-1	1.0E-1	1.5E-3	2.6E-4	8.5E-3
210	2.0E-4	7.6E-2	1.0E+0	1.0E-1	1.7E-3	2.6E-4	8.5E-3
220	2.1E-4	8.5E-2	1.1E+0	1.1E-1	1.9E-3	2.7E-4	8.5E-3
230	2.1E-4	9.5E-2	1.3E+0	1.1E-1	2.2E-3	2.7E-4	8.5E-3
240	2.2E-4	1.1E-1	1.5E+0	1.1E-1	2.4E-3	2.8E-4	8.6E-3
250	2.2E-4	1.2E-1	1.7E+0	1.2E-1	2.7E-3	2.8E-4	8.6E-3
260	2.3E-4	1.3E-1	1.9E+0	1.2E-1	3.0E-3	2.8E-4	8.6E-3
270	2.3E-4	1.4E-1	2.2E+0	1.2E-1	3.4E-3	2.9E-4	8.6E-3
280	2.3E-4	1.6E-1	2.5E+0	1.2E-1	3.8E-3	2.9E-4	8.6E-3
290	2.4E-4	1.8E-1	2.8E+0	1.3E-1	4.3E-3	2.9E-4	8.7E-3
300	2.4E-4	1.9E-1	3.2E+0	1.3E-1	4.8E-3	2.9E-4	8.7E-3
310	2.4E-4	2.1E-1	3.6E+0	1.3E-1	5.3E-3	3.0E-4	8.7E-3
320	2.5E-4	2.3E-1	4.1E+0	1.3E-1	6.0E-3	3.0E-4	8.7E-3
330	2.5E-4	2.6E-1	4.6E+0	1.3E-1	6.6E-3	3.0E-4	8.7E-3
340	2.5E-4	2.8E-1	5.2E+0	1.3E-1	7.4E-3	3.0E-4	8.8E-3
350	2.5E-4	3.0E-1	5.9E+0	1.4E-1	8.3E-3	3.0E-4	8.8E-3
360	2.6E-4	3.3E-1	6.7E+0	1.4E-1	9.2E-3	3.1E-4	8.8E-3
365	2.6E-4	3.4E-1	7.1E+0	1.4E-1	9.8E-3	3.1E-4	8.8E-3
370	2.6E-4	3.6E-1	7.6E+0	1.4E-1	1.0E-2	3.1E-4	8.8E-3
380	2.6E-4	3.8E-1	8.6E+0	1.4E-1	1.1E-2	3.1E-4	8.8E-3
390	2.6E-4	4.1E-1	9.7E+0	1.4E-1	1.3E-2	3.1E-4	8.8E-3
400	2.6E-4	4.4E-1	1.1E+1	1.4E-1	1.4E-2	3.1E-4	8.9E-3
410	2.7E-4	4.7E-1	1.2E+1	1.4E-1	1.6E-2	3.1E-4	8.9E-3
420	2.7E-4	5.0E-1	1.4E+1	1.4E-1	1.8E-2	3.1E-4	8.9E-3
430	2.7E-4	5.4E-1	1.6E+1	1.4E-1	2.0E-2	3.2E-4	8.9E-3
440	2.7E-4	5.7E-1	1.7E+1	1.4E-1	2.2E-2	3.2E-4	8.9E-3
450	2.7E-4	6.0E-1	2.0E+1	1.4E-1	2.4E-2	3.2E-4	8.9E-3
460	2.7E-4	6.3E-1	2.2E+1	1.4E-1	2.7E-2	3.2E-4	9.0E-3
470	2.7E-4	6.6E-1	2.4E+1	1.4E-1	2.9E-2	3.2E-4	9.0E-3
480	2.7E-4	6.9E-1	2.7E+1	1.4E-1	3.2E-2	3.2E-4	9.0E-3
490	2.8E-4	7.2E-1	3.0E+1	1.4E-1	3.6E-2	3.2E-4	9.0E-3
500	2.8E-4	7.5E-1	3.4E+1	1.4E-1	3.9E-2	3.2E-4	9.0E-3
510	2.8E-4	7.8E-1	3.7E+1	1.4E-1	4.3E-2	3.3E-4	9.0E-3
520	2.8E-4	8.1E-1	4.1E+1	1.4E-1	4.8E-2	3.3E-4	9.1E-3
530	2.8E-4	8.4E-1	4.5E+1	1.4E-1	5.2E-2	3.3E-4	9.1E-3
540	2.8E-4	8.6E-1	5.0E+1	1.4E-1	5.7E-2	3.3E-4	9.1E-3
550	2.8E-4	8.9E-1	5.4E+1	1.4E-1	6.2E-2	3.3E-4	9.1E-3
560	2.8E-4	9.1E-1	5.9E+1	1.4E-1	6.8E-2	3.3E-4	9.1E-3
570	2.8E-4	9.4E-1	6.4E+1	1.4E-1	7.4E-2	3.3E-4	9.1E-3
580	2.8E-4	9.6E-1	7.0E+1	1.4E-1	8.1E-2	3.3E-4	9.2E-3
590	2.8E-4	9.8E-1	7.5E+1	1.4E-1	8.7E-2	3.3E-4	9.2E-3
600	2.9E-4	1.0E+0	8.1E+1	1.4E-1	9.4E-2	3.3E-4	9.2E-3
610	2.9E-4	1.0E+0	8.7E+1	1.4E-1	1.0E-1	3.4E-4	9.2E-3
620	2.9E-4	1.0E+0	9.2E+1	1.4E-1	1.1E-1	3.4E-4	9.2E-3
630	2.9E-4	1.0E+0	9.8E+1	1.4E-1	1.2E-1	3.4E-4	9.2E-3
640	2.9E-4	1.1E+0	1.0E+2	1.4E-1	1.3E-1	3.4E-4	9.3E-3
650	2.9E-4	1.1E+0	1.1E+2	1.4E-1	1.3E-1	3.4E-4	9.3E-3
660	2.9E-4	1.1E+0	1.2E+2	1.4E-1	1.4E-1	3.4E-4	9.3E-3
670	2.9E-4	1.1E+0	1.2E+2	1.4E-1	1.5E-1	3.4E-4	9.3E-3
680	2.9E-4	1.1E+0	1.3E+2	1.4E-1	1.6E-1	3.4E-4	9.3E-3
690	2.9E-4	1.1E+0	1.3E+2	1.5E-1	1.7E-1	3.4E-4	9.3E-3
700	2.9E-4	1.1E+0	1.4E+2	1.5E-1	1.8E-1	3.4E-4	9.4E-3
710	2.9E-4	1.2E+0	1.4E+2	1.5E-1	1.9E-1	3.5E-4	9.4E-3
720	3.0E-4	1.2E+0	1.4E+2	1.5E-1	1.9E-1	3.5E-4	9.4E-3
730	3.0E-4	1.2E+0	1.5E+2	1.5E-1	2.0E-1	3.5E-4	9.4E-3
740	3.0E-4	1.2E+0	1.5E+2	1.5E-1	2.1E-1	3.5E-4	9.4E-3
750	3.0E-4	1.2E+0	1.6E+2	1.5E-1	2.2E-1	3.5E-4	9.4E-3
760	3.0E-4	1.2E+0	1.6E+2	1.5E-1	2.3E-1	3.5E-4	9.5E-3
770	3.0E-4	1.2E+0	1.6E+2	1.5E-1	2.3E-1	3.5E-4	9.5E-3
780	3.0E-4	1.2E+0	1.7E+2	1.5E-1	2.4E-1	3.5E-4	9.5E-3
790	3.0E-4	1.2E+0	1.7E+2	1.5E-1	2.5E-1	3.5E-4	9.5E-3
800	3.0E-4	1.2E+0	1.7E+2	1.5E-1	2.5E-1	3.5E-4	9.5E-3
810	3.0E-4	1.2E+0	1.7E+2	1.5E-1	2.6E-1	3.5E-4	9.5E-3
820	3.0E-4	1.2E+0	1.8E+2	1.5E-1	2.7E-1	3.6E-4	9.6E-3
830	3.0E-4	1.3E+0	1.8E+2	1.5E-1	2.7E-1	3.6E-4	9.6E-3
840	3.0E-4	1.3E+0	1.8E+2	1.5E-1	2.8E-1	3.6E-4	9.6E-3
850	3.0E-4	1.3E+0	1.8E+2	1.5E-1	2.8E-1	3.6E-4	9.6E-3
860	3.1E-4	1.3E+0	1.8E+2	1.5E-1	2.8E-1	3.6E-4	9.6E-3
870	3.1E-4	1.3E+0	1.9E+2	1.5E-1	2.9E-1	3.6E-4	9.6E-3
880	3.1E-4	1.3E+0	1.9E+2	1.5E-1	2.9E-1	3.6E-4	9.7E-3
890	3.1E-4	1.3E+0	1.9E+2	1.5E-1	3.0E-1	3.6E-4	9.7E-3
900	3.1E-4	1.3E+0	1.9E+2	1.5E-1	3.0E-1	3.6E-4	9.7E-3
910	3.1E-4	1.3E+0	1.9E+2	1.5E-1	3.0E-1	3.6E-4	9.7E-3
920	3.1E-4	1.3E+0	1.9E+2	1.5E-1	3.0E-1	3.7E-4	9.7E-3
930	3.1E-4	1.3E+0	2.0E+2	1.5E-1	3.1E-1	3.7E-4	9.7E-3
940	3.1E-4	1.3E+0	2.0E+2	1.5E-1	3.1E-1	3.7E-4	9.8E-3
950	3.1E-4	1.3E+0	2.0E+2	1.5E-1	3.1E-1	3.7E-4	9.8E-3
960	3.1E-4	1.3E+0	2.0E+2	1.5E-1	3.1E-1	3.7E-4	9.8E-3
970	3.1E-4	1.3E+0	2.0E+2	1.5E-1	3.1E-1	3.7E-4	9.8E-3
980	3.1E-4	1.3E+0	2.0E+2	1.5E-1	3.2E-1	3.7E-4	9.8E-3
990	3.2E-4	1.4E+0	2.0E+2	1.5E-1	3.2E-1	3.7E-4	9.9E-3
1000	3.2E-4	1.4E+0	2.0E+2	1.5E-1	3.2E-1	3.7E-4	9.9E-3
1010	3.2E-4	1.4E+0	2.0E+2	1.5E-1	3.2E-1	3.7E-4	9.9E-3
1020	3.2E-4	1.4E+0	2.1E+2	1.5E-1	3.2E-1	3.7E-4	9.9E-3
1030	3.2E-4	1.4E+0	2.1E+2	1.5E-1	3.2E-1	3.8E-4	9.9E-3
1040	3.2E-4	1.4E+0	2.1E+2	1.5E-1	3.2E-1	3.8E-4	9.9E-3
1050	3.2E-4	1.4E+0	2.1E+2	1.5E-1	3.2E-1	3.8E-4	1.0E-2
1060	3.2E-4	1.4E+0	2.1E+2	1.5E-1	3.2E-1	3.8E-4	1.0E-2
1070	3.2E-4	1.4E+0	2.1E+2	1.5E-1	3.3E-1	3.8E-4	1.0E-2
1080	3.2E-4	1.4E+0	2.1E+2	1.5E-1	3.3E-1	3.8E-4	1.0E-2
1090	3.2E-4	1.4E+0	2.1E+2	1.5E-1	3.3E-1	3.8E-4	1.0E-2
1095	3.2E-4	1.4E+0	2.1E+2	1.5E-1	3.3E-1	3.8E-4	1.0E-2
1100	3.2E-4	1.4E+0	2.1E+2	1.5E-1	3.3E-1	3.8E-4	1.0E-2
1200	3.3E-4	1.5E+0	2.2E+2	1.5E-1	3.3E-1	3.9E-4	1.0E-2
1300	3.4E-4	1.5E+0	2.3E+2	1.5E-1	3.3E-1	4.0E-4	1.0E-2
1400	3.5E-4	1.6E+0	2.4E+2	1.5E-1	3.3E-1	4.1E-4	1.1E-2
1500	3.5E-4	1.7E+0	2.5E+2	1.5E-1	3.3E-1	4.2E-4	1.1E-2
1600	3.6E-4	1.7E+0	2.6E+2	1.5E-1	3.3E-1	4.3E-4	1.1E-2
1700	3.7E-4	1.8E+0	2.7E+2	1.5E-1	3.3E-1	4.4E-4	1.1E-2
1800	3.8E-4	1.9E+0	2.8E+2	1.5E-1	3.3E-1	4.5E-4	1.1E-2
1900	3.8E-4	1.9E+0	2.9E+2	1.5E-1	3.4E-1	4.6E-4	1.2E-2
2000	3.9E-4	2.0E+0	3.0E+2	1.5E-1	3.4E-1	4.8E-4	1.2E-2
2100	4.0E-4	2.1E+0	3.1E+2	1.5E-1	3.4E-1	4.9E-4	1.2E-2
2200	4.1E-4	2.2E+0	3.3E+2	1.5E-1	3.4E-1	5.0E-4	1.2E-2
2300	4.1E-4	2.2E+0	3.4E+2	1.5E-1	3.4E-1	5.1E-4	1.2E-2
2400	4.2E-4	2.3E+0	3.5E+2	1.5E-1	3.4E-1	5.2E-4	1.3E-2
2500	4.3E-4	2.4E+0	3.6E+2	1.5E-1	3.4E-1	5.3E-4	1.3E-2
2600	4.4E-4	2.5E+0	3.8E+2	1.5E-1	3.4E-1	5.4E-4	1.3E-2
2700	4.5E-4	2.6E+0	3.9E+2	1.5E-1	3.4E-1	5.5E-4	1.3E-2
2800	4.5E-4	2.7E+0	4.1E+2	1.5E-1	3.4E-1	5.6E-4	1.4E-2
2900	4.6E-4	2.8E+0	4.2E+2	1.5E-1	3.4E-1	5.7E-4	1.4E-2
3000	4.7E-4	2.9E+0	4.3E+2	1.5E-1	3.4E-1	5.8E-4	1.4E-2
3100	4.8E-4	3.0E+0	4.5E+2	1.5E-1	3.4E-1	5.9E-4	1.4E-2
3200	4.8E-4	3.1E+0	4.7E+2	1.5E-1	3.4E-1	6.1E-4	1.5E-2
3300	4.9E-4	3.2E+0	4.8E+2	1.5E-1	3.4E-1	6.2E-4	1.5E-2
3400	5.0E-4	3.3E+0	5.0E+2	1.5E-1	3.4E-1	6.3E-4	1.5E-2
3500	5.1E-4	3.4E+0	5.1E+2	1.5E-1	3.4E-1	6.4E-4	1.6E-2
3600	5.1E-4	3.5E+0	5.3E+2	1.5E-1	3.4E-1	6.5E-4	1.6E-2
3650	5.2E-4	3.6E+0	5.4E+2	1.5E-1	3.4E-1	6.6E-4	1.6E-2
4000	5.4E-4	4.0E+0	6.0E+2	1.5E-1	3.5E-1	6.9E-4	1.7E-2
5000	6.2E-4	5.3E+0	8.0E+2	1.6E-1	3.5E-1	8.1E-4	2.1E-2
6000	6.9E-4	6.9E+0	1.0E+3	1.6E-1	3.6E-1	9.2E-4	2.5E-2
7000	7.6E-4	8.5E+0	1.3E+3	1.6E-1	3.7E-1	1.0E-3	3.0E-2
8000	8.2E-4	1.0E+1	1.5E+3	1.6E-1	3.7E-1	1.1E-3	3.6E-2
9000	8.9E-4	1.2E+1	1.8E+3	1.7E-1	3.8E-1	1.3E-3	4.3E-2
10000	9.6E-4	1.4E+1	2.0E+3	1.7E-1	3.9E-1	1.4E-3	5.2E-2
11000	1.0E-3	1.5E+1	2.3E+3	1.7E-1	3.9E-1	1.5E-3	6.2E-2
12000	1.1E-3	1.7E+1	2.5E+3	1.8E-1	4.0E-1	1.6E-3	7.5E-2
13000	1.2E-3	1.9E+1	2.8E+3	1.8E-1	4.1E-1	1.8E-3	9.0E-2
14000	1.2E-3	2.0E+1	3.1E+3	1.8E-1	4.1E-1	1.9E-3	1.1E-1
15000	1.3E-3	2.2E+1	3.3E+3	1.9E-1	4.2E-1	2.1E-3	1.3E-1
16000	1.4E-3	2.4E+1	3.6E+3	1.9E-1	4.3E-1	2.3E-3	1.6E-1
17000	1.5E-3	2.6E+1	3.9E+3	1.9E-1	4.4E-1	2.5E-3	1.9E-1
18000	1.6E-3	2.8E+1	4.2E+3	2.0E-1	4.5E-1	2.7E-3	2.2E-1
18250	1.6E-3	2.9E+1	4.3E+3	2.0E-1	4.5E-1	2.7E-3	2.3E-1
Radionuclide	U-235
Route of Intake	Inhalation
Material	Aerosols Intermediate Type F/M: Uranyl nitrate, uranium peroxide hydrate, ammonium diuranate, uranium trioxide, fA=1.6E-2
AMTD/AMAD, µm	0.01

Committed Effective Dose per Predicted Content in an Organ or Excreta Sample (Dose per Content Functions z(t)), Sv/Bq
Time, days	Whole Body	Urine (24-hour sample)	Faeces (24-hour sample)	Alimentary Tract*	Lungs*	Skeleton*	Liver*
0.041667	4.3E-6	-	-	4.8E-5	5.7E-6	1.8E-3	2.8E-3
0.083333	4.3E-6	-	-	4.0E-5	5.9E-6	8.5E-4	2.0E-3
0.125	4.4E-6	-	-	3.6E-5	6.2E-6	5.5E-4	1.7E-3
0.25	4.5E-6	-	-	2.9E-5	6.9E-6	2.6E-4	1.2E-3
0.375	4.8E-6	-	-	2.6E-5	7.7E-6	1.8E-4	1.0E-3
0.5	5.0E-6	-	-	2.4E-5	8.4E-6	1.4E-4	8.9E-4
0.625	5.2E-6	-	-	2.3E-5	9.3E-6	1.1E-4	8.0E-4
0.75	5.4E-6	-	-	2.3E-5	1.0E-5	9.8E-5	7.4E-4
0.875	5.7E-6	-	-	2.3E-5	1.1E-5	8.8E-5	7.0E-4
1	6.0E-6	2.0E-5	1.4E-4	2.3E-5	1.2E-5	8.0E-5	6.6E-4
1.125	6.2E-6	-	-	2.4E-5	1.3E-5	7.5E-5	6.4E-4
1.25	6.5E-6	-	-	2.5E-5	1.4E-5	7.1E-5	6.2E-4
1.375	6.8E-6	-	-	2.7E-5	1.5E-5	6.8E-5	6.0E-4
1.5	7.2E-6	-	-	2.8E-5	1.6E-5	6.5E-5	5.9E-4
1.625	7.5E-6	-	-	3.0E-5	1.7E-5	6.3E-5	5.8E-4
1.75	7.8E-6	-	-	3.3E-5	1.8E-5	6.2E-5	5.7E-4
1.875	8.2E-6	-	-	3.6E-5	1.9E-5	6.1E-5	5.6E-4
2	8.5E-6	3.9E-5	4.3E-5	3.9E-5	2.0E-5	6.0E-5	5.6E-4
2.25	9.2E-6	-	-	4.8E-5	2.2E-5	5.8E-5	5.6E-4
2.5	9.9E-6	-	-	5.9E-5	2.4E-5	5.7E-5	5.6E-4
2.75	1.0E-5	-	-	7.4E-5	2.6E-5	5.7E-5	5.6E-4
3	1.1E-5	9.2E-5	6.1E-5	9.2E-5	2.8E-5	5.6E-5	5.6E-4
3.25	1.2E-5	-	-	1.1E-4	2.9E-5	5.6E-5	5.7E-4
3.5	1.2E-5	-	-	1.4E-4	3.0E-5	5.6E-5	5.7E-4
3.75	1.3E-5	-	-	1.7E-4	3.1E-5	5.6E-5	5.8E-4
4	1.3E-5	1.8E-4	1.4E-4	2.1E-4	3.2E-5	5.7E-5	5.9E-4
4.25	1.3E-5	-	-	2.5E-4	3.3E-5	5.7E-5	6.0E-4
4.5	1.4E-5	-	-	3.0E-4	3.4E-5	5.7E-5	6.1E-4
4.75	1.4E-5	-	-	3.5E-4	3.5E-5	5.8E-5	6.2E-4
5	1.4E-5	2.9E-4	3.3E-4	4.0E-4	3.5E-5	5.8E-5	6.3E-4
5.5	1.5E-5	-	-	4.9E-4	3.6E-5	5.9E-5	6.6E-4
6	1.5E-5	3.9E-4	6.7E-4	5.9E-4	3.7E-5	6.0E-5	6.8E-4
6.5	1.5E-5	-	-	6.7E-4	3.8E-5	6.1E-5	7.1E-4
7	1.6E-5	4.6E-4	1.1E-3	7.5E-4	3.9E-5	6.2E-5	7.3E-4
7.5	1.6E-5	-	-	8.3E-4	3.9E-5	6.3E-5	7.6E-4
8	1.6E-5	5.2E-4	1.5E-3	9.1E-4	4.0E-5	6.4E-5	7.9E-4
8.5	1.7E-5	-	-	1.0E-3	4.0E-5	6.4E-5	8.2E-4
9	1.7E-5	5.7E-4	1.8E-3	1.1E-3	4.1E-5	6.5E-5	8.5E-4
9.5	1.7E-5	-	-	1.2E-3	4.1E-5	6.6E-5	8.8E-4
10	1.8E-5	6.2E-4	2.2E-3	1.3E-3	4.2E-5	6.7E-5	9.1E-4
11	1.8E-5	6.7E-4	2.7E-3	1.5E-3	4.3E-5	6.9E-5	9.7E-4
12	1.9E-5	7.3E-4	3.2E-3	1.7E-3	4.4E-5	7.0E-5	1.0E-3
13	1.9E-5	7.8E-4	3.9E-3	1.9E-3	4.5E-5	7.1E-5	1.1E-3
14	2.0E-5	8.4E-4	4.6E-3	2.2E-3	4.5E-5	7.3E-5	1.2E-3
15	2.0E-5	9.0E-4	5.4E-3	2.4E-3	4.6E-5	7.4E-5	1.3E-3
16	2.1E-5	9.6E-4	6.3E-3	2.7E-3	4.7E-5	7.5E-5	1.3E-3
17	2.1E-5	1.0E-3	7.4E-3	3.0E-3	4.7E-5	7.6E-5	1.4E-3
18	2.2E-5	1.1E-3	8.5E-3	3.2E-3	4.8E-5	7.7E-5	1.5E-3
19	2.2E-5	1.2E-3	9.7E-3	3.5E-3	4.9E-5	7.8E-5	1.6E-3
20	2.3E-5	1.2E-3	1.1E-2	3.7E-3	5.0E-5	7.8E-5	1.7E-3
21	2.3E-5	1.3E-3	1.2E-2	4.0E-3	5.0E-5	7.9E-5	1.8E-3
22	2.4E-5	1.4E-3	1.4E-2	4.2E-3	5.1E-5	8.0E-5	1.9E-3
23	2.4E-5	1.4E-3	1.5E-2	4.4E-3	5.2E-5	8.1E-5	2.0E-3
24	2.5E-5	1.5E-3	1.6E-2	4.7E-3	5.2E-5	8.1E-5	2.0E-3
25	2.5E-5	1.6E-3	1.7E-2	4.9E-3	5.3E-5	8.2E-5	2.1E-3
26	2.5E-5	1.7E-3	1.9E-2	5.1E-3	5.3E-5	8.3E-5	2.2E-3
27	2.6E-5	1.7E-3	2.0E-2	5.3E-3	5.4E-5	8.3E-5	2.3E-3
28	2.6E-5	1.8E-3	2.1E-2	5.4E-3	5.5E-5	8.4E-5	2.4E-3
29	2.7E-5	1.9E-3	2.2E-2	5.6E-3	5.6E-5	8.4E-5	2.5E-3
30	2.7E-5	2.0E-3	2.3E-2	5.8E-3	5.6E-5	8.5E-5	2.6E-3
31	2.7E-5	2.1E-3	2.4E-2	6.0E-3	5.7E-5	8.5E-5	2.7E-3
32	2.8E-5	2.1E-3	2.5E-2	6.1E-3	5.8E-5	8.6E-5	2.8E-3
33	2.8E-5	2.2E-3	2.5E-2	6.3E-3	5.8E-5	8.6E-5	2.8E-3
34	2.9E-5	2.3E-3	2.6E-2	6.4E-3	5.9E-5	8.7E-5	2.9E-3
35	2.9E-5	2.4E-3	2.7E-2	6.6E-3	6.0E-5	8.7E-5	3.0E-3
36	2.9E-5	2.5E-3	2.8E-2	6.7E-3	6.0E-5	8.8E-5	3.1E-3
37	3.0E-5	2.5E-3	2.8E-2	6.9E-3	6.1E-5	8.8E-5	3.2E-3
38	3.0E-5	2.6E-3	2.9E-2	7.0E-3	6.2E-5	8.8E-5	3.2E-3
39	3.1E-5	2.7E-3	2.9E-2	7.2E-3	6.3E-5	8.9E-5	3.3E-3
40	3.1E-5	2.8E-3	3.0E-2	7.3E-3	6.3E-5	8.9E-5	3.3E-3
41	3.1E-5	2.8E-3	3.0E-2	7.5E-3	6.4E-5	9.0E-5	3.4E-3
42	3.2E-5	2.9E-3	3.1E-2	7.6E-3	6.5E-5	9.0E-5	3.5E-3
43	3.2E-5	3.0E-3	3.1E-2	7.8E-3	6.6E-5	9.1E-5	3.5E-3
44	3.2E-5	3.1E-3	3.2E-2	7.9E-3	6.6E-5	9.1E-5	3.6E-3
45	3.3E-5	3.2E-3	3.2E-2	8.1E-3	6.7E-5	9.1E-5	3.6E-3
46	3.3E-5	3.2E-3	3.3E-2	8.2E-3	6.8E-5	9.2E-5	3.7E-3
47	3.3E-5	3.3E-3	3.3E-2	8.4E-3	6.9E-5	9.2E-5	3.7E-3
48	3.4E-5	3.4E-3	3.4E-2	8.5E-3	7.0E-5	9.3E-5	3.8E-3
49	3.4E-5	3.5E-3	3.4E-2	8.7E-3	7.1E-5	9.3E-5	3.8E-3
50	3.5E-5	3.5E-3	3.5E-2	8.9E-3	7.1E-5	9.4E-5	3.8E-3
51	3.5E-5	3.6E-3	3.5E-2	9.0E-3	7.2E-5	9.4E-5	3.9E-3
52	3.5E-5	3.7E-3	3.6E-2	9.2E-3	7.3E-5	9.4E-5	3.9E-3
53	3.6E-5	3.8E-3	3.6E-2	9.3E-3	7.4E-5	9.5E-5	3.9E-3
54	3.6E-5	3.8E-3	3.7E-2	9.5E-3	7.5E-5	9.5E-5	4.0E-3
55	3.6E-5	3.9E-3	3.7E-2	9.7E-3	7.6E-5	9.6E-5	4.0E-3
56	3.7E-5	4.0E-3	3.8E-2	9.8E-3	7.7E-5	9.6E-5	4.0E-3
57	3.7E-5	4.1E-3	3.8E-2	1.0E-2	7.8E-5	9.6E-5	4.0E-3
58	3.8E-5	4.1E-3	3.9E-2	1.0E-2	7.9E-5	9.7E-5	4.1E-3
59	3.8E-5	4.2E-3	3.9E-2	1.0E-2	8.0E-5	9.7E-5	4.1E-3
60	3.8E-5	4.3E-3	4.0E-2	1.1E-2	8.0E-5	9.8E-5	4.1E-3
61	3.9E-5	4.4E-3	4.0E-2	1.1E-2	8.1E-5	9.8E-5	4.1E-3
62	3.9E-5	4.5E-3	4.1E-2	1.1E-2	8.2E-5	9.8E-5	4.1E-3
63	3.9E-5	4.5E-3	4.1E-2	1.1E-2	8.3E-5	9.9E-5	4.2E-3
64	4.0E-5	4.6E-3	4.2E-2	1.1E-2	8.4E-5	9.9E-5	4.2E-3
65	4.0E-5	4.7E-3	4.2E-2	1.1E-2	8.5E-5	1.0E-4	4.2E-3
66	4.1E-5	4.8E-3	4.3E-2	1.2E-2	8.6E-5	1.0E-4	4.2E-3
67	4.1E-5	4.8E-3	4.4E-2	1.2E-2	8.7E-5	1.0E-4	4.2E-3
68	4.1E-5	4.9E-3	4.4E-2	1.2E-2	8.9E-5	1.0E-4	4.2E-3
69	4.2E-5	5.0E-3	4.5E-2	1.2E-2	9.0E-5	1.0E-4	4.3E-3
70	4.2E-5	5.1E-3	4.5E-2	1.2E-2	9.1E-5	1.0E-4	4.3E-3
71	4.2E-5	5.2E-3	4.6E-2	1.3E-2	9.2E-5	1.0E-4	4.3E-3
72	4.3E-5	5.2E-3	4.6E-2	1.3E-2	9.3E-5	1.0E-4	4.3E-3
73	4.3E-5	5.3E-3	4.7E-2	1.3E-2	9.4E-5	1.0E-4	4.3E-3
74	4.4E-5	5.4E-3	4.8E-2	1.3E-2	9.5E-5	1.0E-4	4.3E-3
75	4.4E-5	5.5E-3	4.8E-2	1.3E-2	9.6E-5	1.0E-4	4.3E-3
76	4.4E-5	5.6E-3	4.9E-2	1.4E-2	9.7E-5	1.0E-4	4.3E-3
77	4.5E-5	5.7E-3	5.0E-2	1.4E-2	9.8E-5	1.0E-4	4.3E-3
78	4.5E-5	5.7E-3	5.0E-2	1.4E-2	1.0E-4	1.1E-4	4.4E-3
79	4.6E-5	5.8E-3	5.1E-2	1.4E-2	1.0E-4	1.1E-4	4.4E-3
80	4.6E-5	5.9E-3	5.2E-2	1.4E-2	1.0E-4	1.1E-4	4.4E-3
81	4.6E-5	6.0E-3	5.2E-2	1.5E-2	1.0E-4	1.1E-4	4.4E-3
82	4.7E-5	6.1E-3	5.3E-2	1.5E-2	1.0E-4	1.1E-4	4.4E-3
83	4.7E-5	6.2E-3	5.4E-2	1.5E-2	1.1E-4	1.1E-4	4.4E-3
84	4.8E-5	6.3E-3	5.4E-2	1.5E-2	1.1E-4	1.1E-4	4.4E-3
85	4.8E-5	6.4E-3	5.5E-2	1.5E-2	1.1E-4	1.1E-4	4.4E-3
86	4.8E-5	6.4E-3	5.6E-2	1.6E-2	1.1E-4	1.1E-4	4.4E-3
87	4.9E-5	6.5E-3	5.7E-2	1.6E-2	1.1E-4	1.1E-4	4.4E-3
88	4.9E-5	6.6E-3	5.7E-2	1.6E-2	1.1E-4	1.1E-4	4.4E-3
89	5.0E-5	6.7E-3	5.8E-2	1.6E-2	1.1E-4	1.1E-4	4.4E-3
90	5.0E-5	6.8E-3	5.9E-2	1.6E-2	1.1E-4	1.1E-4	4.4E-3
91	5.0E-5	6.9E-3	6.0E-2	1.7E-2	1.2E-4	1.1E-4	4.5E-3
92	5.1E-5	7.0E-3	6.0E-2	1.7E-2	1.2E-4	1.1E-4	4.5E-3
93	5.1E-5	7.1E-3	6.1E-2	1.7E-2	1.2E-4	1.1E-4	4.5E-3
94	5.2E-5	7.2E-3	6.2E-2	1.7E-2	1.2E-4	1.1E-4	4.5E-3
95	5.2E-5	7.3E-3	6.3E-2	1.8E-2	1.2E-4	1.1E-4	4.5E-3
96	5.2E-5	7.4E-3	6.4E-2	1.8E-2	1.2E-4	1.1E-4	4.5E-3
97	5.3E-5	7.5E-3	6.4E-2	1.8E-2	1.2E-4	1.1E-4	4.5E-3
98	5.3E-5	7.6E-3	6.5E-2	1.8E-2	1.3E-4	1.1E-4	4.5E-3
99	5.4E-5	7.7E-3	6.6E-2	1.9E-2	1.3E-4	1.1E-4	4.5E-3
100	5.4E-5	7.8E-3	6.7E-2	1.9E-2	1.3E-4	1.1E-4	4.5E-3
110	5.8E-5	8.9E-3	7.6E-2	2.1E-2	1.5E-4	1.2E-4	4.6E-3
120	6.3E-5	1.0E-2	8.7E-2	2.4E-2	1.6E-4	1.2E-4	4.6E-3
130	6.7E-5	1.1E-2	9.9E-2	2.6E-2	1.8E-4	1.3E-4	4.6E-3
140	7.1E-5	1.3E-2	1.1E-1	2.9E-2	2.1E-4	1.3E-4	4.7E-3
150	7.6E-5	1.5E-2	1.3E-1	3.2E-2	2.3E-4	1.3E-4	4.7E-3
160	8.0E-5	1.6E-2	1.5E-1	3.4E-2	2.6E-4	1.4E-4	4.7E-3
170	8.4E-5	1.8E-2	1.7E-1	3.7E-2	2.9E-4	1.4E-4	4.7E-3
180	8.9E-5	2.1E-2	1.9E-1	4.0E-2	3.3E-4	1.4E-4	4.8E-3
190	9.3E-5	2.3E-2	2.1E-1	4.3E-2	3.7E-4	1.4E-4	4.8E-3
200	9.7E-5	2.6E-2	2.4E-1	4.5E-2	4.2E-4	1.5E-4	4.8E-3
210	1.0E-4	2.9E-2	2.8E-1	4.8E-2	4.7E-4	1.5E-4	4.8E-3
220	1.0E-4	3.2E-2	3.2E-1	5.1E-2	5.2E-4	1.5E-4	4.8E-3
230	1.1E-4	3.6E-2	3.6E-1	5.3E-2	5.9E-4	1.5E-4	4.8E-3
240	1.1E-4	4.0E-2	4.1E-1	5.5E-2	6.6E-4	1.6E-4	4.9E-3
250	1.2E-4	4.4E-2	4.6E-1	5.8E-2	7.4E-4	1.6E-4	4.9E-3
260	1.2E-4	4.9E-2	5.3E-1	6.0E-2	8.3E-4	1.6E-4	4.9E-3
270	1.2E-4	5.5E-2	6.0E-1	6.2E-2	9.3E-4	1.6E-4	4.9E-3
280	1.2E-4	6.1E-2	6.8E-1	6.4E-2	1.0E-3	1.6E-4	4.9E-3
290	1.3E-4	6.7E-2	7.8E-1	6.6E-2	1.2E-3	1.6E-4	4.9E-3
300	1.3E-4	7.4E-2	8.8E-1	6.7E-2	1.3E-3	1.7E-4	4.9E-3
310	1.3E-4	8.2E-2	1.0E+0	6.9E-2	1.5E-3	1.7E-4	5.0E-3
320	1.3E-4	9.0E-2	1.1E+0	7.0E-2	1.6E-3	1.7E-4	5.0E-3
330	1.4E-4	9.9E-2	1.3E+0	7.1E-2	1.8E-3	1.7E-4	5.0E-3
340	1.4E-4	1.1E-1	1.5E+0	7.2E-2	2.0E-3	1.7E-4	5.0E-3
350	1.4E-4	1.2E-1	1.7E+0	7.4E-2	2.3E-3	1.7E-4	5.0E-3
360	1.4E-4	1.3E-1	1.9E+0	7.4E-2	2.5E-3	1.7E-4	5.0E-3
365	1.4E-4	1.4E-1	2.0E+0	7.5E-2	2.7E-3	1.7E-4	5.0E-3
370	1.4E-4	1.4E-1	2.1E+0	7.5E-2	2.8E-3	1.7E-4	5.0E-3
380	1.4E-4	1.5E-1	2.4E+0	7.6E-2	3.2E-3	1.8E-4	5.0E-3
390	1.5E-4	1.7E-1	2.7E+0	7.7E-2	3.5E-3	1.8E-4	5.0E-3
400	1.5E-4	1.8E-1	3.1E+0	7.7E-2	4.0E-3	1.8E-4	5.0E-3
410	1.5E-4	2.0E-1	3.5E+0	7.8E-2	4.4E-3	1.8E-4	5.1E-3
420	1.5E-4	2.1E-1	4.0E+0	7.9E-2	4.9E-3	1.8E-4	5.1E-3
430	1.5E-4	2.3E-1	4.5E+0	7.9E-2	5.5E-3	1.8E-4	5.1E-3
440	1.5E-4	2.5E-1	5.1E+0	7.9E-2	6.1E-3	1.8E-4	5.1E-3
450	1.5E-4	2.6E-1	5.7E+0	8.0E-2	6.8E-3	1.8E-4	5.1E-3
460	1.5E-4	2.8E-1	6.5E+0	8.0E-2	7.5E-3	1.8E-4	5.1E-3
470	1.5E-4	3.0E-1	7.3E+0	8.0E-2	8.4E-3	1.8E-4	5.1E-3
480	1.5E-4	3.1E-1	8.2E+0	8.1E-2	9.3E-3	1.8E-4	5.1E-3
490	1.6E-4	3.3E-1	9.2E+0	8.1E-2	1.0E-2	1.8E-4	5.1E-3
500	1.6E-4	3.5E-1	1.0E+1	8.1E-2	1.1E-2	1.8E-4	5.1E-3
510	1.6E-4	3.7E-1	1.2E+1	8.1E-2	1.3E-2	1.9E-4	5.2E-3
520	1.6E-4	3.9E-1	1.3E+1	8.1E-2	1.4E-2	1.9E-4	5.2E-3
530	1.6E-4	4.0E-1	1.4E+1	8.2E-2	1.5E-2	1.9E-4	5.2E-3
540	1.6E-4	4.2E-1	1.6E+1	8.2E-2	1.7E-2	1.9E-4	5.2E-3
550	1.6E-4	4.4E-1	1.8E+1	8.2E-2	1.9E-2	1.9E-4	5.2E-3
560	1.6E-4	4.5E-1	2.0E+1	8.2E-2	2.1E-2	1.9E-4	5.2E-3
570	1.6E-4	4.7E-1	2.2E+1	8.2E-2	2.3E-2	1.9E-4	5.2E-3
580	1.6E-4	4.9E-1	2.4E+1	8.2E-2	2.5E-2	1.9E-4	5.2E-3
590	1.6E-4	5.0E-1	2.7E+1	8.2E-2	2.8E-2	1.9E-4	5.2E-3
600	1.6E-4	5.1E-1	2.9E+1	8.2E-2	3.0E-2	1.9E-4	5.2E-3
610	1.6E-4	5.3E-1	3.2E+1	8.2E-2	3.3E-2	1.9E-4	5.3E-3
620	1.6E-4	5.4E-1	3.5E+1	8.2E-2	3.6E-2	1.9E-4	5.3E-3
630	1.6E-4	5.5E-1	3.8E+1	8.3E-2	3.9E-2	1.9E-4	5.3E-3
640	1.6E-4	5.7E-1	4.1E+1	8.3E-2	4.3E-2	1.9E-4	5.3E-3
650	1.6E-4	5.8E-1	4.4E+1	8.3E-2	4.6E-2	1.9E-4	5.3E-3
660	1.7E-4	5.9E-1	4.8E+1	8.3E-2	5.0E-2	1.9E-4	5.3E-3
670	1.7E-4	6.0E-1	5.1E+1	8.3E-2	5.4E-2	1.9E-4	5.3E-3
680	1.7E-4	6.1E-1	5.4E+1	8.3E-2	5.8E-2	2.0E-4	5.3E-3
690	1.7E-4	6.2E-1	5.8E+1	8.3E-2	6.3E-2	2.0E-4	5.3E-3
700	1.7E-4	6.2E-1	6.1E+1	8.3E-2	6.7E-2	2.0E-4	5.3E-3
710	1.7E-4	6.3E-1	6.4E+1	8.3E-2	7.2E-2	2.0E-4	5.3E-3
720	1.7E-4	6.4E-1	6.8E+1	8.3E-2	7.7E-2	2.0E-4	5.4E-3
730	1.7E-4	6.5E-1	7.1E+1	8.3E-2	8.1E-2	2.0E-4	5.4E-3
740	1.7E-4	6.5E-1	7.4E+1	8.3E-2	8.6E-2	2.0E-4	5.4E-3
750	1.7E-4	6.6E-1	7.7E+1	8.3E-2	9.1E-2	2.0E-4	5.4E-3
760	1.7E-4	6.7E-1	7.9E+1	8.3E-2	9.6E-2	2.0E-4	5.4E-3
770	1.7E-4	6.7E-1	8.2E+1	8.3E-2	1.0E-1	2.0E-4	5.4E-3
780	1.7E-4	6.8E-1	8.5E+1	8.3E-2	1.1E-1	2.0E-4	5.4E-3
790	1.7E-4	6.9E-1	8.7E+1	8.3E-2	1.1E-1	2.0E-4	5.4E-3
800	1.7E-4	6.9E-1	8.9E+1	8.3E-2	1.2E-1	2.0E-4	5.4E-3
810	1.7E-4	7.0E-1	9.2E+1	8.3E-2	1.2E-1	2.0E-4	5.4E-3
820	1.7E-4	7.0E-1	9.4E+1	8.3E-2	1.2E-1	2.0E-4	5.5E-3
830	1.7E-4	7.1E-1	9.5E+1	8.3E-2	1.3E-1	2.0E-4	5.5E-3
840	1.7E-4	7.1E-1	9.7E+1	8.3E-2	1.3E-1	2.0E-4	5.5E-3
850	1.7E-4	7.1E-1	9.9E+1	8.3E-2	1.4E-1	2.0E-4	5.5E-3
860	1.7E-4	7.2E-1	1.0E+2	8.3E-2	1.4E-1	2.0E-4	5.5E-3
870	1.7E-4	7.2E-1	1.0E+2	8.3E-2	1.4E-1	2.1E-4	5.5E-3
880	1.8E-4	7.3E-1	1.0E+2	8.3E-2	1.5E-1	2.1E-4	5.5E-3
890	1.8E-4	7.3E-1	1.0E+2	8.3E-2	1.5E-1	2.1E-4	5.5E-3
900	1.8E-4	7.4E-1	1.1E+2	8.3E-2	1.5E-1	2.1E-4	5.5E-3
910	1.8E-4	7.4E-1	1.1E+2	8.3E-2	1.6E-1	2.1E-4	5.5E-3
920	1.8E-4	7.4E-1	1.1E+2	8.3E-2	1.6E-1	2.1E-4	5.6E-3
930	1.8E-4	7.5E-1	1.1E+2	8.3E-2	1.6E-1	2.1E-4	5.6E-3
940	1.8E-4	7.5E-1	1.1E+2	8.3E-2	1.6E-1	2.1E-4	5.6E-3
950	1.8E-4	7.5E-1	1.1E+2	8.3E-2	1.7E-1	2.1E-4	5.6E-3
960	1.8E-4	7.6E-1	1.1E+2	8.3E-2	1.7E-1	2.1E-4	5.6E-3
970	1.8E-4	7.6E-1	1.1E+2	8.3E-2	1.7E-1	2.1E-4	5.6E-3
980	1.8E-4	7.6E-1	1.1E+2	8.3E-2	1.7E-1	2.1E-4	5.6E-3
990	1.8E-4	7.7E-1	1.1E+2	8.3E-2	1.7E-1	2.1E-4	5.6E-3
1000	1.8E-4	7.7E-1	1.1E+2	8.3E-2	1.8E-1	2.1E-4	5.6E-3
1010	1.8E-4	7.8E-1	1.2E+2	8.3E-2	1.8E-1	2.1E-4	5.6E-3
1020	1.8E-4	7.8E-1	1.2E+2	8.3E-2	1.8E-1	2.1E-4	5.7E-3
1030	1.8E-4	7.8E-1	1.2E+2	8.3E-2	1.8E-1	2.1E-4	5.7E-3
1040	1.8E-4	7.9E-1	1.2E+2	8.3E-2	1.8E-1	2.1E-4	5.7E-3
1050	1.8E-4	7.9E-1	1.2E+2	8.3E-2	1.8E-1	2.2E-4	5.7E-3
1060	1.8E-4	7.9E-1	1.2E+2	8.3E-2	1.8E-1	2.2E-4	5.7E-3
1070	1.8E-4	8.0E-1	1.2E+2	8.3E-2	1.8E-1	2.2E-4	5.7E-3
1080	1.8E-4	8.0E-1	1.2E+2	8.3E-2	1.8E-1	2.2E-4	5.7E-3
1090	1.8E-4	8.0E-1	1.2E+2	8.3E-2	1.8E-1	2.2E-4	5.7E-3
1095	1.8E-4	8.0E-1	1.2E+2	8.3E-2	1.8E-1	2.2E-4	5.7E-3
1100	1.8E-4	8.1E-1	1.2E+2	8.3E-2	1.8E-1	2.2E-4	5.7E-3
1200	1.9E-4	8.4E-1	1.3E+2	8.3E-2	1.9E-1	2.2E-4	5.8E-3
1300	1.9E-4	8.7E-1	1.3E+2	8.4E-2	1.9E-1	2.3E-4	5.9E-3
1400	2.0E-4	9.1E-1	1.4E+2	8.4E-2	1.9E-1	2.4E-4	6.1E-3
1500	2.0E-4	9.5E-1	1.4E+2	8.4E-2	1.9E-1	2.4E-4	6.2E-3
1600	2.1E-4	9.8E-1	1.5E+2	8.4E-2	1.9E-1	2.5E-4	6.3E-3
1700	2.1E-4	1.0E+0	1.5E+2	8.4E-2	1.9E-1	2.5E-4	6.4E-3
1800	2.1E-4	1.1E+0	1.6E+2	8.4E-2	1.9E-1	2.6E-4	6.5E-3
1900	2.2E-4	1.1E+0	1.7E+2	8.4E-2	1.9E-1	2.7E-4	6.6E-3
2000	2.2E-4	1.1E+0	1.7E+2	8.4E-2	1.9E-1	2.7E-4	6.8E-3
2100	2.3E-4	1.2E+0	1.8E+2	8.5E-2	1.9E-1	2.8E-4	6.9E-3
2200	2.3E-4	1.2E+0	1.9E+2	8.5E-2	1.9E-1	2.8E-4	7.0E-3
2300	2.4E-4	1.3E+0	1.9E+2	8.5E-2	1.9E-1	2.9E-4	7.1E-3
2400	2.4E-4	1.3E+0	2.0E+2	8.5E-2	1.9E-1	3.0E-4	7.3E-3
2500	2.5E-4	1.4E+0	2.1E+2	8.5E-2	1.9E-1	3.0E-4	7.4E-3
2600	2.5E-4	1.4E+0	2.2E+2	8.5E-2	1.9E-1	3.1E-4	7.5E-3
2700	2.5E-4	1.5E+0	2.2E+2	8.5E-2	1.9E-1	3.1E-4	7.7E-3
2800	2.6E-4	1.5E+0	2.3E+2	8.5E-2	1.9E-1	3.2E-4	7.8E-3
2900	2.6E-4	1.6E+0	2.4E+2	8.6E-2	1.9E-1	3.3E-4	8.0E-3
3000	2.7E-4	1.6E+0	2.5E+2	8.6E-2	1.9E-1	3.3E-4	8.1E-3
3100	2.7E-4	1.7E+0	2.6E+2	8.6E-2	2.0E-1	3.4E-4	8.3E-3
3200	2.8E-4	1.8E+0	2.7E+2	8.6E-2	2.0E-1	3.5E-4	8.4E-3
3300	2.8E-4	1.8E+0	2.7E+2	8.6E-2	2.0E-1	3.5E-4	8.6E-3
3400	2.8E-4	1.9E+0	2.8E+2	8.6E-2	2.0E-1	3.6E-4	8.7E-3
3500	2.9E-4	1.9E+0	2.9E+2	8.6E-2	2.0E-1	3.6E-4	8.9E-3
3600	2.9E-4	2.0E+0	3.0E+2	8.7E-2	2.0E-1	3.7E-4	9.0E-3
3650	3.0E-4	2.0E+0	3.1E+2	8.7E-2	2.0E-1	3.7E-4	9.1E-3
4000	3.1E-4	2.3E+0	3.4E+2	8.7E-2	2.0E-1	4.0E-4	9.7E-3
5000	3.5E-4	3.0E+0	4.6E+2	8.9E-2	2.0E-1	4.6E-4	1.2E-2
6000	3.9E-4	3.9E+0	5.9E+2	9.0E-2	2.0E-1	5.2E-4	1.4E-2
7000	4.3E-4	4.8E+0	7.3E+2	9.2E-2	2.1E-1	5.9E-4	1.7E-2
8000	4.7E-4	5.8E+0	8.7E+2	9.3E-2	2.1E-1	6.5E-4	2.0E-2
9000	5.1E-4	6.8E+0	1.0E+3	9.5E-2	2.2E-1	7.2E-4	2.5E-2
10000	5.5E-4	7.7E+0	1.2E+3	9.7E-2	2.2E-1	7.8E-4	3.0E-2
11000	5.9E-4	8.7E+0	1.3E+3	9.9E-2	2.2E-1	8.6E-4	3.6E-2
12000	6.3E-4	9.6E+0	1.5E+3	1.0E-1	2.3E-1	9.3E-4	4.3E-2
13000	6.7E-4	1.1E+1	1.6E+3	1.0E-1	2.3E-1	1.0E-3	5.1E-2
14000	7.1E-4	1.2E+1	1.7E+3	1.0E-1	2.4E-1	1.1E-3	6.2E-2
15000	7.6E-4	1.3E+1	1.9E+3	1.1E-1	2.4E-1	1.2E-3	7.4E-2
16000	8.0E-4	1.4E+1	2.1E+3	1.1E-1	2.5E-1	1.3E-3	8.9E-2
17000	8.5E-4	1.5E+1	2.2E+3	1.1E-1	2.5E-1	1.4E-3	1.1E-1
18000	9.0E-4	1.6E+1	2.4E+3	1.1E-1	2.5E-1	1.5E-3	1.3E-1
18250	9.1E-4	1.6E+1	2.5E+3	1.1E-1	2.6E-1	1.6E-3	1.3E-1
Radionuclide	U-235
Route of Intake	Inhalation
Material	Aerosols Intermediate Type F/M: Uranyl nitrate, uranium peroxide hydrate, ammonium diuranate, uranium trioxide, fA=1.6E-2
AMTD/AMAD, µm	0.03

Committed Effective Dose per Predicted Content in an Organ or Excreta Sample (Dose per Content Functions z(t)), Sv/Bq
Time, days	Whole Body	Urine (24-hour sample)	Faeces (24-hour sample)	Alimentary Tract*	Lungs*	Skeleton*	Liver*
0.041667	4.1E-6	-	-	6.9E-5	5.0E-6	1.6E-3	2.5E-3
0.083333	4.2E-6	-	-	5.7E-5	5.2E-6	7.6E-4	1.8E-3
0.125	4.2E-6	-	-	5.1E-5	5.4E-6	4.8E-4	1.5E-3
0.25	4.4E-6	-	-	4.1E-5	6.0E-6	2.3E-4	1.1E-3
0.375	4.6E-6	-	-	3.7E-5	6.6E-6	1.5E-4	9.0E-4
0.5	4.8E-6	-	-	3.4E-5	7.3E-6	1.2E-4	7.8E-4
0.625	5.0E-6	-	-	3.3E-5	8.0E-6	9.8E-5	7.0E-4
0.75	5.2E-6	-	-	3.2E-5	8.7E-6	8.5E-5	6.5E-4
0.875	5.5E-6	-	-	3.2E-5	9.5E-6	7.6E-5	6.1E-4
1	5.7E-6	1.7E-5	2.0E-4	3.2E-5	1.0E-5	7.0E-5	5.7E-4
1.125	6.0E-6	-	-	3.4E-5	1.1E-5	6.5E-5	5.5E-4
1.25	6.3E-6	-	-	3.5E-5	1.2E-5	6.2E-5	5.3E-4
1.375	6.5E-6	-	-	3.7E-5	1.3E-5	5.9E-5	5.2E-4
1.5	6.8E-6	-	-	3.9E-5	1.4E-5	5.7E-5	5.1E-4
1.625	7.1E-6	-	-	4.2E-5	1.5E-5	5.5E-5	5.0E-4
1.75	7.3E-6	-	-	4.6E-5	1.5E-5	5.3E-5	4.9E-4
1.875	7.6E-6	-	-	5.0E-5	1.6E-5	5.2E-5	4.9E-4
2	7.9E-6	3.3E-5	6.1E-5	5.4E-5	1.7E-5	5.1E-5	4.8E-4
2.25	8.4E-6	-	-	6.6E-5	1.9E-5	5.0E-5	4.8E-4
2.5	8.9E-6	-	-	8.0E-5	2.0E-5	4.9E-5	4.8E-4
2.75	9.4E-6	-	-	9.9E-5	2.2E-5	4.9E-5	4.8E-4
3	9.8E-6	7.7E-5	8.4E-5	1.2E-4	2.3E-5	4.8E-5	4.8E-4
3.25	1.0E-5	-	-	1.5E-4	2.4E-5	4.8E-5	4.9E-4
3.5	1.1E-5	-	-	1.9E-4	2.5E-5	4.8E-5	4.9E-4
3.75	1.1E-5	-	-	2.3E-4	2.6E-5	4.8E-5	5.0E-4
4	1.1E-5	1.5E-4	1.9E-4	2.7E-4	2.7E-5	4.9E-5	5.1E-4
4.25	1.1E-5	-	-	3.2E-4	2.7E-5	4.9E-5	5.2E-4
4.5	1.2E-5	-	-	3.8E-4	2.8E-5	4.9E-5	5.2E-4
4.75	1.2E-5	-	-	4.3E-4	2.8E-5	4.9E-5	5.3E-4
5	1.2E-5	2.5E-4	4.3E-4	4.9E-4	2.9E-5	5.0E-5	5.4E-4
5.5	1.2E-5	-	-	5.9E-4	2.9E-5	5.1E-5	5.6E-4
6	1.3E-5	3.3E-4	8.6E-4	6.9E-4	3.0E-5	5.1E-5	5.8E-4
6.5	1.3E-5	-	-	7.9E-4	3.0E-5	5.2E-5	6.1E-4
7	1.3E-5	3.9E-4	1.3E-3	8.7E-4	3.1E-5	5.3E-5	6.3E-4
7.5	1.3E-5	-	-	9.6E-4	3.1E-5	5.4E-5	6.5E-4
8	1.4E-5	4.4E-4	1.8E-3	1.0E-3	3.2E-5	5.5E-5	6.8E-4
8.5	1.4E-5	-	-	1.1E-3	3.2E-5	5.5E-5	7.0E-4
9	1.4E-5	4.9E-4	2.2E-3	1.2E-3	3.2E-5	5.6E-5	7.3E-4
9.5	1.4E-5	-	-	1.3E-3	3.3E-5	5.7E-5	7.5E-4
10	1.5E-5	5.3E-4	2.7E-3	1.4E-3	3.3E-5	5.7E-5	7.8E-4
11	1.5E-5	5.7E-4	3.2E-3	1.6E-3	3.3E-5	5.9E-5	8.3E-4
12	1.5E-5	6.2E-4	3.8E-3	1.8E-3	3.4E-5	6.0E-5	8.9E-4
13	1.6E-5	6.6E-4	4.5E-3	2.0E-3	3.5E-5	6.1E-5	9.5E-4
14	1.6E-5	7.1E-4	5.2E-3	2.2E-3	3.5E-5	6.2E-5	1.0E-3
15	1.7E-5	7.6E-4	6.0E-3	2.4E-3	3.6E-5	6.3E-5	1.1E-3
16	1.7E-5	8.1E-4	6.9E-3	2.6E-3	3.6E-5	6.4E-5	1.1E-3
17	1.7E-5	8.6E-4	7.8E-3	2.8E-3	3.7E-5	6.5E-5	1.2E-3
18	1.8E-5	9.1E-4	8.8E-3	3.0E-3	3.7E-5	6.6E-5	1.3E-3
19	1.8E-5	9.7E-4	9.7E-3	3.2E-3	3.8E-5	6.7E-5	1.4E-3
20	1.9E-5	1.0E-3	1.1E-2	3.4E-3	3.8E-5	6.7E-5	1.4E-3
21	1.9E-5	1.1E-3	1.2E-2	3.5E-3	3.9E-5	6.8E-5	1.5E-3
22	1.9E-5	1.1E-3	1.3E-2	3.7E-3	3.9E-5	6.8E-5	1.6E-3
23	2.0E-5	1.2E-3	1.4E-2	3.9E-3	4.0E-5	6.9E-5	1.7E-3
24	2.0E-5	1.3E-3	1.4E-2	4.0E-3	4.0E-5	7.0E-5	1.7E-3
25	2.0E-5	1.3E-3	1.5E-2	4.2E-3	4.1E-5	7.0E-5	1.8E-3
26	2.1E-5	1.4E-3	1.6E-2	4.3E-3	4.1E-5	7.1E-5	1.9E-3
27	2.1E-5	1.4E-3	1.7E-2	4.4E-3	4.2E-5	7.1E-5	2.0E-3
28	2.1E-5	1.5E-3	1.8E-2	4.6E-3	4.2E-5	7.2E-5	2.1E-3
29	2.2E-5	1.6E-3	1.8E-2	4.7E-3	4.3E-5	7.2E-5	2.1E-3
30	2.2E-5	1.6E-3	1.9E-2	4.8E-3	4.3E-5	7.2E-5	2.2E-3
31	2.2E-5	1.7E-3	1.9E-2	4.9E-3	4.4E-5	7.3E-5	2.3E-3
32	2.3E-5	1.8E-3	2.0E-2	5.1E-3	4.4E-5	7.3E-5	2.3E-3
33	2.3E-5	1.8E-3	2.0E-2	5.2E-3	4.5E-5	7.4E-5	2.4E-3
34	2.3E-5	1.9E-3	2.1E-2	5.3E-3	4.5E-5	7.4E-5	2.5E-3
35	2.3E-5	2.0E-3	2.1E-2	5.4E-3	4.6E-5	7.4E-5	2.5E-3
36	2.4E-5	2.0E-3	2.2E-2	5.5E-3	4.6E-5	7.5E-5	2.6E-3
37	2.4E-5	2.1E-3	2.2E-2	5.6E-3	4.7E-5	7.5E-5	2.7E-3
38	2.4E-5	2.1E-3	2.2E-2	5.8E-3	4.8E-5	7.6E-5	2.7E-3
39	2.5E-5	2.2E-3	2.3E-2	5.9E-3	4.8E-5	7.6E-5	2.8E-3
40	2.5E-5	2.3E-3	2.3E-2	6.0E-3	4.9E-5	7.6E-5	2.8E-3
41	2.5E-5	2.3E-3	2.4E-2	6.1E-3	4.9E-5	7.7E-5	2.9E-3
42	2.6E-5	2.4E-3	2.4E-2	6.2E-3	5.0E-5	7.7E-5	2.9E-3
43	2.6E-5	2.5E-3	2.4E-2	6.3E-3	5.0E-5	7.7E-5	3.0E-3
44	2.6E-5	2.5E-3	2.5E-2	6.5E-3	5.1E-5	7.8E-5	3.0E-3
45	2.6E-5	2.6E-3	2.5E-2	6.6E-3	5.2E-5	7.8E-5	3.1E-3
46	2.7E-5	2.6E-3	2.5E-2	6.7E-3	5.2E-5	7.8E-5	3.1E-3
47	2.7E-5	2.7E-3	2.6E-2	6.8E-3	5.3E-5	7.9E-5	3.1E-3
48	2.7E-5	2.8E-3	2.6E-2	6.9E-3	5.4E-5	7.9E-5	3.2E-3
49	2.8E-5	2.8E-3	2.6E-2	7.1E-3	5.4E-5	7.9E-5	3.2E-3
50	2.8E-5	2.9E-3	2.7E-2	7.2E-3	5.5E-5	8.0E-5	3.2E-3
51	2.8E-5	2.9E-3	2.7E-2	7.3E-3	5.6E-5	8.0E-5	3.3E-3
52	2.9E-5	3.0E-3	2.7E-2	7.4E-3	5.6E-5	8.0E-5	3.3E-3
53	2.9E-5	3.1E-3	2.8E-2	7.6E-3	5.7E-5	8.1E-5	3.3E-3
54	2.9E-5	3.1E-3	2.8E-2	7.7E-3	5.8E-5	8.1E-5	3.3E-3
55	2.9E-5	3.2E-3	2.9E-2	7.8E-3	5.8E-5	8.1E-5	3.4E-3
56	3.0E-5	3.2E-3	2.9E-2	8.0E-3	5.9E-5	8.2E-5	3.4E-3
57	3.0E-5	3.3E-3	2.9E-2	8.1E-3	6.0E-5	8.2E-5	3.4E-3
58	3.0E-5	3.4E-3	3.0E-2	8.2E-3	6.0E-5	8.2E-5	3.4E-3
59	3.1E-5	3.4E-3	3.0E-2	8.4E-3	6.1E-5	8.3E-5	3.4E-3
60	3.1E-5	3.5E-3	3.1E-2	8.5E-3	6.2E-5	8.3E-5	3.5E-3
61	3.1E-5	3.5E-3	3.1E-2	8.7E-3	6.3E-5	8.3E-5	3.5E-3
62	3.2E-5	3.6E-3	3.1E-2	8.8E-3	6.3E-5	8.4E-5	3.5E-3
63	3.2E-5	3.7E-3	3.2E-2	8.9E-3	6.4E-5	8.4E-5	3.5E-3
64	3.2E-5	3.7E-3	3.2E-2	9.1E-3	6.5E-5	8.4E-5	3.5E-3
65	3.2E-5	3.8E-3	3.3E-2	9.2E-3	6.6E-5	8.5E-5	3.5E-3
66	3.3E-5	3.8E-3	3.3E-2	9.4E-3	6.6E-5	8.5E-5	3.6E-3
67	3.3E-5	3.9E-3	3.4E-2	9.5E-3	6.7E-5	8.5E-5	3.6E-3
68	3.3E-5	4.0E-3	3.4E-2	9.7E-3	6.8E-5	8.6E-5	3.6E-3
69	3.4E-5	4.0E-3	3.4E-2	9.8E-3	6.9E-5	8.6E-5	3.6E-3
70	3.4E-5	4.1E-3	3.5E-2	1.0E-2	7.0E-5	8.7E-5	3.6E-3
71	3.4E-5	4.2E-3	3.5E-2	1.0E-2	7.0E-5	8.7E-5	3.6E-3
72	3.5E-5	4.2E-3	3.6E-2	1.0E-2	7.1E-5	8.7E-5	3.6E-3
73	3.5E-5	4.3E-3	3.6E-2	1.0E-2	7.2E-5	8.8E-5	3.6E-3
74	3.5E-5	4.4E-3	3.7E-2	1.1E-2	7.3E-5	8.8E-5	3.6E-3
75	3.6E-5	4.4E-3	3.7E-2	1.1E-2	7.4E-5	8.8E-5	3.6E-3
76	3.6E-5	4.5E-3	3.8E-2	1.1E-2	7.5E-5	8.9E-5	3.7E-3
77	3.6E-5	4.6E-3	3.8E-2	1.1E-2	7.6E-5	8.9E-5	3.7E-3
78	3.7E-5	4.6E-3	3.9E-2	1.1E-2	7.7E-5	8.9E-5	3.7E-3
79	3.7E-5	4.7E-3	3.9E-2	1.1E-2	7.7E-5	9.0E-5	3.7E-3
80	3.7E-5	4.8E-3	4.0E-2	1.2E-2	7.8E-5	9.0E-5	3.7E-3
81	3.8E-5	4.8E-3	4.0E-2	1.2E-2	7.9E-5	9.0E-5	3.7E-3
82	3.8E-5	4.9E-3	4.1E-2	1.2E-2	8.0E-5	9.1E-5	3.7E-3
83	3.8E-5	5.0E-3	4.1E-2	1.2E-2	8.1E-5	9.1E-5	3.7E-3
84	3.9E-5	5.0E-3	4.2E-2	1.2E-2	8.2E-5	9.1E-5	3.7E-3
85	3.9E-5	5.1E-3	4.2E-2	1.2E-2	8.3E-5	9.2E-5	3.7E-3
86	3.9E-5	5.2E-3	4.3E-2	1.3E-2	8.4E-5	9.2E-5	3.7E-3
87	4.0E-5	5.2E-3	4.4E-2	1.3E-2	8.5E-5	9.2E-5	3.7E-3
88	4.0E-5	5.3E-3	4.4E-2	1.3E-2	8.6E-5	9.3E-5	3.7E-3
89	4.0E-5	5.4E-3	4.5E-2	1.3E-2	8.7E-5	9.3E-5	3.7E-3
90	4.1E-5	5.5E-3	4.5E-2	1.3E-2	8.8E-5	9.3E-5	3.8E-3
91	4.1E-5	5.5E-3	4.6E-2	1.3E-2	8.9E-5	9.4E-5	3.8E-3
92	4.1E-5	5.6E-3	4.6E-2	1.4E-2	9.0E-5	9.4E-5	3.8E-3
93	4.2E-5	5.7E-3	4.7E-2	1.4E-2	9.1E-5	9.4E-5	3.8E-3
94	4.2E-5	5.8E-3	4.8E-2	1.4E-2	9.2E-5	9.5E-5	3.8E-3
95	4.2E-5	5.8E-3	4.8E-2	1.4E-2	9.4E-5	9.5E-5	3.8E-3
96	4.3E-5	5.9E-3	4.9E-2	1.4E-2	9.5E-5	9.5E-5	3.8E-3
97	4.3E-5	6.0E-3	5.0E-2	1.5E-2	9.6E-5	9.6E-5	3.8E-3
98	4.3E-5	6.1E-3	5.0E-2	1.5E-2	9.7E-5	9.6E-5	3.8E-3
99	4.4E-5	6.2E-3	5.1E-2	1.5E-2	9.8E-5	9.6E-5	3.8E-3
100	4.4E-5	6.2E-3	5.2E-2	1.5E-2	9.9E-5	9.7E-5	3.8E-3
110	4.7E-5	7.1E-3	5.9E-2	1.7E-2	1.1E-4	1.0E-4	3.8E-3
120	5.1E-5	8.1E-3	6.7E-2	1.9E-2	1.3E-4	1.0E-4	3.9E-3
130	5.5E-5	9.1E-3	7.6E-2	2.1E-2	1.4E-4	1.1E-4	3.9E-3
140	5.8E-5	1.0E-2	8.7E-2	2.3E-2	1.6E-4	1.1E-4	3.9E-3
150	6.2E-5	1.2E-2	9.9E-2	2.6E-2	1.8E-4	1.1E-4	4.0E-3
160	6.6E-5	1.3E-2	1.1E-1	2.8E-2	2.0E-4	1.1E-4	4.0E-3
170	6.9E-5	1.5E-2	1.3E-1	3.0E-2	2.3E-4	1.2E-4	4.0E-3
180	7.3E-5	1.6E-2	1.5E-1	3.2E-2	2.5E-4	1.2E-4	4.0E-3
190	7.6E-5	1.8E-2	1.7E-1	3.5E-2	2.8E-4	1.2E-4	4.0E-3
200	8.0E-5	2.0E-2	1.9E-1	3.7E-2	3.2E-4	1.2E-4	4.1E-3
210	8.3E-5	2.3E-2	2.1E-1	3.9E-2	3.6E-4	1.3E-4	4.1E-3
220	8.7E-5	2.6E-2	2.4E-1	4.1E-2	4.0E-4	1.3E-4	4.1E-3
230	9.0E-5	2.8E-2	2.8E-1	4.4E-2	4.5E-4	1.3E-4	4.1E-3
240	9.3E-5	3.2E-2	3.1E-1	4.6E-2	5.1E-4	1.3E-4	4.1E-3
250	9.6E-5	3.5E-2	3.6E-1	4.8E-2	5.7E-4	1.3E-4	4.1E-3
260	9.8E-5	3.9E-2	4.1E-1	4.9E-2	6.4E-4	1.4E-4	4.1E-3
270	1.0E-4	4.3E-2	4.6E-1	5.1E-2	7.1E-4	1.4E-4	4.2E-3
280	1.0E-4	4.8E-2	5.2E-1	5.3E-2	8.0E-4	1.4E-4	4.2E-3
290	1.1E-4	5.3E-2	6.0E-1	5.4E-2	8.9E-4	1.4E-4	4.2E-3
300	1.1E-4	5.9E-2	6.8E-1	5.6E-2	1.0E-3	1.4E-4	4.2E-3
310	1.1E-4	6.5E-2	7.7E-1	5.7E-2	1.1E-3	1.4E-4	4.2E-3
320	1.1E-4	7.2E-2	8.7E-1	5.8E-2	1.3E-3	1.4E-4	4.2E-3
330	1.1E-4	7.9E-2	9.9E-1	6.0E-2	1.4E-3	1.4E-4	4.2E-3
340	1.2E-4	8.7E-2	1.1E+0	6.1E-2	1.6E-3	1.4E-4	4.2E-3
350	1.2E-4	9.5E-2	1.3E+0	6.2E-2	1.8E-3	1.5E-4	4.2E-3
360	1.2E-4	1.0E-1	1.5E+0	6.2E-2	2.0E-3	1.5E-4	4.2E-3
365	1.2E-4	1.1E-1	1.5E+0	6.3E-2	2.1E-3	1.5E-4	4.2E-3
370	1.2E-4	1.1E-1	1.6E+0	6.3E-2	2.2E-3	1.5E-4	4.2E-3
380	1.2E-4	1.2E-1	1.9E+0	6.4E-2	2.4E-3	1.5E-4	4.3E-3
390	1.2E-4	1.3E-1	2.1E+0	6.5E-2	2.7E-3	1.5E-4	4.3E-3
400	1.2E-4	1.5E-1	2.4E+0	6.5E-2	3.0E-3	1.5E-4	4.3E-3
410	1.2E-4	1.6E-1	2.7E+0	6.6E-2	3.4E-3	1.5E-4	4.3E-3
420	1.3E-4	1.7E-1	3.1E+0	6.6E-2	3.8E-3	1.5E-4	4.3E-3
430	1.3E-4	1.8E-1	3.5E+0	6.7E-2	4.2E-3	1.5E-4	4.3E-3
440	1.3E-4	2.0E-1	3.9E+0	6.7E-2	4.7E-3	1.5E-4	4.3E-3
450	1.3E-4	2.1E-1	4.4E+0	6.7E-2	5.2E-3	1.5E-4	4.3E-3
460	1.3E-4	2.3E-1	5.0E+0	6.8E-2	5.8E-3	1.5E-4	4.3E-3
470	1.3E-4	2.4E-1	5.7E+0	6.8E-2	6.5E-3	1.5E-4	4.3E-3
480	1.3E-4	2.6E-1	6.4E+0	6.8E-2	7.2E-3	1.6E-4	4.3E-3
490	1.3E-4	2.7E-1	7.2E+0	6.8E-2	8.0E-3	1.6E-4	4.3E-3
500	1.3E-4	2.9E-1	8.0E+0	6.9E-2	8.8E-3	1.6E-4	4.4E-3
510	1.3E-4	3.0E-1	9.0E+0	6.9E-2	9.8E-3	1.6E-4	4.4E-3
520	1.3E-4	3.2E-1	1.0E+1	6.9E-2	1.1E-2	1.6E-4	4.4E-3
530	1.3E-4	3.3E-1	1.1E+1	6.9E-2	1.2E-2	1.6E-4	4.4E-3
540	1.3E-4	3.5E-1	1.3E+1	6.9E-2	1.3E-2	1.6E-4	4.4E-3
550	1.4E-4	3.6E-1	1.4E+1	6.9E-2	1.5E-2	1.6E-4	4.4E-3
560	1.4E-4	3.8E-1	1.6E+1	6.9E-2	1.6E-2	1.6E-4	4.4E-3
570	1.4E-4	3.9E-1	1.7E+1	6.9E-2	1.8E-2	1.6E-4	4.4E-3
580	1.4E-4	4.0E-1	1.9E+1	7.0E-2	2.0E-2	1.6E-4	4.4E-3
590	1.4E-4	4.2E-1	2.1E+1	7.0E-2	2.1E-2	1.6E-4	4.4E-3
600	1.4E-4	4.3E-1	2.3E+1	7.0E-2	2.4E-2	1.6E-4	4.4E-3
610	1.4E-4	4.4E-1	2.5E+1	7.0E-2	2.6E-2	1.6E-4	4.4E-3
620	1.4E-4	4.5E-1	2.8E+1	7.0E-2	2.8E-2	1.6E-4	4.5E-3
630	1.4E-4	4.6E-1	3.0E+1	7.0E-2	3.1E-2	1.6E-4	4.5E-3
640	1.4E-4	4.7E-1	3.3E+1	7.0E-2	3.4E-2	1.6E-4	4.5E-3
650	1.4E-4	4.8E-1	3.6E+1	7.0E-2	3.6E-2	1.6E-4	4.5E-3
660	1.4E-4	4.9E-1	3.8E+1	7.0E-2	3.9E-2	1.6E-4	4.5E-3
670	1.4E-4	5.0E-1	4.1E+1	7.0E-2	4.3E-2	1.6E-4	4.5E-3
680	1.4E-4	5.1E-1	4.4E+1	7.0E-2	4.6E-2	1.7E-4	4.5E-3
690	1.4E-4	5.2E-1	4.7E+1	7.0E-2	5.0E-2	1.7E-4	4.5E-3
700	1.4E-4	5.2E-1	5.0E+1	7.0E-2	5.3E-2	1.7E-4	4.5E-3
710	1.4E-4	5.3E-1	5.2E+1	7.0E-2	5.7E-2	1.7E-4	4.5E-3
720	1.4E-4	5.4E-1	5.5E+1	7.0E-2	6.1E-2	1.7E-4	4.5E-3
730	1.4E-4	5.5E-1	5.8E+1	7.0E-2	6.5E-2	1.7E-4	4.5E-3
740	1.4E-4	5.5E-1	6.1E+1	7.0E-2	6.9E-2	1.7E-4	4.6E-3
750	1.4E-4	5.6E-1	6.3E+1	7.0E-2	7.3E-2	1.7E-4	4.6E-3
760	1.4E-4	5.6E-1	6.6E+1	7.0E-2	7.8E-2	1.7E-4	4.6E-3
770	1.4E-4	5.7E-1	6.8E+1	7.0E-2	8.2E-2	1.7E-4	4.6E-3
780	1.4E-4	5.7E-1	7.0E+1	7.0E-2	8.6E-2	1.7E-4	4.6E-3
790	1.4E-4	5.8E-1	7.2E+1	7.0E-2	9.0E-2	1.7E-4	4.6E-3
800	1.5E-4	5.8E-1	7.4E+1	7.0E-2	9.4E-2	1.7E-4	4.6E-3
810	1.5E-4	5.9E-1	7.6E+1	7.0E-2	9.8E-2	1.7E-4	4.6E-3
820	1.5E-4	5.9E-1	7.8E+1	7.0E-2	1.0E-1	1.7E-4	4.6E-3
830	1.5E-4	6.0E-1	8.0E+1	7.0E-2	1.1E-1	1.7E-4	4.6E-3
840	1.5E-4	6.0E-1	8.1E+1	7.0E-2	1.1E-1	1.7E-4	4.6E-3
850	1.5E-4	6.0E-1	8.3E+1	7.0E-2	1.1E-1	1.7E-4	4.6E-3
860	1.5E-4	6.1E-1	8.4E+1	7.0E-2	1.2E-1	1.7E-4	4.6E-3
870	1.5E-4	6.1E-1	8.6E+1	7.0E-2	1.2E-1	1.7E-4	4.7E-3
880	1.5E-4	6.1E-1	8.7E+1	7.0E-2	1.2E-1	1.7E-4	4.7E-3
890	1.5E-4	6.2E-1	8.8E+1	7.0E-2	1.3E-1	1.7E-4	4.7E-3
900	1.5E-4	6.2E-1	8.9E+1	7.0E-2	1.3E-1	1.8E-4	4.7E-3
910	1.5E-4	6.2E-1	9.0E+1	7.0E-2	1.3E-1	1.8E-4	4.7E-3
920	1.5E-4	6.3E-1	9.1E+1	7.0E-2	1.3E-1	1.8E-4	4.7E-3
930	1.5E-4	6.3E-1	9.2E+1	7.0E-2	1.4E-1	1.8E-4	4.7E-3
940	1.5E-4	6.3E-1	9.3E+1	7.0E-2	1.4E-1	1.8E-4	4.7E-3
950	1.5E-4	6.4E-1	9.3E+1	7.0E-2	1.4E-1	1.8E-4	4.7E-3
960	1.5E-4	6.4E-1	9.4E+1	7.0E-2	1.4E-1	1.8E-4	4.7E-3
970	1.5E-4	6.4E-1	9.5E+1	7.0E-2	1.4E-1	1.8E-4	4.7E-3
980	1.5E-4	6.5E-1	9.6E+1	7.0E-2	1.4E-1	1.8E-4	4.8E-3
990	1.5E-4	6.5E-1	9.6E+1	7.0E-2	1.5E-1	1.8E-4	4.8E-3
1000	1.5E-4	6.5E-1	9.7E+1	7.0E-2	1.5E-1	1.8E-4	4.8E-3
1010	1.5E-4	6.6E-1	9.7E+1	7.0E-2	1.5E-1	1.8E-4	4.8E-3
1020	1.5E-4	6.6E-1	9.8E+1	7.0E-2	1.5E-1	1.8E-4	4.8E-3
1030	1.5E-4	6.6E-1	9.9E+1	7.1E-2	1.5E-1	1.8E-4	4.8E-3
1040	1.5E-4	6.6E-1	9.9E+1	7.1E-2	1.5E-1	1.8E-4	4.8E-3
1050	1.5E-4	6.7E-1	1.0E+2	7.1E-2	1.5E-1	1.8E-4	4.8E-3
1060	1.5E-4	6.7E-1	1.0E+2	7.1E-2	1.5E-1	1.8E-4	4.8E-3
1070	1.5E-4	6.7E-1	1.0E+2	7.1E-2	1.5E-1	1.8E-4	4.8E-3
1080	1.6E-4	6.8E-1	1.0E+2	7.1E-2	1.5E-1	1.8E-4	4.8E-3
1090	1.6E-4	6.8E-1	1.0E+2	7.1E-2	1.5E-1	1.8E-4	4.8E-3
1095	1.6E-4	6.8E-1	1.0E+2	7.1E-2	1.6E-1	1.8E-4	4.9E-3
1100	1.6E-4	6.8E-1	1.0E+2	7.1E-2	1.6E-1	1.8E-4	4.9E-3
1200	1.6E-4	7.1E-1	1.1E+2	7.1E-2	1.6E-1	1.9E-4	4.9E-3
1300	1.6E-4	7.4E-1	1.1E+2	7.1E-2	1.6E-1	1.9E-4	5.0E-3
1400	1.7E-4	7.7E-1	1.2E+2	7.1E-2	1.6E-1	2.0E-4	5.1E-3
1500	1.7E-4	8.0E-1	1.2E+2	7.1E-2	1.6E-1	2.0E-4	5.2E-3
1600	1.7E-4	8.3E-1	1.3E+2	7.1E-2	1.6E-1	2.1E-4	5.3E-3
1700	1.8E-4	8.7E-1	1.3E+2	7.1E-2	1.6E-1	2.1E-4	5.4E-3
1800	1.8E-4	9.0E-1	1.4E+2	7.1E-2	1.6E-1	2.2E-4	5.5E-3
1900	1.9E-4	9.3E-1	1.4E+2	7.1E-2	1.6E-1	2.2E-4	5.6E-3
2000	1.9E-4	9.7E-1	1.5E+2	7.1E-2	1.6E-1	2.3E-4	5.7E-3
2100	1.9E-4	1.0E+0	1.5E+2	7.2E-2	1.6E-1	2.3E-4	5.8E-3
2200	2.0E-4	1.0E+0	1.6E+2	7.2E-2	1.6E-1	2.4E-4	5.9E-3
2300	2.0E-4	1.1E+0	1.6E+2	7.2E-2	1.6E-1	2.4E-4	6.0E-3
2400	2.0E-4	1.1E+0	1.7E+2	7.2E-2	1.6E-1	2.5E-4	6.1E-3
2500	2.1E-4	1.2E+0	1.8E+2	7.2E-2	1.6E-1	2.6E-4	6.3E-3
2600	2.1E-4	1.2E+0	1.8E+2	7.2E-2	1.6E-1	2.6E-4	6.4E-3
2700	2.1E-4	1.3E+0	1.9E+2	7.2E-2	1.6E-1	2.7E-4	6.5E-3
2800	2.2E-4	1.3E+0	2.0E+2	7.2E-2	1.6E-1	2.7E-4	6.6E-3
2900	2.2E-4	1.3E+0	2.0E+2	7.2E-2	1.6E-1	2.8E-4	6.7E-3
3000	2.3E-4	1.4E+0	2.1E+2	7.3E-2	1.6E-1	2.8E-4	6.9E-3
3100	2.3E-4	1.4E+0	2.2E+2	7.3E-2	1.7E-1	2.9E-4	7.0E-3
3200	2.3E-4	1.5E+0	2.2E+2	7.3E-2	1.7E-1	2.9E-4	7.1E-3
3300	2.4E-4	1.5E+0	2.3E+2	7.3E-2	1.7E-1	3.0E-4	7.2E-3
3400	2.4E-4	1.6E+0	2.4E+2	7.3E-2	1.7E-1	3.0E-4	7.4E-3
3500	2.4E-4	1.6E+0	2.5E+2	7.3E-2	1.7E-1	3.1E-4	7.5E-3
3600	2.5E-4	1.7E+0	2.6E+2	7.3E-2	1.7E-1	3.1E-4	7.7E-3
3650	2.5E-4	1.7E+0	2.6E+2	7.3E-2	1.7E-1	3.2E-4	7.7E-3
4000	2.6E-4	1.9E+0	2.9E+2	7.4E-2	1.7E-1	3.4E-4	8.2E-3
5000	3.0E-4	2.6E+0	3.9E+2	7.5E-2	1.7E-1	3.9E-4	9.9E-3
6000	3.3E-4	3.3E+0	5.0E+2	7.6E-2	1.7E-1	4.4E-4	1.2E-2
7000	3.6E-4	4.1E+0	6.2E+2	7.8E-2	1.8E-1	5.0E-4	1.4E-2
8000	4.0E-4	4.9E+0	7.4E+2	7.9E-2	1.8E-1	5.5E-4	1.7E-2
9000	4.3E-4	5.7E+0	8.6E+2	8.1E-2	1.8E-1	6.1E-4	2.1E-2
10000	4.6E-4	6.5E+0	9.8E+2	8.2E-2	1.9E-1	6.6E-4	2.5E-2
11000	5.0E-4	7.3E+0	1.1E+3	8.4E-2	1.9E-1	7.2E-4	3.0E-2
12000	5.3E-4	8.2E+0	1.2E+3	8.5E-2	1.9E-1	7.9E-4	3.6E-2
13000	5.7E-4	9.0E+0	1.4E+3	8.7E-2	2.0E-1	8.6E-4	4.3E-2
14000	6.0E-4	9.8E+0	1.5E+3	8.8E-2	2.0E-1	9.3E-4	5.2E-2
15000	6.4E-4	1.1E+1	1.6E+3	9.0E-2	2.0E-1	1.0E-3	6.3E-2
16000	6.8E-4	1.2E+1	1.7E+3	9.2E-2	2.1E-1	1.1E-3	7.5E-2
17000	7.2E-4	1.3E+1	1.9E+3	9.3E-2	2.1E-1	1.2E-3	9.0E-2
18000	7.6E-4	1.4E+1	2.0E+3	9.5E-2	2.2E-1	1.3E-3	1.1E-1
18250	7.7E-4	1.4E+1	2.1E+3	9.5E-2	2.2E-1	1.3E-3	1.1E-1
Radionuclide	U-235
Route of Intake	Inhalation
Material	Aerosols Intermediate Type F/M: Uranyl nitrate, uranium peroxide hydrate, ammonium diuranate, uranium trioxide, fA=1.6E-2
AMTD/AMAD, µm	0.1

Committed Effective Dose per Predicted Content in an Organ or Excreta Sample (Dose per Content Functions z(t)), Sv/Bq
Time, days	Whole Body	Urine (24-hour sample)	Faeces (24-hour sample)	Alimentary Tract*	Lungs*	Skeleton*	Liver*
0.041667	3.8E-6	-	-	4.7E-5	4.9E-6	1.6E-3	2.4E-3
0.083333	3.8E-6	-	-	4.0E-5	5.1E-6	7.4E-4	1.7E-3
0.125	3.9E-6	-	-	3.6E-5	5.3E-6	4.8E-4	1.5E-3
0.25	4.0E-6	-	-	3.0E-5	5.9E-6	2.3E-4	1.1E-3
0.375	4.2E-6	-	-	2.6E-5	6.5E-6	1.5E-4	8.8E-4
0.5	4.4E-6	-	-	2.5E-5	7.2E-6	1.2E-4	7.7E-4
0.625	4.6E-6	-	-	2.4E-5	7.9E-6	9.6E-5	6.9E-4
0.75	4.8E-6	-	-	2.3E-5	8.6E-6	8.4E-5	6.4E-4
0.875	5.1E-6	-	-	2.3E-5	9.4E-6	7.5E-5	6.0E-4
1	5.3E-6	1.7E-5	1.5E-4	2.4E-5	1.0E-5	6.9E-5	5.7E-4
1.125	5.5E-6	-	-	2.5E-5	1.1E-5	6.4E-5	5.4E-4
1.25	5.8E-6	-	-	2.6E-5	1.2E-5	6.1E-5	5.2E-4
1.375	6.0E-6	-	-	2.7E-5	1.3E-5	5.8E-5	5.1E-4
1.5	6.3E-6	-	-	2.9E-5	1.4E-5	5.6E-5	5.0E-4
1.625	6.6E-6	-	-	3.2E-5	1.4E-5	5.4E-5	4.9E-4
1.75	6.9E-6	-	-	3.4E-5	1.5E-5	5.3E-5	4.8E-4
1.875	7.2E-6	-	-	3.7E-5	1.6E-5	5.2E-5	4.8E-4
2	7.4E-6	3.2E-5	4.4E-5	4.1E-5	1.7E-5	5.1E-5	4.8E-4
2.25	8.0E-6	-	-	5.0E-5	1.8E-5	4.9E-5	4.7E-4
2.5	8.5E-6	-	-	6.3E-5	2.0E-5	4.8E-5	4.7E-4
2.75	9.0E-6	-	-	7.9E-5	2.1E-5	4.8E-5	4.7E-4
3	9.5E-6	7.6E-5	6.3E-5	9.9E-5	2.3E-5	4.8E-5	4.8E-4
3.25	9.9E-6	-	-	1.2E-4	2.4E-5	4.8E-5	4.8E-4
3.5	1.0E-5	-	-	1.6E-4	2.5E-5	4.8E-5	4.9E-4
3.75	1.1E-5	-	-	1.9E-4	2.5E-5	4.8E-5	4.9E-4
4	1.1E-5	1.5E-4	1.5E-4	2.4E-4	2.6E-5	4.8E-5	5.0E-4
4.25	1.1E-5	-	-	2.9E-4	2.7E-5	4.8E-5	5.1E-4
4.5	1.1E-5	-	-	3.5E-4	2.7E-5	4.8E-5	5.2E-4
4.75	1.2E-5	-	-	4.0E-4	2.8E-5	4.9E-5	5.3E-4
5	1.2E-5	2.4E-4	3.7E-4	4.6E-4	2.8E-5	4.9E-5	5.3E-4
5.5	1.2E-5	-	-	5.8E-4	2.9E-5	5.0E-5	5.5E-4
6	1.2E-5	3.2E-4	8.1E-4	6.9E-4	2.9E-5	5.1E-5	5.7E-4
6.5	1.3E-5	-	-	7.9E-4	3.0E-5	5.1E-5	6.0E-4
7	1.3E-5	3.9E-4	1.3E-3	8.9E-4	3.0E-5	5.2E-5	6.2E-4
7.5	1.3E-5	-	-	9.7E-4	3.1E-5	5.3E-5	6.4E-4
8	1.3E-5	4.4E-4	1.8E-3	1.1E-3	3.1E-5	5.4E-5	6.6E-4
8.5	1.4E-5	-	-	1.1E-3	3.1E-5	5.4E-5	6.9E-4
9	1.4E-5	4.8E-4	2.3E-3	1.2E-3	3.2E-5	5.5E-5	7.1E-4
9.5	1.4E-5	-	-	1.3E-3	3.2E-5	5.6E-5	7.4E-4
10	1.4E-5	5.2E-4	2.8E-3	1.4E-3	3.2E-5	5.7E-5	7.7E-4
11	1.5E-5	5.6E-4	3.3E-3	1.6E-3	3.3E-5	5.8E-5	8.2E-4
12	1.5E-5	6.1E-4	3.9E-3	1.8E-3	3.3E-5	5.9E-5	8.8E-4
13	1.6E-5	6.5E-4	4.6E-3	2.0E-3	3.4E-5	6.0E-5	9.4E-4
14	1.6E-5	7.0E-4	5.3E-3	2.2E-3	3.4E-5	6.1E-5	1.0E-3
15	1.6E-5	7.4E-4	6.1E-3	2.4E-3	3.5E-5	6.2E-5	1.1E-3
16	1.7E-5	7.9E-4	7.0E-3	2.6E-3	3.5E-5	6.3E-5	1.1E-3
17	1.7E-5	8.5E-4	7.9E-3	2.8E-3	3.6E-5	6.4E-5	1.2E-3
18	1.8E-5	9.0E-4	8.8E-3	3.0E-3	3.6E-5	6.5E-5	1.3E-3
19	1.8E-5	9.5E-4	9.8E-3	3.2E-3	3.7E-5	6.5E-5	1.3E-3
20	1.8E-5	1.0E-3	1.1E-2	3.3E-3	3.7E-5	6.6E-5	1.4E-3
21	1.9E-5	1.1E-3	1.2E-2	3.5E-3	3.8E-5	6.7E-5	1.5E-3
22	1.9E-5	1.1E-3	1.3E-2	3.7E-3	3.8E-5	6.7E-5	1.6E-3
23	1.9E-5	1.2E-3	1.3E-2	3.8E-3	3.9E-5	6.8E-5	1.6E-3
24	2.0E-5	1.2E-3	1.4E-2	4.0E-3	3.9E-5	6.9E-5	1.7E-3
25	2.0E-5	1.3E-3	1.5E-2	4.1E-3	4.0E-5	6.9E-5	1.8E-3
26	2.0E-5	1.4E-3	1.6E-2	4.2E-3	4.0E-5	7.0E-5	1.9E-3
27	2.1E-5	1.4E-3	1.7E-2	4.4E-3	4.1E-5	7.0E-5	1.9E-3
28	2.1E-5	1.5E-3	1.7E-2	4.5E-3	4.1E-5	7.0E-5	2.0E-3
29	2.1E-5	1.5E-3	1.8E-2	4.6E-3	4.2E-5	7.1E-5	2.1E-3
30	2.2E-5	1.6E-3	1.8E-2	4.7E-3	4.2E-5	7.1E-5	2.2E-3
31	2.2E-5	1.7E-3	1.9E-2	4.9E-3	4.3E-5	7.2E-5	2.2E-3
32	2.2E-5	1.7E-3	1.9E-2	5.0E-3	4.3E-5	7.2E-5	2.3E-3
33	2.2E-5	1.8E-3	2.0E-2	5.1E-3	4.4E-5	7.2E-5	2.4E-3
34	2.3E-5	1.9E-3	2.0E-2	5.2E-3	4.4E-5	7.3E-5	2.4E-3
35	2.3E-5	1.9E-3	2.1E-2	5.3E-3	4.5E-5	7.3E-5	2.5E-3
36	2.3E-5	2.0E-3	2.1E-2	5.4E-3	4.5E-5	7.4E-5	2.6E-3
37	2.4E-5	2.0E-3	2.2E-2	5.5E-3	4.6E-5	7.4E-5	2.6E-3
38	2.4E-5	2.1E-3	2.2E-2	5.7E-3	4.6E-5	7.4E-5	2.7E-3
39	2.4E-5	2.2E-3	2.2E-2	5.8E-3	4.7E-5	7.5E-5	2.7E-3
40	2.4E-5	2.2E-3	2.3E-2	5.9E-3	4.8E-5	7.5E-5	2.8E-3
41	2.5E-5	2.3E-3	2.3E-2	6.0E-3	4.8E-5	7.5E-5	2.8E-3
42	2.5E-5	2.3E-3	2.3E-2	6.1E-3	4.9E-5	7.6E-5	2.9E-3
43	2.5E-5	2.4E-3	2.4E-2	6.2E-3	4.9E-5	7.6E-5	2.9E-3
44	2.6E-5	2.5E-3	2.4E-2	6.3E-3	5.0E-5	7.6E-5	3.0E-3
45	2.6E-5	2.5E-3	2.4E-2	6.5E-3	5.1E-5	7.7E-5	3.0E-3
46	2.6E-5	2.6E-3	2.5E-2	6.6E-3	5.1E-5	7.7E-5	3.0E-3
47	2.7E-5	2.6E-3	2.5E-2	6.7E-3	5.2E-5	7.7E-5	3.1E-3
48	2.7E-5	2.7E-3	2.5E-2	6.8E-3	5.2E-5	7.8E-5	3.1E-3
49	2.7E-5	2.8E-3	2.6E-2	6.9E-3	5.3E-5	7.8E-5	3.2E-3
50	2.7E-5	2.8E-3	2.6E-2	7.1E-3	5.4E-5	7.8E-5	3.2E-3
51	2.8E-5	2.9E-3	2.7E-2	7.2E-3	5.4E-5	7.9E-5	3.2E-3
52	2.8E-5	2.9E-3	2.7E-2	7.3E-3	5.5E-5	7.9E-5	3.2E-3
53	2.8E-5	3.0E-3	2.7E-2	7.4E-3	5.6E-5	7.9E-5	3.3E-3
54	2.9E-5	3.1E-3	2.8E-2	7.6E-3	5.6E-5	8.0E-5	3.3E-3
55	2.9E-5	3.1E-3	2.8E-2	7.7E-3	5.7E-5	8.0E-5	3.3E-3
56	2.9E-5	3.2E-3	2.8E-2	7.8E-3	5.8E-5	8.0E-5	3.3E-3
57	2.9E-5	3.2E-3	2.9E-2	8.0E-3	5.8E-5	8.1E-5	3.4E-3
58	3.0E-5	3.3E-3	2.9E-2	8.1E-3	5.9E-5	8.1E-5	3.4E-3
59	3.0E-5	3.4E-3	2.9E-2	8.2E-3	6.0E-5	8.1E-5	3.4E-3
60	3.0E-5	3.4E-3	3.0E-2	8.4E-3	6.0E-5	8.2E-5	3.4E-3
61	3.1E-5	3.5E-3	3.0E-2	8.5E-3	6.1E-5	8.2E-5	3.4E-3
62	3.1E-5	3.5E-3	3.1E-2	8.6E-3	6.2E-5	8.2E-5	3.4E-3
63	3.1E-5	3.6E-3	3.1E-2	8.8E-3	6.3E-5	8.3E-5	3.5E-3
64	3.2E-5	3.7E-3	3.1E-2	8.9E-3	6.3E-5	8.3E-5	3.5E-3
65	3.2E-5	3.7E-3	3.2E-2	9.1E-3	6.4E-5	8.3E-5	3.5E-3
66	3.2E-5	3.8E-3	3.2E-2	9.2E-3	6.5E-5	8.4E-5	3.5E-3
67	3.2E-5	3.8E-3	3.3E-2	9.3E-3	6.6E-5	8.4E-5	3.5E-3
68	3.3E-5	3.9E-3	3.3E-2	9.5E-3	6.6E-5	8.4E-5	3.5E-3
69	3.3E-5	4.0E-3	3.4E-2	9.6E-3	6.7E-5	8.5E-5	3.5E-3
70	3.3E-5	4.0E-3	3.4E-2	9.8E-3	6.8E-5	8.5E-5	3.5E-3
71	3.4E-5	4.1E-3	3.5E-2	9.9E-3	6.9E-5	8.5E-5	3.6E-3
72	3.4E-5	4.1E-3	3.5E-2	1.0E-2	7.0E-5	8.6E-5	3.6E-3
73	3.4E-5	4.2E-3	3.5E-2	1.0E-2	7.0E-5	8.6E-5	3.6E-3
74	3.5E-5	4.3E-3	3.6E-2	1.0E-2	7.1E-5	8.6E-5	3.6E-3
75	3.5E-5	4.3E-3	3.6E-2	1.1E-2	7.2E-5	8.7E-5	3.6E-3
76	3.5E-5	4.4E-3	3.7E-2	1.1E-2	7.3E-5	8.7E-5	3.6E-3
77	3.6E-5	4.5E-3	3.7E-2	1.1E-2	7.4E-5	8.7E-5	3.6E-3
78	3.6E-5	4.5E-3	3.8E-2	1.1E-2	7.5E-5	8.8E-5	3.6E-3
79	3.6E-5	4.6E-3	3.8E-2	1.1E-2	7.6E-5	8.8E-5	3.6E-3
80	3.7E-5	4.7E-3	3.9E-2	1.1E-2	7.7E-5	8.8E-5	3.6E-3
81	3.7E-5	4.7E-3	3.9E-2	1.1E-2	7.8E-5	8.9E-5	3.6E-3
82	3.7E-5	4.8E-3	4.0E-2	1.2E-2	7.8E-5	8.9E-5	3.6E-3
83	3.7E-5	4.9E-3	4.0E-2	1.2E-2	7.9E-5	8.9E-5	3.6E-3
84	3.8E-5	4.9E-3	4.1E-2	1.2E-2	8.0E-5	9.0E-5	3.7E-3
85	3.8E-5	5.0E-3	4.1E-2	1.2E-2	8.1E-5	9.0E-5	3.7E-3
86	3.8E-5	5.1E-3	4.2E-2	1.2E-2	8.2E-5	9.0E-5	3.7E-3
87	3.9E-5	5.1E-3	4.3E-2	1.2E-2	8.3E-5	9.1E-5	3.7E-3
88	3.9E-5	5.2E-3	4.3E-2	1.3E-2	8.4E-5	9.1E-5	3.7E-3
89	3.9E-5	5.3E-3	4.4E-2	1.3E-2	8.5E-5	9.1E-5	3.7E-3
90	4.0E-5	5.4E-3	4.4E-2	1.3E-2	8.6E-5	9.2E-5	3.7E-3
91	4.0E-5	5.4E-3	4.5E-2	1.3E-2	8.7E-5	9.2E-5	3.7E-3
92	4.0E-5	5.5E-3	4.5E-2	1.3E-2	8.8E-5	9.2E-5	3.7E-3
93	4.1E-5	5.6E-3	4.6E-2	1.4E-2	8.9E-5	9.3E-5	3.7E-3
94	4.1E-5	5.7E-3	4.7E-2	1.4E-2	9.0E-5	9.3E-5	3.7E-3
95	4.1E-5	5.7E-3	4.7E-2	1.4E-2	9.1E-5	9.3E-5	3.7E-3
96	4.2E-5	5.8E-3	4.8E-2	1.4E-2	9.3E-5	9.4E-5	3.7E-3
97	4.2E-5	5.9E-3	4.8E-2	1.4E-2	9.4E-5	9.4E-5	3.7E-3
98	4.2E-5	6.0E-3	4.9E-2	1.4E-2	9.5E-5	9.4E-5	3.7E-3
99	4.3E-5	6.0E-3	5.0E-2	1.5E-2	9.6E-5	9.5E-5	3.7E-3
100	4.3E-5	6.1E-3	5.0E-2	1.5E-2	9.7E-5	9.5E-5	3.7E-3
110	4.6E-5	7.0E-3	5.7E-2	1.7E-2	1.1E-4	9.8E-5	3.8E-3
120	5.0E-5	7.9E-3	6.5E-2	1.9E-2	1.2E-4	1.0E-4	3.8E-3
130	5.4E-5	8.9E-3	7.4E-2	2.1E-2	1.4E-4	1.0E-4	3.8E-3
140	5.7E-5	1.0E-2	8.5E-2	2.3E-2	1.6E-4	1.1E-4	3.9E-3
150	6.1E-5	1.1E-2	9.6E-2	2.5E-2	1.7E-4	1.1E-4	3.9E-3
160	6.4E-5	1.3E-2	1.1E-1	2.7E-2	2.0E-4	1.1E-4	3.9E-3
170	6.8E-5	1.4E-2	1.2E-1	3.0E-2	2.2E-4	1.2E-4	3.9E-3
180	7.1E-5	1.6E-2	1.4E-1	3.2E-2	2.5E-4	1.2E-4	4.0E-3
190	7.5E-5	1.8E-2	1.6E-1	3.4E-2	2.8E-4	1.2E-4	4.0E-3
200	7.8E-5	2.0E-2	1.8E-1	3.6E-2	3.1E-4	1.2E-4	4.0E-3
210	8.2E-5	2.2E-2	2.1E-1	3.8E-2	3.5E-4	1.2E-4	4.0E-3
220	8.5E-5	2.5E-2	2.4E-1	4.1E-2	3.9E-4	1.3E-4	4.0E-3
230	8.8E-5	2.8E-2	2.7E-1	4.3E-2	4.4E-4	1.3E-4	4.0E-3
240	9.1E-5	3.1E-2	3.1E-1	4.5E-2	4.9E-4	1.3E-4	4.0E-3
250	9.4E-5	3.4E-2	3.5E-1	4.7E-2	5.5E-4	1.3E-4	4.1E-3
260	9.7E-5	3.8E-2	4.0E-1	4.9E-2	6.2E-4	1.3E-4	4.1E-3
270	9.9E-5	4.3E-2	4.5E-1	5.0E-2	7.0E-4	1.3E-4	4.1E-3
280	1.0E-4	4.7E-2	5.1E-1	5.2E-2	7.8E-4	1.4E-4	4.1E-3
290	1.0E-4	5.2E-2	5.8E-1	5.3E-2	8.7E-4	1.4E-4	4.1E-3
300	1.1E-4	5.8E-2	6.6E-1	5.5E-2	9.8E-4	1.4E-4	4.1E-3
310	1.1E-4	6.4E-2	7.5E-1	5.6E-2	1.1E-3	1.4E-4	4.1E-3
320	1.1E-4	7.0E-2	8.6E-1	5.7E-2	1.2E-3	1.4E-4	4.1E-3
330	1.1E-4	7.7E-2	9.7E-1	5.9E-2	1.4E-3	1.4E-4	4.1E-3
340	1.1E-4	8.5E-2	1.1E+0	6.0E-2	1.5E-3	1.4E-4	4.2E-3
350	1.2E-4	9.3E-2	1.3E+0	6.1E-2	1.7E-3	1.4E-4	4.2E-3
360	1.2E-4	1.0E-1	1.4E+0	6.1E-2	1.9E-3	1.4E-4	4.2E-3
365	1.2E-4	1.1E-1	1.5E+0	6.2E-2	2.0E-3	1.4E-4	4.2E-3
370	1.2E-4	1.1E-1	1.6E+0	6.2E-2	2.1E-3	1.5E-4	4.2E-3
380	1.2E-4	1.2E-1	1.8E+0	6.3E-2	2.4E-3	1.5E-4	4.2E-3
390	1.2E-4	1.3E-1	2.1E+0	6.4E-2	2.7E-3	1.5E-4	4.2E-3
400	1.2E-4	1.4E-1	2.3E+0	6.4E-2	3.0E-3	1.5E-4	4.2E-3
410	1.2E-4	1.6E-1	2.7E+0	6.5E-2	3.3E-3	1.5E-4	4.2E-3
420	1.2E-4	1.7E-1	3.0E+0	6.5E-2	3.7E-3	1.5E-4	4.2E-3
430	1.2E-4	1.8E-1	3.4E+0	6.5E-2	4.1E-3	1.5E-4	4.2E-3
440	1.3E-4	1.9E-1	3.8E+0	6.6E-2	4.6E-3	1.5E-4	4.2E-3
450	1.3E-4	2.1E-1	4.3E+0	6.6E-2	5.1E-3	1.5E-4	4.2E-3
460	1.3E-4	2.2E-1	4.9E+0	6.7E-2	5.7E-3	1.5E-4	4.3E-3
470	1.3E-4	2.4E-1	5.5E+0	6.7E-2	6.3E-3	1.5E-4	4.3E-3
480	1.3E-4	2.5E-1	6.2E+0	6.7E-2	7.0E-3	1.5E-4	4.3E-3
490	1.3E-4	2.7E-1	7.0E+0	6.7E-2	7.8E-3	1.5E-4	4.3E-3
500	1.3E-4	2.8E-1	7.9E+0	6.7E-2	8.6E-3	1.5E-4	4.3E-3
510	1.3E-4	3.0E-1	8.8E+0	6.8E-2	9.6E-3	1.5E-4	4.3E-3
520	1.3E-4	3.1E-1	9.9E+0	6.8E-2	1.1E-2	1.5E-4	4.3E-3
530	1.3E-4	3.3E-1	1.1E+1	6.8E-2	1.2E-2	1.6E-4	4.3E-3
540	1.3E-4	3.4E-1	1.2E+1	6.8E-2	1.3E-2	1.6E-4	4.3E-3
550	1.3E-4	3.5E-1	1.4E+1	6.8E-2	1.4E-2	1.6E-4	4.3E-3
560	1.3E-4	3.7E-1	1.5E+1	6.8E-2	1.6E-2	1.6E-4	4.3E-3
570	1.3E-4	3.8E-1	1.7E+1	6.8E-2	1.7E-2	1.6E-4	4.3E-3
580	1.3E-4	4.0E-1	1.9E+1	6.8E-2	1.9E-2	1.6E-4	4.3E-3
590	1.3E-4	4.1E-1	2.1E+1	6.8E-2	2.1E-2	1.6E-4	4.4E-3
600	1.4E-4	4.2E-1	2.3E+1	6.9E-2	2.3E-2	1.6E-4	4.4E-3
610	1.4E-4	4.3E-1	2.5E+1	6.9E-2	2.5E-2	1.6E-4	4.4E-3
620	1.4E-4	4.4E-1	2.7E+1	6.9E-2	2.8E-2	1.6E-4	4.4E-3
630	1.4E-4	4.5E-1	3.0E+1	6.9E-2	3.0E-2	1.6E-4	4.4E-3
640	1.4E-4	4.6E-1	3.2E+1	6.9E-2	3.3E-2	1.6E-4	4.4E-3
650	1.4E-4	4.7E-1	3.5E+1	6.9E-2	3.6E-2	1.6E-4	4.4E-3
660	1.4E-4	4.8E-1	3.7E+1	6.9E-2	3.9E-2	1.6E-4	4.4E-3
670	1.4E-4	4.9E-1	4.0E+1	6.9E-2	4.2E-2	1.6E-4	4.4E-3
680	1.4E-4	5.0E-1	4.3E+1	6.9E-2	4.5E-2	1.6E-4	4.4E-3
690	1.4E-4	5.1E-1	4.6E+1	6.9E-2	4.9E-2	1.6E-4	4.4E-3
700	1.4E-4	5.2E-1	4.9E+1	6.9E-2	5.2E-2	1.6E-4	4.4E-3
710	1.4E-4	5.2E-1	5.1E+1	6.9E-2	5.6E-2	1.6E-4	4.5E-3
720	1.4E-4	5.3E-1	5.4E+1	6.9E-2	6.0E-2	1.6E-4	4.5E-3
730	1.4E-4	5.4E-1	5.7E+1	6.9E-2	6.4E-2	1.6E-4	4.5E-3
740	1.4E-4	5.4E-1	5.9E+1	6.9E-2	6.8E-2	1.7E-4	4.5E-3
750	1.4E-4	5.5E-1	6.2E+1	6.9E-2	7.2E-2	1.7E-4	4.5E-3
760	1.4E-4	5.5E-1	6.4E+1	6.9E-2	7.6E-2	1.7E-4	4.5E-3
770	1.4E-4	5.6E-1	6.7E+1	6.9E-2	8.0E-2	1.7E-4	4.5E-3
780	1.4E-4	5.6E-1	6.9E+1	6.9E-2	8.4E-2	1.7E-4	4.5E-3
790	1.4E-4	5.7E-1	7.1E+1	6.9E-2	8.8E-2	1.7E-4	4.5E-3
800	1.4E-4	5.7E-1	7.3E+1	6.9E-2	9.2E-2	1.7E-4	4.5E-3
810	1.4E-4	5.8E-1	7.5E+1	6.9E-2	9.6E-2	1.7E-4	4.5E-3
820	1.4E-4	5.8E-1	7.7E+1	6.9E-2	1.0E-1	1.7E-4	4.5E-3
830	1.4E-4	5.9E-1	7.8E+1	6.9E-2	1.0E-1	1.7E-4	4.5E-3
840	1.4E-4	5.9E-1	8.0E+1	6.9E-2	1.1E-1	1.7E-4	4.6E-3
850	1.4E-4	5.9E-1	8.1E+1	6.9E-2	1.1E-1	1.7E-4	4.6E-3
860	1.4E-4	6.0E-1	8.3E+1	6.9E-2	1.1E-1	1.7E-4	4.6E-3
870	1.5E-4	6.0E-1	8.4E+1	6.9E-2	1.2E-1	1.7E-4	4.6E-3
880	1.5E-4	6.0E-1	8.5E+1	6.9E-2	1.2E-1	1.7E-4	4.6E-3
890	1.5E-4	6.1E-1	8.6E+1	6.9E-2	1.2E-1	1.7E-4	4.6E-3
900	1.5E-4	6.1E-1	8.7E+1	6.9E-2	1.3E-1	1.7E-4	4.6E-3
910	1.5E-4	6.1E-1	8.8E+1	6.9E-2	1.3E-1	1.7E-4	4.6E-3
920	1.5E-4	6.2E-1	8.9E+1	6.9E-2	1.3E-1	1.7E-4	4.6E-3
930	1.5E-4	6.2E-1	9.0E+1	6.9E-2	1.3E-1	1.7E-4	4.6E-3
940	1.5E-4	6.2E-1	9.1E+1	6.9E-2	1.4E-1	1.7E-4	4.6E-3
950	1.5E-4	6.3E-1	9.2E+1	6.9E-2	1.4E-1	1.7E-4	4.6E-3
960	1.5E-4	6.3E-1	9.3E+1	6.9E-2	1.4E-1	1.8E-4	4.7E-3
970	1.5E-4	6.3E-1	9.3E+1	6.9E-2	1.4E-1	1.8E-4	4.7E-3
980	1.5E-4	6.4E-1	9.4E+1	6.9E-2	1.4E-1	1.8E-4	4.7E-3
990	1.5E-4	6.4E-1	9.5E+1	6.9E-2	1.4E-1	1.8E-4	4.7E-3
1000	1.5E-4	6.4E-1	9.5E+1	6.9E-2	1.4E-1	1.8E-4	4.7E-3
1010	1.5E-4	6.4E-1	9.6E+1	6.9E-2	1.5E-1	1.8E-4	4.7E-3
1020	1.5E-4	6.5E-1	9.6E+1	6.9E-2	1.5E-1	1.8E-4	4.7E-3
1030	1.5E-4	6.5E-1	9.7E+1	6.9E-2	1.5E-1	1.8E-4	4.7E-3
1040	1.5E-4	6.5E-1	9.8E+1	6.9E-2	1.5E-1	1.8E-4	4.7E-3
1050	1.5E-4	6.6E-1	9.8E+1	6.9E-2	1.5E-1	1.8E-4	4.7E-3
1060	1.5E-4	6.6E-1	9.9E+1	6.9E-2	1.5E-1	1.8E-4	4.7E-3
1070	1.5E-4	6.6E-1	9.9E+1	6.9E-2	1.5E-1	1.8E-4	4.7E-3
1080	1.5E-4	6.6E-1	1.0E+2	6.9E-2	1.5E-1	1.8E-4	4.8E-3
1090	1.5E-4	6.7E-1	1.0E+2	6.9E-2	1.5E-1	1.8E-4	4.8E-3
1095	1.5E-4	6.7E-1	1.0E+2	6.9E-2	1.5E-1	1.8E-4	4.8E-3
1100	1.5E-4	6.7E-1	1.0E+2	6.9E-2	1.5E-1	1.8E-4	4.8E-3
1200	1.6E-4	7.0E-1	1.1E+2	6.9E-2	1.6E-1	1.9E-4	4.9E-3
1300	1.6E-4	7.3E-1	1.1E+2	7.0E-2	1.6E-1	1.9E-4	4.9E-3
1400	1.6E-4	7.6E-1	1.1E+2	7.0E-2	1.6E-1	2.0E-4	5.0E-3
1500	1.7E-4	7.9E-1	1.2E+2	7.0E-2	1.6E-1	2.0E-4	5.1E-3
1600	1.7E-4	8.2E-1	1.2E+2	7.0E-2	1.6E-1	2.1E-4	5.2E-3
1700	1.7E-4	8.5E-1	1.3E+2	7.0E-2	1.6E-1	2.1E-4	5.3E-3
1800	1.8E-4	8.8E-1	1.3E+2	7.0E-2	1.6E-1	2.2E-4	5.4E-3
1900	1.8E-4	9.2E-1	1.4E+2	7.0E-2	1.6E-1	2.2E-4	5.5E-3
2000	1.9E-4	9.5E-1	1.4E+2	7.0E-2	1.6E-1	2.3E-4	5.6E-3
2100	1.9E-4	9.9E-1	1.5E+2	7.0E-2	1.6E-1	2.3E-4	5.7E-3
2200	1.9E-4	1.0E+0	1.5E+2	7.1E-2	1.6E-1	2.4E-4	5.8E-3
2300	2.0E-4	1.1E+0	1.6E+2	7.1E-2	1.6E-1	2.4E-4	5.9E-3
2400	2.0E-4	1.1E+0	1.7E+2	7.1E-2	1.6E-1	2.5E-4	6.0E-3
2500	2.0E-4	1.1E+0	1.7E+2	7.1E-2	1.6E-1	2.5E-4	6.2E-3
2600	2.1E-4	1.2E+0	1.8E+2	7.1E-2	1.6E-1	2.6E-4	6.3E-3
2700	2.1E-4	1.2E+0	1.9E+2	7.1E-2	1.6E-1	2.6E-4	6.4E-3
2800	2.1E-4	1.3E+0	1.9E+2	7.1E-2	1.6E-1	2.7E-4	6.5E-3
2900	2.2E-4	1.3E+0	2.0E+2	7.1E-2	1.6E-1	2.7E-4	6.6E-3
3000	2.2E-4	1.4E+0	2.1E+2	7.1E-2	1.6E-1	2.8E-4	6.7E-3
3100	2.3E-4	1.4E+0	2.1E+2	7.2E-2	1.6E-1	2.8E-4	6.9E-3
3200	2.3E-4	1.5E+0	2.2E+2	7.2E-2	1.6E-1	2.9E-4	7.0E-3
3300	2.3E-4	1.5E+0	2.3E+2	7.2E-2	1.6E-1	2.9E-4	7.1E-3
3400	2.4E-4	1.6E+0	2.4E+2	7.2E-2	1.6E-1	3.0E-4	7.3E-3
3500	2.4E-4	1.6E+0	2.4E+2	7.2E-2	1.6E-1	3.0E-4	7.4E-3
3600	2.4E-4	1.7E+0	2.5E+2	7.2E-2	1.6E-1	3.1E-4	7.5E-3
3650	2.5E-4	1.7E+0	2.6E+2	7.2E-2	1.6E-1	3.1E-4	7.6E-3
4000	2.6E-4	1.9E+0	2.9E+2	7.3E-2	1.6E-1	3.3E-4	8.1E-3
5000	2.9E-4	2.5E+0	3.8E+2	7.4E-2	1.7E-1	3.8E-4	9.7E-3
6000	3.3E-4	3.3E+0	4.9E+2	7.5E-2	1.7E-1	4.4E-4	1.2E-2
7000	3.6E-4	4.0E+0	6.1E+2	7.6E-2	1.7E-1	4.9E-4	1.4E-2
8000	3.9E-4	4.8E+0	7.3E+2	7.8E-2	1.8E-1	5.4E-4	1.7E-2
9000	4.2E-4	5.6E+0	8.5E+2	7.9E-2	1.8E-1	6.0E-4	2.0E-2
10000	4.5E-4	6.4E+0	9.7E+2	8.1E-2	1.8E-1	6.5E-4	2.5E-2
11000	4.9E-4	7.2E+0	1.1E+3	8.2E-2	1.9E-1	7.1E-4	3.0E-2
12000	5.2E-4	8.0E+0	1.2E+3	8.4E-2	1.9E-1	7.8E-4	3.6E-2
13000	5.6E-4	8.8E+0	1.3E+3	8.5E-2	1.9E-1	8.4E-4	4.3E-2
14000	5.9E-4	9.7E+0	1.5E+3	8.7E-2	2.0E-1	9.2E-4	5.1E-2
15000	6.3E-4	1.1E+1	1.6E+3	8.8E-2	2.0E-1	9.9E-4	6.1E-2
16000	6.7E-4	1.1E+1	1.7E+3	9.0E-2	2.0E-1	1.1E-3	7.4E-2
17000	7.1E-4	1.2E+1	1.9E+3	9.2E-2	2.1E-1	1.2E-3	8.8E-2
18000	7.5E-4	1.3E+1	2.0E+3	9.3E-2	2.1E-1	1.3E-3	1.1E-1
18250	7.6E-4	1.4E+1	2.1E+3	9.4E-2	2.1E-1	1.3E-3	1.1E-1
Radionuclide	U-235
Route of Intake	Inhalation
Material	Aerosols Intermediate Type F/M: Uranyl nitrate, uranium peroxide hydrate, ammonium diuranate, uranium trioxide, fA=1.6E-2
AMTD/AMAD, µm	0.3

Committed Effective Dose per Predicted Content in an Organ or Excreta Sample (Dose per Content Functions z(t)), Sv/Bq
Time, days	Whole Body	Urine (24-hour sample)	Faeces (24-hour sample)	Alimentary Tract*	Lungs*	Skeleton*	Liver*
0.041667	2.9E-6	-	-	2.0E-5	4.8E-6	1.5E-3	2.3E-3
0.083333	3.0E-6	-	-	1.8E-5	5.0E-6	7.1E-4	1.7E-3
0.125	3.0E-6	-	-	1.6E-5	5.2E-6	4.6E-4	1.4E-3
0.25	3.1E-6	-	-	1.3E-5	5.8E-6	2.2E-4	1.0E-3
0.375	3.2E-6	-	-	1.2E-5	6.4E-6	1.5E-4	8.5E-4
0.5	3.4E-6	-	-	1.1E-5	7.1E-6	1.1E-4	7.4E-4
0.625	3.5E-6	-	-	1.1E-5	7.7E-6	9.3E-5	6.7E-4
0.75	3.7E-6	-	-	1.1E-5	8.5E-6	8.1E-5	6.2E-4
0.875	3.9E-6	-	-	1.1E-5	9.2E-6	7.3E-5	5.8E-4
1	4.0E-6	1.6E-5	6.5E-5	1.1E-5	1.0E-5	6.7E-5	5.5E-4
1.125	4.3E-6	-	-	1.1E-5	1.1E-5	6.2E-5	5.3E-4
1.25	4.5E-6	-	-	1.2E-5	1.2E-5	5.9E-5	5.1E-4
1.375	4.7E-6	-	-	1.3E-5	1.2E-5	5.6E-5	5.0E-4
1.5	5.0E-6	-	-	1.4E-5	1.3E-5	5.4E-5	4.9E-4
1.625	5.2E-6	-	-	1.5E-5	1.4E-5	5.3E-5	4.8E-4
1.75	5.5E-6	-	-	1.6E-5	1.5E-5	5.1E-5	4.7E-4
1.875	5.8E-6	-	-	1.8E-5	1.6E-5	5.0E-5	4.7E-4
2	6.1E-6	3.2E-5	2.0E-5	2.0E-5	1.7E-5	4.9E-5	4.6E-4
2.25	6.7E-6	-	-	2.5E-5	1.8E-5	4.8E-5	4.6E-4
2.5	7.4E-6	-	-	3.2E-5	2.0E-5	4.7E-5	4.6E-4
2.75	8.0E-6	-	-	4.1E-5	2.1E-5	4.7E-5	4.6E-4
3	8.6E-6	7.4E-5	3.0E-5	5.3E-5	2.2E-5	4.6E-5	4.6E-4
3.25	9.1E-6	-	-	6.9E-5	2.3E-5	4.6E-5	4.7E-4
3.5	9.6E-6	-	-	9.0E-5	2.4E-5	4.6E-5	4.7E-4
3.75	1.0E-5	-	-	1.2E-4	2.5E-5	4.6E-5	4.8E-4
4	1.0E-5	1.5E-4	7.5E-5	1.5E-4	2.6E-5	4.7E-5	4.9E-4
4.25	1.1E-5	-	-	2.0E-4	2.6E-5	4.7E-5	4.9E-4
4.5	1.1E-5	-	-	2.5E-4	2.7E-5	4.7E-5	5.0E-4
4.75	1.1E-5	-	-	3.1E-4	2.7E-5	4.7E-5	5.1E-4
5	1.1E-5	2.4E-4	2.2E-4	3.7E-4	2.7E-5	4.8E-5	5.2E-4
5.5	1.2E-5	-	-	5.2E-4	2.8E-5	4.9E-5	5.4E-4
6	1.2E-5	3.1E-4	6.0E-4	6.6E-4	2.9E-5	4.9E-5	5.6E-4
6.5	1.2E-5	-	-	7.8E-4	2.9E-5	5.0E-5	5.8E-4
7	1.3E-5	3.8E-4	1.2E-3	8.9E-4	2.9E-5	5.1E-5	6.0E-4
7.5	1.3E-5	-	-	9.9E-4	3.0E-5	5.2E-5	6.2E-4
8	1.3E-5	4.2E-4	1.8E-3	1.1E-3	3.0E-5	5.2E-5	6.5E-4
8.5	1.3E-5	-	-	1.2E-3	3.0E-5	5.3E-5	6.7E-4
9	1.4E-5	4.7E-4	2.4E-3	1.3E-3	3.1E-5	5.4E-5	7.0E-4
9.5	1.4E-5	-	-	1.3E-3	3.1E-5	5.4E-5	7.2E-4
10	1.4E-5	5.1E-4	2.9E-3	1.4E-3	3.1E-5	5.5E-5	7.5E-4
11	1.4E-5	5.5E-4	3.4E-3	1.6E-3	3.2E-5	5.6E-5	8.0E-4
12	1.5E-5	5.9E-4	4.0E-3	1.8E-3	3.2E-5	5.8E-5	8.6E-4
13	1.5E-5	6.3E-4	4.7E-3	2.0E-3	3.3E-5	5.9E-5	9.1E-4
14	1.6E-5	6.8E-4	5.5E-3	2.2E-3	3.3E-5	6.0E-5	9.7E-4
15	1.6E-5	7.3E-4	6.3E-3	2.4E-3	3.4E-5	6.1E-5	1.0E-3
16	1.6E-5	7.7E-4	7.1E-3	2.6E-3	3.4E-5	6.2E-5	1.1E-3
17	1.7E-5	8.2E-4	8.0E-3	2.8E-3	3.5E-5	6.2E-5	1.2E-3
18	1.7E-5	8.7E-4	8.9E-3	3.0E-3	3.5E-5	6.3E-5	1.2E-3
19	1.7E-5	9.3E-4	9.9E-3	3.1E-3	3.6E-5	6.4E-5	1.3E-3
20	1.8E-5	9.8E-4	1.1E-2	3.3E-3	3.6E-5	6.4E-5	1.4E-3
21	1.8E-5	1.0E-3	1.2E-2	3.5E-3	3.7E-5	6.5E-5	1.5E-3
22	1.8E-5	1.1E-3	1.3E-2	3.6E-3	3.7E-5	6.6E-5	1.5E-3
23	1.9E-5	1.1E-3	1.3E-2	3.7E-3	3.8E-5	6.6E-5	1.6E-3
24	1.9E-5	1.2E-3	1.4E-2	3.9E-3	3.8E-5	6.7E-5	1.7E-3
25	1.9E-5	1.3E-3	1.5E-2	4.0E-3	3.9E-5	6.7E-5	1.7E-3
26	2.0E-5	1.3E-3	1.6E-2	4.1E-3	3.9E-5	6.8E-5	1.8E-3
27	2.0E-5	1.4E-3	1.6E-2	4.3E-3	3.9E-5	6.8E-5	1.9E-3
28	2.0E-5	1.4E-3	1.7E-2	4.4E-3	4.0E-5	6.9E-5	2.0E-3
29	2.1E-5	1.5E-3	1.7E-2	4.5E-3	4.0E-5	6.9E-5	2.0E-3
30	2.1E-5	1.6E-3	1.8E-2	4.6E-3	4.1E-5	6.9E-5	2.1E-3
31	2.1E-5	1.6E-3	1.9E-2	4.7E-3	4.1E-5	7.0E-5	2.2E-3
32	2.2E-5	1.7E-3	1.9E-2	4.8E-3	4.2E-5	7.0E-5	2.3E-3
33	2.2E-5	1.7E-3	1.9E-2	5.0E-3	4.2E-5	7.1E-5	2.3E-3
34	2.2E-5	1.8E-3	2.0E-2	5.1E-3	4.3E-5	7.1E-5	2.4E-3
35	2.2E-5	1.9E-3	2.0E-2	5.2E-3	4.4E-5	7.1E-5	2.4E-3
36	2.3E-5	1.9E-3	2.1E-2	5.3E-3	4.4E-5	7.2E-5	2.5E-3
37	2.3E-5	2.0E-3	2.1E-2	5.4E-3	4.5E-5	7.2E-5	2.6E-3
38	2.3E-5	2.0E-3	2.1E-2	5.5E-3	4.5E-5	7.2E-5	2.6E-3
39	2.4E-5	2.1E-3	2.2E-2	5.6E-3	4.6E-5	7.3E-5	2.7E-3
40	2.4E-5	2.2E-3	2.2E-2	5.7E-3	4.6E-5	7.3E-5	2.7E-3
41	2.4E-5	2.2E-3	2.2E-2	5.8E-3	4.7E-5	7.3E-5	2.8E-3
42	2.4E-5	2.3E-3	2.3E-2	5.9E-3	4.7E-5	7.4E-5	2.8E-3
43	2.5E-5	2.3E-3	2.3E-2	6.1E-3	4.8E-5	7.4E-5	2.9E-3
44	2.5E-5	2.4E-3	2.3E-2	6.2E-3	4.8E-5	7.4E-5	2.9E-3
45	2.5E-5	2.5E-3	2.4E-2	6.3E-3	4.9E-5	7.5E-5	2.9E-3
46	2.6E-5	2.5E-3	2.4E-2	6.4E-3	5.0E-5	7.5E-5	3.0E-3
47	2.6E-5	2.6E-3	2.4E-2	6.5E-3	5.0E-5	7.5E-5	3.0E-3
48	2.6E-5	2.6E-3	2.5E-2	6.6E-3	5.1E-5	7.6E-5	3.0E-3
49	2.6E-5	2.7E-3	2.5E-2	6.7E-3	5.1E-5	7.6E-5	3.1E-3
50	2.7E-5	2.7E-3	2.5E-2	6.9E-3	5.2E-5	7.6E-5	3.1E-3
51	2.7E-5	2.8E-3	2.6E-2	7.0E-3	5.3E-5	7.7E-5	3.1E-3
52	2.7E-5	2.9E-3	2.6E-2	7.1E-3	5.3E-5	7.7E-5	3.2E-3
53	2.7E-5	2.9E-3	2.6E-2	7.2E-3	5.4E-5	7.7E-5	3.2E-3
54	2.8E-5	3.0E-3	2.7E-2	7.4E-3	5.5E-5	7.8E-5	3.2E-3
55	2.8E-5	3.0E-3	2.7E-2	7.5E-3	5.5E-5	7.8E-5	3.2E-3
56	2.8E-5	3.1E-3	2.8E-2	7.6E-3	5.6E-5	7.8E-5	3.2E-3
57	2.9E-5	3.1E-3	2.8E-2	7.7E-3	5.7E-5	7.9E-5	3.3E-3
58	2.9E-5	3.2E-3	2.8E-2	7.9E-3	5.7E-5	7.9E-5	3.3E-3
59	2.9E-5	3.3E-3	2.9E-2	8.0E-3	5.8E-5	7.9E-5	3.3E-3
60	3.0E-5	3.3E-3	2.9E-2	8.1E-3	5.9E-5	8.0E-5	3.3E-3
61	3.0E-5	3.4E-3	2.9E-2	8.3E-3	5.9E-5	8.0E-5	3.3E-3
62	3.0E-5	3.4E-3	3.0E-2	8.4E-3	6.0E-5	8.0E-5	3.3E-3
63	3.0E-5	3.5E-3	3.0E-2	8.5E-3	6.1E-5	8.1E-5	3.4E-3
64	3.1E-5	3.6E-3	3.1E-2	8.7E-3	6.1E-5	8.1E-5	3.4E-3
65	3.1E-5	3.6E-3	3.1E-2	8.8E-3	6.2E-5	8.1E-5	3.4E-3
66	3.1E-5	3.7E-3	3.1E-2	8.9E-3	6.3E-5	8.2E-5	3.4E-3
67	3.2E-5	3.7E-3	3.2E-2	9.1E-3	6.4E-5	8.2E-5	3.4E-3
68	3.2E-5	3.8E-3	3.2E-2	9.2E-3	6.4E-5	8.2E-5	3.4E-3
69	3.2E-5	3.8E-3	3.3E-2	9.4E-3	6.5E-5	8.3E-5	3.4E-3
70	3.2E-5	3.9E-3	3.3E-2	9.5E-3	6.6E-5	8.3E-5	3.4E-3
71	3.3E-5	4.0E-3	3.4E-2	9.7E-3	6.7E-5	8.3E-5	3.5E-3
72	3.3E-5	4.0E-3	3.4E-2	9.8E-3	6.8E-5	8.4E-5	3.5E-3
73	3.3E-5	4.1E-3	3.4E-2	9.9E-3	6.8E-5	8.4E-5	3.5E-3
74	3.4E-5	4.2E-3	3.5E-2	1.0E-2	6.9E-5	8.4E-5	3.5E-3
75	3.4E-5	4.2E-3	3.5E-2	1.0E-2	7.0E-5	8.5E-5	3.5E-3
76	3.4E-5	4.3E-3	3.6E-2	1.0E-2	7.1E-5	8.5E-5	3.5E-3
77	3.5E-5	4.3E-3	3.6E-2	1.1E-2	7.2E-5	8.5E-5	3.5E-3
78	3.5E-5	4.4E-3	3.7E-2	1.1E-2	7.3E-5	8.5E-5	3.5E-3
79	3.5E-5	4.5E-3	3.7E-2	1.1E-2	7.3E-5	8.6E-5	3.5E-3
80	3.5E-5	4.5E-3	3.8E-2	1.1E-2	7.4E-5	8.6E-5	3.5E-3
81	3.6E-5	4.6E-3	3.8E-2	1.1E-2	7.5E-5	8.6E-5	3.5E-3
82	3.6E-5	4.7E-3	3.9E-2	1.1E-2	7.6E-5	8.7E-5	3.5E-3
83	3.6E-5	4.7E-3	3.9E-2	1.1E-2	7.7E-5	8.7E-5	3.6E-3
84	3.7E-5	4.8E-3	4.0E-2	1.2E-2	7.8E-5	8.7E-5	3.6E-3
85	3.7E-5	4.9E-3	4.0E-2	1.2E-2	7.9E-5	8.8E-5	3.6E-3
86	3.7E-5	4.9E-3	4.1E-2	1.2E-2	8.0E-5	8.8E-5	3.6E-3
87	3.8E-5	5.0E-3	4.1E-2	1.2E-2	8.1E-5	8.8E-5	3.6E-3
88	3.8E-5	5.1E-3	4.2E-2	1.2E-2	8.2E-5	8.9E-5	3.6E-3
89	3.8E-5	5.1E-3	4.2E-2	1.2E-2	8.3E-5	8.9E-5	3.6E-3
90	3.9E-5	5.2E-3	4.3E-2	1.3E-2	8.4E-5	8.9E-5	3.6E-3
91	3.9E-5	5.3E-3	4.4E-2	1.3E-2	8.5E-5	9.0E-5	3.6E-3
92	3.9E-5	5.3E-3	4.4E-2	1.3E-2	8.6E-5	9.0E-5	3.6E-3
93	4.0E-5	5.4E-3	4.5E-2	1.3E-2	8.7E-5	9.0E-5	3.6E-3
94	4.0E-5	5.5E-3	4.5E-2	1.3E-2	8.8E-5	9.1E-5	3.6E-3
95	4.0E-5	5.6E-3	4.6E-2	1.3E-2	8.9E-5	9.1E-5	3.6E-3
96	4.1E-5	5.6E-3	4.6E-2	1.4E-2	9.0E-5	9.1E-5	3.6E-3
97	4.1E-5	5.7E-3	4.7E-2	1.4E-2	9.1E-5	9.2E-5	3.6E-3
98	4.1E-5	5.8E-3	4.8E-2	1.4E-2	9.2E-5	9.2E-5	3.6E-3
99	4.2E-5	5.9E-3	4.8E-2	1.4E-2	9.3E-5	9.2E-5	3.6E-3
100	4.2E-5	5.9E-3	4.9E-2	1.4E-2	9.4E-5	9.3E-5	3.6E-3
110	4.5E-5	6.8E-3	5.6E-2	1.6E-2	1.1E-4	9.6E-5	3.7E-3
120	4.9E-5	7.7E-3	6.3E-2	1.8E-2	1.2E-4	9.9E-5	3.7E-3
130	5.2E-5	8.7E-3	7.2E-2	2.0E-2	1.3E-4	1.0E-4	3.7E-3
140	5.6E-5	9.8E-3	8.2E-2	2.2E-2	1.5E-4	1.0E-4	3.8E-3
150	5.9E-5	1.1E-2	9.3E-2	2.4E-2	1.7E-4	1.1E-4	3.8E-3
160	6.3E-5	1.2E-2	1.1E-1	2.6E-2	1.9E-4	1.1E-4	3.8E-3
170	6.6E-5	1.4E-2	1.2E-1	2.9E-2	2.1E-4	1.1E-4	3.8E-3
180	7.0E-5	1.6E-2	1.4E-1	3.1E-2	2.4E-4	1.1E-4	3.9E-3
190	7.3E-5	1.7E-2	1.6E-1	3.3E-2	2.7E-4	1.2E-4	3.9E-3
200	7.6E-5	1.9E-2	1.8E-1	3.5E-2	3.0E-4	1.2E-4	3.9E-3
210	8.0E-5	2.2E-2	2.0E-1	3.7E-2	3.4E-4	1.2E-4	3.9E-3
220	8.3E-5	2.4E-2	2.3E-1	4.0E-2	3.8E-4	1.2E-4	3.9E-3
230	8.6E-5	2.7E-2	2.6E-1	4.2E-2	4.3E-4	1.2E-4	3.9E-3
240	8.9E-5	3.0E-2	3.0E-1	4.4E-2	4.8E-4	1.3E-4	3.9E-3
250	9.1E-5	3.4E-2	3.4E-1	4.5E-2	5.4E-4	1.3E-4	4.0E-3
260	9.4E-5	3.7E-2	3.9E-1	4.7E-2	6.0E-4	1.3E-4	4.0E-3
270	9.7E-5	4.1E-2	4.4E-1	4.9E-2	6.8E-4	1.3E-4	4.0E-3
280	9.9E-5	4.6E-2	5.0E-1	5.1E-2	7.6E-4	1.3E-4	4.0E-3
290	1.0E-4	5.1E-2	5.7E-1	5.2E-2	8.5E-4	1.3E-4	4.0E-3
300	1.0E-4	5.6E-2	6.4E-1	5.3E-2	9.5E-4	1.3E-4	4.0E-3
310	1.1E-4	6.2E-2	7.3E-1	5.5E-2	1.1E-3	1.4E-4	4.0E-3
320	1.1E-4	6.8E-2	8.3E-1	5.6E-2	1.2E-3	1.4E-4	4.0E-3
330	1.1E-4	7.5E-2	9.4E-1	5.7E-2	1.3E-3	1.4E-4	4.0E-3
340	1.1E-4	8.3E-2	1.1E+0	5.8E-2	1.5E-3	1.4E-4	4.0E-3
350	1.1E-4	9.1E-2	1.2E+0	5.9E-2	1.7E-3	1.4E-4	4.1E-3
360	1.1E-4	9.9E-2	1.4E+0	6.0E-2	1.9E-3	1.4E-4	4.1E-3
365	1.1E-4	1.0E-1	1.5E+0	6.0E-2	2.0E-3	1.4E-4	4.1E-3
370	1.2E-4	1.1E-1	1.6E+0	6.1E-2	2.1E-3	1.4E-4	4.1E-3
380	1.2E-4	1.2E-1	1.8E+0	6.1E-2	2.3E-3	1.4E-4	4.1E-3
390	1.2E-4	1.3E-1	2.0E+0	6.2E-2	2.6E-3	1.4E-4	4.1E-3
400	1.2E-4	1.4E-1	2.3E+0	6.2E-2	2.9E-3	1.4E-4	4.1E-3
410	1.2E-4	1.5E-1	2.6E+0	6.3E-2	3.2E-3	1.4E-4	4.1E-3
420	1.2E-4	1.6E-1	2.9E+0	6.3E-2	3.6E-3	1.4E-4	4.1E-3
430	1.2E-4	1.8E-1	3.3E+0	6.4E-2	4.0E-3	1.5E-4	4.1E-3
440	1.2E-4	1.9E-1	3.7E+0	6.4E-2	4.5E-3	1.5E-4	4.1E-3
450	1.2E-4	2.0E-1	4.2E+0	6.4E-2	5.0E-3	1.5E-4	4.1E-3
460	1.2E-4	2.2E-1	4.8E+0	6.5E-2	5.5E-3	1.5E-4	4.1E-3
470	1.2E-4	2.3E-1	5.4E+0	6.5E-2	6.1E-3	1.5E-4	4.1E-3
480	1.3E-4	2.4E-1	6.0E+0	6.5E-2	6.8E-3	1.5E-4	4.2E-3
490	1.3E-4	2.6E-1	6.8E+0	6.5E-2	7.6E-3	1.5E-4	4.2E-3
500	1.3E-4	2.7E-1	7.6E+0	6.6E-2	8.4E-3	1.5E-4	4.2E-3
510	1.3E-4	2.9E-1	8.6E+0	6.6E-2	9.3E-3	1.5E-4	4.2E-3
520	1.3E-4	3.0E-1	9.6E+0	6.6E-2	1.0E-2	1.5E-4	4.2E-3
530	1.3E-4	3.2E-1	1.1E+1	6.6E-2	1.1E-2	1.5E-4	4.2E-3
540	1.3E-4	3.3E-1	1.2E+1	6.6E-2	1.3E-2	1.5E-4	4.2E-3
550	1.3E-4	3.5E-1	1.3E+1	6.6E-2	1.4E-2	1.5E-4	4.2E-3
560	1.3E-4	3.6E-1	1.5E+1	6.6E-2	1.5E-2	1.5E-4	4.2E-3
570	1.3E-4	3.7E-1	1.6E+1	6.7E-2	1.7E-2	1.5E-4	4.2E-3
580	1.3E-4	3.8E-1	1.8E+1	6.7E-2	1.9E-2	1.5E-4	4.2E-3
590	1.3E-4	4.0E-1	2.0E+1	6.7E-2	2.0E-2	1.5E-4	4.2E-3
600	1.3E-4	4.1E-1	2.2E+1	6.7E-2	2.2E-2	1.5E-4	4.2E-3
610	1.3E-4	4.2E-1	2.4E+1	6.7E-2	2.5E-2	1.5E-4	4.3E-3
620	1.3E-4	4.3E-1	2.6E+1	6.7E-2	2.7E-2	1.6E-4	4.3E-3
630	1.3E-4	4.4E-1	2.9E+1	6.7E-2	2.9E-2	1.6E-4	4.3E-3
640	1.3E-4	4.5E-1	3.1E+1	6.7E-2	3.2E-2	1.6E-4	4.3E-3
650	1.3E-4	4.6E-1	3.4E+1	6.7E-2	3.5E-2	1.6E-4	4.3E-3
660	1.3E-4	4.7E-1	3.6E+1	6.7E-2	3.8E-2	1.6E-4	4.3E-3
670	1.3E-4	4.8E-1	3.9E+1	6.7E-2	4.1E-2	1.6E-4	4.3E-3
680	1.3E-4	4.9E-1	4.2E+1	6.7E-2	4.4E-2	1.6E-4	4.3E-3
690	1.4E-4	4.9E-1	4.5E+1	6.7E-2	4.7E-2	1.6E-4	4.3E-3
700	1.4E-4	5.0E-1	4.7E+1	6.7E-2	5.1E-2	1.6E-4	4.3E-3
710	1.4E-4	5.1E-1	5.0E+1	6.7E-2	5.4E-2	1.6E-4	4.3E-3
720	1.4E-4	5.2E-1	5.3E+1	6.7E-2	5.8E-2	1.6E-4	4.3E-3
730	1.4E-4	5.2E-1	5.5E+1	6.7E-2	6.2E-2	1.6E-4	4.3E-3
740	1.4E-4	5.3E-1	5.8E+1	6.7E-2	6.6E-2	1.6E-4	4.4E-3
750	1.4E-4	5.3E-1	6.0E+1	6.7E-2	7.0E-2	1.6E-4	4.4E-3
760	1.4E-4	5.4E-1	6.3E+1	6.7E-2	7.4E-2	1.6E-4	4.4E-3
770	1.4E-4	5.4E-1	6.5E+1	6.7E-2	7.8E-2	1.6E-4	4.4E-3
780	1.4E-4	5.5E-1	6.7E+1	6.7E-2	8.2E-2	1.6E-4	4.4E-3
790	1.4E-4	5.5E-1	6.9E+1	6.7E-2	8.6E-2	1.6E-4	4.4E-3
800	1.4E-4	5.6E-1	7.1E+1	6.7E-2	9.0E-2	1.6E-4	4.4E-3
810	1.4E-4	5.6E-1	7.3E+1	6.7E-2	9.4E-2	1.6E-4	4.4E-3
820	1.4E-4	5.7E-1	7.5E+1	6.7E-2	9.7E-2	1.6E-4	4.4E-3
830	1.4E-4	5.7E-1	7.6E+1	6.7E-2	1.0E-1	1.6E-4	4.4E-3
840	1.4E-4	5.7E-1	7.8E+1	6.7E-2	1.0E-1	1.7E-4	4.4E-3
850	1.4E-4	5.8E-1	7.9E+1	6.7E-2	1.1E-1	1.7E-4	4.4E-3
860	1.4E-4	5.8E-1	8.1E+1	6.7E-2	1.1E-1	1.7E-4	4.5E-3
870	1.4E-4	5.9E-1	8.2E+1	6.7E-2	1.1E-1	1.7E-4	4.5E-3
880	1.4E-4	5.9E-1	8.3E+1	6.7E-2	1.2E-1	1.7E-4	4.5E-3
890	1.4E-4	5.9E-1	8.4E+1	6.7E-2	1.2E-1	1.7E-4	4.5E-3
900	1.4E-4	6.0E-1	8.5E+1	6.7E-2	1.2E-1	1.7E-4	4.5E-3
910	1.4E-4	6.0E-1	8.6E+1	6.7E-2	1.3E-1	1.7E-4	4.5E-3
920	1.4E-4	6.0E-1	8.7E+1	6.7E-2	1.3E-1	1.7E-4	4.5E-3
930	1.4E-4	6.0E-1	8.8E+1	6.7E-2	1.3E-1	1.7E-4	4.5E-3
940	1.4E-4	6.1E-1	8.9E+1	6.7E-2	1.3E-1	1.7E-4	4.5E-3
950	1.4E-4	6.1E-1	8.9E+1	6.7E-2	1.3E-1	1.7E-4	4.5E-3
960	1.4E-4	6.1E-1	9.0E+1	6.7E-2	1.4E-1	1.7E-4	4.5E-3
970	1.4E-4	6.2E-1	9.1E+1	6.7E-2	1.4E-1	1.7E-4	4.5E-3
980	1.5E-4	6.2E-1	9.2E+1	6.7E-2	1.4E-1	1.7E-4	4.5E-3
990	1.5E-4	6.2E-1	9.2E+1	6.7E-2	1.4E-1	1.7E-4	4.6E-3
1000	1.5E-4	6.3E-1	9.3E+1	6.7E-2	1.4E-1	1.7E-4	4.6E-3
1010	1.5E-4	6.3E-1	9.3E+1	6.8E-2	1.4E-1	1.7E-4	4.6E-3
1020	1.5E-4	6.3E-1	9.4E+1	6.8E-2	1.4E-1	1.7E-4	4.6E-3
1030	1.5E-4	6.3E-1	9.4E+1	6.8E-2	1.4E-1	1.7E-4	4.6E-3
1040	1.5E-4	6.4E-1	9.5E+1	6.8E-2	1.4E-1	1.7E-4	4.6E-3
1050	1.5E-4	6.4E-1	9.5E+1	6.8E-2	1.5E-1	1.7E-4	4.6E-3
1060	1.5E-4	6.4E-1	9.6E+1	6.8E-2	1.5E-1	1.8E-4	4.6E-3
1070	1.5E-4	6.4E-1	9.6E+1	6.8E-2	1.5E-1	1.8E-4	4.6E-3
1080	1.5E-4	6.5E-1	9.7E+1	6.8E-2	1.5E-1	1.8E-4	4.6E-3
1090	1.5E-4	6.5E-1	9.7E+1	6.8E-2	1.5E-1	1.8E-4	4.6E-3
1095	1.5E-4	6.5E-1	9.8E+1	6.8E-2	1.5E-1	1.8E-4	4.6E-3
1100	1.5E-4	6.5E-1	9.8E+1	6.8E-2	1.5E-1	1.8E-4	4.6E-3
1200	1.5E-4	6.8E-1	1.0E+2	6.8E-2	1.5E-1	1.8E-4	4.7E-3
1300	1.6E-4	7.1E-1	1.1E+2	6.8E-2	1.5E-1	1.9E-4	4.8E-3
1400	1.6E-4	7.4E-1	1.1E+2	6.8E-2	1.5E-1	1.9E-4	4.9E-3
1500	1.6E-4	7.7E-1	1.2E+2	6.8E-2	1.5E-1	2.0E-4	5.0E-3
1600	1.7E-4	8.0E-1	1.2E+2	6.8E-2	1.5E-1	2.0E-4	5.1E-3
1700	1.7E-4	8.3E-1	1.2E+2	6.8E-2	1.5E-1	2.1E-4	5.2E-3
1800	1.7E-4	8.6E-1	1.3E+2	6.8E-2	1.5E-1	2.1E-4	5.3E-3
1900	1.8E-4	8.9E-1	1.3E+2	6.8E-2	1.6E-1	2.1E-4	5.4E-3
2000	1.8E-4	9.3E-1	1.4E+2	6.8E-2	1.6E-1	2.2E-4	5.5E-3
2100	1.8E-4	9.6E-1	1.5E+2	6.9E-2	1.6E-1	2.2E-4	5.6E-3
2200	1.9E-4	1.0E+0	1.5E+2	6.9E-2	1.6E-1	2.3E-4	5.7E-3
2300	1.9E-4	1.0E+0	1.6E+2	6.9E-2	1.6E-1	2.3E-4	5.8E-3
2400	2.0E-4	1.1E+0	1.6E+2	6.9E-2	1.6E-1	2.4E-4	5.9E-3
2500	2.0E-4	1.1E+0	1.7E+2	6.9E-2	1.6E-1	2.4E-4	6.0E-3
2600	2.0E-4	1.2E+0	1.7E+2	6.9E-2	1.6E-1	2.5E-4	6.1E-3
2700	2.1E-4	1.2E+0	1.8E+2	6.9E-2	1.6E-1	2.5E-4	6.2E-3
2800	2.1E-4	1.2E+0	1.9E+2	6.9E-2	1.6E-1	2.6E-4	6.3E-3
2900	2.1E-4	1.3E+0	1.9E+2	6.9E-2	1.6E-1	2.6E-4	6.5E-3
3000	2.2E-4	1.3E+0	2.0E+2	7.0E-2	1.6E-1	2.7E-4	6.6E-3
3100	2.2E-4	1.4E+0	2.1E+2	7.0E-2	1.6E-1	2.8E-4	6.7E-3
3200	2.2E-4	1.4E+0	2.2E+2	7.0E-2	1.6E-1	2.8E-4	6.8E-3
3300	2.3E-4	1.5E+0	2.2E+2	7.0E-2	1.6E-1	2.9E-4	6.9E-3
3400	2.3E-4	1.5E+0	2.3E+2	7.0E-2	1.6E-1	2.9E-4	7.1E-3
3500	2.3E-4	1.6E+0	2.4E+2	7.0E-2	1.6E-1	3.0E-4	7.2E-3
3600	2.4E-4	1.6E+0	2.5E+2	7.0E-2	1.6E-1	3.0E-4	7.3E-3
3650	2.4E-4	1.7E+0	2.5E+2	7.0E-2	1.6E-1	3.0E-4	7.4E-3
4000	2.5E-4	1.8E+0	2.8E+2	7.1E-2	1.6E-1	3.2E-4	7.9E-3
5000	2.9E-4	2.5E+0	3.7E+2	7.2E-2	1.6E-1	3.7E-4	9.5E-3
6000	3.2E-4	3.2E+0	4.8E+2	7.3E-2	1.7E-1	4.2E-4	1.1E-2
7000	3.5E-4	3.9E+0	5.9E+2	7.4E-2	1.7E-1	4.7E-4	1.4E-2
8000	3.8E-4	4.7E+0	7.1E+2	7.6E-2	1.7E-1	5.3E-4	1.7E-2
9000	4.1E-4	5.5E+0	8.3E+2	7.7E-2	1.8E-1	5.8E-4	2.0E-2
10000	4.4E-4	6.3E+0	9.4E+2	7.9E-2	1.8E-1	6.4E-4	2.4E-2
11000	4.7E-4	7.0E+0	1.1E+3	8.0E-2	1.8E-1	6.9E-4	2.9E-2
12000	5.1E-4	7.8E+0	1.2E+3	8.1E-2	1.9E-1	7.6E-4	3.5E-2
13000	5.4E-4	8.6E+0	1.3E+3	8.3E-2	1.9E-1	8.2E-4	4.2E-2
14000	5.8E-4	9.4E+0	1.4E+3	8.5E-2	1.9E-1	8.9E-4	5.0E-2
15000	6.1E-4	1.0E+1	1.5E+3	8.6E-2	2.0E-1	9.7E-4	6.0E-2
16000	6.5E-4	1.1E+1	1.7E+3	8.8E-2	2.0E-1	1.1E-3	7.2E-2
17000	6.9E-4	1.2E+1	1.8E+3	8.9E-2	2.0E-1	1.1E-3	8.6E-2
18000	7.3E-4	1.3E+1	2.0E+3	9.1E-2	2.1E-1	1.2E-3	1.0E-1
18250	7.4E-4	1.3E+1	2.0E+3	9.1E-2	2.1E-1	1.3E-3	1.1E-1
Radionuclide	U-235
Route of Intake	Inhalation
Material	Aerosols Intermediate Type F/M: Uranyl nitrate, uranium peroxide hydrate, ammonium diuranate, uranium trioxide, fA=1.6E-2
AMTD/AMAD, µm	1

Committed Effective Dose per Predicted Content in an Organ or Excreta Sample (Dose per Content Functions z(t)), Sv/Bq
Time, days	Whole Body	Urine (24-hour sample)	Faeces (24-hour sample)	Alimentary Tract*	Lungs*	Skeleton*	Liver*
0.041667	1.2E-6	-	-	4.1E-6	4.6E-6	1.2E-3	1.8E-3
0.083333	1.2E-6	-	-	3.6E-6	4.8E-6	5.8E-4	1.4E-3
0.125	1.2E-6	-	-	3.3E-6	5.1E-6	3.8E-4	1.2E-3
0.25	1.2E-6	-	-	2.8E-6	5.7E-6	1.9E-4	9.1E-4
0.375	1.3E-6	-	-	2.5E-6	6.3E-6	1.3E-4	7.5E-4
0.5	1.3E-6	-	-	2.4E-6	7.0E-6	9.9E-5	6.6E-4
0.625	1.4E-6	-	-	2.3E-6	7.6E-6	8.3E-5	6.0E-4
0.75	1.4E-6	-	-	2.3E-6	8.3E-6	7.2E-5	5.5E-4
0.875	1.5E-6	-	-	2.3E-6	9.0E-6	6.5E-5	5.2E-4
1	1.6E-6	1.5E-5	1.4E-5	2.4E-6	9.8E-6	6.0E-5	5.0E-4
1.125	1.7E-6	-	-	2.5E-6	1.1E-5	5.6E-5	4.8E-4
1.25	1.8E-6	-	-	2.6E-6	1.1E-5	5.3E-5	4.6E-4
1.375	1.9E-6	-	-	2.8E-6	1.2E-5	5.1E-5	4.5E-4
1.5	2.1E-6	-	-	3.0E-6	1.3E-5	4.9E-5	4.4E-4
1.625	2.2E-6	-	-	3.3E-6	1.4E-5	4.8E-5	4.4E-4
1.75	2.4E-6	-	-	3.6E-6	1.5E-5	4.7E-5	4.3E-4
1.875	2.6E-6	-	-	4.0E-6	1.5E-5	4.6E-5	4.3E-4
2	2.8E-6	3.0E-5	4.3E-6	4.4E-6	1.6E-5	4.5E-5	4.3E-4
2.25	3.4E-6	-	-	5.6E-6	1.8E-5	4.4E-5	4.2E-4
2.5	4.0E-6	-	-	7.2E-6	1.9E-5	4.3E-5	4.2E-4
2.75	4.7E-6	-	-	9.4E-6	2.0E-5	4.3E-5	4.2E-4
3	5.4E-6	7.1E-5	6.6E-6	1.3E-5	2.1E-5	4.3E-5	4.3E-4
3.25	6.2E-6	-	-	1.7E-5	2.2E-5	4.3E-5	4.3E-4
3.5	7.0E-6	-	-	2.3E-5	2.3E-5	4.3E-5	4.4E-4
3.75	7.7E-6	-	-	3.2E-5	2.4E-5	4.3E-5	4.4E-4
4	8.4E-6	1.4E-4	1.7E-5	4.4E-5	2.5E-5	4.3E-5	4.5E-4
4.25	9.0E-6	-	-	6.0E-5	2.5E-5	4.3E-5	4.6E-4
4.5	9.5E-6	-	-	8.3E-5	2.6E-5	4.3E-5	4.6E-4
4.75	9.9E-6	-	-	1.1E-4	2.6E-5	4.4E-5	4.7E-4
5	1.0E-5	2.2E-4	5.9E-5	1.6E-4	2.6E-5	4.4E-5	4.8E-4
5.5	1.1E-5	-	-	2.8E-4	2.7E-5	4.5E-5	5.0E-4
6	1.1E-5	2.9E-4	2.2E-4	4.5E-4	2.7E-5	4.5E-5	5.2E-4
6.5	1.2E-5	-	-	6.6E-4	2.8E-5	4.6E-5	5.4E-4
7	1.2E-5	3.5E-4	7.2E-4	8.6E-4	2.8E-5	4.7E-5	5.6E-4
7.5	1.2E-5	-	-	1.0E-3	2.9E-5	4.8E-5	5.8E-4
8	1.2E-5	3.9E-4	1.7E-3	1.2E-3	2.9E-5	4.8E-5	6.0E-4
8.5	1.2E-5	-	-	1.3E-3	2.9E-5	4.9E-5	6.2E-4
9	1.3E-5	4.3E-4	2.7E-3	1.4E-3	2.9E-5	5.0E-5	6.4E-4
9.5	1.3E-5	-	-	1.5E-3	3.0E-5	5.0E-5	6.7E-4
10	1.3E-5	4.7E-4	3.4E-3	1.6E-3	3.0E-5	5.1E-5	6.9E-4
11	1.3E-5	5.1E-4	4.1E-3	1.7E-3	3.0E-5	5.2E-5	7.4E-4
12	1.4E-5	5.5E-4	4.7E-3	1.9E-3	3.1E-5	5.3E-5	7.9E-4
13	1.4E-5	5.9E-4	5.5E-3	2.1E-3	3.1E-5	5.4E-5	8.4E-4
14	1.5E-5	6.3E-4	6.2E-3	2.3E-3	3.2E-5	5.5E-5	9.0E-4
15	1.5E-5	6.7E-4	7.0E-3	2.4E-3	3.2E-5	5.6E-5	9.6E-4
16	1.5E-5	7.2E-4	7.9E-3	2.6E-3	3.3E-5	5.7E-5	1.0E-3
17	1.6E-5	7.6E-4	8.7E-3	2.8E-3	3.3E-5	5.7E-5	1.1E-3
18	1.6E-5	8.1E-4	9.6E-3	2.9E-3	3.3E-5	5.8E-5	1.1E-3
19	1.6E-5	8.6E-4	1.0E-2	3.1E-3	3.4E-5	5.9E-5	1.2E-3
20	1.7E-5	9.1E-4	1.1E-2	3.2E-3	3.4E-5	5.9E-5	1.3E-3
21	1.7E-5	9.6E-4	1.2E-2	3.3E-3	3.5E-5	6.0E-5	1.3E-3
22	1.7E-5	1.0E-3	1.3E-2	3.5E-3	3.5E-5	6.1E-5	1.4E-3
23	1.7E-5	1.1E-3	1.4E-2	3.6E-3	3.6E-5	6.1E-5	1.5E-3
24	1.8E-5	1.1E-3	1.4E-2	3.7E-3	3.6E-5	6.2E-5	1.5E-3
25	1.8E-5	1.2E-3	1.5E-2	3.8E-3	3.6E-5	6.2E-5	1.6E-3
26	1.8E-5	1.2E-3	1.5E-2	3.9E-3	3.7E-5	6.2E-5	1.7E-3
27	1.9E-5	1.3E-3	1.6E-2	4.0E-3	3.7E-5	6.3E-5	1.8E-3
28	1.9E-5	1.3E-3	1.6E-2	4.1E-3	3.8E-5	6.3E-5	1.8E-3
29	1.9E-5	1.4E-3	1.7E-2	4.2E-3	3.8E-5	6.4E-5	1.9E-3
30	2.0E-5	1.5E-3	1.7E-2	4.3E-3	3.9E-5	6.4E-5	2.0E-3
31	2.0E-5	1.5E-3	1.8E-2	4.4E-3	3.9E-5	6.4E-5	2.0E-3
32	2.0E-5	1.6E-3	1.8E-2	4.5E-3	4.0E-5	6.5E-5	2.1E-3
33	2.0E-5	1.6E-3	1.9E-2	4.6E-3	4.0E-5	6.5E-5	2.1E-3
34	2.1E-5	1.7E-3	1.9E-2	4.7E-3	4.1E-5	6.5E-5	2.2E-3
35	2.1E-5	1.7E-3	1.9E-2	4.8E-3	4.1E-5	6.6E-5	2.3E-3
36	2.1E-5	1.8E-3	2.0E-2	4.9E-3	4.2E-5	6.6E-5	2.3E-3
37	2.1E-5	1.8E-3	2.0E-2	5.0E-3	4.2E-5	6.6E-5	2.4E-3
38	2.2E-5	1.9E-3	2.0E-2	5.1E-3	4.3E-5	6.7E-5	2.4E-3
39	2.2E-5	2.0E-3	2.1E-2	5.2E-3	4.3E-5	6.7E-5	2.5E-3
40	2.2E-5	2.0E-3	2.1E-2	5.3E-3	4.4E-5	6.7E-5	2.5E-3
41	2.2E-5	2.1E-3	2.1E-2	5.4E-3	4.4E-5	6.8E-5	2.6E-3
42	2.3E-5	2.1E-3	2.1E-2	5.5E-3	4.5E-5	6.8E-5	2.6E-3
43	2.3E-5	2.2E-3	2.2E-2	5.6E-3	4.5E-5	6.8E-5	2.6E-3
44	2.3E-5	2.2E-3	2.2E-2	5.8E-3	4.6E-5	6.9E-5	2.7E-3
45	2.4E-5	2.3E-3	2.2E-2	5.9E-3	4.6E-5	6.9E-5	2.7E-3
46	2.4E-5	2.3E-3	2.3E-2	6.0E-3	4.7E-5	6.9E-5	2.7E-3
47	2.4E-5	2.4E-3	2.3E-2	6.1E-3	4.7E-5	7.0E-5	2.8E-3
48	2.4E-5	2.5E-3	2.3E-2	6.2E-3	4.8E-5	7.0E-5	2.8E-3
49	2.5E-5	2.5E-3	2.4E-2	6.3E-3	4.9E-5	7.0E-5	2.8E-3
50	2.5E-5	2.6E-3	2.4E-2	6.4E-3	4.9E-5	7.0E-5	2.9E-3
51	2.5E-5	2.6E-3	2.4E-2	6.5E-3	5.0E-5	7.1E-5	2.9E-3
52	2.5E-5	2.7E-3	2.5E-2	6.6E-3	5.0E-5	7.1E-5	2.9E-3
53	2.6E-5	2.7E-3	2.5E-2	6.7E-3	5.1E-5	7.1E-5	2.9E-3
54	2.6E-5	2.8E-3	2.5E-2	6.9E-3	5.2E-5	7.2E-5	3.0E-3
55	2.6E-5	2.8E-3	2.6E-2	7.0E-3	5.2E-5	7.2E-5	3.0E-3
56	2.6E-5	2.9E-3	2.6E-2	7.1E-3	5.3E-5	7.2E-5	3.0E-3
57	2.7E-5	2.9E-3	2.6E-2	7.2E-3	5.3E-5	7.3E-5	3.0E-3
58	2.7E-5	3.0E-3	2.7E-2	7.3E-3	5.4E-5	7.3E-5	3.0E-3
59	2.7E-5	3.0E-3	2.7E-2	7.5E-3	5.5E-5	7.3E-5	3.1E-3
60	2.8E-5	3.1E-3	2.7E-2	7.6E-3	5.5E-5	7.4E-5	3.1E-3
61	2.8E-5	3.2E-3	2.8E-2	7.7E-3	5.6E-5	7.4E-5	3.1E-3
62	2.8E-5	3.2E-3	2.8E-2	7.8E-3	5.7E-5	7.4E-5	3.1E-3
63	2.8E-5	3.3E-3	2.9E-2	8.0E-3	5.7E-5	7.4E-5	3.1E-3
64	2.9E-5	3.3E-3	2.9E-2	8.1E-3	5.8E-5	7.5E-5	3.1E-3
65	2.9E-5	3.4E-3	2.9E-2	8.2E-3	5.9E-5	7.5E-5	3.1E-3
66	2.9E-5	3.4E-3	3.0E-2	8.4E-3	5.9E-5	7.5E-5	3.1E-3
67	2.9E-5	3.5E-3	3.0E-2	8.5E-3	6.0E-5	7.6E-5	3.2E-3
68	3.0E-5	3.5E-3	3.0E-2	8.6E-3	6.1E-5	7.6E-5	3.2E-3
69	3.0E-5	3.6E-3	3.1E-2	8.8E-3	6.2E-5	7.6E-5	3.2E-3
70	3.0E-5	3.6E-3	3.1E-2	8.9E-3	6.2E-5	7.7E-5	3.2E-3
71	3.1E-5	3.7E-3	3.2E-2	9.0E-3	6.3E-5	7.7E-5	3.2E-3
72	3.1E-5	3.8E-3	3.2E-2	9.2E-3	6.4E-5	7.7E-5	3.2E-3
73	3.1E-5	3.8E-3	3.2E-2	9.3E-3	6.5E-5	7.7E-5	3.2E-3
74	3.1E-5	3.9E-3	3.3E-2	9.4E-3	6.5E-5	7.8E-5	3.2E-3
75	3.2E-5	3.9E-3	3.3E-2	9.6E-3	6.6E-5	7.8E-5	3.2E-3
76	3.2E-5	4.0E-3	3.4E-2	9.7E-3	6.7E-5	7.8E-5	3.2E-3
77	3.2E-5	4.1E-3	3.4E-2	9.9E-3	6.8E-5	7.9E-5	3.2E-3
78	3.3E-5	4.1E-3	3.5E-2	1.0E-2	6.9E-5	7.9E-5	3.3E-3
79	3.3E-5	4.2E-3	3.5E-2	1.0E-2	6.9E-5	7.9E-5	3.3E-3
80	3.3E-5	4.2E-3	3.6E-2	1.0E-2	7.0E-5	8.0E-5	3.3E-3
81	3.3E-5	4.3E-3	3.6E-2	1.0E-2	7.1E-5	8.0E-5	3.3E-3
82	3.4E-5	4.4E-3	3.7E-2	1.1E-2	7.2E-5	8.0E-5	3.3E-3
83	3.4E-5	4.4E-3	3.7E-2	1.1E-2	7.3E-5	8.0E-5	3.3E-3
84	3.4E-5	4.5E-3	3.8E-2	1.1E-2	7.4E-5	8.1E-5	3.3E-3
85	3.5E-5	4.5E-3	3.8E-2	1.1E-2	7.5E-5	8.1E-5	3.3E-3
86	3.5E-5	4.6E-3	3.8E-2	1.1E-2	7.5E-5	8.1E-5	3.3E-3
87	3.5E-5	4.7E-3	3.9E-2	1.1E-2	7.6E-5	8.2E-5	3.3E-3
88	3.5E-5	4.7E-3	4.0E-2	1.2E-2	7.7E-5	8.2E-5	3.3E-3
89	3.6E-5	4.8E-3	4.0E-2	1.2E-2	7.8E-5	8.2E-5	3.3E-3
90	3.6E-5	4.9E-3	4.1E-2	1.2E-2	7.9E-5	8.3E-5	3.3E-3
91	3.6E-5	4.9E-3	4.1E-2	1.2E-2	8.0E-5	8.3E-5	3.3E-3
92	3.7E-5	5.0E-3	4.2E-2	1.2E-2	8.1E-5	8.3E-5	3.3E-3
93	3.7E-5	5.1E-3	4.2E-2	1.2E-2	8.2E-5	8.3E-5	3.3E-3
94	3.7E-5	5.1E-3	4.3E-2	1.2E-2	8.3E-5	8.4E-5	3.3E-3
95	3.8E-5	5.2E-3	4.3E-2	1.3E-2	8.4E-5	8.4E-5	3.3E-3
96	3.8E-5	5.3E-3	4.4E-2	1.3E-2	8.5E-5	8.4E-5	3.3E-3
97	3.8E-5	5.3E-3	4.4E-2	1.3E-2	8.6E-5	8.5E-5	3.4E-3
98	3.8E-5	5.4E-3	4.5E-2	1.3E-2	8.7E-5	8.5E-5	3.4E-3
99	3.9E-5	5.5E-3	4.6E-2	1.3E-2	8.8E-5	8.5E-5	3.4E-3
100	3.9E-5	5.6E-3	4.6E-2	1.3E-2	8.9E-5	8.5E-5	3.4E-3
110	4.2E-5	6.3E-3	5.3E-2	1.5E-2	1.0E-4	8.8E-5	3.4E-3
120	4.5E-5	7.2E-3	6.0E-2	1.7E-2	1.1E-4	9.1E-5	3.4E-3
130	4.8E-5	8.1E-3	6.8E-2	1.9E-2	1.3E-4	9.4E-5	3.5E-3
140	5.2E-5	9.2E-3	7.8E-2	2.1E-2	1.4E-4	9.6E-5	3.5E-3
150	5.5E-5	1.0E-2	8.8E-2	2.3E-2	1.6E-4	9.9E-5	3.5E-3
160	5.8E-5	1.2E-2	1.0E-1	2.5E-2	1.8E-4	1.0E-4	3.5E-3
170	6.1E-5	1.3E-2	1.1E-1	2.7E-2	2.0E-4	1.0E-4	3.5E-3
180	6.5E-5	1.5E-2	1.3E-1	2.9E-2	2.3E-4	1.1E-4	3.6E-3
190	6.8E-5	1.6E-2	1.5E-1	3.1E-2	2.5E-4	1.1E-4	3.6E-3
200	7.1E-5	1.8E-2	1.7E-1	3.3E-2	2.9E-4	1.1E-4	3.6E-3
210	7.4E-5	2.0E-2	1.9E-1	3.5E-2	3.2E-4	1.1E-4	3.6E-3
220	7.7E-5	2.3E-2	2.2E-1	3.7E-2	3.6E-4	1.1E-4	3.6E-3
230	8.0E-5	2.5E-2	2.5E-1	3.9E-2	4.0E-4	1.2E-4	3.6E-3
240	8.2E-5	2.8E-2	2.8E-1	4.1E-2	4.5E-4	1.2E-4	3.6E-3
250	8.5E-5	3.1E-2	3.2E-1	4.2E-2	5.1E-4	1.2E-4	3.7E-3
260	8.7E-5	3.5E-2	3.6E-1	4.4E-2	5.7E-4	1.2E-4	3.7E-3
270	9.0E-5	3.9E-2	4.1E-1	4.5E-2	6.4E-4	1.2E-4	3.7E-3
280	9.2E-5	4.3E-2	4.7E-1	4.7E-2	7.2E-4	1.2E-4	3.7E-3
290	9.4E-5	4.7E-2	5.3E-1	4.8E-2	8.0E-4	1.2E-4	3.7E-3
300	9.6E-5	5.2E-2	6.1E-1	5.0E-2	9.0E-4	1.2E-4	3.7E-3
310	9.8E-5	5.8E-2	6.9E-1	5.1E-2	1.0E-3	1.3E-4	3.7E-3
320	9.9E-5	6.4E-2	7.8E-1	5.2E-2	1.1E-3	1.3E-4	3.7E-3
330	1.0E-4	7.0E-2	8.9E-1	5.3E-2	1.3E-3	1.3E-4	3.7E-3
340	1.0E-4	7.7E-2	1.0E+0	5.4E-2	1.4E-3	1.3E-4	3.7E-3
350	1.0E-4	8.5E-2	1.1E+0	5.5E-2	1.6E-3	1.3E-4	3.7E-3
360	1.1E-4	9.3E-2	1.3E+0	5.5E-2	1.8E-3	1.3E-4	3.7E-3
365	1.1E-4	9.7E-2	1.4E+0	5.6E-2	1.9E-3	1.3E-4	3.8E-3
370	1.1E-4	1.0E-1	1.5E+0	5.6E-2	2.0E-3	1.3E-4	3.8E-3
380	1.1E-4	1.1E-1	1.7E+0	5.7E-2	2.2E-3	1.3E-4	3.8E-3
390	1.1E-4	1.2E-1	1.9E+0	5.7E-2	2.4E-3	1.3E-4	3.8E-3
400	1.1E-4	1.3E-1	2.2E+0	5.8E-2	2.7E-3	1.3E-4	3.8E-3
410	1.1E-4	1.4E-1	2.4E+0	5.8E-2	3.0E-3	1.3E-4	3.8E-3
420	1.1E-4	1.5E-1	2.8E+0	5.9E-2	3.4E-3	1.3E-4	3.8E-3
430	1.1E-4	1.6E-1	3.1E+0	5.9E-2	3.8E-3	1.3E-4	3.8E-3
440	1.1E-4	1.8E-1	3.5E+0	5.9E-2	4.2E-3	1.4E-4	3.8E-3
450	1.1E-4	1.9E-1	4.0E+0	6.0E-2	4.7E-3	1.4E-4	3.8E-3
460	1.1E-4	2.0E-1	4.5E+0	6.0E-2	5.2E-3	1.4E-4	3.8E-3
470	1.2E-4	2.1E-1	5.1E+0	6.0E-2	5.8E-3	1.4E-4	3.8E-3
480	1.2E-4	2.3E-1	5.7E+0	6.0E-2	6.4E-3	1.4E-4	3.8E-3
490	1.2E-4	2.4E-1	6.4E+0	6.0E-2	7.1E-3	1.4E-4	3.8E-3
500	1.2E-4	2.5E-1	7.2E+0	6.1E-2	7.9E-3	1.4E-4	3.9E-3
510	1.2E-4	2.7E-1	8.1E+0	6.1E-2	8.8E-3	1.4E-4	3.9E-3
520	1.2E-4	2.8E-1	9.0E+0	6.1E-2	9.7E-3	1.4E-4	3.9E-3
530	1.2E-4	2.9E-1	1.0E+1	6.1E-2	1.1E-2	1.4E-4	3.9E-3
540	1.2E-4	3.1E-1	1.1E+1	6.1E-2	1.2E-2	1.4E-4	3.9E-3
550	1.2E-4	3.2E-1	1.3E+1	6.1E-2	1.3E-2	1.4E-4	3.9E-3
560	1.2E-4	3.3E-1	1.4E+1	6.1E-2	1.4E-2	1.4E-4	3.9E-3
570	1.2E-4	3.5E-1	1.5E+1	6.1E-2	1.6E-2	1.4E-4	3.9E-3
580	1.2E-4	3.6E-1	1.7E+1	6.2E-2	1.7E-2	1.4E-4	3.9E-3
590	1.2E-4	3.7E-1	1.9E+1	6.2E-2	1.9E-2	1.4E-4	3.9E-3
600	1.2E-4	3.8E-1	2.1E+1	6.2E-2	2.1E-2	1.4E-4	3.9E-3
610	1.2E-4	3.9E-1	2.3E+1	6.2E-2	2.3E-2	1.4E-4	3.9E-3
620	1.2E-4	4.0E-1	2.5E+1	6.2E-2	2.5E-2	1.4E-4	3.9E-3
630	1.2E-4	4.1E-1	2.7E+1	6.2E-2	2.8E-2	1.4E-4	3.9E-3
640	1.2E-4	4.2E-1	2.9E+1	6.2E-2	3.0E-2	1.4E-4	4.0E-3
650	1.2E-4	4.3E-1	3.2E+1	6.2E-2	3.3E-2	1.4E-4	4.0E-3
660	1.2E-4	4.4E-1	3.4E+1	6.2E-2	3.5E-2	1.5E-4	4.0E-3
670	1.2E-4	4.4E-1	3.7E+1	6.2E-2	3.8E-2	1.5E-4	4.0E-3
680	1.2E-4	4.5E-1	3.9E+1	6.2E-2	4.1E-2	1.5E-4	4.0E-3
690	1.2E-4	4.6E-1	4.2E+1	6.2E-2	4.4E-2	1.5E-4	4.0E-3
700	1.3E-4	4.6E-1	4.4E+1	6.2E-2	4.8E-2	1.5E-4	4.0E-3
710	1.3E-4	4.7E-1	4.7E+1	6.2E-2	5.1E-2	1.5E-4	4.0E-3
720	1.3E-4	4.8E-1	4.9E+1	6.2E-2	5.5E-2	1.5E-4	4.0E-3
730	1.3E-4	4.8E-1	5.1E+1	6.2E-2	5.8E-2	1.5E-4	4.0E-3
740	1.3E-4	4.9E-1	5.4E+1	6.2E-2	6.2E-2	1.5E-4	4.0E-3
750	1.3E-4	4.9E-1	5.6E+1	6.2E-2	6.5E-2	1.5E-4	4.0E-3
760	1.3E-4	5.0E-1	5.8E+1	6.2E-2	6.9E-2	1.5E-4	4.0E-3
770	1.3E-4	5.0E-1	6.0E+1	6.2E-2	7.3E-2	1.5E-4	4.0E-3
780	1.3E-4	5.1E-1	6.2E+1	6.2E-2	7.7E-2	1.5E-4	4.1E-3
790	1.3E-4	5.1E-1	6.4E+1	6.2E-2	8.0E-2	1.5E-4	4.1E-3
800	1.3E-4	5.2E-1	6.6E+1	6.2E-2	8.4E-2	1.5E-4	4.1E-3
810	1.3E-4	5.2E-1	6.8E+1	6.2E-2	8.7E-2	1.5E-4	4.1E-3
820	1.3E-4	5.2E-1	6.9E+1	6.2E-2	9.1E-2	1.5E-4	4.1E-3
830	1.3E-4	5.3E-1	7.1E+1	6.2E-2	9.4E-2	1.5E-4	4.1E-3
840	1.3E-4	5.3E-1	7.2E+1	6.2E-2	9.7E-2	1.5E-4	4.1E-3
850	1.3E-4	5.3E-1	7.3E+1	6.2E-2	1.0E-1	1.5E-4	4.1E-3
860	1.3E-4	5.4E-1	7.5E+1	6.2E-2	1.0E-1	1.5E-4	4.1E-3
870	1.3E-4	5.4E-1	7.6E+1	6.2E-2	1.1E-1	1.5E-4	4.1E-3
880	1.3E-4	5.4E-1	7.7E+1	6.2E-2	1.1E-1	1.5E-4	4.1E-3
890	1.3E-4	5.5E-1	7.8E+1	6.2E-2	1.1E-1	1.5E-4	4.1E-3
900	1.3E-4	5.5E-1	7.9E+1	6.2E-2	1.1E-1	1.6E-4	4.1E-3
910	1.3E-4	5.5E-1	8.0E+1	6.2E-2	1.2E-1	1.6E-4	4.2E-3
920	1.3E-4	5.6E-1	8.0E+1	6.2E-2	1.2E-1	1.6E-4	4.2E-3
930	1.3E-4	5.6E-1	8.1E+1	6.2E-2	1.2E-1	1.6E-4	4.2E-3
940	1.3E-4	5.6E-1	8.2E+1	6.2E-2	1.2E-1	1.6E-4	4.2E-3
950	1.3E-4	5.6E-1	8.3E+1	6.2E-2	1.2E-1	1.6E-4	4.2E-3
960	1.3E-4	5.7E-1	8.3E+1	6.2E-2	1.3E-1	1.6E-4	4.2E-3
970	1.3E-4	5.7E-1	8.4E+1	6.2E-2	1.3E-1	1.6E-4	4.2E-3
980	1.3E-4	5.7E-1	8.5E+1	6.2E-2	1.3E-1	1.6E-4	4.2E-3
990	1.3E-4	5.7E-1	8.5E+1	6.2E-2	1.3E-1	1.6E-4	4.2E-3
1000	1.3E-4	5.8E-1	8.6E+1	6.2E-2	1.3E-1	1.6E-4	4.2E-3
1010	1.4E-4	5.8E-1	8.6E+1	6.2E-2	1.3E-1	1.6E-4	4.2E-3
1020	1.4E-4	5.8E-1	8.7E+1	6.2E-2	1.3E-1	1.6E-4	4.2E-3
1030	1.4E-4	5.9E-1	8.7E+1	6.2E-2	1.3E-1	1.6E-4	4.2E-3
1040	1.4E-4	5.9E-1	8.8E+1	6.2E-2	1.3E-1	1.6E-4	4.2E-3
1050	1.4E-4	5.9E-1	8.8E+1	6.2E-2	1.3E-1	1.6E-4	4.3E-3
1060	1.4E-4	5.9E-1	8.9E+1	6.2E-2	1.4E-1	1.6E-4	4.3E-3
1070	1.4E-4	6.0E-1	8.9E+1	6.2E-2	1.4E-1	1.6E-4	4.3E-3
1080	1.4E-4	6.0E-1	9.0E+1	6.2E-2	1.4E-1	1.6E-4	4.3E-3
1090	1.4E-4	6.0E-1	9.0E+1	6.2E-2	1.4E-1	1.6E-4	4.3E-3
1095	1.4E-4	6.0E-1	9.0E+1	6.2E-2	1.4E-1	1.6E-4	4.3E-3
1100	1.4E-4	6.0E-1	9.0E+1	6.2E-2	1.4E-1	1.6E-4	4.3E-3
1200	1.4E-4	6.3E-1	9.5E+1	6.3E-2	1.4E-1	1.7E-4	4.4E-3
1300	1.4E-4	6.5E-1	9.9E+1	6.3E-2	1.4E-1	1.7E-4	4.5E-3
1400	1.5E-4	6.8E-1	1.0E+2	6.3E-2	1.4E-1	1.8E-4	4.5E-3
1500	1.5E-4	7.1E-1	1.1E+2	6.3E-2	1.4E-1	1.8E-4	4.6E-3
1600	1.5E-4	7.4E-1	1.1E+2	6.3E-2	1.4E-1	1.9E-4	4.7E-3
1700	1.6E-4	7.7E-1	1.2E+2	6.3E-2	1.4E-1	1.9E-4	4.8E-3
1800	1.6E-4	8.0E-1	1.2E+2	6.3E-2	1.4E-1	1.9E-4	4.9E-3
1900	1.6E-4	8.3E-1	1.2E+2	6.3E-2	1.4E-1	2.0E-4	5.0E-3
2000	1.7E-4	8.6E-1	1.3E+2	6.3E-2	1.4E-1	2.0E-4	5.1E-3
2100	1.7E-4	8.9E-1	1.3E+2	6.3E-2	1.4E-1	2.1E-4	5.1E-3
2200	1.7E-4	9.3E-1	1.4E+2	6.3E-2	1.4E-1	2.1E-4	5.2E-3
2300	1.8E-4	9.6E-1	1.4E+2	6.4E-2	1.4E-1	2.2E-4	5.3E-3
2400	1.8E-4	1.0E+0	1.5E+2	6.4E-2	1.4E-1	2.2E-4	5.4E-3
2500	1.8E-4	1.0E+0	1.6E+2	6.4E-2	1.4E-1	2.3E-4	5.5E-3
2600	1.9E-4	1.1E+0	1.6E+2	6.4E-2	1.4E-1	2.3E-4	5.6E-3
2700	1.9E-4	1.1E+0	1.7E+2	6.4E-2	1.5E-1	2.4E-4	5.7E-3
2800	1.9E-4	1.1E+0	1.7E+2	6.4E-2	1.5E-1	2.4E-4	5.9E-3
2900	2.0E-4	1.2E+0	1.8E+2	6.4E-2	1.5E-1	2.4E-4	6.0E-3
3000	2.0E-4	1.2E+0	1.9E+2	6.4E-2	1.5E-1	2.5E-4	6.1E-3
3100	2.0E-4	1.3E+0	1.9E+2	6.4E-2	1.5E-1	2.5E-4	6.2E-3
3200	2.1E-4	1.3E+0	2.0E+2	6.4E-2	1.5E-1	2.6E-4	6.3E-3
3300	2.1E-4	1.4E+0	2.1E+2	6.5E-2	1.5E-1	2.6E-4	6.4E-3
3400	2.1E-4	1.4E+0	2.1E+2	6.5E-2	1.5E-1	2.7E-4	6.5E-3
3500	2.2E-4	1.5E+0	2.2E+2	6.5E-2	1.5E-1	2.7E-4	6.7E-3
3600	2.2E-4	1.5E+0	2.3E+2	6.5E-2	1.5E-1	2.8E-4	6.8E-3
3650	2.2E-4	1.5E+0	2.3E+2	6.5E-2	1.5E-1	2.8E-4	6.8E-3
4000	2.3E-4	1.7E+0	2.6E+2	6.5E-2	1.5E-1	3.0E-4	7.3E-3
5000	2.6E-4	2.3E+0	3.4E+2	6.6E-2	1.5E-1	3.4E-4	8.8E-3
6000	2.9E-4	2.9E+0	4.4E+2	6.8E-2	1.5E-1	3.9E-4	1.1E-2
7000	3.2E-4	3.6E+0	5.5E+2	6.9E-2	1.6E-1	4.4E-4	1.3E-2
8000	3.5E-4	4.3E+0	6.5E+2	7.0E-2	1.6E-1	4.9E-4	1.5E-2
9000	3.8E-4	5.1E+0	7.6E+2	7.1E-2	1.6E-1	5.4E-4	1.8E-2
10000	4.1E-4	5.8E+0	8.7E+2	7.3E-2	1.6E-1	5.9E-4	2.2E-2
11000	4.4E-4	6.5E+0	9.8E+2	7.4E-2	1.7E-1	6.4E-4	2.7E-2
12000	4.7E-4	7.2E+0	1.1E+3	7.5E-2	1.7E-1	7.0E-4	3.2E-2
13000	5.0E-4	7.9E+0	1.2E+3	7.7E-2	1.7E-1	7.6E-4	3.8E-2
14000	5.3E-4	8.7E+0	1.3E+3	7.8E-2	1.8E-1	8.2E-4	4.6E-2
15000	5.7E-4	9.5E+0	1.4E+3	8.0E-2	1.8E-1	8.9E-4	5.5E-2
16000	6.0E-4	1.0E+1	1.5E+3	8.1E-2	1.8E-1	9.7E-4	6.6E-2
17000	6.4E-4	1.1E+1	1.7E+3	8.2E-2	1.9E-1	1.1E-3	7.9E-2
18000	6.7E-4	1.2E+1	1.8E+3	8.4E-2	1.9E-1	1.1E-3	9.5E-2
18250	6.8E-4	1.2E+1	1.8E+3	8.4E-2	1.9E-1	1.2E-3	9.9E-2
Radionuclide	U-235
Route of Intake	Inhalation
Material	Aerosols Intermediate Type F/M: Uranyl nitrate, uranium peroxide hydrate, ammonium diuranate, uranium trioxide, fA=1.6E-2
AMTD/AMAD, µm	3

Committed Effective Dose per Predicted Content in an Organ or Excreta Sample (Dose per Content Functions z(t)), Sv/Bq
Time, days	Whole Body	Urine (24-hour sample)	Faeces (24-hour sample)	Alimentary Tract*	Lungs*	Skeleton*	Liver*
0.041667	6.3E-7	-	-	1.9E-6	4.8E-6	9.3E-4	1.6E-3
0.083333	6.3E-7	-	-	1.7E-6	5.2E-6	4.9E-4	1.3E-3
0.125	6.4E-7	-	-	1.6E-6	5.5E-6	3.3E-4	1.1E-3
0.25	6.7E-7	-	-	1.3E-6	6.3E-6	1.7E-4	8.4E-4
0.375	6.9E-7	-	-	1.2E-6	7.1E-6	1.2E-4	7.1E-4
0.5	7.2E-7	-	-	1.1E-6	7.8E-6	9.3E-5	6.3E-4
0.625	7.4E-7	-	-	1.1E-6	8.5E-6	7.8E-5	5.7E-4
0.75	7.8E-7	-	-	1.1E-6	9.3E-6	6.9E-5	5.4E-4
0.875	8.1E-7	-	-	1.1E-6	1.0E-5	6.3E-5	5.1E-4
1	8.6E-7	1.4E-5	6.3E-6	1.1E-6	1.1E-5	5.8E-5	4.9E-4
1.125	9.1E-7	-	-	1.1E-6	1.2E-5	5.5E-5	4.7E-4
1.25	9.8E-7	-	-	1.2E-6	1.3E-5	5.2E-5	4.6E-4
1.375	1.1E-6	-	-	1.3E-6	1.4E-5	5.0E-5	4.5E-4
1.5	1.1E-6	-	-	1.4E-6	1.5E-5	4.9E-5	4.4E-4
1.625	1.2E-6	-	-	1.5E-6	1.5E-5	4.7E-5	4.3E-4
1.75	1.4E-6	-	-	1.7E-6	1.6E-5	4.6E-5	4.3E-4
1.875	1.5E-6	-	-	1.9E-6	1.7E-5	4.5E-5	4.3E-4
2	1.6E-6	3.2E-5	2.0E-6	2.1E-6	1.8E-5	4.5E-5	4.2E-4
2.25	2.0E-6	-	-	2.6E-6	2.0E-5	4.4E-5	4.2E-4
2.5	2.5E-6	-	-	3.4E-6	2.1E-5	4.3E-5	4.2E-4
2.75	3.0E-6	-	-	4.5E-6	2.3E-5	4.3E-5	4.3E-4
3	3.7E-6	7.6E-5	3.1E-6	6.0E-6	2.4E-5	4.3E-5	4.3E-4
3.25	4.5E-6	-	-	8.1E-6	2.5E-5	4.3E-5	4.3E-4
3.5	5.4E-6	-	-	1.1E-5	2.6E-5	4.3E-5	4.4E-4
3.75	6.3E-6	-	-	1.5E-5	2.7E-5	4.3E-5	4.5E-4
4	7.2E-6	1.5E-4	8.2E-6	2.1E-5	2.8E-5	4.3E-5	4.5E-4
4.25	8.1E-6	-	-	3.0E-5	2.8E-5	4.3E-5	4.6E-4
4.5	8.9E-6	-	-	4.2E-5	2.9E-5	4.4E-5	4.7E-4
4.75	9.6E-6	-	-	5.9E-5	2.9E-5	4.4E-5	4.8E-4
5	1.0E-5	2.3E-4	2.8E-5	8.2E-5	3.0E-5	4.4E-5	4.9E-4
5.5	1.1E-5	-	-	1.6E-4	3.0E-5	4.5E-5	5.0E-4
6	1.2E-5	3.0E-4	1.1E-4	2.9E-4	3.1E-5	4.6E-5	5.2E-4
6.5	1.2E-5	-	-	4.8E-4	3.2E-5	4.7E-5	5.4E-4
7	1.2E-5	3.6E-4	4.2E-4	7.1E-4	3.2E-5	4.7E-5	5.6E-4
7.5	1.3E-5	-	-	9.4E-4	3.2E-5	4.8E-5	5.8E-4
8	1.3E-5	4.0E-4	1.3E-3	1.1E-3	3.3E-5	4.9E-5	6.1E-4
8.5	1.3E-5	-	-	1.3E-3	3.3E-5	4.9E-5	6.3E-4
9	1.3E-5	4.4E-4	2.4E-3	1.4E-3	3.3E-5	5.0E-5	6.5E-4
9.5	1.4E-5	-	-	1.5E-3	3.4E-5	5.1E-5	6.7E-4
10	1.4E-5	4.8E-4	3.4E-3	1.6E-3	3.4E-5	5.1E-5	7.0E-4
11	1.4E-5	5.2E-4	4.1E-3	1.8E-3	3.4E-5	5.2E-5	7.5E-4
12	1.5E-5	5.6E-4	4.9E-3	2.0E-3	3.5E-5	5.4E-5	8.0E-4
13	1.5E-5	6.0E-4	5.7E-3	2.2E-3	3.5E-5	5.5E-5	8.5E-4
14	1.5E-5	6.5E-4	6.5E-3	2.3E-3	3.6E-5	5.6E-5	9.1E-4
15	1.6E-5	6.9E-4	7.4E-3	2.5E-3	3.6E-5	5.6E-5	9.7E-4
16	1.6E-5	7.4E-4	8.3E-3	2.7E-3	3.7E-5	5.7E-5	1.0E-3
17	1.7E-5	7.9E-4	9.3E-3	2.9E-3	3.7E-5	5.8E-5	1.1E-3
18	1.7E-5	8.4E-4	1.0E-2	3.0E-3	3.8E-5	5.9E-5	1.2E-3
19	1.7E-5	8.9E-4	1.1E-2	3.2E-3	3.8E-5	5.9E-5	1.2E-3
20	1.8E-5	9.4E-4	1.2E-2	3.4E-3	3.9E-5	6.0E-5	1.3E-3
21	1.8E-5	1.0E-3	1.3E-2	3.5E-3	3.9E-5	6.1E-5	1.4E-3
22	1.8E-5	1.1E-3	1.4E-2	3.6E-3	4.0E-5	6.1E-5	1.4E-3
23	1.9E-5	1.1E-3	1.5E-2	3.8E-3	4.0E-5	6.2E-5	1.5E-3
24	1.9E-5	1.2E-3	1.6E-2	3.9E-3	4.1E-5	6.2E-5	1.6E-3
25	1.9E-5	1.2E-3	1.6E-2	4.0E-3	4.1E-5	6.3E-5	1.6E-3
26	2.0E-5	1.3E-3	1.7E-2	4.1E-3	4.2E-5	6.3E-5	1.7E-3
27	2.0E-5	1.3E-3	1.8E-2	4.3E-3	4.2E-5	6.4E-5	1.8E-3
28	2.0E-5	1.4E-3	1.8E-2	4.4E-3	4.3E-5	6.4E-5	1.9E-3
29	2.1E-5	1.5E-3	1.9E-2	4.5E-3	4.3E-5	6.4E-5	1.9E-3
30	2.1E-5	1.5E-3	1.9E-2	4.6E-3	4.4E-5	6.5E-5	2.0E-3
31	2.1E-5	1.6E-3	2.0E-2	4.7E-3	4.5E-5	6.5E-5	2.1E-3
32	2.2E-5	1.6E-3	2.0E-2	4.8E-3	4.5E-5	6.6E-5	2.1E-3
33	2.2E-5	1.7E-3	2.1E-2	4.9E-3	4.6E-5	6.6E-5	2.2E-3
34	2.2E-5	1.8E-3	2.1E-2	5.0E-3	4.6E-5	6.6E-5	2.2E-3
35	2.2E-5	1.8E-3	2.2E-2	5.1E-3	4.7E-5	6.7E-5	2.3E-3
36	2.3E-5	1.9E-3	2.2E-2	5.2E-3	4.7E-5	6.7E-5	2.4E-3
37	2.3E-5	2.0E-3	2.3E-2	5.4E-3	4.8E-5	6.7E-5	2.4E-3
38	2.3E-5	2.0E-3	2.3E-2	5.5E-3	4.8E-5	6.8E-5	2.5E-3
39	2.4E-5	2.1E-3	2.3E-2	5.6E-3	4.9E-5	6.8E-5	2.5E-3
40	2.4E-5	2.1E-3	2.4E-2	5.7E-3	5.0E-5	6.8E-5	2.6E-3
41	2.4E-5	2.2E-3	2.4E-2	5.8E-3	5.0E-5	6.9E-5	2.6E-3
42	2.4E-5	2.3E-3	2.4E-2	5.9E-3	5.1E-5	6.9E-5	2.7E-3
43	2.5E-5	2.3E-3	2.5E-2	6.0E-3	5.1E-5	6.9E-5	2.7E-3
44	2.5E-5	2.4E-3	2.5E-2	6.1E-3	5.2E-5	7.0E-5	2.7E-3
45	2.5E-5	2.4E-3	2.5E-2	6.3E-3	5.3E-5	7.0E-5	2.8E-3
46	2.6E-5	2.5E-3	2.6E-2	6.4E-3	5.3E-5	7.0E-5	2.8E-3
47	2.6E-5	2.6E-3	2.6E-2	6.5E-3	5.4E-5	7.1E-5	2.8E-3
48	2.6E-5	2.6E-3	2.6E-2	6.6E-3	5.5E-5	7.1E-5	2.9E-3
49	2.6E-5	2.7E-3	2.7E-2	6.7E-3	5.5E-5	7.1E-5	2.9E-3
50	2.7E-5	2.7E-3	2.7E-2	6.9E-3	5.6E-5	7.2E-5	2.9E-3
51	2.7E-5	2.8E-3	2.8E-2	7.0E-3	5.7E-5	7.2E-5	3.0E-3
52	2.7E-5	2.9E-3	2.8E-2	7.1E-3	5.7E-5	7.2E-5	3.0E-3
53	2.8E-5	2.9E-3	2.8E-2	7.2E-3	5.8E-5	7.3E-5	3.0E-3
54	2.8E-5	3.0E-3	2.9E-2	7.4E-3	5.9E-5	7.3E-5	3.0E-3
55	2.8E-5	3.0E-3	2.9E-2	7.5E-3	5.9E-5	7.3E-5	3.1E-3
56	2.8E-5	3.1E-3	2.9E-2	7.6E-3	6.0E-5	7.4E-5	3.1E-3
57	2.9E-5	3.1E-3	3.0E-2	7.7E-3	6.1E-5	7.4E-5	3.1E-3
58	2.9E-5	3.2E-3	3.0E-2	7.9E-3	6.2E-5	7.4E-5	3.1E-3
59	2.9E-5	3.3E-3	3.1E-2	8.0E-3	6.2E-5	7.4E-5	3.1E-3
60	3.0E-5	3.3E-3	3.1E-2	8.1E-3	6.3E-5	7.5E-5	3.1E-3
61	3.0E-5	3.4E-3	3.1E-2	8.3E-3	6.4E-5	7.5E-5	3.2E-3
62	3.0E-5	3.4E-3	3.2E-2	8.4E-3	6.5E-5	7.5E-5	3.2E-3
63	3.0E-5	3.5E-3	3.2E-2	8.6E-3	6.5E-5	7.6E-5	3.2E-3
64	3.1E-5	3.6E-3	3.3E-2	8.7E-3	6.6E-5	7.6E-5	3.2E-3
65	3.1E-5	3.6E-3	3.3E-2	8.8E-3	6.7E-5	7.6E-5	3.2E-3
66	3.1E-5	3.7E-3	3.4E-2	9.0E-3	6.8E-5	7.7E-5	3.2E-3
67	3.2E-5	3.7E-3	3.4E-2	9.1E-3	6.8E-5	7.7E-5	3.2E-3
68	3.2E-5	3.8E-3	3.5E-2	9.3E-3	6.9E-5	7.7E-5	3.3E-3
69	3.2E-5	3.9E-3	3.5E-2	9.4E-3	7.0E-5	7.8E-5	3.3E-3
70	3.2E-5	3.9E-3	3.5E-2	9.6E-3	7.1E-5	7.8E-5	3.3E-3
71	3.3E-5	4.0E-3	3.6E-2	9.7E-3	7.2E-5	7.8E-5	3.3E-3
72	3.3E-5	4.1E-3	3.6E-2	9.9E-3	7.3E-5	7.9E-5	3.3E-3
73	3.3E-5	4.1E-3	3.7E-2	1.0E-2	7.4E-5	7.9E-5	3.3E-3
74	3.4E-5	4.2E-3	3.7E-2	1.0E-2	7.4E-5	7.9E-5	3.3E-3
75	3.4E-5	4.2E-3	3.8E-2	1.0E-2	7.5E-5	7.9E-5	3.3E-3
76	3.4E-5	4.3E-3	3.8E-2	1.0E-2	7.6E-5	8.0E-5	3.3E-3
77	3.5E-5	4.4E-3	3.9E-2	1.1E-2	7.7E-5	8.0E-5	3.3E-3
78	3.5E-5	4.4E-3	3.9E-2	1.1E-2	7.8E-5	8.0E-5	3.3E-3
79	3.5E-5	4.5E-3	4.0E-2	1.1E-2	7.9E-5	8.1E-5	3.3E-3
80	3.5E-5	4.6E-3	4.0E-2	1.1E-2	8.0E-5	8.1E-5	3.4E-3
81	3.6E-5	4.6E-3	4.1E-2	1.1E-2	8.1E-5	8.1E-5	3.4E-3
82	3.6E-5	4.7E-3	4.1E-2	1.1E-2	8.2E-5	8.2E-5	3.4E-3
83	3.6E-5	4.8E-3	4.2E-2	1.2E-2	8.3E-5	8.2E-5	3.4E-3
84	3.7E-5	4.8E-3	4.3E-2	1.2E-2	8.4E-5	8.2E-5	3.4E-3
85	3.7E-5	4.9E-3	4.3E-2	1.2E-2	8.5E-5	8.3E-5	3.4E-3
86	3.7E-5	5.0E-3	4.4E-2	1.2E-2	8.6E-5	8.3E-5	3.4E-3
87	3.8E-5	5.0E-3	4.4E-2	1.2E-2	8.7E-5	8.3E-5	3.4E-3
88	3.8E-5	5.1E-3	4.5E-2	1.2E-2	8.8E-5	8.4E-5	3.4E-3
89	3.8E-5	5.2E-3	4.5E-2	1.3E-2	8.9E-5	8.4E-5	3.4E-3
90	3.9E-5	5.3E-3	4.6E-2	1.3E-2	9.0E-5	8.4E-5	3.4E-3
91	3.9E-5	5.3E-3	4.7E-2	1.3E-2	9.1E-5	8.4E-5	3.4E-3
92	3.9E-5	5.4E-3	4.7E-2	1.3E-2	9.2E-5	8.5E-5	3.4E-3
93	4.0E-5	5.5E-3	4.8E-2	1.3E-2	9.3E-5	8.5E-5	3.4E-3
94	4.0E-5	5.6E-3	4.8E-2	1.3E-2	9.4E-5	8.5E-5	3.4E-3
95	4.0E-5	5.6E-3	4.9E-2	1.4E-2	9.5E-5	8.6E-5	3.4E-3
96	4.0E-5	5.7E-3	5.0E-2	1.4E-2	9.7E-5	8.6E-5	3.4E-3
97	4.1E-5	5.8E-3	5.0E-2	1.4E-2	9.8E-5	8.6E-5	3.4E-3
98	4.1E-5	5.9E-3	5.1E-2	1.4E-2	9.9E-5	8.7E-5	3.4E-3
99	4.1E-5	5.9E-3	5.2E-2	1.4E-2	1.0E-4	8.7E-5	3.4E-3
100	4.2E-5	6.0E-3	5.2E-2	1.5E-2	1.0E-4	8.7E-5	3.5E-3
110	4.5E-5	6.9E-3	6.0E-2	1.6E-2	1.1E-4	9.0E-5	3.5E-3
120	4.8E-5	7.8E-3	6.8E-2	1.8E-2	1.3E-4	9.3E-5	3.5E-3
130	5.2E-5	8.8E-3	7.7E-2	2.0E-2	1.4E-4	9.6E-5	3.5E-3
140	5.5E-5	1.0E-2	8.8E-2	2.2E-2	1.6E-4	9.9E-5	3.6E-3
150	5.8E-5	1.1E-2	1.0E-1	2.5E-2	1.8E-4	1.0E-4	3.6E-3
160	6.2E-5	1.3E-2	1.1E-1	2.7E-2	2.0E-4	1.0E-4	3.6E-3
170	6.5E-5	1.4E-2	1.3E-1	2.9E-2	2.3E-4	1.1E-4	3.6E-3
180	6.8E-5	1.6E-2	1.5E-1	3.1E-2	2.6E-4	1.1E-4	3.6E-3
190	7.1E-5	1.8E-2	1.7E-1	3.3E-2	2.9E-4	1.1E-4	3.7E-3
200	7.4E-5	2.0E-2	1.9E-1	3.5E-2	3.3E-4	1.1E-4	3.7E-3
210	7.7E-5	2.2E-2	2.2E-1	3.7E-2	3.7E-4	1.1E-4	3.7E-3
220	8.0E-5	2.5E-2	2.5E-1	3.9E-2	4.1E-4	1.2E-4	3.7E-3
230	8.3E-5	2.8E-2	2.8E-1	4.1E-2	4.6E-4	1.2E-4	3.7E-3
240	8.6E-5	3.1E-2	3.2E-1	4.3E-2	5.2E-4	1.2E-4	3.7E-3
250	8.8E-5	3.4E-2	3.6E-1	4.4E-2	5.8E-4	1.2E-4	3.7E-3
260	9.1E-5	3.8E-2	4.1E-1	4.6E-2	6.5E-4	1.2E-4	3.7E-3
270	9.3E-5	4.2E-2	4.7E-1	4.8E-2	7.3E-4	1.2E-4	3.8E-3
280	9.5E-5	4.7E-2	5.3E-1	4.9E-2	8.1E-4	1.3E-4	3.8E-3
290	9.7E-5	5.2E-2	6.1E-1	5.0E-2	9.1E-4	1.3E-4	3.8E-3
300	9.9E-5	5.7E-2	6.9E-1	5.2E-2	1.0E-3	1.3E-4	3.8E-3
310	1.0E-4	6.3E-2	7.8E-1	5.3E-2	1.1E-3	1.3E-4	3.8E-3
320	1.0E-4	7.0E-2	8.9E-1	5.4E-2	1.3E-3	1.3E-4	3.8E-3
330	1.0E-4	7.6E-2	1.0E+0	5.5E-2	1.4E-3	1.3E-4	3.8E-3
340	1.1E-4	8.4E-2	1.1E+0	5.6E-2	1.6E-3	1.3E-4	3.8E-3
350	1.1E-4	9.2E-2	1.3E+0	5.6E-2	1.8E-3	1.3E-4	3.8E-3
360	1.1E-4	1.0E-1	1.5E+0	5.7E-2	2.0E-3	1.3E-4	3.8E-3
365	1.1E-4	1.1E-1	1.6E+0	5.7E-2	2.1E-3	1.3E-4	3.8E-3
370	1.1E-4	1.1E-1	1.7E+0	5.8E-2	2.2E-3	1.3E-4	3.8E-3
380	1.1E-4	1.2E-1	1.9E+0	5.8E-2	2.5E-3	1.3E-4	3.9E-3
390	1.1E-4	1.3E-1	2.1E+0	5.9E-2	2.8E-3	1.4E-4	3.9E-3
400	1.1E-4	1.4E-1	2.4E+0	5.9E-2	3.1E-3	1.4E-4	3.9E-3
410	1.1E-4	1.5E-1	2.8E+0	6.0E-2	3.4E-3	1.4E-4	3.9E-3
420	1.1E-4	1.6E-1	3.1E+0	6.0E-2	3.8E-3	1.4E-4	3.9E-3
430	1.2E-4	1.8E-1	3.5E+0	6.1E-2	4.3E-3	1.4E-4	3.9E-3
440	1.2E-4	1.9E-1	4.0E+0	6.1E-2	4.8E-3	1.4E-4	3.9E-3
450	1.2E-4	2.0E-1	4.5E+0	6.1E-2	5.3E-3	1.4E-4	3.9E-3
460	1.2E-4	2.2E-1	5.1E+0	6.1E-2	5.9E-3	1.4E-4	3.9E-3
470	1.2E-4	2.3E-1	5.7E+0	6.2E-2	6.5E-3	1.4E-4	3.9E-3
480	1.2E-4	2.4E-1	6.4E+0	6.2E-2	7.3E-3	1.4E-4	3.9E-3
490	1.2E-4	2.6E-1	7.2E+0	6.2E-2	8.1E-3	1.4E-4	3.9E-3
500	1.2E-4	2.7E-1	8.1E+0	6.2E-2	8.9E-3	1.4E-4	3.9E-3
510	1.2E-4	2.8E-1	9.1E+0	6.2E-2	9.9E-3	1.4E-4	3.9E-3
520	1.2E-4	3.0E-1	1.0E+1	6.2E-2	1.1E-2	1.4E-4	4.0E-3
530	1.2E-4	3.1E-1	1.1E+1	6.3E-2	1.2E-2	1.4E-4	4.0E-3
540	1.2E-4	3.2E-1	1.3E+1	6.3E-2	1.3E-2	1.4E-4	4.0E-3
550	1.2E-4	3.4E-1	1.4E+1	6.3E-2	1.5E-2	1.4E-4	4.0E-3
560	1.2E-4	3.5E-1	1.6E+1	6.3E-2	1.6E-2	1.4E-4	4.0E-3
570	1.2E-4	3.6E-1	1.7E+1	6.3E-2	1.8E-2	1.4E-4	4.0E-3
580	1.2E-4	3.7E-1	1.9E+1	6.3E-2	2.0E-2	1.5E-4	4.0E-3
590	1.2E-4	3.8E-1	2.1E+1	6.3E-2	2.2E-2	1.5E-4	4.0E-3
600	1.2E-4	4.0E-1	2.3E+1	6.3E-2	2.4E-2	1.5E-4	4.0E-3
610	1.2E-4	4.1E-1	2.5E+1	6.3E-2	2.6E-2	1.5E-4	4.0E-3
620	1.3E-4	4.2E-1	2.7E+1	6.3E-2	2.8E-2	1.5E-4	4.0E-3
630	1.3E-4	4.2E-1	2.9E+1	6.3E-2	3.1E-2	1.5E-4	4.0E-3
640	1.3E-4	4.3E-1	3.2E+1	6.3E-2	3.3E-2	1.5E-4	4.0E-3
650	1.3E-4	4.4E-1	3.4E+1	6.3E-2	3.6E-2	1.5E-4	4.1E-3
660	1.3E-4	4.5E-1	3.7E+1	6.3E-2	3.9E-2	1.5E-4	4.1E-3
670	1.3E-4	4.6E-1	3.9E+1	6.3E-2	4.2E-2	1.5E-4	4.1E-3
680	1.3E-4	4.7E-1	4.2E+1	6.3E-2	4.5E-2	1.5E-4	4.1E-3
690	1.3E-4	4.7E-1	4.5E+1	6.3E-2	4.9E-2	1.5E-4	4.1E-3
700	1.3E-4	4.8E-1	4.7E+1	6.3E-2	5.2E-2	1.5E-4	4.1E-3
710	1.3E-4	4.9E-1	5.0E+1	6.3E-2	5.6E-2	1.5E-4	4.1E-3
720	1.3E-4	4.9E-1	5.2E+1	6.3E-2	5.9E-2	1.5E-4	4.1E-3
730	1.3E-4	5.0E-1	5.4E+1	6.3E-2	6.3E-2	1.5E-4	4.1E-3
740	1.3E-4	5.0E-1	5.7E+1	6.3E-2	6.7E-2	1.5E-4	4.1E-3
750	1.3E-4	5.1E-1	5.9E+1	6.3E-2	7.1E-2	1.5E-4	4.1E-3
760	1.3E-4	5.1E-1	6.1E+1	6.4E-2	7.5E-2	1.5E-4	4.1E-3
770	1.3E-4	5.2E-1	6.3E+1	6.4E-2	7.8E-2	1.5E-4	4.1E-3
780	1.3E-4	5.2E-1	6.5E+1	6.4E-2	8.2E-2	1.5E-4	4.1E-3
790	1.3E-4	5.3E-1	6.7E+1	6.4E-2	8.6E-2	1.5E-4	4.2E-3
800	1.3E-4	5.3E-1	6.9E+1	6.4E-2	8.9E-2	1.5E-4	4.2E-3
810	1.3E-4	5.3E-1	7.0E+1	6.4E-2	9.3E-2	1.5E-4	4.2E-3
820	1.3E-4	5.4E-1	7.2E+1	6.4E-2	9.6E-2	1.6E-4	4.2E-3
830	1.3E-4	5.4E-1	7.3E+1	6.4E-2	1.0E-1	1.6E-4	4.2E-3
840	1.3E-4	5.4E-1	7.5E+1	6.4E-2	1.0E-1	1.6E-4	4.2E-3
850	1.3E-4	5.5E-1	7.6E+1	6.4E-2	1.1E-1	1.6E-4	4.2E-3
860	1.3E-4	5.5E-1	7.7E+1	6.4E-2	1.1E-1	1.6E-4	4.2E-3
870	1.3E-4	5.5E-1	7.8E+1	6.4E-2	1.1E-1	1.6E-4	4.2E-3
880	1.3E-4	5.6E-1	7.9E+1	6.4E-2	1.1E-1	1.6E-4	4.2E-3
890	1.3E-4	5.6E-1	8.0E+1	6.4E-2	1.2E-1	1.6E-4	4.2E-3
900	1.3E-4	5.6E-1	8.1E+1	6.4E-2	1.2E-1	1.6E-4	4.2E-3
910	1.4E-4	5.7E-1	8.2E+1	6.4E-2	1.2E-1	1.6E-4	4.2E-3
920	1.4E-4	5.7E-1	8.3E+1	6.4E-2	1.2E-1	1.6E-4	4.3E-3
930	1.4E-4	5.7E-1	8.3E+1	6.4E-2	1.2E-1	1.6E-4	4.3E-3
940	1.4E-4	5.7E-1	8.4E+1	6.4E-2	1.3E-1	1.6E-4	4.3E-3
950	1.4E-4	5.8E-1	8.5E+1	6.4E-2	1.3E-1	1.6E-4	4.3E-3
960	1.4E-4	5.8E-1	8.6E+1	6.4E-2	1.3E-1	1.6E-4	4.3E-3
970	1.4E-4	5.8E-1	8.6E+1	6.4E-2	1.3E-1	1.6E-4	4.3E-3
980	1.4E-4	5.9E-1	8.7E+1	6.4E-2	1.3E-1	1.6E-4	4.3E-3
990	1.4E-4	5.9E-1	8.7E+1	6.4E-2	1.3E-1	1.6E-4	4.3E-3
1000	1.4E-4	5.9E-1	8.8E+1	6.4E-2	1.3E-1	1.6E-4	4.3E-3
1010	1.4E-4	5.9E-1	8.8E+1	6.4E-2	1.4E-1	1.6E-4	4.3E-3
1020	1.4E-4	6.0E-1	8.9E+1	6.4E-2	1.4E-1	1.6E-4	4.3E-3
1030	1.4E-4	6.0E-1	8.9E+1	6.4E-2	1.4E-1	1.6E-4	4.3E-3
1040	1.4E-4	6.0E-1	9.0E+1	6.4E-2	1.4E-1	1.6E-4	4.3E-3
1050	1.4E-4	6.0E-1	9.0E+1	6.4E-2	1.4E-1	1.7E-4	4.4E-3
1060	1.4E-4	6.1E-1	9.1E+1	6.4E-2	1.4E-1	1.7E-4	4.4E-3
1070	1.4E-4	6.1E-1	9.1E+1	6.4E-2	1.4E-1	1.7E-4	4.4E-3
1080	1.4E-4	6.1E-1	9.2E+1	6.4E-2	1.4E-1	1.7E-4	4.4E-3
1090	1.4E-4	6.1E-1	9.2E+1	6.4E-2	1.4E-1	1.7E-4	4.4E-3
1095	1.4E-4	6.2E-1	9.2E+1	6.4E-2	1.4E-1	1.7E-4	4.4E-3
1100	1.4E-4	6.2E-1	9.3E+1	6.4E-2	1.4E-1	1.7E-4	4.4E-3
1200	1.4E-4	6.4E-1	9.7E+1	6.4E-2	1.4E-1	1.7E-4	4.5E-3
1300	1.5E-4	6.7E-1	1.0E+2	6.4E-2	1.4E-1	1.8E-4	4.6E-3
1400	1.5E-4	7.0E-1	1.0E+2	6.4E-2	1.5E-1	1.8E-4	4.6E-3
1500	1.5E-4	7.2E-1	1.1E+2	6.4E-2	1.5E-1	1.8E-4	4.7E-3
1600	1.6E-4	7.5E-1	1.1E+2	6.4E-2	1.5E-1	1.9E-4	4.8E-3
1700	1.6E-4	7.8E-1	1.2E+2	6.4E-2	1.5E-1	1.9E-4	4.9E-3
1800	1.6E-4	8.1E-1	1.2E+2	6.4E-2	1.5E-1	2.0E-4	5.0E-3
1900	1.7E-4	8.5E-1	1.3E+2	6.5E-2	1.5E-1	2.0E-4	5.1E-3
2000	1.7E-4	8.8E-1	1.3E+2	6.5E-2	1.5E-1	2.1E-4	5.2E-3
2100	1.7E-4	9.1E-1	1.4E+2	6.5E-2	1.5E-1	2.1E-4	5.3E-3
2200	1.8E-4	9.5E-1	1.4E+2	6.5E-2	1.5E-1	2.2E-4	5.4E-3
2300	1.8E-4	9.8E-1	1.5E+2	6.5E-2	1.5E-1	2.2E-4	5.5E-3
2400	1.8E-4	1.0E+0	1.5E+2	6.5E-2	1.5E-1	2.3E-4	5.6E-3
2500	1.9E-4	1.1E+0	1.6E+2	6.5E-2	1.5E-1	2.3E-4	5.7E-3
2600	1.9E-4	1.1E+0	1.6E+2	6.5E-2	1.5E-1	2.4E-4	5.8E-3
2700	1.9E-4	1.1E+0	1.7E+2	6.5E-2	1.5E-1	2.4E-4	5.9E-3
2800	2.0E-4	1.2E+0	1.8E+2	6.5E-2	1.5E-1	2.5E-4	6.0E-3
2900	2.0E-4	1.2E+0	1.8E+2	6.6E-2	1.5E-1	2.5E-4	6.1E-3
3000	2.0E-4	1.3E+0	1.9E+2	6.6E-2	1.5E-1	2.6E-4	6.2E-3
3100	2.1E-4	1.3E+0	2.0E+2	6.6E-2	1.5E-1	2.6E-4	6.3E-3
3200	2.1E-4	1.3E+0	2.0E+2	6.6E-2	1.5E-1	2.6E-4	6.4E-3
3300	2.1E-4	1.4E+0	2.1E+2	6.6E-2	1.5E-1	2.7E-4	6.6E-3
3400	2.2E-4	1.4E+0	2.2E+2	6.6E-2	1.5E-1	2.7E-4	6.7E-3
3500	2.2E-4	1.5E+0	2.2E+2	6.6E-2	1.5E-1	2.8E-4	6.8E-3
3600	2.2E-4	1.5E+0	2.3E+2	6.6E-2	1.5E-1	2.8E-4	6.9E-3
3650	2.3E-4	1.6E+0	2.4E+2	6.6E-2	1.5E-1	2.9E-4	7.0E-3
4000	2.4E-4	1.7E+0	2.6E+2	6.7E-2	1.5E-1	3.0E-4	7.5E-3
5000	2.7E-4	2.3E+0	3.5E+2	6.8E-2	1.5E-1	3.5E-4	9.0E-3
6000	3.0E-4	3.0E+0	4.5E+2	6.9E-2	1.6E-1	4.0E-4	1.1E-2
7000	3.3E-4	3.7E+0	5.6E+2	7.0E-2	1.6E-1	4.5E-4	1.3E-2
8000	3.6E-4	4.4E+0	6.7E+2	7.2E-2	1.6E-1	5.0E-4	1.6E-2
9000	3.9E-4	5.2E+0	7.8E+2	7.3E-2	1.7E-1	5.5E-4	1.9E-2
10000	4.2E-4	5.9E+0	8.9E+2	7.4E-2	1.7E-1	6.0E-4	2.3E-2
11000	4.5E-4	6.6E+0	1.0E+3	7.6E-2	1.7E-1	6.6E-4	2.7E-2
12000	4.8E-4	7.4E+0	1.1E+3	7.7E-2	1.7E-1	7.1E-4	3.3E-2
13000	5.1E-4	8.1E+0	1.2E+3	7.8E-2	1.8E-1	7.8E-4	3.9E-2
14000	5.4E-4	8.9E+0	1.3E+3	8.0E-2	1.8E-1	8.4E-4	4.7E-2
15000	5.8E-4	9.7E+0	1.5E+3	8.1E-2	1.8E-1	9.1E-4	5.7E-2
16000	6.1E-4	1.1E+1	1.6E+3	8.3E-2	1.9E-1	9.9E-4	6.8E-2
17000	6.5E-4	1.1E+1	1.7E+3	8.4E-2	1.9E-1	1.1E-3	8.1E-2
18000	6.9E-4	1.2E+1	1.9E+3	8.6E-2	2.0E-1	1.2E-3	9.7E-2
18250	7.0E-4	1.3E+1	1.9E+3	8.6E-2	2.0E-1	1.2E-3	1.0E-1
Radionuclide	U-235
Route of Intake	Inhalation
Material	Aerosols Intermediate Type F/M: Uranyl nitrate, uranium peroxide hydrate, ammonium diuranate, uranium trioxide, fA=1.6E-2
AMTD/AMAD, µm	5

Committed Effective Dose per Predicted Content in an Organ or Excreta Sample (Dose per Content Functions z(t)), Sv/Bq
Time, days	Whole Body	Urine (24-hour sample)	Faeces (24-hour sample)	Alimentary Tract*	Lungs*	Skeleton*	Liver*
0.041667	4.7E-7	-	-	1.4E-6	5.1E-6	8.2E-4	1.4E-3
0.083333	4.7E-7	-	-	1.2E-6	5.6E-6	4.5E-4	1.2E-3
0.125	4.8E-7	-	-	1.1E-6	6.0E-6	3.1E-4	1.0E-3
0.25	5.0E-7	-	-	9.4E-7	7.0E-6	1.6E-4	8.0E-4
0.375	5.1E-7	-	-	8.4E-7	7.8E-6	1.1E-4	6.8E-4
0.5	5.3E-7	-	-	7.9E-7	8.6E-6	8.9E-5	6.1E-4
0.625	5.5E-7	-	-	7.6E-7	9.4E-6	7.6E-5	5.6E-4
0.75	5.8E-7	-	-	7.6E-7	1.0E-5	6.7E-5	5.3E-4
0.875	6.0E-7	-	-	7.6E-7	1.1E-5	6.1E-5	5.0E-4
1	6.4E-7	1.4E-5	4.5E-6	7.9E-7	1.2E-5	5.7E-5	4.8E-4
1.125	6.8E-7	-	-	8.2E-7	1.3E-5	5.4E-5	4.7E-4
1.25	7.3E-7	-	-	8.7E-7	1.4E-5	5.2E-5	4.6E-4
1.375	7.9E-7	-	-	9.3E-7	1.5E-5	5.0E-5	4.5E-4
1.5	8.5E-7	-	-	1.0E-6	1.6E-5	4.8E-5	4.4E-4
1.625	9.3E-7	-	-	1.1E-6	1.7E-5	4.7E-5	4.4E-4
1.75	1.0E-6	-	-	1.2E-6	1.8E-5	4.6E-5	4.3E-4
1.875	1.1E-6	-	-	1.3E-6	1.9E-5	4.6E-5	4.3E-4
2	1.2E-6	3.3E-5	1.4E-6	1.5E-6	2.0E-5	4.5E-5	4.3E-4
2.25	1.5E-6	-	-	1.9E-6	2.2E-5	4.4E-5	4.3E-4
2.5	1.9E-6	-	-	2.4E-6	2.4E-5	4.4E-5	4.3E-4
2.75	2.4E-6	-	-	3.2E-6	2.5E-5	4.3E-5	4.3E-4
3	3.0E-6	8.2E-5	2.2E-6	4.3E-6	2.7E-5	4.3E-5	4.4E-4
3.25	3.8E-6	-	-	5.8E-6	2.8E-5	4.3E-5	4.4E-4
3.5	4.6E-6	-	-	7.9E-6	2.9E-5	4.3E-5	4.5E-4
3.75	5.6E-6	-	-	1.1E-5	3.0E-5	4.4E-5	4.5E-4
4	6.6E-6	1.6E-4	5.8E-6	1.5E-5	3.1E-5	4.4E-5	4.6E-4
4.25	7.6E-6	-	-	2.1E-5	3.2E-5	4.4E-5	4.7E-4
4.5	8.6E-6	-	-	3.0E-5	3.2E-5	4.4E-5	4.8E-4
4.75	9.4E-6	-	-	4.3E-5	3.3E-5	4.5E-5	4.9E-4
5	1.0E-5	2.4E-4	2.0E-5	6.1E-5	3.3E-5	4.5E-5	4.9E-4
5.5	1.1E-5	-	-	1.2E-4	3.4E-5	4.6E-5	5.1E-4
6	1.2E-5	3.1E-4	8.0E-5	2.3E-4	3.5E-5	4.7E-5	5.3E-4
6.5	1.3E-5	-	-	4.0E-4	3.5E-5	4.7E-5	5.5E-4
7	1.3E-5	3.7E-4	3.2E-4	6.3E-4	3.6E-5	4.8E-5	5.7E-4
7.5	1.3E-5	-	-	8.6E-4	3.6E-5	4.9E-5	5.9E-4
8	1.4E-5	4.2E-4	1.1E-3	1.1E-3	3.7E-5	4.9E-5	6.2E-4
8.5	1.4E-5	-	-	1.2E-3	3.7E-5	5.0E-5	6.4E-4
9	1.4E-5	4.6E-4	2.3E-3	1.4E-3	3.7E-5	5.1E-5	6.6E-4
9.5	1.4E-5	-	-	1.5E-3	3.8E-5	5.2E-5	6.9E-4
10	1.5E-5	5.0E-4	3.3E-3	1.6E-3	3.8E-5	5.2E-5	7.1E-4
11	1.5E-5	5.4E-4	4.1E-3	1.8E-3	3.9E-5	5.3E-5	7.6E-4
12	1.6E-5	5.8E-4	4.9E-3	2.0E-3	3.9E-5	5.4E-5	8.2E-4
13	1.6E-5	6.2E-4	5.7E-3	2.2E-3	4.0E-5	5.6E-5	8.7E-4
14	1.6E-5	6.7E-4	6.6E-3	2.4E-3	4.1E-5	5.7E-5	9.3E-4
15	1.7E-5	7.2E-4	7.6E-3	2.6E-3	4.1E-5	5.7E-5	9.9E-4
16	1.7E-5	7.6E-4	8.6E-3	2.8E-3	4.2E-5	5.8E-5	1.1E-3
17	1.8E-5	8.2E-4	9.7E-3	3.0E-3	4.2E-5	5.9E-5	1.1E-3
18	1.8E-5	8.7E-4	1.1E-2	3.2E-3	4.3E-5	6.0E-5	1.2E-3
19	1.8E-5	9.2E-4	1.2E-2	3.3E-3	4.4E-5	6.1E-5	1.3E-3
20	1.9E-5	9.8E-4	1.3E-2	3.5E-3	4.4E-5	6.1E-5	1.3E-3
21	1.9E-5	1.0E-3	1.4E-2	3.7E-3	4.5E-5	6.2E-5	1.4E-3
22	2.0E-5	1.1E-3	1.5E-2	3.8E-3	4.5E-5	6.2E-5	1.5E-3
23	2.0E-5	1.2E-3	1.6E-2	4.0E-3	4.6E-5	6.3E-5	1.5E-3
24	2.0E-5	1.2E-3	1.7E-2	4.1E-3	4.6E-5	6.3E-5	1.6E-3
25	2.1E-5	1.3E-3	1.8E-2	4.2E-3	4.7E-5	6.4E-5	1.7E-3
26	2.1E-5	1.3E-3	1.9E-2	4.4E-3	4.8E-5	6.4E-5	1.8E-3
27	2.1E-5	1.4E-3	2.0E-2	4.5E-3	4.8E-5	6.5E-5	1.8E-3
28	2.2E-5	1.5E-3	2.0E-2	4.6E-3	4.9E-5	6.5E-5	1.9E-3
29	2.2E-5	1.5E-3	2.1E-2	4.7E-3	4.9E-5	6.6E-5	2.0E-3
30	2.2E-5	1.6E-3	2.2E-2	4.9E-3	5.0E-5	6.6E-5	2.0E-3
31	2.3E-5	1.7E-3	2.2E-2	5.0E-3	5.1E-5	6.7E-5	2.1E-3
32	2.3E-5	1.7E-3	2.3E-2	5.1E-3	5.1E-5	6.7E-5	2.2E-3
33	2.3E-5	1.8E-3	2.3E-2	5.2E-3	5.2E-5	6.7E-5	2.2E-3
34	2.4E-5	1.9E-3	2.4E-2	5.3E-3	5.2E-5	6.8E-5	2.3E-3
35	2.4E-5	1.9E-3	2.4E-2	5.5E-3	5.3E-5	6.8E-5	2.4E-3
36	2.4E-5	2.0E-3	2.5E-2	5.6E-3	5.4E-5	6.8E-5	2.4E-3
37	2.5E-5	2.1E-3	2.5E-2	5.7E-3	5.4E-5	6.9E-5	2.5E-3
38	2.5E-5	2.1E-3	2.6E-2	5.8E-3	5.5E-5	6.9E-5	2.5E-3
39	2.5E-5	2.2E-3	2.6E-2	5.9E-3	5.6E-5	6.9E-5	2.6E-3
40	2.6E-5	2.3E-3	2.7E-2	6.1E-3	5.6E-5	7.0E-5	2.6E-3
41	2.6E-5	2.3E-3	2.7E-2	6.2E-3	5.7E-5	7.0E-5	2.7E-3
42	2.6E-5	2.4E-3	2.7E-2	6.3E-3	5.8E-5	7.0E-5	2.7E-3
43	2.6E-5	2.5E-3	2.8E-2	6.4E-3	5.8E-5	7.1E-5	2.8E-3
44	2.7E-5	2.5E-3	2.8E-2	6.5E-3	5.9E-5	7.1E-5	2.8E-3
45	2.7E-5	2.6E-3	2.9E-2	6.7E-3	6.0E-5	7.2E-5	2.9E-3
46	2.7E-5	2.7E-3	2.9E-2	6.8E-3	6.0E-5	7.2E-5	2.9E-3
47	2.8E-5	2.7E-3	2.9E-2	6.9E-3	6.1E-5	7.2E-5	2.9E-3
48	2.8E-5	2.8E-3	3.0E-2	7.1E-3	6.2E-5	7.3E-5	3.0E-3
49	2.8E-5	2.8E-3	3.0E-2	7.2E-3	6.3E-5	7.3E-5	3.0E-3
50	2.9E-5	2.9E-3	3.1E-2	7.3E-3	6.3E-5	7.3E-5	3.0E-3
51	2.9E-5	3.0E-3	3.1E-2	7.5E-3	6.4E-5	7.3E-5	3.1E-3
52	2.9E-5	3.0E-3	3.2E-2	7.6E-3	6.5E-5	7.4E-5	3.1E-3
53	3.0E-5	3.1E-3	3.2E-2	7.7E-3	6.6E-5	7.4E-5	3.1E-3
54	3.0E-5	3.2E-3	3.2E-2	7.9E-3	6.7E-5	7.4E-5	3.1E-3
55	3.0E-5	3.2E-3	3.3E-2	8.0E-3	6.7E-5	7.5E-5	3.1E-3
56	3.0E-5	3.3E-3	3.3E-2	8.2E-3	6.8E-5	7.5E-5	3.2E-3
57	3.1E-5	3.4E-3	3.4E-2	8.3E-3	6.9E-5	7.5E-5	3.2E-3
58	3.1E-5	3.4E-3	3.4E-2	8.4E-3	7.0E-5	7.6E-5	3.2E-3
59	3.1E-5	3.5E-3	3.5E-2	8.6E-3	7.1E-5	7.6E-5	3.2E-3
60	3.2E-5	3.6E-3	3.5E-2	8.7E-3	7.1E-5	7.6E-5	3.2E-3
61	3.2E-5	3.6E-3	3.6E-2	8.9E-3	7.2E-5	7.7E-5	3.3E-3
62	3.2E-5	3.7E-3	3.6E-2	9.0E-3	7.3E-5	7.7E-5	3.3E-3
63	3.3E-5	3.8E-3	3.7E-2	9.2E-3	7.4E-5	7.7E-5	3.3E-3
64	3.3E-5	3.8E-3	3.7E-2	9.3E-3	7.5E-5	7.8E-5	3.3E-3
65	3.3E-5	3.9E-3	3.8E-2	9.5E-3	7.6E-5	7.8E-5	3.3E-3
66	3.4E-5	3.9E-3	3.8E-2	9.7E-3	7.7E-5	7.8E-5	3.3E-3
67	3.4E-5	4.0E-3	3.9E-2	9.8E-3	7.8E-5	7.9E-5	3.3E-3
68	3.4E-5	4.1E-3	3.9E-2	1.0E-2	7.9E-5	7.9E-5	3.3E-3
69	3.5E-5	4.2E-3	4.0E-2	1.0E-2	8.0E-5	7.9E-5	3.4E-3
70	3.5E-5	4.2E-3	4.0E-2	1.0E-2	8.0E-5	8.0E-5	3.4E-3
71	3.5E-5	4.3E-3	4.1E-2	1.0E-2	8.1E-5	8.0E-5	3.4E-3
72	3.5E-5	4.4E-3	4.1E-2	1.1E-2	8.2E-5	8.0E-5	3.4E-3
73	3.6E-5	4.4E-3	4.2E-2	1.1E-2	8.3E-5	8.1E-5	3.4E-3
74	3.6E-5	4.5E-3	4.2E-2	1.1E-2	8.4E-5	8.1E-5	3.4E-3
75	3.6E-5	4.6E-3	4.3E-2	1.1E-2	8.5E-5	8.1E-5	3.4E-3
76	3.7E-5	4.6E-3	4.3E-2	1.1E-2	8.6E-5	8.2E-5	3.4E-3
77	3.7E-5	4.7E-3	4.4E-2	1.1E-2	8.7E-5	8.2E-5	3.4E-3
78	3.7E-5	4.8E-3	4.4E-2	1.2E-2	8.8E-5	8.2E-5	3.4E-3
79	3.8E-5	4.8E-3	4.5E-2	1.2E-2	9.0E-5	8.3E-5	3.4E-3
80	3.8E-5	4.9E-3	4.6E-2	1.2E-2	9.1E-5	8.3E-5	3.5E-3
81	3.8E-5	5.0E-3	4.6E-2	1.2E-2	9.2E-5	8.3E-5	3.5E-3
82	3.9E-5	5.1E-3	4.7E-2	1.2E-2	9.3E-5	8.4E-5	3.5E-3
83	3.9E-5	5.1E-3	4.8E-2	1.3E-2	9.4E-5	8.4E-5	3.5E-3
84	3.9E-5	5.2E-3	4.8E-2	1.3E-2	9.5E-5	8.4E-5	3.5E-3
85	4.0E-5	5.3E-3	4.9E-2	1.3E-2	9.6E-5	8.5E-5	3.5E-3
86	4.0E-5	5.4E-3	4.9E-2	1.3E-2	9.7E-5	8.5E-5	3.5E-3
87	4.0E-5	5.4E-3	5.0E-2	1.3E-2	9.8E-5	8.5E-5	3.5E-3
88	4.1E-5	5.5E-3	5.1E-2	1.3E-2	1.0E-4	8.6E-5	3.5E-3
89	4.1E-5	5.6E-3	5.1E-2	1.4E-2	1.0E-4	8.6E-5	3.5E-3
90	4.1E-5	5.7E-3	5.2E-2	1.4E-2	1.0E-4	8.6E-5	3.5E-3
91	4.2E-5	5.8E-3	5.3E-2	1.4E-2	1.0E-4	8.7E-5	3.5E-3
92	4.2E-5	5.8E-3	5.3E-2	1.4E-2	1.0E-4	8.7E-5	3.5E-3
93	4.2E-5	5.9E-3	5.4E-2	1.4E-2	1.1E-4	8.7E-5	3.5E-3
94	4.3E-5	6.0E-3	5.5E-2	1.5E-2	1.1E-4	8.8E-5	3.5E-3
95	4.3E-5	6.1E-3	5.6E-2	1.5E-2	1.1E-4	8.8E-5	3.5E-3
96	4.3E-5	6.2E-3	5.6E-2	1.5E-2	1.1E-4	8.8E-5	3.5E-3
97	4.4E-5	6.3E-3	5.7E-2	1.5E-2	1.1E-4	8.9E-5	3.5E-3
98	4.4E-5	6.3E-3	5.8E-2	1.5E-2	1.1E-4	8.9E-5	3.5E-3
99	4.4E-5	6.4E-3	5.9E-2	1.6E-2	1.1E-4	8.9E-5	3.6E-3
100	4.5E-5	6.5E-3	5.9E-2	1.6E-2	1.1E-4	9.0E-5	3.6E-3
110	4.8E-5	7.4E-3	6.8E-2	1.8E-2	1.3E-4	9.3E-5	3.6E-3
120	5.1E-5	8.5E-3	7.7E-2	2.0E-2	1.5E-4	9.6E-5	3.6E-3
130	5.5E-5	9.6E-3	8.8E-2	2.2E-2	1.6E-4	9.9E-5	3.7E-3
140	5.8E-5	1.1E-2	1.0E-1	2.4E-2	1.8E-4	1.0E-4	3.7E-3
150	6.2E-5	1.2E-2	1.1E-1	2.6E-2	2.1E-4	1.0E-4	3.7E-3
160	6.5E-5	1.4E-2	1.3E-1	2.9E-2	2.3E-4	1.1E-4	3.7E-3
170	6.9E-5	1.5E-2	1.5E-1	3.1E-2	2.6E-4	1.1E-4	3.7E-3
180	7.2E-5	1.7E-2	1.7E-1	3.3E-2	2.9E-4	1.1E-4	3.8E-3
190	7.5E-5	1.9E-2	1.9E-1	3.5E-2	3.3E-4	1.1E-4	3.8E-3
200	7.8E-5	2.2E-2	2.2E-1	3.7E-2	3.7E-4	1.2E-4	3.8E-3
210	8.1E-5	2.4E-2	2.5E-1	3.9E-2	4.1E-4	1.2E-4	3.8E-3
220	8.4E-5	2.7E-2	2.8E-1	4.1E-2	4.6E-4	1.2E-4	3.8E-3
230	8.7E-5	3.0E-2	3.2E-1	4.3E-2	5.2E-4	1.2E-4	3.8E-3
240	9.0E-5	3.4E-2	3.6E-1	4.5E-2	5.8E-4	1.2E-4	3.8E-3
250	9.2E-5	3.7E-2	4.1E-1	4.7E-2	6.6E-4	1.2E-4	3.8E-3
260	9.5E-5	4.2E-2	4.7E-1	4.8E-2	7.3E-4	1.3E-4	3.9E-3
270	9.7E-5	4.6E-2	5.3E-1	5.0E-2	8.2E-4	1.3E-4	3.9E-3
280	9.9E-5	5.1E-2	6.0E-1	5.1E-2	9.2E-4	1.3E-4	3.9E-3
290	1.0E-4	5.6E-2	6.9E-1	5.3E-2	1.0E-3	1.3E-4	3.9E-3
300	1.0E-4	6.2E-2	7.8E-1	5.4E-2	1.2E-3	1.3E-4	3.9E-3
310	1.0E-4	6.9E-2	8.8E-1	5.5E-2	1.3E-3	1.3E-4	3.9E-3
320	1.1E-4	7.6E-2	1.0E+0	5.6E-2	1.4E-3	1.3E-4	3.9E-3
330	1.1E-4	8.3E-2	1.1E+0	5.7E-2	1.6E-3	1.3E-4	3.9E-3
340	1.1E-4	9.1E-2	1.3E+0	5.8E-2	1.8E-3	1.4E-4	3.9E-3
350	1.1E-4	1.0E-1	1.5E+0	5.8E-2	2.0E-3	1.4E-4	3.9E-3
360	1.1E-4	1.1E-1	1.7E+0	5.9E-2	2.3E-3	1.4E-4	3.9E-3
365	1.1E-4	1.1E-1	1.8E+0	6.0E-2	2.4E-3	1.4E-4	3.9E-3
370	1.1E-4	1.2E-1	1.9E+0	6.0E-2	2.5E-3	1.4E-4	4.0E-3
380	1.1E-4	1.3E-1	2.1E+0	6.0E-2	2.8E-3	1.4E-4	4.0E-3
390	1.2E-4	1.4E-1	2.4E+0	6.1E-2	3.1E-3	1.4E-4	4.0E-3
400	1.2E-4	1.5E-1	2.7E+0	6.1E-2	3.5E-3	1.4E-4	4.0E-3
410	1.2E-4	1.6E-1	3.1E+0	6.2E-2	3.9E-3	1.4E-4	4.0E-3
420	1.2E-4	1.8E-1	3.5E+0	6.2E-2	4.3E-3	1.4E-4	4.0E-3
430	1.2E-4	1.9E-1	4.0E+0	6.2E-2	4.8E-3	1.4E-4	4.0E-3
440	1.2E-4	2.0E-1	4.5E+0	6.3E-2	5.4E-3	1.4E-4	4.0E-3
450	1.2E-4	2.2E-1	5.0E+0	6.3E-2	6.0E-3	1.4E-4	4.0E-3
460	1.2E-4	2.3E-1	5.7E+0	6.3E-2	6.7E-3	1.4E-4	4.0E-3
470	1.2E-4	2.4E-1	6.4E+0	6.3E-2	7.4E-3	1.4E-4	4.0E-3
480	1.2E-4	2.6E-1	7.2E+0	6.4E-2	8.2E-3	1.4E-4	4.0E-3
490	1.2E-4	2.7E-1	8.1E+0	6.4E-2	9.1E-3	1.4E-4	4.0E-3
500	1.2E-4	2.9E-1	9.0E+0	6.4E-2	1.0E-2	1.5E-4	4.1E-3
510	1.2E-4	3.0E-1	1.0E+1	6.4E-2	1.1E-2	1.5E-4	4.1E-3
520	1.2E-4	3.1E-1	1.1E+1	6.4E-2	1.2E-2	1.5E-4	4.1E-3
530	1.2E-4	3.3E-1	1.3E+1	6.4E-2	1.4E-2	1.5E-4	4.1E-3
540	1.3E-4	3.4E-1	1.4E+1	6.4E-2	1.5E-2	1.5E-4	4.1E-3
550	1.3E-4	3.5E-1	1.6E+1	6.5E-2	1.7E-2	1.5E-4	4.1E-3
560	1.3E-4	3.7E-1	1.7E+1	6.5E-2	1.8E-2	1.5E-4	4.1E-3
570	1.3E-4	3.8E-1	1.9E+1	6.5E-2	2.0E-2	1.5E-4	4.1E-3
580	1.3E-4	3.9E-1	2.1E+1	6.5E-2	2.2E-2	1.5E-4	4.1E-3
590	1.3E-4	4.0E-1	2.3E+1	6.5E-2	2.4E-2	1.5E-4	4.1E-3
600	1.3E-4	4.1E-1	2.5E+1	6.5E-2	2.6E-2	1.5E-4	4.1E-3
610	1.3E-4	4.2E-1	2.7E+1	6.5E-2	2.9E-2	1.5E-4	4.1E-3
620	1.3E-4	4.3E-1	3.0E+1	6.5E-2	3.1E-2	1.5E-4	4.1E-3
630	1.3E-4	4.4E-1	3.2E+1	6.5E-2	3.4E-2	1.5E-4	4.1E-3
640	1.3E-4	4.5E-1	3.5E+1	6.5E-2	3.7E-2	1.5E-4	4.2E-3
650	1.3E-4	4.6E-1	3.7E+1	6.5E-2	4.0E-2	1.5E-4	4.2E-3
660	1.3E-4	4.7E-1	4.0E+1	6.5E-2	4.3E-2	1.5E-4	4.2E-3
670	1.3E-4	4.7E-1	4.2E+1	6.5E-2	4.6E-2	1.5E-4	4.2E-3
680	1.3E-4	4.8E-1	4.5E+1	6.5E-2	5.0E-2	1.5E-4	4.2E-3
690	1.3E-4	4.9E-1	4.8E+1	6.5E-2	5.3E-2	1.5E-4	4.2E-3
700	1.3E-4	5.0E-1	5.0E+1	6.5E-2	5.7E-2	1.5E-4	4.2E-3
710	1.3E-4	5.0E-1	5.3E+1	6.5E-2	6.1E-2	1.5E-4	4.2E-3
720	1.3E-4	5.1E-1	5.5E+1	6.5E-2	6.5E-2	1.6E-4	4.2E-3
730	1.3E-4	5.1E-1	5.8E+1	6.5E-2	6.9E-2	1.6E-4	4.2E-3
740	1.3E-4	5.2E-1	6.0E+1	6.5E-2	7.2E-2	1.6E-4	4.2E-3
750	1.3E-4	5.2E-1	6.2E+1	6.5E-2	7.6E-2	1.6E-4	4.2E-3
760	1.3E-4	5.3E-1	6.4E+1	6.5E-2	8.0E-2	1.6E-4	4.2E-3
770	1.3E-4	5.3E-1	6.6E+1	6.5E-2	8.4E-2	1.6E-4	4.3E-3
780	1.3E-4	5.4E-1	6.8E+1	6.5E-2	8.8E-2	1.6E-4	4.3E-3
790	1.3E-4	5.4E-1	7.0E+1	6.5E-2	9.2E-2	1.6E-4	4.3E-3
800	1.4E-4	5.5E-1	7.2E+1	6.5E-2	9.5E-2	1.6E-4	4.3E-3
810	1.4E-4	5.5E-1	7.3E+1	6.5E-2	9.9E-2	1.6E-4	4.3E-3
820	1.4E-4	5.5E-1	7.5E+1	6.5E-2	1.0E-1	1.6E-4	4.3E-3
830	1.4E-4	5.6E-1	7.6E+1	6.5E-2	1.1E-1	1.6E-4	4.3E-3
840	1.4E-4	5.6E-1	7.7E+1	6.5E-2	1.1E-1	1.6E-4	4.3E-3
850	1.4E-4	5.6E-1	7.9E+1	6.5E-2	1.1E-1	1.6E-4	4.3E-3
860	1.4E-4	5.7E-1	8.0E+1	6.5E-2	1.1E-1	1.6E-4	4.3E-3
870	1.4E-4	5.7E-1	8.1E+1	6.5E-2	1.2E-1	1.6E-4	4.3E-3
880	1.4E-4	5.7E-1	8.2E+1	6.5E-2	1.2E-1	1.6E-4	4.3E-3
890	1.4E-4	5.8E-1	8.3E+1	6.5E-2	1.2E-1	1.6E-4	4.3E-3
900	1.4E-4	5.8E-1	8.4E+1	6.5E-2	1.2E-1	1.6E-4	4.4E-3
910	1.4E-4	5.8E-1	8.5E+1	6.5E-2	1.3E-1	1.6E-4	4.4E-3
920	1.4E-4	5.9E-1	8.5E+1	6.5E-2	1.3E-1	1.6E-4	4.4E-3
930	1.4E-4	5.9E-1	8.6E+1	6.5E-2	1.3E-1	1.6E-4	4.4E-3
940	1.4E-4	5.9E-1	8.7E+1	6.5E-2	1.3E-1	1.6E-4	4.4E-3
950	1.4E-4	5.9E-1	8.8E+1	6.5E-2	1.3E-1	1.7E-4	4.4E-3
960	1.4E-4	6.0E-1	8.8E+1	6.5E-2	1.3E-1	1.7E-4	4.4E-3
970	1.4E-4	6.0E-1	8.9E+1	6.5E-2	1.4E-1	1.7E-4	4.4E-3
980	1.4E-4	6.0E-1	8.9E+1	6.5E-2	1.4E-1	1.7E-4	4.4E-3
990	1.4E-4	6.1E-1	9.0E+1	6.6E-2	1.4E-1	1.7E-4	4.4E-3
1000	1.4E-4	6.1E-1	9.0E+1	6.6E-2	1.4E-1	1.7E-4	4.4E-3
1010	1.4E-4	6.1E-1	9.1E+1	6.6E-2	1.4E-1	1.7E-4	4.4E-3
1020	1.4E-4	6.1E-1	9.2E+1	6.6E-2	1.4E-1	1.7E-4	4.5E-3
1030	1.4E-4	6.2E-1	9.2E+1	6.6E-2	1.4E-1	1.7E-4	4.5E-3
1040	1.4E-4	6.2E-1	9.3E+1	6.6E-2	1.4E-1	1.7E-4	4.5E-3
1050	1.4E-4	6.2E-1	9.3E+1	6.6E-2	1.4E-1	1.7E-4	4.5E-3
1060	1.4E-4	6.2E-1	9.3E+1	6.6E-2	1.4E-1	1.7E-4	4.5E-3
1070	1.4E-4	6.3E-1	9.4E+1	6.6E-2	1.4E-1	1.7E-4	4.5E-3
1080	1.4E-4	6.3E-1	9.4E+1	6.6E-2	1.4E-1	1.7E-4	4.5E-3
1090	1.4E-4	6.3E-1	9.5E+1	6.6E-2	1.4E-1	1.7E-4	4.5E-3
1095	1.4E-4	6.3E-1	9.5E+1	6.6E-2	1.5E-1	1.7E-4	4.5E-3
1100	1.5E-4	6.3E-1	9.5E+1	6.6E-2	1.5E-1	1.7E-4	4.5E-3
1200	1.5E-4	6.6E-1	9.9E+1	6.6E-2	1.5E-1	1.8E-4	4.6E-3
1300	1.5E-4	6.9E-1	1.0E+2	6.6E-2	1.5E-1	1.8E-4	4.7E-3
1400	1.6E-4	7.2E-1	1.1E+2	6.6E-2	1.5E-1	1.9E-4	4.8E-3
1500	1.6E-4	7.4E-1	1.1E+2	6.6E-2	1.5E-1	1.9E-4	4.9E-3
1600	1.6E-4	7.7E-1	1.2E+2	6.6E-2	1.5E-1	1.9E-4	4.9E-3
1700	1.7E-4	8.1E-1	1.2E+2	6.6E-2	1.5E-1	2.0E-4	5.0E-3
1800	1.7E-4	8.4E-1	1.3E+2	6.6E-2	1.5E-1	2.0E-4	5.1E-3
1900	1.7E-4	8.7E-1	1.3E+2	6.6E-2	1.5E-1	2.1E-4	5.2E-3
2000	1.8E-4	9.0E-1	1.4E+2	6.6E-2	1.5E-1	2.1E-4	5.3E-3
2100	1.8E-4	9.4E-1	1.4E+2	6.7E-2	1.5E-1	2.2E-4	5.4E-3
2200	1.8E-4	9.7E-1	1.5E+2	6.7E-2	1.5E-1	2.2E-4	5.5E-3
2300	1.9E-4	1.0E+0	1.5E+2	6.7E-2	1.5E-1	2.3E-4	5.6E-3
2400	1.9E-4	1.0E+0	1.6E+2	6.7E-2	1.5E-1	2.3E-4	5.7E-3
2500	1.9E-4	1.1E+0	1.6E+2	6.7E-2	1.5E-1	2.4E-4	5.8E-3
2600	2.0E-4	1.1E+0	1.7E+2	6.7E-2	1.5E-1	2.4E-4	5.9E-3
2700	2.0E-4	1.2E+0	1.8E+2	6.7E-2	1.5E-1	2.5E-4	6.0E-3
2800	2.0E-4	1.2E+0	1.8E+2	6.7E-2	1.5E-1	2.5E-4	6.2E-3
2900	2.1E-4	1.3E+0	1.9E+2	6.7E-2	1.5E-1	2.6E-4	6.3E-3
3000	2.1E-4	1.3E+0	2.0E+2	6.7E-2	1.5E-1	2.6E-4	6.4E-3
3100	2.1E-4	1.3E+0	2.0E+2	6.8E-2	1.5E-1	2.7E-4	6.5E-3
3200	2.2E-4	1.4E+0	2.1E+2	6.8E-2	1.5E-1	2.7E-4	6.6E-3
3300	2.2E-4	1.4E+0	2.2E+2	6.8E-2	1.5E-1	2.8E-4	6.7E-3
3400	2.2E-4	1.5E+0	2.2E+2	6.8E-2	1.5E-1	2.8E-4	6.9E-3
3500	2.3E-4	1.5E+0	2.3E+2	6.8E-2	1.5E-1	2.9E-4	7.0E-3
3600	2.3E-4	1.6E+0	2.4E+2	6.8E-2	1.5E-1	2.9E-4	7.1E-3
3650	2.3E-4	1.6E+0	2.4E+2	6.8E-2	1.5E-1	2.9E-4	7.2E-3
4000	2.4E-4	1.8E+0	2.7E+2	6.9E-2	1.6E-1	3.1E-4	7.7E-3
5000	2.8E-4	2.4E+0	3.6E+2	7.0E-2	1.6E-1	3.6E-4	9.2E-3
6000	3.1E-4	3.1E+0	4.6E+2	7.1E-2	1.6E-1	4.1E-4	1.1E-2
7000	3.4E-4	3.8E+0	5.7E+2	7.2E-2	1.6E-1	4.6E-4	1.3E-2
8000	3.7E-4	4.6E+0	6.9E+2	7.4E-2	1.7E-1	5.1E-4	1.6E-2
9000	4.0E-4	5.3E+0	8.0E+2	7.5E-2	1.7E-1	5.6E-4	1.9E-2
10000	4.3E-4	6.1E+0	9.2E+2	7.6E-2	1.7E-1	6.2E-4	2.3E-2
11000	4.6E-4	6.8E+0	1.0E+3	7.8E-2	1.8E-1	6.7E-4	2.8E-2
12000	4.9E-4	7.6E+0	1.1E+3	7.9E-2	1.8E-1	7.3E-4	3.4E-2
13000	5.3E-4	8.4E+0	1.3E+3	8.1E-2	1.8E-1	8.0E-4	4.0E-2
14000	5.6E-4	9.1E+0	1.4E+3	8.2E-2	1.9E-1	8.7E-4	4.8E-2
15000	5.9E-4	9.9E+0	1.5E+3	8.4E-2	1.9E-1	9.4E-4	5.8E-2
16000	6.3E-4	1.1E+1	1.6E+3	8.5E-2	1.9E-1	1.0E-3	7.0E-2
17000	6.7E-4	1.2E+1	1.8E+3	8.7E-2	2.0E-1	1.1E-3	8.3E-2
18000	7.1E-4	1.3E+1	1.9E+3	8.8E-2	2.0E-1	1.2E-3	1.0E-1
18250	7.2E-4	1.3E+1	1.9E+3	8.9E-2	2.0E-1	1.2E-3	1.0E-1
Radionuclide	U-235
Route of Intake	Inhalation
Material	Aerosols Intermediate Type F/M: Uranyl nitrate, uranium peroxide hydrate, ammonium diuranate, uranium trioxide, fA=1.6E-2
AMTD/AMAD, µm	10

Committed Effective Dose per Predicted Content in an Organ or Excreta Sample (Dose per Content Functions z(t)), Sv/Bq
Time, days	Whole Body	Urine (24-hour sample)	Faeces (24-hour sample)	Alimentary Tract*	Lungs*	Skeleton*	Liver*
0.041667	2.9E-7	-	-	8.0E-7	5.9E-6	6.4E-4	1.1E-3
0.083333	2.9E-7	-	-	7.2E-7	6.6E-6	3.7E-4	1.0E-3
0.125	3.0E-7	-	-	6.6E-7	7.2E-6	2.6E-4	9.1E-4
0.25	3.1E-7	-	-	5.6E-7	8.6E-6	1.4E-4	7.1E-4
0.375	3.2E-7	-	-	5.0E-7	9.7E-6	1.0E-4	6.2E-4
0.5	3.3E-7	-	-	4.7E-7	1.1E-5	8.0E-5	5.6E-4
0.625	3.4E-7	-	-	4.5E-7	1.2E-5	6.9E-5	5.2E-4
0.75	3.6E-7	-	-	4.5E-7	1.3E-5	6.2E-5	4.9E-4
0.875	3.7E-7	-	-	4.5E-7	1.4E-5	5.7E-5	4.7E-4
1	3.9E-7	1.3E-5	2.7E-6	4.7E-7	1.5E-5	5.4E-5	4.6E-4
1.125	4.2E-7	-	-	4.9E-7	1.6E-5	5.1E-5	4.5E-4
1.25	4.5E-7	-	-	5.1E-7	1.8E-5	4.9E-5	4.4E-4
1.375	4.9E-7	-	-	5.5E-7	1.9E-5	4.8E-5	4.3E-4
1.5	5.3E-7	-	-	5.9E-7	2.0E-5	4.6E-5	4.3E-4
1.625	5.8E-7	-	-	6.5E-7	2.2E-5	4.6E-5	4.2E-4
1.75	6.4E-7	-	-	7.1E-7	2.3E-5	4.5E-5	4.2E-4
1.875	7.1E-7	-	-	7.9E-7	2.4E-5	4.4E-5	4.2E-4
2	7.9E-7	3.6E-5	8.5E-7	8.8E-7	2.6E-5	4.4E-5	4.2E-4
2.25	9.9E-7	-	-	1.1E-6	2.8E-5	4.3E-5	4.2E-4
2.5	1.3E-6	-	-	1.4E-6	3.0E-5	4.3E-5	4.2E-4
2.75	1.6E-6	-	-	1.9E-6	3.2E-5	4.3E-5	4.3E-4
3	2.1E-6	9.2E-5	1.3E-6	2.5E-6	3.4E-5	4.3E-5	4.3E-4
3.25	2.7E-6	-	-	3.4E-6	3.6E-5	4.3E-5	4.4E-4
3.5	3.4E-6	-	-	4.7E-6	3.7E-5	4.3E-5	4.5E-4
3.75	4.3E-6	-	-	6.5E-6	3.9E-5	4.3E-5	4.5E-4
4	5.3E-6	1.8E-4	3.5E-6	9.2E-6	4.0E-5	4.4E-5	4.6E-4
4.25	6.4E-6	-	-	1.3E-5	4.1E-5	4.4E-5	4.7E-4
4.5	7.6E-6	-	-	1.8E-5	4.1E-5	4.4E-5	4.8E-4
4.75	8.7E-6	-	-	2.6E-5	4.2E-5	4.5E-5	4.9E-4
5	9.8E-6	2.6E-4	1.2E-5	3.7E-5	4.3E-5	4.5E-5	5.0E-4
5.5	1.2E-5	-	-	7.6E-5	4.4E-5	4.6E-5	5.1E-4
6	1.3E-5	3.3E-4	4.8E-5	1.5E-4	4.5E-5	4.7E-5	5.3E-4
6.5	1.4E-5	-	-	2.9E-4	4.6E-5	4.7E-5	5.5E-4
7	1.4E-5	3.8E-4	2.0E-4	4.9E-4	4.6E-5	4.8E-5	5.8E-4
7.5	1.5E-5	-	-	7.5E-4	4.7E-5	4.9E-5	6.0E-4
8	1.5E-5	4.3E-4	7.7E-4	1.0E-3	4.7E-5	4.9E-5	6.2E-4
8.5	1.5E-5	-	-	1.2E-3	4.8E-5	5.0E-5	6.4E-4
9	1.5E-5	4.7E-4	2.0E-3	1.4E-3	4.9E-5	5.1E-5	6.7E-4
9.5	1.6E-5	-	-	1.5E-3	4.9E-5	5.2E-5	6.9E-4
10	1.6E-5	5.1E-4	3.3E-3	1.7E-3	5.0E-5	5.2E-5	7.2E-4
11	1.7E-5	5.5E-4	4.3E-3	1.9E-3	5.0E-5	5.3E-5	7.7E-4
12	1.7E-5	6.0E-4	5.2E-3	2.1E-3	5.1E-5	5.5E-5	8.2E-4
13	1.8E-5	6.4E-4	6.2E-3	2.3E-3	5.2E-5	5.6E-5	8.8E-4
14	1.8E-5	6.9E-4	7.2E-3	2.5E-3	5.3E-5	5.7E-5	9.4E-4
15	1.9E-5	7.4E-4	8.4E-3	2.8E-3	5.4E-5	5.7E-5	1.0E-3
16	1.9E-5	7.9E-4	9.6E-3	3.0E-3	5.5E-5	5.8E-5	1.1E-3
17	2.0E-5	8.5E-4	1.1E-2	3.2E-3	5.5E-5	5.9E-5	1.1E-3
18	2.0E-5	9.0E-4	1.2E-2	3.4E-3	5.6E-5	6.0E-5	1.2E-3
19	2.1E-5	9.6E-4	1.4E-2	3.6E-3	5.7E-5	6.1E-5	1.3E-3
20	2.1E-5	1.0E-3	1.5E-2	3.8E-3	5.8E-5	6.1E-5	1.3E-3
21	2.1E-5	1.1E-3	1.7E-2	3.9E-3	5.8E-5	6.2E-5	1.4E-3
22	2.2E-5	1.1E-3	1.8E-2	4.1E-3	5.9E-5	6.3E-5	1.5E-3
23	2.2E-5	1.2E-3	2.0E-2	4.3E-3	6.0E-5	6.3E-5	1.6E-3
24	2.3E-5	1.3E-3	2.1E-2	4.4E-3	6.1E-5	6.4E-5	1.6E-3
25	2.3E-5	1.3E-3	2.2E-2	4.6E-3	6.1E-5	6.4E-5	1.7E-3
26	2.4E-5	1.4E-3	2.3E-2	4.7E-3	6.2E-5	6.5E-5	1.8E-3
27	2.4E-5	1.5E-3	2.5E-2	4.9E-3	6.3E-5	6.5E-5	1.9E-3
28	2.4E-5	1.6E-3	2.6E-2	5.0E-3	6.4E-5	6.6E-5	1.9E-3
29	2.5E-5	1.6E-3	2.7E-2	5.2E-3	6.4E-5	6.6E-5	2.0E-3
30	2.5E-5	1.7E-3	2.8E-2	5.3E-3	6.5E-5	6.6E-5	2.1E-3
31	2.5E-5	1.8E-3	2.8E-2	5.5E-3	6.6E-5	6.7E-5	2.2E-3
32	2.6E-5	1.9E-3	2.9E-2	5.6E-3	6.7E-5	6.7E-5	2.2E-3
33	2.6E-5	1.9E-3	3.0E-2	5.7E-3	6.8E-5	6.8E-5	2.3E-3
34	2.7E-5	2.0E-3	3.1E-2	5.9E-3	6.8E-5	6.8E-5	2.4E-3
35	2.7E-5	2.1E-3	3.1E-2	6.0E-3	6.9E-5	6.9E-5	2.4E-3
36	2.7E-5	2.2E-3	3.2E-2	6.1E-3	7.0E-5	6.9E-5	2.5E-3
37	2.8E-5	2.2E-3	3.3E-2	6.3E-3	7.1E-5	6.9E-5	2.5E-3
38	2.8E-5	2.3E-3	3.3E-2	6.4E-3	7.2E-5	7.0E-5	2.6E-3
39	2.8E-5	2.4E-3	3.4E-2	6.6E-3	7.3E-5	7.0E-5	2.7E-3
40	2.9E-5	2.5E-3	3.4E-2	6.7E-3	7.4E-5	7.0E-5	2.7E-3
41	2.9E-5	2.5E-3	3.5E-2	6.8E-3	7.4E-5	7.1E-5	2.8E-3
42	2.9E-5	2.6E-3	3.5E-2	7.0E-3	7.5E-5	7.1E-5	2.8E-3
43	3.0E-5	2.7E-3	3.6E-2	7.1E-3	7.6E-5	7.1E-5	2.8E-3
44	3.0E-5	2.8E-3	3.7E-2	7.3E-3	7.7E-5	7.2E-5	2.9E-3
45	3.1E-5	2.8E-3	3.7E-2	7.4E-3	7.8E-5	7.2E-5	2.9E-3
46	3.1E-5	2.9E-3	3.8E-2	7.6E-3	7.9E-5	7.3E-5	3.0E-3
47	3.1E-5	3.0E-3	3.8E-2	7.7E-3	8.0E-5	7.3E-5	3.0E-3
48	3.2E-5	3.1E-3	3.9E-2	7.9E-3	8.1E-5	7.3E-5	3.0E-3
49	3.2E-5	3.2E-3	3.9E-2	8.0E-3	8.2E-5	7.4E-5	3.1E-3
50	3.2E-5	3.2E-3	4.0E-2	8.2E-3	8.3E-5	7.4E-5	3.1E-3
51	3.3E-5	3.3E-3	4.0E-2	8.3E-3	8.4E-5	7.4E-5	3.1E-3
52	3.3E-5	3.4E-3	4.1E-2	8.5E-3	8.5E-5	7.5E-5	3.2E-3
53	3.3E-5	3.5E-3	4.1E-2	8.7E-3	8.6E-5	7.5E-5	3.2E-3
54	3.4E-5	3.5E-3	4.2E-2	8.8E-3	8.7E-5	7.5E-5	3.2E-3
55	3.4E-5	3.6E-3	4.3E-2	9.0E-3	8.8E-5	7.6E-5	3.2E-3
56	3.4E-5	3.7E-3	4.3E-2	9.2E-3	8.9E-5	7.6E-5	3.3E-3
57	3.5E-5	3.8E-3	4.4E-2	9.3E-3	9.0E-5	7.6E-5	3.3E-3
58	3.5E-5	3.8E-3	4.4E-2	9.5E-3	9.1E-5	7.7E-5	3.3E-3
59	3.5E-5	3.9E-3	4.5E-2	9.7E-3	9.2E-5	7.7E-5	3.3E-3
60	3.6E-5	4.0E-3	4.6E-2	9.8E-3	9.3E-5	7.7E-5	3.3E-3
61	3.6E-5	4.1E-3	4.6E-2	1.0E-2	9.5E-5	7.8E-5	3.4E-3
62	3.6E-5	4.1E-3	4.7E-2	1.0E-2	9.6E-5	7.8E-5	3.4E-3
63	3.7E-5	4.2E-3	4.7E-2	1.0E-2	9.7E-5	7.9E-5	3.4E-3
64	3.7E-5	4.3E-3	4.8E-2	1.1E-2	9.8E-5	7.9E-5	3.4E-3
65	3.7E-5	4.4E-3	4.9E-2	1.1E-2	9.9E-5	7.9E-5	3.4E-3
66	3.8E-5	4.5E-3	4.9E-2	1.1E-2	1.0E-4	8.0E-5	3.4E-3
67	3.8E-5	4.5E-3	5.0E-2	1.1E-2	1.0E-4	8.0E-5	3.4E-3
68	3.8E-5	4.6E-3	5.1E-2	1.1E-2	1.0E-4	8.0E-5	3.4E-3
69	3.9E-5	4.7E-3	5.1E-2	1.1E-2	1.0E-4	8.1E-5	3.5E-3
70	3.9E-5	4.8E-3	5.2E-2	1.2E-2	1.1E-4	8.1E-5	3.5E-3
71	3.9E-5	4.9E-3	5.3E-2	1.2E-2	1.1E-4	8.1E-5	3.5E-3
72	4.0E-5	4.9E-3	5.3E-2	1.2E-2	1.1E-4	8.2E-5	3.5E-3
73	4.0E-5	5.0E-3	5.4E-2	1.2E-2	1.1E-4	8.2E-5	3.5E-3
74	4.1E-5	5.1E-3	5.5E-2	1.2E-2	1.1E-4	8.2E-5	3.5E-3
75	4.1E-5	5.2E-3	5.6E-2	1.3E-2	1.1E-4	8.3E-5	3.5E-3
76	4.1E-5	5.3E-3	5.6E-2	1.3E-2	1.1E-4	8.3E-5	3.5E-3
77	4.2E-5	5.3E-3	5.7E-2	1.3E-2	1.1E-4	8.3E-5	3.5E-3
78	4.2E-5	5.4E-3	5.8E-2	1.3E-2	1.2E-4	8.4E-5	3.5E-3
79	4.2E-5	5.5E-3	5.9E-2	1.3E-2	1.2E-4	8.4E-5	3.5E-3
80	4.3E-5	5.6E-3	5.9E-2	1.4E-2	1.2E-4	8.4E-5	3.6E-3
81	4.3E-5	5.7E-3	6.0E-2	1.4E-2	1.2E-4	8.5E-5	3.6E-3
82	4.3E-5	5.8E-3	6.1E-2	1.4E-2	1.2E-4	8.5E-5	3.6E-3
83	4.4E-5	5.9E-3	6.2E-2	1.4E-2	1.2E-4	8.5E-5	3.6E-3
84	4.4E-5	6.0E-3	6.2E-2	1.4E-2	1.2E-4	8.6E-5	3.6E-3
85	4.4E-5	6.0E-3	6.3E-2	1.5E-2	1.3E-4	8.6E-5	3.6E-3
86	4.5E-5	6.1E-3	6.4E-2	1.5E-2	1.3E-4	8.7E-5	3.6E-3
87	4.5E-5	6.2E-3	6.5E-2	1.5E-2	1.3E-4	8.7E-5	3.6E-3
88	4.5E-5	6.3E-3	6.6E-2	1.5E-2	1.3E-4	8.7E-5	3.6E-3
89	4.6E-5	6.4E-3	6.7E-2	1.6E-2	1.3E-4	8.8E-5	3.6E-3
90	4.6E-5	6.5E-3	6.8E-2	1.6E-2	1.3E-4	8.8E-5	3.6E-3
91	4.7E-5	6.6E-3	6.8E-2	1.6E-2	1.3E-4	8.8E-5	3.6E-3
92	4.7E-5	6.7E-3	6.9E-2	1.6E-2	1.4E-4	8.9E-5	3.6E-3
93	4.7E-5	6.8E-3	7.0E-2	1.6E-2	1.4E-4	8.9E-5	3.6E-3
94	4.8E-5	6.9E-3	7.1E-2	1.7E-2	1.4E-4	8.9E-5	3.6E-3
95	4.8E-5	7.0E-3	7.2E-2	1.7E-2	1.4E-4	9.0E-5	3.6E-3
96	4.8E-5	7.1E-3	7.3E-2	1.7E-2	1.4E-4	9.0E-5	3.6E-3
97	4.9E-5	7.2E-3	7.4E-2	1.7E-2	1.4E-4	9.0E-5	3.6E-3
98	4.9E-5	7.3E-3	7.5E-2	1.8E-2	1.5E-4	9.1E-5	3.6E-3
99	4.9E-5	7.4E-3	7.6E-2	1.8E-2	1.5E-4	9.1E-5	3.7E-3
100	5.0E-5	7.5E-3	7.7E-2	1.8E-2	1.5E-4	9.1E-5	3.7E-3
110	5.3E-5	8.6E-3	8.8E-2	2.0E-2	1.7E-4	9.5E-5	3.7E-3
120	5.7E-5	9.8E-3	1.0E-1	2.3E-2	1.9E-4	9.8E-5	3.7E-3
130	6.1E-5	1.1E-2	1.1E-1	2.5E-2	2.1E-4	1.0E-4	3.7E-3
140	6.4E-5	1.3E-2	1.3E-1	2.8E-2	2.4E-4	1.0E-4	3.8E-3
150	6.8E-5	1.4E-2	1.5E-1	3.0E-2	2.7E-4	1.1E-4	3.8E-3
160	7.1E-5	1.6E-2	1.7E-1	3.2E-2	3.0E-4	1.1E-4	3.8E-3
170	7.5E-5	1.8E-2	1.9E-1	3.5E-2	3.4E-4	1.1E-4	3.8E-3
180	7.8E-5	2.0E-2	2.2E-1	3.7E-2	3.8E-4	1.1E-4	3.8E-3
190	8.1E-5	2.3E-2	2.5E-1	3.9E-2	4.3E-4	1.2E-4	3.9E-3
200	8.4E-5	2.5E-2	2.8E-1	4.1E-2	4.8E-4	1.2E-4	3.9E-3
210	8.7E-5	2.8E-2	3.2E-1	4.3E-2	5.4E-4	1.2E-4	3.9E-3
220	9.0E-5	3.2E-2	3.6E-1	4.5E-2	6.1E-4	1.2E-4	3.9E-3
230	9.3E-5	3.5E-2	4.1E-1	4.7E-2	6.8E-4	1.2E-4	3.9E-3
240	9.5E-5	3.9E-2	4.7E-1	4.9E-2	7.6E-4	1.3E-4	3.9E-3
250	9.7E-5	4.4E-2	5.3E-1	5.0E-2	8.6E-4	1.3E-4	3.9E-3
260	1.0E-4	4.9E-2	6.1E-1	5.2E-2	9.6E-4	1.3E-4	3.9E-3
270	1.0E-4	5.4E-2	6.9E-1	5.3E-2	1.1E-3	1.3E-4	4.0E-3
280	1.0E-4	6.0E-2	7.8E-1	5.5E-2	1.2E-3	1.3E-4	4.0E-3
290	1.1E-4	6.6E-2	8.9E-1	5.6E-2	1.3E-3	1.3E-4	4.0E-3
300	1.1E-4	7.3E-2	1.0E+0	5.7E-2	1.5E-3	1.3E-4	4.0E-3
310	1.1E-4	8.0E-2	1.1E+0	5.8E-2	1.7E-3	1.4E-4	4.0E-3
320	1.1E-4	8.8E-2	1.3E+0	5.9E-2	1.9E-3	1.4E-4	4.0E-3
330	1.1E-4	9.6E-2	1.5E+0	6.0E-2	2.1E-3	1.4E-4	4.0E-3
340	1.1E-4	1.1E-1	1.7E+0	6.0E-2	2.4E-3	1.4E-4	4.0E-3
350	1.1E-4	1.2E-1	1.9E+0	6.1E-2	2.6E-3	1.4E-4	4.0E-3
360	1.2E-4	1.3E-1	2.2E+0	6.2E-2	2.9E-3	1.4E-4	4.0E-3
365	1.2E-4	1.3E-1	2.3E+0	6.2E-2	3.1E-3	1.4E-4	4.0E-3
370	1.2E-4	1.4E-1	2.4E+0	6.2E-2	3.3E-3	1.4E-4	4.0E-3
380	1.2E-4	1.5E-1	2.8E+0	6.3E-2	3.7E-3	1.4E-4	4.1E-3
390	1.2E-4	1.6E-1	3.1E+0	6.3E-2	4.1E-3	1.4E-4	4.1E-3
400	1.2E-4	1.7E-1	3.5E+0	6.3E-2	4.5E-3	1.4E-4	4.1E-3
410	1.2E-4	1.9E-1	4.0E+0	6.4E-2	5.1E-3	1.4E-4	4.1E-3
420	1.2E-4	2.0E-1	4.5E+0	6.4E-2	5.6E-3	1.4E-4	4.1E-3
430	1.2E-4	2.1E-1	5.1E+0	6.4E-2	6.3E-3	1.4E-4	4.1E-3
440	1.2E-4	2.3E-1	5.7E+0	6.5E-2	7.0E-3	1.5E-4	4.1E-3
450	1.2E-4	2.4E-1	6.4E+0	6.5E-2	7.7E-3	1.5E-4	4.1E-3
460	1.2E-4	2.6E-1	7.2E+0	6.5E-2	8.6E-3	1.5E-4	4.1E-3
470	1.2E-4	2.7E-1	8.1E+0	6.5E-2	9.5E-3	1.5E-4	4.1E-3
480	1.3E-4	2.8E-1	9.1E+0	6.5E-2	1.1E-2	1.5E-4	4.1E-3
490	1.3E-4	3.0E-1	1.0E+1	6.5E-2	1.2E-2	1.5E-4	4.1E-3
500	1.3E-4	3.1E-1	1.1E+1	6.6E-2	1.3E-2	1.5E-4	4.1E-3
510	1.3E-4	3.3E-1	1.3E+1	6.6E-2	1.4E-2	1.5E-4	4.2E-3
520	1.3E-4	3.4E-1	1.4E+1	6.6E-2	1.6E-2	1.5E-4	4.2E-3
530	1.3E-4	3.5E-1	1.6E+1	6.6E-2	1.7E-2	1.5E-4	4.2E-3
540	1.3E-4	3.7E-1	1.7E+1	6.6E-2	1.9E-2	1.5E-4	4.2E-3
550	1.3E-4	3.8E-1	1.9E+1	6.6E-2	2.1E-2	1.5E-4	4.2E-3
560	1.3E-4	3.9E-1	2.1E+1	6.6E-2	2.3E-2	1.5E-4	4.2E-3
570	1.3E-4	4.0E-1	2.3E+1	6.6E-2	2.5E-2	1.5E-4	4.2E-3
580	1.3E-4	4.2E-1	2.5E+1	6.6E-2	2.8E-2	1.5E-4	4.2E-3
590	1.3E-4	4.3E-1	2.8E+1	6.6E-2	3.0E-2	1.5E-4	4.2E-3
600	1.3E-4	4.4E-1	3.0E+1	6.6E-2	3.3E-2	1.5E-4	4.2E-3
610	1.3E-4	4.5E-1	3.2E+1	6.6E-2	3.6E-2	1.5E-4	4.2E-3
620	1.3E-4	4.6E-1	3.5E+1	6.6E-2	3.9E-2	1.5E-4	4.2E-3
630	1.3E-4	4.6E-1	3.8E+1	6.6E-2	4.2E-2	1.5E-4	4.2E-3
640	1.3E-4	4.7E-1	4.0E+1	6.6E-2	4.5E-2	1.6E-4	4.3E-3
650	1.3E-4	4.8E-1	4.3E+1	6.7E-2	4.8E-2	1.6E-4	4.3E-3
660	1.3E-4	4.9E-1	4.6E+1	6.7E-2	5.2E-2	1.6E-4	4.3E-3
670	1.3E-4	5.0E-1	4.8E+1	6.7E-2	5.6E-2	1.6E-4	4.3E-3
680	1.3E-4	5.0E-1	5.1E+1	6.7E-2	6.0E-2	1.6E-4	4.3E-3
690	1.3E-4	5.1E-1	5.3E+1	6.7E-2	6.3E-2	1.6E-4	4.3E-3
700	1.3E-4	5.1E-1	5.6E+1	6.7E-2	6.7E-2	1.6E-4	4.3E-3
710	1.4E-4	5.2E-1	5.8E+1	6.7E-2	7.1E-2	1.6E-4	4.3E-3
720	1.4E-4	5.3E-1	6.1E+1	6.7E-2	7.5E-2	1.6E-4	4.3E-3
730	1.4E-4	5.3E-1	6.3E+1	6.7E-2	7.9E-2	1.6E-4	4.3E-3
740	1.4E-4	5.4E-1	6.5E+1	6.7E-2	8.3E-2	1.6E-4	4.3E-3
750	1.4E-4	5.4E-1	6.7E+1	6.7E-2	8.7E-2	1.6E-4	4.3E-3
760	1.4E-4	5.4E-1	6.9E+1	6.7E-2	9.1E-2	1.6E-4	4.3E-3
770	1.4E-4	5.5E-1	7.1E+1	6.7E-2	9.5E-2	1.6E-4	4.4E-3
780	1.4E-4	5.5E-1	7.3E+1	6.7E-2	9.9E-2	1.6E-4	4.4E-3
790	1.4E-4	5.6E-1	7.4E+1	6.7E-2	1.0E-1	1.6E-4	4.4E-3
800	1.4E-4	5.6E-1	7.6E+1	6.7E-2	1.1E-1	1.6E-4	4.4E-3
810	1.4E-4	5.6E-1	7.7E+1	6.7E-2	1.1E-1	1.6E-4	4.4E-3
820	1.4E-4	5.7E-1	7.9E+1	6.7E-2	1.1E-1	1.6E-4	4.4E-3
830	1.4E-4	5.7E-1	8.0E+1	6.7E-2	1.2E-1	1.6E-4	4.4E-3
840	1.4E-4	5.8E-1	8.1E+1	6.7E-2	1.2E-1	1.6E-4	4.4E-3
850	1.4E-4	5.8E-1	8.2E+1	6.7E-2	1.2E-1	1.6E-4	4.4E-3
860	1.4E-4	5.8E-1	8.3E+1	6.7E-2	1.2E-1	1.7E-4	4.4E-3
870	1.4E-4	5.9E-1	8.4E+1	6.7E-2	1.3E-1	1.7E-4	4.4E-3
880	1.4E-4	5.9E-1	8.5E+1	6.7E-2	1.3E-1	1.7E-4	4.4E-3
890	1.4E-4	5.9E-1	8.6E+1	6.7E-2	1.3E-1	1.7E-4	4.4E-3
900	1.4E-4	5.9E-1	8.7E+1	6.7E-2	1.3E-1	1.7E-4	4.5E-3
910	1.4E-4	6.0E-1	8.7E+1	6.7E-2	1.3E-1	1.7E-4	4.5E-3
920	1.4E-4	6.0E-1	8.8E+1	6.7E-2	1.3E-1	1.7E-4	4.5E-3
930	1.4E-4	6.0E-1	8.9E+1	6.7E-2	1.4E-1	1.7E-4	4.5E-3
940	1.4E-4	6.1E-1	8.9E+1	6.7E-2	1.4E-1	1.7E-4	4.5E-3
950	1.4E-4	6.1E-1	9.0E+1	6.7E-2	1.4E-1	1.7E-4	4.5E-3
960	1.4E-4	6.1E-1	9.1E+1	6.7E-2	1.4E-1	1.7E-4	4.5E-3
970	1.4E-4	6.1E-1	9.1E+1	6.7E-2	1.4E-1	1.7E-4	4.5E-3
980	1.4E-4	6.2E-1	9.2E+1	6.7E-2	1.4E-1	1.7E-4	4.5E-3
990	1.4E-4	6.2E-1	9.2E+1	6.7E-2	1.4E-1	1.7E-4	4.5E-3
1000	1.5E-4	6.2E-1	9.3E+1	6.7E-2	1.4E-1	1.7E-4	4.5E-3
1010	1.5E-4	6.3E-1	9.3E+1	6.7E-2	1.4E-1	1.7E-4	4.5E-3
1020	1.5E-4	6.3E-1	9.4E+1	6.7E-2	1.5E-1	1.7E-4	4.6E-3
1030	1.5E-4	6.3E-1	9.4E+1	6.7E-2	1.5E-1	1.7E-4	4.6E-3
1040	1.5E-4	6.3E-1	9.5E+1	6.7E-2	1.5E-1	1.7E-4	4.6E-3
1050	1.5E-4	6.4E-1	9.5E+1	6.7E-2	1.5E-1	1.7E-4	4.6E-3
1060	1.5E-4	6.4E-1	9.6E+1	6.7E-2	1.5E-1	1.7E-4	4.6E-3
1070	1.5E-4	6.4E-1	9.6E+1	6.7E-2	1.5E-1	1.7E-4	4.6E-3
1080	1.5E-4	6.4E-1	9.7E+1	6.7E-2	1.5E-1	1.7E-4	4.6E-3
1090	1.5E-4	6.5E-1	9.7E+1	6.7E-2	1.5E-1	1.8E-4	4.6E-3
1095	1.5E-4	6.5E-1	9.7E+1	6.7E-2	1.5E-1	1.8E-4	4.6E-3
1100	1.5E-4	6.5E-1	9.8E+1	6.7E-2	1.5E-1	1.8E-4	4.6E-3
1200	1.5E-4	6.8E-1	1.0E+2	6.7E-2	1.5E-1	1.8E-4	4.7E-3
1300	1.6E-4	7.0E-1	1.1E+2	6.7E-2	1.5E-1	1.8E-4	4.8E-3
1400	1.6E-4	7.3E-1	1.1E+2	6.7E-2	1.5E-1	1.9E-4	4.9E-3
1500	1.6E-4	7.6E-1	1.1E+2	6.7E-2	1.5E-1	1.9E-4	5.0E-3
1600	1.7E-4	7.9E-1	1.2E+2	6.8E-2	1.5E-1	2.0E-4	5.1E-3
1700	1.7E-4	8.2E-1	1.2E+2	6.8E-2	1.5E-1	2.0E-4	5.1E-3
1800	1.7E-4	8.6E-1	1.3E+2	6.8E-2	1.5E-1	2.1E-4	5.2E-3
1900	1.8E-4	8.9E-1	1.3E+2	6.8E-2	1.5E-1	2.1E-4	5.3E-3
2000	1.8E-4	9.2E-1	1.4E+2	6.8E-2	1.5E-1	2.2E-4	5.4E-3
2100	1.8E-4	9.6E-1	1.4E+2	6.8E-2	1.5E-1	2.2E-4	5.5E-3
2200	1.9E-4	1.0E+0	1.5E+2	6.8E-2	1.5E-1	2.3E-4	5.6E-3
2300	1.9E-4	1.0E+0	1.6E+2	6.8E-2	1.5E-1	2.3E-4	5.7E-3
2400	1.9E-4	1.1E+0	1.6E+2	6.8E-2	1.6E-1	2.4E-4	5.8E-3
2500	2.0E-4	1.1E+0	1.7E+2	6.8E-2	1.6E-1	2.4E-4	6.0E-3
2600	2.0E-4	1.2E+0	1.7E+2	6.9E-2	1.6E-1	2.5E-4	6.1E-3
2700	2.0E-4	1.2E+0	1.8E+2	6.9E-2	1.6E-1	2.5E-4	6.2E-3
2800	2.1E-4	1.2E+0	1.9E+2	6.9E-2	1.6E-1	2.6E-4	6.3E-3
2900	2.1E-4	1.3E+0	1.9E+2	6.9E-2	1.6E-1	2.6E-4	6.4E-3
3000	2.1E-4	1.3E+0	2.0E+2	6.9E-2	1.6E-1	2.7E-4	6.5E-3
3100	2.2E-4	1.4E+0	2.1E+2	6.9E-2	1.6E-1	2.7E-4	6.6E-3
3200	2.2E-4	1.4E+0	2.1E+2	6.9E-2	1.6E-1	2.8E-4	6.8E-3
3300	2.3E-4	1.5E+0	2.2E+2	6.9E-2	1.6E-1	2.8E-4	6.9E-3
3400	2.3E-4	1.5E+0	2.3E+2	6.9E-2	1.6E-1	2.9E-4	7.0E-3
3500	2.3E-4	1.6E+0	2.4E+2	7.0E-2	1.6E-1	2.9E-4	7.2E-3
3600	2.4E-4	1.6E+0	2.4E+2	7.0E-2	1.6E-1	3.0E-4	7.3E-3
3650	2.4E-4	1.6E+0	2.5E+2	7.0E-2	1.6E-1	3.0E-4	7.4E-3
4000	2.5E-4	1.8E+0	2.8E+2	7.0E-2	1.6E-1	3.2E-4	7.8E-3
5000	2.8E-4	2.5E+0	3.7E+2	7.1E-2	1.6E-1	3.7E-4	9.4E-3
6000	3.2E-4	3.1E+0	4.7E+2	7.3E-2	1.6E-1	4.2E-4	1.1E-2
7000	3.5E-4	3.9E+0	5.9E+2	7.4E-2	1.7E-1	4.7E-4	1.4E-2
8000	3.8E-4	4.7E+0	7.0E+2	7.5E-2	1.7E-1	5.2E-4	1.6E-2
9000	4.1E-4	5.4E+0	8.2E+2	7.7E-2	1.7E-1	5.8E-4	2.0E-2
10000	4.4E-4	6.2E+0	9.4E+2	7.8E-2	1.8E-1	6.3E-4	2.4E-2
11000	4.7E-4	7.0E+0	1.1E+3	7.9E-2	1.8E-1	6.9E-4	2.9E-2
12000	5.0E-4	7.8E+0	1.2E+3	8.1E-2	1.8E-1	7.5E-4	3.4E-2
13000	5.4E-4	8.5E+0	1.3E+3	8.2E-2	1.9E-1	8.2E-4	4.1E-2
14000	5.7E-4	9.3E+0	1.4E+3	8.4E-2	1.9E-1	8.9E-4	5.0E-2
15000	6.1E-4	1.0E+1	1.5E+3	8.5E-2	1.9E-1	9.6E-4	5.9E-2
16000	6.5E-4	1.1E+1	1.7E+3	8.7E-2	2.0E-1	1.0E-3	7.1E-2
17000	6.8E-4	1.2E+1	1.8E+3	8.9E-2	2.0E-1	1.1E-3	8.5E-2
18000	7.2E-4	1.3E+1	1.9E+3	9.0E-2	2.1E-1	1.2E-3	1.0E-1
18250	7.3E-4	1.3E+1	2.0E+3	9.1E-2	2.1E-1	1.3E-3	1.1E-1
Radionuclide	U-235
Route of Intake	Inhalation
Material	Aerosols Intermediate Type F/M: Uranyl nitrate, uranium peroxide hydrate, ammonium diuranate, uranium trioxide, fA=1.6E-2
AMTD/AMAD, µm	20

Committed Effective Dose per Predicted Content in an Organ or Excreta Sample (Dose per Content Functions z(t)), Sv/Bq
Time, days	Whole Body	Urine (24-hour sample)	Faeces (24-hour sample)	Alimentary Tract*	Lungs*	Skeleton*	Liver*
0.041667	1.7E-7	-	-	4.5E-7	8.1E-6	4.5E-4	8.4E-4
0.083333	1.7E-7	-	-	4.1E-7	9.3E-6	2.8E-4	8.2E-4
0.125	1.7E-7	-	-	3.8E-7	1.0E-5	2.0E-4	7.3E-4
0.25	1.8E-7	-	-	3.2E-7	1.3E-5	1.1E-4	5.8E-4
0.375	1.8E-7	-	-	2.9E-7	1.5E-5	8.1E-5	5.1E-4
0.5	1.9E-7	-	-	2.7E-7	1.7E-5	6.6E-5	4.7E-4
0.625	2.0E-7	-	-	2.6E-7	1.8E-5	5.7E-5	4.4E-4
0.75	2.1E-7	-	-	2.6E-7	2.0E-5	5.2E-5	4.2E-4
0.875	2.2E-7	-	-	2.6E-7	2.2E-5	4.9E-5	4.1E-4
1	2.3E-7	1.1E-5	1.5E-6	2.6E-7	2.4E-5	4.6E-5	4.0E-4
1.125	2.4E-7	-	-	2.8E-7	2.6E-5	4.4E-5	3.9E-4
1.25	2.6E-7	-	-	2.9E-7	2.8E-5	4.3E-5	3.9E-4
1.375	2.8E-7	-	-	3.1E-7	3.0E-5	4.2E-5	3.9E-4
1.5	3.1E-7	-	-	3.4E-7	3.2E-5	4.1E-5	3.8E-4
1.625	3.4E-7	-	-	3.7E-7	3.4E-5	4.1E-5	3.8E-4
1.75	3.7E-7	-	-	4.0E-7	3.6E-5	4.0E-5	3.8E-4
1.875	4.2E-7	-	-	4.5E-7	3.8E-5	4.0E-5	3.8E-4
2	4.6E-7	3.8E-5	4.9E-7	5.0E-7	4.0E-5	4.0E-5	3.8E-4
2.25	5.9E-7	-	-	6.3E-7	4.4E-5	3.9E-5	3.9E-4
2.5	7.5E-7	-	-	8.2E-7	4.8E-5	3.9E-5	3.9E-4
2.75	9.8E-7	-	-	1.1E-6	5.1E-5	3.9E-5	4.0E-4
3	1.3E-6	1.1E-4	7.4E-7	1.4E-6	5.4E-5	4.0E-5	4.0E-4
3.25	1.7E-6	-	-	2.0E-6	5.7E-5	4.0E-5	4.1E-4
3.5	2.2E-6	-	-	2.7E-6	5.9E-5	4.0E-5	4.2E-4
3.75	2.9E-6	-	-	3.7E-6	6.2E-5	4.0E-5	4.3E-4
4	3.8E-6	2.0E-4	2.0E-6	5.2E-6	6.3E-5	4.1E-5	4.3E-4
4.25	4.8E-6	-	-	7.4E-6	6.5E-5	4.1E-5	4.4E-4
4.5	6.0E-6	-	-	1.0E-5	6.6E-5	4.1E-5	4.5E-4
4.75	7.3E-6	-	-	1.5E-5	6.8E-5	4.2E-5	4.6E-4
5	8.6E-6	2.7E-4	6.9E-6	2.2E-5	6.9E-5	4.2E-5	4.7E-4
5.5	1.1E-5	-	-	4.5E-5	7.1E-5	4.3E-5	4.9E-4
6	1.3E-5	3.3E-4	2.8E-5	9.3E-5	7.2E-5	4.4E-5	5.0E-4
6.5	1.4E-5	-	-	1.9E-4	7.4E-5	4.4E-5	5.2E-4
7	1.5E-5	3.8E-4	1.2E-4	3.6E-4	7.5E-5	4.5E-5	5.4E-4
7.5	1.6E-5	-	-	6.3E-4	7.6E-5	4.6E-5	5.6E-4
8	1.6E-5	4.2E-4	5.2E-4	9.6E-4	7.7E-5	4.6E-5	5.9E-4
8.5	1.6E-5	-	-	1.3E-3	7.8E-5	4.7E-5	6.1E-4
9	1.7E-5	4.6E-4	1.8E-3	1.5E-3	7.9E-5	4.8E-5	6.3E-4
9.5	1.7E-5	-	-	1.7E-3	8.0E-5	4.8E-5	6.5E-4
10	1.7E-5	5.0E-4	3.8E-3	1.9E-3	8.1E-5	4.9E-5	6.8E-4
11	1.8E-5	5.4E-4	5.5E-3	2.1E-3	8.3E-5	5.0E-5	7.3E-4
12	1.9E-5	5.8E-4	6.9E-3	2.4E-3	8.4E-5	5.1E-5	7.8E-4
13	1.9E-5	6.3E-4	8.2E-3	2.6E-3	8.6E-5	5.2E-5	8.3E-4
14	2.0E-5	6.8E-4	9.7E-3	2.8E-3	8.7E-5	5.3E-5	8.9E-4
15	2.1E-5	7.3E-4	1.1E-2	3.1E-3	8.9E-5	5.4E-5	9.5E-4
16	2.1E-5	7.9E-4	1.3E-2	3.3E-3	9.0E-5	5.5E-5	1.0E-3
17	2.2E-5	8.4E-4	1.5E-2	3.5E-3	9.1E-5	5.6E-5	1.1E-3
18	2.2E-5	9.0E-4	1.7E-2	3.7E-3	9.3E-5	5.6E-5	1.1E-3
19	2.3E-5	9.6E-4	1.9E-2	3.9E-3	9.4E-5	5.7E-5	1.2E-3
20	2.3E-5	1.0E-3	2.2E-2	4.1E-3	9.5E-5	5.8E-5	1.3E-3
21	2.4E-5	1.1E-3	2.4E-2	4.3E-3	9.6E-5	5.8E-5	1.3E-3
22	2.4E-5	1.2E-3	2.6E-2	4.5E-3	9.8E-5	5.9E-5	1.4E-3
23	2.5E-5	1.2E-3	2.9E-2	4.6E-3	9.9E-5	6.0E-5	1.5E-3
24	2.5E-5	1.3E-3	3.1E-2	4.8E-3	1.0E-4	6.0E-5	1.6E-3
25	2.6E-5	1.4E-3	3.3E-2	5.0E-3	1.0E-4	6.1E-5	1.6E-3
26	2.6E-5	1.5E-3	3.5E-2	5.1E-3	1.0E-4	6.1E-5	1.7E-3
27	2.7E-5	1.5E-3	3.7E-2	5.3E-3	1.0E-4	6.2E-5	1.8E-3
28	2.7E-5	1.6E-3	3.9E-2	5.5E-3	1.1E-4	6.2E-5	1.9E-3
29	2.8E-5	1.7E-3	4.1E-2	5.6E-3	1.1E-4	6.2E-5	1.9E-3
30	2.8E-5	1.8E-3	4.3E-2	5.8E-3	1.1E-4	6.3E-5	2.0E-3
31	2.9E-5	1.9E-3	4.4E-2	5.9E-3	1.1E-4	6.3E-5	2.1E-3
32	2.9E-5	1.9E-3	4.6E-2	6.1E-3	1.1E-4	6.4E-5	2.1E-3
33	3.0E-5	2.0E-3	4.7E-2	6.3E-3	1.1E-4	6.4E-5	2.2E-3
34	3.0E-5	2.1E-3	4.8E-2	6.4E-3	1.1E-4	6.5E-5	2.3E-3
35	3.1E-5	2.2E-3	4.9E-2	6.6E-3	1.1E-4	6.5E-5	2.3E-3
36	3.1E-5	2.3E-3	5.0E-2	6.7E-3	1.2E-4	6.5E-5	2.4E-3
37	3.1E-5	2.4E-3	5.2E-2	6.9E-3	1.2E-4	6.6E-5	2.5E-3
38	3.2E-5	2.5E-3	5.3E-2	7.1E-3	1.2E-4	6.6E-5	2.5E-3
39	3.2E-5	2.6E-3	5.4E-2	7.2E-3	1.2E-4	6.6E-5	2.6E-3
40	3.3E-5	2.7E-3	5.5E-2	7.4E-3	1.2E-4	6.7E-5	2.6E-3
41	3.3E-5	2.7E-3	5.5E-2	7.6E-3	1.2E-4	6.7E-5	2.7E-3
42	3.4E-5	2.8E-3	5.6E-2	7.7E-3	1.2E-4	6.8E-5	2.7E-3
43	3.4E-5	2.9E-3	5.7E-2	7.9E-3	1.3E-4	6.8E-5	2.8E-3
44	3.4E-5	3.0E-3	5.8E-2	8.1E-3	1.3E-4	6.8E-5	2.8E-3
45	3.5E-5	3.1E-3	5.9E-2	8.3E-3	1.3E-4	6.9E-5	2.9E-3
46	3.5E-5	3.2E-3	6.0E-2	8.5E-3	1.3E-4	6.9E-5	2.9E-3
47	3.6E-5	3.3E-3	6.1E-2	8.6E-3	1.3E-4	6.9E-5	2.9E-3
48	3.6E-5	3.4E-3	6.2E-2	8.8E-3	1.3E-4	7.0E-5	3.0E-3
49	3.6E-5	3.5E-3	6.3E-2	9.0E-3	1.4E-4	7.0E-5	3.0E-3
50	3.7E-5	3.6E-3	6.4E-2	9.2E-3	1.4E-4	7.0E-5	3.0E-3
51	3.7E-5	3.7E-3	6.5E-2	9.4E-3	1.4E-4	7.1E-5	3.1E-3
52	3.8E-5	3.8E-3	6.5E-2	9.6E-3	1.4E-4	7.1E-5	3.1E-3
53	3.8E-5	3.9E-3	6.6E-2	9.8E-3	1.4E-4	7.2E-5	3.1E-3
54	3.8E-5	3.9E-3	6.7E-2	1.0E-2	1.4E-4	7.2E-5	3.1E-3
55	3.9E-5	4.0E-3	6.8E-2	1.0E-2	1.5E-4	7.2E-5	3.2E-3
56	3.9E-5	4.1E-3	6.9E-2	1.0E-2	1.5E-4	7.3E-5	3.2E-3
57	3.9E-5	4.2E-3	7.0E-2	1.1E-2	1.5E-4	7.3E-5	3.2E-3
58	4.0E-5	4.3E-3	7.1E-2	1.1E-2	1.5E-4	7.3E-5	3.2E-3
59	4.0E-5	4.4E-3	7.2E-2	1.1E-2	1.5E-4	7.4E-5	3.2E-3
60	4.1E-5	4.5E-3	7.3E-2	1.1E-2	1.5E-4	7.4E-5	3.3E-3
61	4.1E-5	4.6E-3	7.4E-2	1.1E-2	1.6E-4	7.4E-5	3.3E-3
62	4.1E-5	4.7E-3	7.5E-2	1.2E-2	1.6E-4	7.5E-5	3.3E-3
63	4.2E-5	4.8E-3	7.6E-2	1.2E-2	1.6E-4	7.5E-5	3.3E-3
64	4.2E-5	4.9E-3	7.7E-2	1.2E-2	1.6E-4	7.5E-5	3.3E-3
65	4.3E-5	5.0E-3	7.8E-2	1.2E-2	1.6E-4	7.6E-5	3.3E-3
66	4.3E-5	5.1E-3	7.9E-2	1.3E-2	1.7E-4	7.6E-5	3.3E-3
67	4.3E-5	5.2E-3	8.0E-2	1.3E-2	1.7E-4	7.7E-5	3.4E-3
68	4.4E-5	5.3E-3	8.1E-2	1.3E-2	1.7E-4	7.7E-5	3.4E-3
69	4.4E-5	5.4E-3	8.3E-2	1.3E-2	1.7E-4	7.7E-5	3.4E-3
70	4.4E-5	5.5E-3	8.4E-2	1.3E-2	1.7E-4	7.8E-5	3.4E-3
71	4.5E-5	5.6E-3	8.5E-2	1.4E-2	1.8E-4	7.8E-5	3.4E-3
72	4.5E-5	5.7E-3	8.6E-2	1.4E-2	1.8E-4	7.8E-5	3.4E-3
73	4.6E-5	5.8E-3	8.7E-2	1.4E-2	1.8E-4	7.9E-5	3.4E-3
74	4.6E-5	5.9E-3	8.8E-2	1.4E-2	1.8E-4	7.9E-5	3.4E-3
75	4.6E-5	6.0E-3	8.9E-2	1.5E-2	1.8E-4	7.9E-5	3.4E-3
76	4.7E-5	6.1E-3	9.1E-2	1.5E-2	1.9E-4	8.0E-5	3.4E-3
77	4.7E-5	6.2E-3	9.2E-2	1.5E-2	1.9E-4	8.0E-5	3.5E-3
78	4.7E-5	6.3E-3	9.3E-2	1.5E-2	1.9E-4	8.0E-5	3.5E-3
79	4.8E-5	6.4E-3	9.4E-2	1.6E-2	1.9E-4	8.1E-5	3.5E-3
80	4.8E-5	6.5E-3	9.6E-2	1.6E-2	2.0E-4	8.1E-5	3.5E-3
81	4.9E-5	6.6E-3	9.7E-2	1.6E-2	2.0E-4	8.2E-5	3.5E-3
82	4.9E-5	6.7E-3	9.8E-2	1.6E-2	2.0E-4	8.2E-5	3.5E-3
83	4.9E-5	6.9E-3	9.9E-2	1.7E-2	2.0E-4	8.2E-5	3.5E-3
84	5.0E-5	7.0E-3	1.0E-1	1.7E-2	2.1E-4	8.3E-5	3.5E-3
85	5.0E-5	7.1E-3	1.0E-1	1.7E-2	2.1E-4	8.3E-5	3.5E-3
86	5.1E-5	7.2E-3	1.0E-1	1.8E-2	2.1E-4	8.3E-5	3.5E-3
87	5.1E-5	7.3E-3	1.0E-1	1.8E-2	2.1E-4	8.4E-5	3.5E-3
88	5.1E-5	7.4E-3	1.1E-1	1.8E-2	2.2E-4	8.4E-5	3.5E-3
89	5.2E-5	7.5E-3	1.1E-1	1.8E-2	2.2E-4	8.4E-5	3.5E-3
90	5.2E-5	7.7E-3	1.1E-1	1.9E-2	2.2E-4	8.5E-5	3.5E-3
91	5.2E-5	7.8E-3	1.1E-1	1.9E-2	2.2E-4	8.5E-5	3.5E-3
92	5.3E-5	7.9E-3	1.1E-1	1.9E-2	2.3E-4	8.5E-5	3.5E-3
93	5.3E-5	8.0E-3	1.1E-1	1.9E-2	2.3E-4	8.6E-5	3.5E-3
94	5.4E-5	8.2E-3	1.2E-1	2.0E-2	2.3E-4	8.6E-5	3.5E-3
95	5.4E-5	8.3E-3	1.2E-1	2.0E-2	2.3E-4	8.6E-5	3.6E-3
96	5.4E-5	8.4E-3	1.2E-1	2.0E-2	2.4E-4	8.7E-5	3.6E-3
97	5.5E-5	8.5E-3	1.2E-1	2.0E-2	2.4E-4	8.7E-5	3.6E-3
98	5.5E-5	8.7E-3	1.2E-1	2.1E-2	2.4E-4	8.7E-5	3.6E-3
99	5.5E-5	8.8E-3	1.2E-1	2.1E-2	2.5E-4	8.8E-5	3.6E-3
100	5.6E-5	8.9E-3	1.2E-1	2.1E-2	2.5E-4	8.8E-5	3.6E-3
110	5.9E-5	1.0E-2	1.4E-1	2.4E-2	2.8E-4	9.1E-5	3.6E-3
120	6.3E-5	1.2E-2	1.6E-1	2.7E-2	3.1E-4	9.5E-5	3.6E-3
130	6.7E-5	1.4E-2	1.8E-1	3.0E-2	3.5E-4	9.8E-5	3.7E-3
140	7.0E-5	1.5E-2	2.1E-1	3.2E-2	4.0E-4	1.0E-4	3.7E-3
150	7.3E-5	1.7E-2	2.4E-1	3.5E-2	4.5E-4	1.0E-4	3.7E-3
160	7.7E-5	2.0E-2	2.7E-1	3.7E-2	5.0E-4	1.1E-4	3.7E-3
170	8.0E-5	2.2E-2	3.1E-1	4.0E-2	5.6E-4	1.1E-4	3.7E-3
180	8.3E-5	2.5E-2	3.5E-1	4.2E-2	6.3E-4	1.1E-4	3.7E-3
190	8.6E-5	2.8E-2	4.0E-1	4.4E-2	7.1E-4	1.1E-4	3.8E-3
200	8.8E-5	3.2E-2	4.6E-1	4.6E-2	8.0E-4	1.2E-4	3.8E-3
210	9.1E-5	3.5E-2	5.2E-1	4.8E-2	8.9E-4	1.2E-4	3.8E-3
220	9.3E-5	3.9E-2	5.9E-1	4.9E-2	1.0E-3	1.2E-4	3.8E-3
230	9.5E-5	4.4E-2	6.7E-1	5.1E-2	1.1E-3	1.2E-4	3.8E-3
240	9.8E-5	4.9E-2	7.6E-1	5.2E-2	1.3E-3	1.2E-4	3.8E-3
250	1.0E-4	5.4E-2	8.6E-1	5.3E-2	1.4E-3	1.2E-4	3.8E-3
260	1.0E-4	6.0E-2	9.8E-1	5.4E-2	1.6E-3	1.3E-4	3.8E-3
270	1.0E-4	6.7E-2	1.1E+0	5.5E-2	1.8E-3	1.3E-4	3.8E-3
280	1.0E-4	7.3E-2	1.3E+0	5.6E-2	2.0E-3	1.3E-4	3.9E-3
290	1.1E-4	8.1E-2	1.4E+0	5.7E-2	2.2E-3	1.3E-4	3.9E-3
300	1.1E-4	8.9E-2	1.6E+0	5.8E-2	2.5E-3	1.3E-4	3.9E-3
310	1.1E-4	9.8E-2	1.8E+0	5.9E-2	2.8E-3	1.3E-4	3.9E-3
320	1.1E-4	1.1E-1	2.1E+0	5.9E-2	3.1E-3	1.3E-4	3.9E-3
330	1.1E-4	1.2E-1	2.4E+0	6.0E-2	3.5E-3	1.3E-4	3.9E-3
340	1.1E-4	1.3E-1	2.7E+0	6.0E-2	3.9E-3	1.3E-4	3.9E-3
350	1.1E-4	1.4E-1	3.0E+0	6.1E-2	4.3E-3	1.4E-4	3.9E-3
360	1.1E-4	1.5E-1	3.4E+0	6.1E-2	4.8E-3	1.4E-4	3.9E-3
365	1.1E-4	1.6E-1	3.6E+0	6.1E-2	5.1E-3	1.4E-4	3.9E-3
370	1.2E-4	1.6E-1	3.9E+0	6.2E-2	5.4E-3	1.4E-4	3.9E-3
380	1.2E-4	1.7E-1	4.4E+0	6.2E-2	6.0E-3	1.4E-4	3.9E-3
390	1.2E-4	1.9E-1	4.9E+0	6.2E-2	6.6E-3	1.4E-4	3.9E-3
400	1.2E-4	2.0E-1	5.5E+0	6.2E-2	7.4E-3	1.4E-4	3.9E-3
410	1.2E-4	2.1E-1	6.2E+0	6.3E-2	8.2E-3	1.4E-4	4.0E-3
420	1.2E-4	2.3E-1	7.0E+0	6.3E-2	9.1E-3	1.4E-4	4.0E-3
430	1.2E-4	2.4E-1	7.9E+0	6.3E-2	1.0E-2	1.4E-4	4.0E-3
440	1.2E-4	2.6E-1	8.8E+0	6.3E-2	1.1E-2	1.4E-4	4.0E-3
450	1.2E-4	2.7E-1	9.9E+0	6.3E-2	1.2E-2	1.4E-4	4.0E-3
460	1.2E-4	2.9E-1	1.1E+1	6.4E-2	1.4E-2	1.4E-4	4.0E-3
470	1.2E-4	3.0E-1	1.2E+1	6.4E-2	1.5E-2	1.4E-4	4.0E-3
480	1.2E-4	3.1E-1	1.4E+1	6.4E-2	1.7E-2	1.4E-4	4.0E-3
490	1.2E-4	3.3E-1	1.5E+1	6.4E-2	1.8E-2	1.4E-4	4.0E-3
500	1.2E-4	3.4E-1	1.7E+1	6.4E-2	2.0E-2	1.4E-4	4.0E-3
510	1.2E-4	3.5E-1	1.8E+1	6.4E-2	2.2E-2	1.4E-4	4.0E-3
520	1.2E-4	3.6E-1	2.0E+1	6.4E-2	2.4E-2	1.5E-4	4.0E-3
530	1.2E-4	3.8E-1	2.2E+1	6.4E-2	2.7E-2	1.5E-4	4.0E-3
540	1.3E-4	3.9E-1	2.4E+1	6.4E-2	2.9E-2	1.5E-4	4.0E-3
550	1.3E-4	4.0E-1	2.7E+1	6.4E-2	3.2E-2	1.5E-4	4.1E-3
560	1.3E-4	4.1E-1	2.9E+1	6.4E-2	3.4E-2	1.5E-4	4.1E-3
570	1.3E-4	4.2E-1	3.1E+1	6.4E-2	3.7E-2	1.5E-4	4.1E-3
580	1.3E-4	4.3E-1	3.4E+1	6.4E-2	4.0E-2	1.5E-4	4.1E-3
590	1.3E-4	4.4E-1	3.6E+1	6.4E-2	4.4E-2	1.5E-4	4.1E-3
600	1.3E-4	4.5E-1	3.9E+1	6.4E-2	4.7E-2	1.5E-4	4.1E-3
610	1.3E-4	4.5E-1	4.1E+1	6.4E-2	5.0E-2	1.5E-4	4.1E-3
620	1.3E-4	4.6E-1	4.4E+1	6.4E-2	5.4E-2	1.5E-4	4.1E-3
630	1.3E-4	4.7E-1	4.6E+1	6.5E-2	5.8E-2	1.5E-4	4.1E-3
640	1.3E-4	4.8E-1	4.9E+1	6.5E-2	6.2E-2	1.5E-4	4.1E-3
650	1.3E-4	4.8E-1	5.1E+1	6.5E-2	6.5E-2	1.5E-4	4.1E-3
660	1.3E-4	4.9E-1	5.4E+1	6.5E-2	6.9E-2	1.5E-4	4.1E-3
670	1.3E-4	4.9E-1	5.6E+1	6.5E-2	7.3E-2	1.5E-4	4.1E-3
680	1.3E-4	5.0E-1	5.8E+1	6.5E-2	7.7E-2	1.5E-4	4.2E-3
690	1.3E-4	5.0E-1	6.0E+1	6.5E-2	8.1E-2	1.5E-4	4.2E-3
700	1.3E-4	5.1E-1	6.2E+1	6.5E-2	8.5E-2	1.5E-4	4.2E-3
710	1.3E-4	5.1E-1	6.4E+1	6.5E-2	8.9E-2	1.5E-4	4.2E-3
720	1.3E-4	5.2E-1	6.6E+1	6.5E-2	9.2E-2	1.5E-4	4.2E-3
730	1.3E-4	5.2E-1	6.8E+1	6.5E-2	9.6E-2	1.5E-4	4.2E-3
740	1.3E-4	5.3E-1	7.0E+1	6.5E-2	9.9E-2	1.6E-4	4.2E-3
750	1.3E-4	5.3E-1	7.1E+1	6.5E-2	1.0E-1	1.6E-4	4.2E-3
760	1.3E-4	5.3E-1	7.3E+1	6.5E-2	1.1E-1	1.6E-4	4.2E-3
770	1.3E-4	5.4E-1	7.4E+1	6.5E-2	1.1E-1	1.6E-4	4.2E-3
780	1.3E-4	5.4E-1	7.5E+1	6.5E-2	1.1E-1	1.6E-4	4.2E-3
790	1.3E-4	5.5E-1	7.6E+1	6.5E-2	1.1E-1	1.6E-4	4.2E-3
800	1.3E-4	5.5E-1	7.7E+1	6.5E-2	1.2E-1	1.6E-4	4.2E-3
810	1.3E-4	5.5E-1	7.8E+1	6.5E-2	1.2E-1	1.6E-4	4.3E-3
820	1.3E-4	5.6E-1	7.9E+1	6.5E-2	1.2E-1	1.6E-4	4.3E-3
830	1.4E-4	5.6E-1	8.0E+1	6.5E-2	1.2E-1	1.6E-4	4.3E-3
840	1.4E-4	5.6E-1	8.1E+1	6.5E-2	1.3E-1	1.6E-4	4.3E-3
850	1.4E-4	5.6E-1	8.2E+1	6.5E-2	1.3E-1	1.6E-4	4.3E-3
860	1.4E-4	5.7E-1	8.3E+1	6.5E-2	1.3E-1	1.6E-4	4.3E-3
870	1.4E-4	5.7E-1	8.4E+1	6.5E-2	1.3E-1	1.6E-4	4.3E-3
880	1.4E-4	5.7E-1	8.4E+1	6.5E-2	1.3E-1	1.6E-4	4.3E-3
890	1.4E-4	5.8E-1	8.5E+1	6.5E-2	1.3E-1	1.6E-4	4.3E-3
900	1.4E-4	5.8E-1	8.5E+1	6.5E-2	1.4E-1	1.6E-4	4.3E-3
910	1.4E-4	5.8E-1	8.6E+1	6.5E-2	1.4E-1	1.6E-4	4.3E-3
920	1.4E-4	5.8E-1	8.7E+1	6.5E-2	1.4E-1	1.6E-4	4.3E-3
930	1.4E-4	5.9E-1	8.7E+1	6.5E-2	1.4E-1	1.6E-4	4.3E-3
940	1.4E-4	5.9E-1	8.8E+1	6.5E-2	1.4E-1	1.6E-4	4.4E-3
950	1.4E-4	5.9E-1	8.8E+1	6.5E-2	1.4E-1	1.6E-4	4.4E-3
960	1.4E-4	5.9E-1	8.9E+1	6.5E-2	1.4E-1	1.6E-4	4.4E-3
970	1.4E-4	6.0E-1	8.9E+1	6.5E-2	1.4E-1	1.6E-4	4.4E-3
980	1.4E-4	6.0E-1	9.0E+1	6.5E-2	1.4E-1	1.7E-4	4.4E-3
990	1.4E-4	6.0E-1	9.0E+1	6.5E-2	1.4E-1	1.7E-4	4.4E-3
1000	1.4E-4	6.1E-1	9.1E+1	6.5E-2	1.4E-1	1.7E-4	4.4E-3
1010	1.4E-4	6.1E-1	9.1E+1	6.5E-2	1.4E-1	1.7E-4	4.4E-3
1020	1.4E-4	6.1E-1	9.2E+1	6.5E-2	1.4E-1	1.7E-4	4.4E-3
1030	1.4E-4	6.1E-1	9.2E+1	6.5E-2	1.4E-1	1.7E-4	4.4E-3
1040	1.4E-4	6.2E-1	9.2E+1	6.5E-2	1.4E-1	1.7E-4	4.4E-3
1050	1.4E-4	6.2E-1	9.3E+1	6.5E-2	1.4E-1	1.7E-4	4.4E-3
1060	1.4E-4	6.2E-1	9.3E+1	6.5E-2	1.4E-1	1.7E-4	4.4E-3
1070	1.4E-4	6.2E-1	9.4E+1	6.5E-2	1.5E-1	1.7E-4	4.5E-3
1080	1.4E-4	6.3E-1	9.4E+1	6.5E-2	1.5E-1	1.7E-4	4.5E-3
1090	1.4E-4	6.3E-1	9.4E+1	6.5E-2	1.5E-1	1.7E-4	4.5E-3
1095	1.4E-4	6.3E-1	9.5E+1	6.5E-2	1.5E-1	1.7E-4	4.5E-3
1100	1.4E-4	6.3E-1	9.5E+1	6.5E-2	1.5E-1	1.7E-4	4.5E-3
1200	1.5E-4	6.6E-1	9.9E+1	6.5E-2	1.5E-1	1.8E-4	4.6E-3
1300	1.5E-4	6.8E-1	1.0E+2	6.5E-2	1.5E-1	1.8E-4	4.6E-3
1400	1.5E-4	7.1E-1	1.1E+2	6.5E-2	1.5E-1	1.8E-4	4.7E-3
1500	1.6E-4	7.4E-1	1.1E+2	6.5E-2	1.5E-1	1.9E-4	4.8E-3
1600	1.6E-4	7.7E-1	1.2E+2	6.5E-2	1.5E-1	1.9E-4	4.9E-3
1700	1.6E-4	8.0E-1	1.2E+2	6.6E-2	1.5E-1	2.0E-4	5.0E-3
1800	1.7E-4	8.3E-1	1.3E+2	6.6E-2	1.5E-1	2.0E-4	5.1E-3
1900	1.7E-4	8.6E-1	1.3E+2	6.6E-2	1.5E-1	2.1E-4	5.2E-3
2000	1.7E-4	9.0E-1	1.4E+2	6.6E-2	1.5E-1	2.1E-4	5.3E-3
2100	1.8E-4	9.3E-1	1.4E+2	6.6E-2	1.5E-1	2.2E-4	5.4E-3
2200	1.8E-4	9.7E-1	1.5E+2	6.6E-2	1.5E-1	2.2E-4	5.5E-3
2300	1.8E-4	1.0E+0	1.5E+2	6.6E-2	1.5E-1	2.3E-4	5.6E-3
2400	1.9E-4	1.0E+0	1.6E+2	6.6E-2	1.5E-1	2.3E-4	5.7E-3
2500	1.9E-4	1.1E+0	1.6E+2	6.6E-2	1.5E-1	2.4E-4	5.8E-3
2600	1.9E-4	1.1E+0	1.7E+2	6.6E-2	1.5E-1	2.4E-4	5.9E-3
2700	2.0E-4	1.2E+0	1.7E+2	6.7E-2	1.5E-1	2.5E-4	6.0E-3
2800	2.0E-4	1.2E+0	1.8E+2	6.7E-2	1.5E-1	2.5E-4	6.1E-3
2900	2.1E-4	1.2E+0	1.9E+2	6.7E-2	1.5E-1	2.6E-4	6.2E-3
3000	2.1E-4	1.3E+0	1.9E+2	6.7E-2	1.5E-1	2.6E-4	6.3E-3
3100	2.1E-4	1.3E+0	2.0E+2	6.7E-2	1.5E-1	2.6E-4	6.4E-3
3200	2.2E-4	1.4E+0	2.1E+2	6.7E-2	1.5E-1	2.7E-4	6.6E-3
3300	2.2E-4	1.4E+0	2.1E+2	6.7E-2	1.5E-1	2.7E-4	6.7E-3
3400	2.2E-4	1.5E+0	2.2E+2	6.7E-2	1.5E-1	2.8E-4	6.8E-3
3500	2.3E-4	1.5E+0	2.3E+2	6.7E-2	1.5E-1	2.8E-4	6.9E-3
3600	2.3E-4	1.6E+0	2.4E+2	6.8E-2	1.5E-1	2.9E-4	7.1E-3
3650	2.3E-4	1.6E+0	2.4E+2	6.8E-2	1.5E-1	2.9E-4	7.1E-3
4000	2.4E-4	1.8E+0	2.7E+2	6.8E-2	1.5E-1	3.1E-4	7.6E-3
5000	2.7E-4	2.4E+0	3.6E+2	6.9E-2	1.6E-1	3.6E-4	9.1E-3
6000	3.1E-4	3.1E+0	4.6E+2	7.0E-2	1.6E-1	4.1E-4	1.1E-2
7000	3.4E-4	3.8E+0	5.7E+2	7.2E-2	1.6E-1	4.6E-4	1.3E-2
8000	3.7E-4	4.5E+0	6.8E+2	7.3E-2	1.7E-1	5.1E-4	1.6E-2
9000	4.0E-4	5.3E+0	7.9E+2	7.4E-2	1.7E-1	5.6E-4	1.9E-2
10000	4.3E-4	6.0E+0	9.1E+2	7.6E-2	1.7E-1	6.1E-4	2.3E-2
11000	4.6E-4	6.8E+0	1.0E+3	7.7E-2	1.7E-1	6.7E-4	2.8E-2
12000	4.9E-4	7.5E+0	-	7.8E-2	1.8E-1	7.3E-4	3.3E-2
13000	5.2E-4	8.3E+0	-	8.0E-2	1.8E-1	7.9E-4	4.0E-2
14000	5.5E-4	9.1E+0	-	8.1E-2	1.8E-1	8.6E-4	4.8E-2
15000	5.9E-4	9.9E+0	-	8.3E-2	1.9E-1	9.3E-4	5.8E-2
16000	6.3E-4	1.1E+1	-	8.4E-2	1.9E-1	1.0E-3	6.9E-2
17000	6.6E-4	1.2E+1	-	8.6E-2	2.0E-1	1.1E-3	8.3E-2
18000	7.0E-4	1.3E+1	-	8.8E-2	2.0E-1	1.2E-3	9.9E-2
18250	7.1E-4	1.3E+1	-	8.8E-2	2.0E-1	1.2E-3	1.0E-1
Radionuclide	U-235
Route of Intake	Inhalation
Material	Aerosols Intermediate Type M/S: Uranium octoxide, uranium dioxide, fA=6E-4
AMTD/AMAD, µm	0.001

Committed Effective Dose per Predicted Content in an Organ or Excreta Sample (Dose per Content Functions z(t)), Sv/Bq
Time, days	Whole Body	Urine (24-hour sample)	Faeces (24-hour sample)	Alimentary Tract*	Lungs*	Skeleton*	Liver*
0.041667	5.9E-6	-	-	1.8E-5	3.7E-5	2.0E-1	3.3E-1
0.083333	5.9E-6	-	-	1.5E-5	4.2E-5	1.1E-1	2.8E-1
0.125	6.0E-6	-	-	1.4E-5	4.7E-5	7.4E-2	2.5E-1
0.25	6.2E-6	-	-	1.1E-5	5.5E-5	4.0E-2	2.0E-1
0.375	6.3E-6	-	-	1.0E-5	5.9E-5	2.8E-2	1.8E-1
0.5	6.5E-6	-	-	9.6E-6	6.2E-5	2.3E-2	1.6E-1
0.625	6.7E-6	-	-	9.3E-6	6.3E-5	2.0E-2	1.5E-1
0.75	6.9E-6	-	-	9.2E-6	6.5E-5	1.8E-2	1.4E-1
0.875	7.2E-6	-	-	9.3E-6	6.7E-5	1.6E-2	1.3E-1
1	7.6E-6	3.7E-3	5.5E-5	9.5E-6	6.9E-5	1.5E-2	1.3E-1
1.125	8.0E-6	-	-	9.9E-6	7.0E-5	1.4E-2	1.3E-1
1.25	8.6E-6	-	-	1.0E-5	7.2E-5	1.4E-2	1.2E-1
1.375	9.2E-6	-	-	1.1E-5	7.4E-5	1.3E-2	1.2E-1
1.5	9.9E-6	-	-	1.2E-5	7.6E-5	1.3E-2	1.2E-1
1.625	1.1E-5	-	-	1.3E-5	7.8E-5	1.3E-2	1.2E-1
1.75	1.2E-5	-	-	1.4E-5	8.0E-5	1.3E-2	1.2E-1
1.875	1.3E-5	-	-	1.6E-5	8.2E-5	1.2E-2	1.2E-1
2	1.4E-5	9.8E-3	1.7E-5	1.7E-5	8.4E-5	1.2E-2	1.2E-1
2.25	1.7E-5	-	-	2.2E-5	8.8E-5	1.2E-2	1.2E-1
2.5	2.1E-5	-	-	2.8E-5	9.2E-5	1.2E-2	1.2E-1
2.75	2.5E-5	-	-	3.5E-5	9.6E-5	1.2E-2	1.2E-1
3	3.1E-5	2.5E-2	2.6E-5	4.5E-5	1.0E-4	1.2E-2	1.2E-1
3.25	3.7E-5	-	-	5.9E-5	1.1E-4	1.2E-2	1.2E-1
3.5	4.4E-5	-	-	7.6E-5	1.1E-4	1.2E-2	1.2E-1
3.75	5.2E-5	-	-	9.7E-5	1.2E-4	1.2E-2	1.3E-1
4	6.0E-5	4.6E-2	6.4E-5	1.2E-4	1.2E-4	1.2E-2	1.3E-1
4.25	6.8E-5	-	-	1.5E-4	1.3E-4	1.2E-2	1.3E-1
4.5	7.6E-5	-	-	1.9E-4	1.3E-4	1.2E-2	1.3E-1
4.75	8.4E-5	-	-	2.2E-4	1.4E-4	1.2E-2	1.3E-1
5	9.1E-5	6.5E-2	1.7E-4	2.6E-4	1.5E-4	1.2E-2	1.4E-1
5.5	1.1E-4	-	-	3.4E-4	1.6E-4	1.3E-2	1.4E-1
6	1.2E-4	7.9E-2	4.0E-4	4.1E-4	1.7E-4	1.3E-2	1.5E-1
6.5	1.3E-4	-	-	4.8E-4	1.9E-4	1.3E-2	1.5E-1
7	1.4E-4	9.1E-2	6.6E-4	5.4E-4	2.1E-4	1.3E-2	1.6E-1
7.5	1.6E-4	-	-	6.1E-4	2.3E-4	1.3E-2	1.6E-1
8	1.7E-4	1.0E-1	9.0E-4	6.8E-4	2.5E-4	1.4E-2	1.7E-1
8.5	1.9E-4	-	-	7.5E-4	2.7E-4	1.4E-2	1.7E-1
9	2.0E-4	1.1E-1	1.1E-3	8.3E-4	2.9E-4	1.4E-2	1.8E-1
9.5	2.2E-4	-	-	9.2E-4	3.2E-4	1.4E-2	1.9E-1
10	2.4E-4	1.2E-1	1.4E-3	1.0E-3	3.4E-4	1.4E-2	1.9E-1
11	2.8E-4	1.4E-1	1.7E-3	1.2E-3	4.0E-4	1.4E-2	2.1E-1
12	3.2E-4	1.5E-1	2.1E-3	1.5E-3	4.6E-4	1.5E-2	2.2E-1
13	3.7E-4	1.6E-1	2.5E-3	1.9E-3	5.2E-4	1.5E-2	2.4E-1
14	4.3E-4	1.8E-1	3.1E-3	2.3E-3	5.9E-4	1.5E-2	2.5E-1
15	4.8E-4	1.9E-1	3.8E-3	2.8E-3	6.7E-4	1.6E-2	2.7E-1
16	5.4E-4	2.1E-1	4.6E-3	3.4E-3	7.4E-4	1.6E-2	2.8E-1
17	6.0E-4	2.2E-1	5.6E-3	4.1E-3	8.2E-4	1.6E-2	3.0E-1
18	6.5E-4	2.4E-1	6.9E-3	5.0E-3	9.0E-4	1.6E-2	3.2E-1
19	7.1E-4	2.6E-1	8.4E-3	6.1E-3	9.7E-4	1.6E-2	3.4E-1
20	7.7E-4	2.8E-1	1.0E-2	7.4E-3	1.0E-3	1.7E-2	3.6E-1
21	8.2E-4	3.0E-1	1.2E-2	9.0E-3	1.1E-3	1.7E-2	3.8E-1
22	8.7E-4	3.2E-1	1.5E-2	1.1E-2	1.2E-3	1.7E-2	4.0E-1
23	9.1E-4	3.4E-1	1.8E-2	1.3E-2	1.2E-3	1.7E-2	4.2E-1
24	9.6E-4	3.6E-1	2.2E-2	1.6E-2	1.3E-3	1.7E-2	4.4E-1
25	9.9E-4	3.8E-1	2.7E-2	2.0E-2	1.3E-3	1.7E-2	4.6E-1
26	1.0E-3	4.0E-1	3.3E-2	2.4E-2	1.3E-3	1.8E-2	4.8E-1
27	1.1E-3	4.2E-1	4.0E-2	2.9E-2	1.4E-3	1.8E-2	5.0E-1
28	1.1E-3	4.4E-1	4.8E-2	3.4E-2	1.4E-3	1.8E-2	5.3E-1
29	1.1E-3	4.7E-1	5.9E-2	4.1E-2	1.4E-3	1.8E-2	5.5E-1
30	1.1E-3	4.9E-1	7.0E-2	4.9E-2	1.5E-3	1.8E-2	5.7E-1
31	1.1E-3	5.1E-1	8.5E-2	5.9E-2	1.5E-3	1.8E-2	5.9E-1
32	1.2E-3	5.4E-1	1.0E-1	7.0E-2	1.5E-3	1.8E-2	6.1E-1
33	1.2E-3	5.6E-1	1.2E-1	8.2E-2	1.5E-3	1.8E-2	6.3E-1
34	1.2E-3	5.9E-1	1.4E-1	9.7E-2	1.5E-3	1.9E-2	6.5E-1
35	1.2E-3	6.1E-1	1.7E-1	1.1E-1	1.5E-3	1.9E-2	6.6E-1
36	1.2E-3	6.3E-1	2.0E-1	1.3E-1	1.5E-3	1.9E-2	6.8E-1
37	1.2E-3	6.6E-1	2.3E-1	1.5E-1	1.6E-3	1.9E-2	7.0E-1
38	1.2E-3	6.8E-1	2.7E-1	1.7E-1	1.6E-3	1.9E-2	7.2E-1
39	1.2E-3	7.0E-1	3.1E-1	1.9E-1	1.6E-3	1.9E-2	7.3E-1
40	1.2E-3	7.3E-1	3.5E-1	2.1E-1	1.6E-3	1.9E-2	7.5E-1
41	1.2E-3	7.5E-1	3.9E-1	2.4E-1	1.6E-3	1.9E-2	7.6E-1
42	1.2E-3	7.7E-1	4.4E-1	2.6E-1	1.6E-3	1.9E-2	7.8E-1
43	1.3E-3	8.0E-1	4.8E-1	2.8E-1	1.6E-3	2.0E-2	7.9E-1
44	1.3E-3	8.2E-1	5.3E-1	3.0E-1	1.6E-3	2.0E-2	8.0E-1
45	1.3E-3	8.4E-1	5.7E-1	3.3E-1	1.6E-3	2.0E-2	8.1E-1
46	1.3E-3	8.7E-1	6.2E-1	3.4E-1	1.6E-3	2.0E-2	8.2E-1
47	1.3E-3	8.9E-1	6.6E-1	3.6E-1	1.6E-3	2.0E-2	8.3E-1
48	1.3E-3	9.1E-1	7.0E-1	3.8E-1	1.6E-3	2.0E-2	8.4E-1
49	1.3E-3	9.3E-1	7.3E-1	3.9E-1	1.6E-3	2.0E-2	8.5E-1
50	1.3E-3	9.5E-1	7.6E-1	4.1E-1	1.6E-3	2.0E-2	8.6E-1
51	1.3E-3	9.8E-1	7.9E-1	4.2E-1	1.6E-3	2.0E-2	8.7E-1
52	1.3E-3	1.0E+0	8.1E-1	4.3E-1	1.6E-3	2.0E-2	8.8E-1
53	1.3E-3	1.0E+0	8.4E-1	4.4E-1	1.6E-3	2.1E-2	8.9E-1
54	1.3E-3	1.0E+0	8.6E-1	4.5E-1	1.6E-3	2.1E-2	8.9E-1
55	1.3E-3	1.1E+0	8.7E-1	4.6E-1	1.6E-3	2.1E-2	9.0E-1
56	1.3E-3	1.1E+0	8.9E-1	4.6E-1	1.6E-3	2.1E-2	9.0E-1
57	1.3E-3	1.1E+0	9.0E-1	4.7E-1	1.6E-3	2.1E-2	9.1E-1
58	1.3E-3	1.1E+0	9.1E-1	4.8E-1	1.7E-3	2.1E-2	9.2E-1
59	1.3E-3	1.1E+0	9.2E-1	4.8E-1	1.7E-3	2.1E-2	9.2E-1
60	1.3E-3	1.2E+0	9.3E-1	4.9E-1	1.7E-3	2.1E-2	9.2E-1
61	1.3E-3	1.2E+0	9.4E-1	4.9E-1	1.7E-3	2.1E-2	9.3E-1
62	1.3E-3	1.2E+0	9.5E-1	5.0E-1	1.7E-3	2.1E-2	9.3E-1
63	1.3E-3	1.2E+0	9.6E-1	5.0E-1	1.7E-3	2.2E-2	9.4E-1
64	1.3E-3	1.2E+0	9.6E-1	5.0E-1	1.7E-3	2.2E-2	9.4E-1
65	1.3E-3	1.3E+0	9.7E-1	5.1E-1	1.7E-3	2.2E-2	9.4E-1
66	1.3E-3	1.3E+0	9.7E-1	5.1E-1	1.7E-3	2.2E-2	9.5E-1
67	1.3E-3	1.3E+0	9.8E-1	5.1E-1	1.7E-3	2.2E-2	9.5E-1
68	1.3E-3	1.3E+0	9.8E-1	5.2E-1	1.7E-3	2.2E-2	9.5E-1
69	1.3E-3	1.3E+0	9.9E-1	5.2E-1	1.7E-3	2.2E-2	9.5E-1
70	1.3E-3	1.3E+0	9.9E-1	5.2E-1	1.7E-3	2.2E-2	9.6E-1
71	1.4E-3	1.4E+0	1.0E+0	5.3E-1	1.7E-3	2.2E-2	9.6E-1
72	1.4E-3	1.4E+0	1.0E+0	5.3E-1	1.7E-3	2.2E-2	9.6E-1
73	1.4E-3	1.4E+0	1.0E+0	5.3E-1	1.7E-3	2.2E-2	9.6E-1
74	1.4E-3	1.4E+0	1.0E+0	5.3E-1	1.7E-3	2.3E-2	9.7E-1
75	1.4E-3	1.4E+0	1.0E+0	5.4E-1	1.7E-3	2.3E-2	9.7E-1
76	1.4E-3	1.5E+0	1.0E+0	5.4E-1	1.7E-3	2.3E-2	9.7E-1
77	1.4E-3	1.5E+0	1.0E+0	5.4E-1	1.7E-3	2.3E-2	9.7E-1
78	1.4E-3	1.5E+0	1.0E+0	5.5E-1	1.7E-3	2.3E-2	9.7E-1
79	1.4E-3	1.5E+0	1.0E+0	5.5E-1	1.7E-3	2.3E-2	9.7E-1
80	1.4E-3	1.5E+0	1.0E+0	5.5E-1	1.7E-3	2.3E-2	9.8E-1
81	1.4E-3	1.5E+0	1.0E+0	5.5E-1	1.7E-3	2.3E-2	9.8E-1
82	1.4E-3	1.6E+0	1.0E+0	5.6E-1	1.7E-3	2.3E-2	9.8E-1
83	1.4E-3	1.6E+0	1.0E+0	5.6E-1	1.7E-3	2.3E-2	9.8E-1
84	1.4E-3	1.6E+0	1.0E+0	5.6E-1	1.7E-3	2.4E-2	9.8E-1
85	1.4E-3	1.6E+0	1.1E+0	5.6E-1	1.8E-3	2.4E-2	9.8E-1
86	1.4E-3	1.6E+0	1.1E+0	5.7E-1	1.8E-3	2.4E-2	9.8E-1
87	1.4E-3	1.6E+0	1.1E+0	5.7E-1	1.8E-3	2.4E-2	9.8E-1
88	1.4E-3	1.7E+0	1.1E+0	5.7E-1	1.8E-3	2.4E-2	9.8E-1
89	1.4E-3	1.7E+0	1.1E+0	5.7E-1	1.8E-3	2.4E-2	9.9E-1
90	1.4E-3	1.7E+0	1.1E+0	5.8E-1	1.8E-3	2.4E-2	9.9E-1
91	1.4E-3	1.7E+0	1.1E+0	5.8E-1	1.8E-3	2.4E-2	9.9E-1
92	1.4E-3	1.7E+0	1.1E+0	5.8E-1	1.8E-3	2.4E-2	9.9E-1
93	1.4E-3	1.7E+0	1.1E+0	5.8E-1	1.8E-3	2.4E-2	9.9E-1
94	1.4E-3	1.8E+0	1.1E+0	5.9E-1	1.8E-3	2.4E-2	9.9E-1
95	1.4E-3	1.8E+0	1.1E+0	5.9E-1	1.8E-3	2.5E-2	9.9E-1
96	1.4E-3	1.8E+0	1.1E+0	5.9E-1	1.8E-3	2.5E-2	9.9E-1
97	1.4E-3	1.8E+0	1.1E+0	5.9E-1	1.8E-3	2.5E-2	9.9E-1
98	1.4E-3	1.8E+0	1.1E+0	6.0E-1	1.8E-3	2.5E-2	9.9E-1
99	1.4E-3	1.8E+0	1.1E+0	6.0E-1	1.8E-3	2.5E-2	9.9E-1
100	1.4E-3	1.8E+0	1.1E+0	6.0E-1	1.8E-3	2.5E-2	9.9E-1
110	1.5E-3	2.0E+0	1.1E+0	6.3E-1	1.8E-3	2.6E-2	1.0E+0
120	1.5E-3	2.2E+0	1.2E+0	6.5E-1	1.9E-3	2.7E-2	1.0E+0
130	1.5E-3	2.3E+0	1.2E+0	6.7E-1	1.9E-3	2.7E-2	1.0E+0
140	1.6E-3	2.4E+0	1.3E+0	7.0E-1	2.0E-3	2.8E-2	1.0E+0
150	1.6E-3	2.6E+0	1.3E+0	7.3E-1	2.0E-3	2.9E-2	1.0E+0
160	1.6E-3	2.7E+0	1.4E+0	7.5E-1	2.0E-3	2.9E-2	1.0E+0
170	1.6E-3	2.8E+0	1.4E+0	7.8E-1	2.1E-3	3.0E-2	1.0E+0
180	1.7E-3	2.9E+0	1.5E+0	8.0E-1	2.1E-3	3.0E-2	1.0E+0
190	1.7E-3	3.0E+0	1.5E+0	8.3E-1	2.2E-3	3.1E-2	1.0E+0
200	1.7E-3	3.2E+0	1.6E+0	8.6E-1	2.2E-3	3.1E-2	1.0E+0
210	1.8E-3	3.3E+0	1.6E+0	8.9E-1	2.3E-3	3.2E-2	1.0E+0
220	1.8E-3	3.4E+0	1.7E+0	9.2E-1	2.3E-3	3.2E-2	1.0E+0
230	1.8E-3	3.5E+0	1.7E+0	9.5E-1	2.3E-3	3.2E-2	1.0E+0
240	1.8E-3	3.6E+0	1.8E+0	9.8E-1	2.4E-3	3.3E-2	1.0E+0
250	1.9E-3	3.7E+0	1.9E+0	1.0E+0	2.4E-3	3.3E-2	1.0E+0
260	1.9E-3	3.7E+0	1.9E+0	1.0E+0	2.5E-3	3.3E-2	1.0E+0
270	1.9E-3	3.8E+0	2.0E+0	1.1E+0	2.5E-3	3.3E-2	1.0E+0
280	2.0E-3	3.9E+0	2.1E+0	1.1E+0	2.6E-3	3.4E-2	1.0E+0
290	2.0E-3	4.0E+0	2.2E+0	1.2E+0	2.6E-3	3.4E-2	1.0E+0
300	2.0E-3	4.1E+0	2.2E+0	1.2E+0	2.6E-3	3.4E-2	1.0E+0
310	2.0E-3	4.2E+0	2.3E+0	1.2E+0	2.7E-3	3.4E-2	1.0E+0
320	2.1E-3	4.3E+0	2.4E+0	1.3E+0	2.7E-3	3.4E-2	1.0E+0
330	2.1E-3	4.3E+0	2.5E+0	1.3E+0	2.8E-3	3.4E-2	1.0E+0
340	2.1E-3	4.4E+0	2.6E+0	1.4E+0	2.8E-3	3.4E-2	1.0E+0
350	2.2E-3	4.5E+0	2.7E+0	1.4E+0	2.9E-3	3.5E-2	1.0E+0
360	2.2E-3	4.6E+0	2.8E+0	1.4E+0	2.9E-3	3.5E-2	1.0E+0
365	2.2E-3	4.6E+0	2.8E+0	1.5E+0	2.9E-3	3.5E-2	1.0E+0
370	2.2E-3	4.6E+0	2.9E+0	1.5E+0	3.0E-3	3.5E-2	1.0E+0
380	2.2E-3	4.7E+0	3.0E+0	1.5E+0	3.0E-3	3.5E-2	1.0E+0
390	2.3E-3	4.8E+0	3.1E+0	1.6E+0	3.0E-3	3.5E-2	1.0E+0
400	2.3E-3	4.9E+0	3.2E+0	1.6E+0	3.1E-3	3.5E-2	1.0E+0
410	2.3E-3	4.9E+0	3.3E+0	1.7E+0	3.1E-3	3.5E-2	9.9E-1
420	2.3E-3	5.0E+0	3.4E+0	1.7E+0	3.2E-3	3.5E-2	9.9E-1
430	2.4E-3	5.1E+0	3.5E+0	1.8E+0	3.2E-3	3.5E-2	9.9E-1
440	2.4E-3	5.1E+0	3.6E+0	1.9E+0	3.3E-3	3.5E-2	9.9E-1
450	2.4E-3	5.2E+0	3.8E+0	1.9E+0	3.3E-3	3.5E-2	9.9E-1
460	2.5E-3	5.3E+0	3.9E+0	2.0E+0	3.4E-3	3.5E-2	9.9E-1
470	2.5E-3	5.3E+0	4.0E+0	2.0E+0	3.4E-3	3.5E-2	9.9E-1
480	2.5E-3	5.4E+0	4.2E+0	2.1E+0	3.5E-3	3.5E-2	9.9E-1
490	2.5E-3	5.5E+0	4.3E+0	2.2E+0	3.5E-3	3.5E-2	9.9E-1
500	2.6E-3	5.5E+0	4.5E+0	2.2E+0	3.5E-3	3.5E-2	9.9E-1
510	2.6E-3	5.6E+0	4.6E+0	2.3E+0	3.6E-3	3.5E-2	9.9E-1
520	2.6E-3	5.7E+0	4.8E+0	2.3E+0	3.6E-3	3.5E-2	9.9E-1
530	2.6E-3	5.7E+0	5.0E+0	2.4E+0	3.7E-3	3.5E-2	9.9E-1
540	2.7E-3	5.8E+0	5.2E+0	2.5E+0	3.7E-3	3.6E-2	9.9E-1
550	2.7E-3	5.8E+0	5.3E+0	2.6E+0	3.8E-3	3.6E-2	9.9E-1
560	2.7E-3	5.9E+0	5.5E+0	2.6E+0	3.8E-3	3.6E-2	9.9E-1
570	2.7E-3	6.0E+0	5.7E+0	2.7E+0	3.9E-3	3.6E-2	9.9E-1
580	2.8E-3	6.0E+0	5.9E+0	2.8E+0	3.9E-3	3.6E-2	9.9E-1
590	2.8E-3	6.1E+0	6.1E+0	2.9E+0	3.9E-3	3.6E-2	9.9E-1
600	2.8E-3	6.2E+0	6.4E+0	2.9E+0	4.0E-3	3.6E-2	9.9E-1
610	2.8E-3	6.2E+0	6.6E+0	3.0E+0	4.0E-3	3.6E-2	9.9E-1
620	2.9E-3	6.3E+0	6.8E+0	3.1E+0	4.1E-3	3.6E-2	9.9E-1
630	2.9E-3	6.3E+0	7.1E+0	3.2E+0	4.1E-3	3.6E-2	9.9E-1
640	2.9E-3	6.4E+0	7.3E+0	3.3E+0	4.2E-3	3.6E-2	9.9E-1
650	2.9E-3	6.4E+0	7.6E+0	3.4E+0	4.2E-3	3.6E-2	9.9E-1
660	3.0E-3	6.5E+0	7.8E+0	3.5E+0	4.3E-3	3.6E-2	9.9E-1
670	3.0E-3	6.6E+0	8.1E+0	3.6E+0	4.3E-3	3.6E-2	9.9E-1
680	3.0E-3	6.6E+0	8.4E+0	3.6E+0	4.3E-3	3.6E-2	9.9E-1
690	3.0E-3	6.7E+0	8.7E+0	3.7E+0	4.4E-3	3.6E-2	9.9E-1
700	3.1E-3	6.7E+0	9.0E+0	3.8E+0	4.4E-3	3.6E-2	9.9E-1
710	3.1E-3	6.8E+0	9.3E+0	3.9E+0	4.5E-3	3.6E-2	9.9E-1
720	3.1E-3	6.9E+0	9.7E+0	4.0E+0	4.5E-3	3.6E-2	9.9E-1
730	3.1E-3	6.9E+0	1.0E+1	4.1E+0	4.6E-3	3.6E-2	9.9E-1
740	3.2E-3	7.0E+0	1.0E+1	4.2E+0	4.6E-3	3.6E-2	9.9E-1
750	3.2E-3	7.0E+0	1.1E+1	4.3E+0	4.7E-3	3.6E-2	9.9E-1
760	3.2E-3	7.1E+0	1.1E+1	4.4E+0	4.7E-3	3.6E-2	9.9E-1
770	3.2E-3	7.1E+0	1.1E+1	4.5E+0	4.7E-3	3.6E-2	9.9E-1
780	3.3E-3	7.2E+0	1.2E+1	4.7E+0	4.8E-3	3.6E-2	9.9E-1
790	3.3E-3	7.3E+0	1.2E+1	4.8E+0	4.8E-3	3.6E-2	9.9E-1
800	3.3E-3	7.3E+0	1.3E+1	4.9E+0	4.9E-3	3.6E-2	9.9E-1
810	3.3E-3	7.4E+0	1.3E+1	5.0E+0	4.9E-3	3.6E-2	9.9E-1
820	3.4E-3	7.4E+0	1.4E+1	5.1E+0	4.9E-3	3.6E-2	9.9E-1
830	3.4E-3	7.5E+0	1.4E+1	5.2E+0	5.0E-3	3.7E-2	9.9E-1
840	3.4E-3	7.5E+0	1.5E+1	5.3E+0	5.0E-3	3.7E-2	9.9E-1
850	3.4E-3	7.6E+0	1.5E+1	5.4E+0	5.1E-3	3.7E-2	9.9E-1
860	3.4E-3	7.6E+0	1.6E+1	5.5E+0	5.1E-3	3.7E-2	9.9E-1
870	3.5E-3	7.7E+0	1.6E+1	5.7E+0	5.2E-3	3.7E-2	9.9E-1
880	3.5E-3	7.8E+0	1.7E+1	5.8E+0	5.2E-3	3.7E-2	9.9E-1
890	3.5E-3	7.8E+0	1.7E+1	5.9E+0	5.2E-3	3.7E-2	9.9E-1
900	3.5E-3	7.9E+0	1.8E+1	6.0E+0	5.3E-3	3.7E-2	9.9E-1
910	3.6E-3	7.9E+0	1.9E+1	6.1E+0	5.3E-3	3.7E-2	9.9E-1
920	3.6E-3	8.0E+0	1.9E+1	6.2E+0	5.4E-3	3.7E-2	9.9E-1
930	3.6E-3	8.0E+0	2.0E+1	6.4E+0	5.4E-3	3.7E-2	9.9E-1
940	3.6E-3	8.1E+0	2.1E+1	6.5E+0	5.5E-3	3.7E-2	9.9E-1
950	3.6E-3	8.1E+0	2.1E+1	6.6E+0	5.5E-3	3.7E-2	9.9E-1
960	3.7E-3	8.2E+0	2.2E+1	6.7E+0	5.5E-3	3.7E-2	9.9E-1
970	3.7E-3	8.2E+0	2.3E+1	6.8E+0	5.6E-3	3.7E-2	1.0E+0
980	3.7E-3	8.3E+0	2.4E+1	7.0E+0	5.6E-3	3.7E-2	1.0E+0
990	3.7E-3	8.3E+0	2.5E+1	7.1E+0	5.7E-3	3.7E-2	1.0E+0
1000	3.8E-3	8.4E+0	2.5E+1	7.2E+0	5.7E-3	3.7E-2	1.0E+0
1010	3.8E-3	8.5E+0	2.6E+1	7.3E+0	5.7E-3	3.7E-2	1.0E+0
1020	3.8E-3	8.5E+0	2.7E+1	7.4E+0	5.8E-3	3.7E-2	1.0E+0
1030	3.8E-3	8.6E+0	2.8E+1	7.5E+0	5.8E-3	3.7E-2	1.0E+0
1040	3.9E-3	8.6E+0	2.9E+1	7.7E+0	5.9E-3	3.7E-2	1.0E+0
1050	3.9E-3	8.7E+0	3.0E+1	7.8E+0	5.9E-3	3.7E-2	1.0E+0
1060	3.9E-3	8.7E+0	3.1E+1	7.9E+0	5.9E-3	3.7E-2	1.0E+0
1070	3.9E-3	8.8E+0	3.2E+1	8.0E+0	6.0E-3	3.7E-2	1.0E+0
1080	3.9E-3	8.8E+0	3.3E+1	8.1E+0	6.0E-3	3.7E-2	1.0E+0
1090	4.0E-3	8.9E+0	3.5E+1	8.2E+0	6.1E-3	3.8E-2	1.0E+0
1095	4.0E-3	8.9E+0	3.5E+1	8.3E+0	6.1E-3	3.8E-2	1.0E+0
1100	4.0E-3	8.9E+0	3.6E+1	8.3E+0	6.1E-3	3.8E-2	1.0E+0
1200	4.2E-3	9.5E+0	5.0E+1	9.4E+0	6.5E-3	3.8E-2	1.0E+0
1300	4.4E-3	1.0E+1	7.1E+1	1.0E+1	6.9E-3	3.8E-2	1.0E+0
1400	4.7E-3	1.1E+1	9.9E+1	1.1E+1	7.3E-3	3.9E-2	1.0E+0
1500	4.9E-3	1.1E+1	1.4E+2	1.2E+1	7.8E-3	3.9E-2	1.0E+0
1600	5.1E-3	1.2E+1	1.9E+2	1.2E+1	8.2E-3	4.0E-2	1.0E+0
1700	5.4E-3	1.2E+1	2.6E+2	1.2E+1	8.6E-3	4.0E-2	1.0E+0
1800	5.6E-3	1.3E+1	3.5E+2	1.3E+1	9.1E-3	4.1E-2	1.0E+0
1900	5.9E-3	1.4E+1	4.7E+2	1.3E+1	9.6E-3	4.1E-2	1.1E+0
2000	6.1E-3	1.4E+1	6.1E+2	1.3E+1	1.0E-2	4.2E-2	1.1E+0
2100	6.4E-3	1.5E+1	7.9E+2	1.3E+1	1.1E-2	4.2E-2	1.1E+0
2200	6.7E-3	1.6E+1	1.0E+3	1.3E+1	1.1E-2	4.3E-2	1.1E+0
2300	7.0E-3	1.7E+1	1.2E+3	1.3E+1	1.2E-2	4.4E-2	1.1E+0
2400	7.3E-3	1.7E+1	1.5E+3	1.3E+1	1.2E-2	4.4E-2	1.1E+0
2500	7.6E-3	1.8E+1	1.8E+3	1.3E+1	1.3E-2	4.5E-2	1.1E+0
2600	7.9E-3	1.9E+1	2.0E+3	1.3E+1	1.4E-2	4.5E-2	1.1E+0
2700	8.2E-3	2.0E+1	2.3E+3	1.3E+1	1.4E-2	4.6E-2	1.1E+0
2800	8.6E-3	2.1E+1	2.6E+3	1.3E+1	1.5E-2	4.6E-2	1.2E+0
2900	9.0E-3	2.2E+1	2.8E+3	1.3E+1	1.6E-2	4.7E-2	1.2E+0
3000	9.3E-3	2.3E+1	3.1E+3	1.3E+1	1.7E-2	4.8E-2	1.2E+0
3100	9.7E-3	2.4E+1	3.3E+3	1.3E+1	1.8E-2	4.8E-2	1.2E+0
3200	1.0E-2	2.5E+1	3.6E+3	1.3E+1	1.8E-2	4.9E-2	1.2E+0
3300	1.1E-2	2.7E+1	3.8E+3	1.3E+1	1.9E-2	5.0E-2	1.2E+0
3400	1.1E-2	2.8E+1	4.1E+3	1.3E+1	2.0E-2	5.0E-2	1.2E+0
3500	1.1E-2	2.9E+1	4.3E+3	1.3E+1	2.1E-2	5.1E-2	1.3E+0
3600	1.2E-2	3.1E+1	4.5E+3	1.3E+1	2.3E-2	5.2E-2	1.3E+0
3650	1.2E-2	3.1E+1	4.6E+3	1.3E+1	2.3E-2	5.2E-2	1.3E+0
4000	1.4E-2	3.7E+1	5.5E+3	1.3E+1	2.8E-2	5.4E-2	1.4E+0
5000	2.0E-2	5.9E+1	8.8E+3	1.3E+1	4.5E-2	6.2E-2	1.6E+0
6000	2.7E-2	9.2E+1	1.4E+4	1.3E+1	7.5E-2	7.0E-2	1.8E+0
7000	3.6E-2	1.4E+2	2.1E+4	1.3E+1	1.2E-1	7.8E-2	2.2E+0
8000	4.5E-2	2.2E+2	3.2E+4	1.4E+1	2.0E-1	8.7E-2	2.6E+0
9000	5.4E-2	3.2E+2	4.8E+4	1.4E+1	3.3E-1	9.6E-2	3.1E+0
10000	6.3E-2	4.5E+2	-	1.4E+1	5.4E-1	1.1E-1	3.7E+0
11000	7.2E-2	6.2E+2	-	1.4E+1	8.9E-1	1.2E-1	4.4E+0
12000	8.0E-2	8.1E+2	-	1.4E+1	1.4E+0	1.3E-1	5.3E+0
13000	8.8E-2	1.0E+3	-	1.5E+1	2.3E+0	1.4E-1	6.3E+0
14000	9.5E-2	1.2E+3	-	1.5E+1	3.6E+0	1.5E-1	7.6E+0
15000	1.0E-1	1.5E+3	-	1.5E+1	5.6E+0	1.6E-1	9.1E+0
16000	1.1E-1	1.7E+3	-	1.6E+1	8.5E+0	1.8E-1	1.1E+1
17000	1.2E-1	1.9E+3	-	1.6E+1	1.2E+1	1.9E-1	1.3E+1
18000	1.2E-1	2.1E+3	-	1.6E+1	1.7E+1	2.1E-1	1.6E+1
18250	1.3E-1	2.1E+3	-	1.6E+1	1.8E+1	2.1E-1	1.6E+1
Radionuclide	U-235
Route of Intake	Inhalation
Material	Aerosols Intermediate Type M/S: Uranium octoxide, uranium dioxide, fA=6E-4
AMTD/AMAD, µm	0.003

Committed Effective Dose per Predicted Content in an Organ or Excreta Sample (Dose per Content Functions z(t)), Sv/Bq
Time, days	Whole Body	Urine (24-hour sample)	Faeces (24-hour sample)	Alimentary Tract*	Lungs*	Skeleton*	Liver*
0.041667	1.9E-5	-	-	8.8E-5	4.1E-5	3.2E-1	5.0E-1
0.083333	1.9E-5	-	-	7.4E-5	4.3E-5	1.5E-1	3.7E-1
0.125	1.9E-5	-	-	6.5E-5	4.4E-5	1.0E-1	3.2E-1
0.25	2.0E-5	-	-	5.3E-5	4.7E-5	5.0E-2	2.4E-1
0.375	2.0E-5	-	-	4.7E-5	4.8E-5	3.4E-2	2.0E-1
0.5	2.0E-5	-	-	4.4E-5	4.9E-5	2.7E-2	1.8E-1
0.625	2.1E-5	-	-	4.3E-5	5.0E-5	2.2E-2	1.6E-1
0.75	2.1E-5	-	-	4.2E-5	5.1E-5	2.0E-2	1.5E-1
0.875	2.2E-5	-	-	4.2E-5	5.2E-5	1.8E-2	1.4E-1
1	2.2E-5	4.0E-3	2.6E-4	4.3E-5	5.3E-5	1.6E-2	1.4E-1
1.125	2.3E-5	-	-	4.4E-5	5.4E-5	1.5E-2	1.3E-1
1.25	2.4E-5	-	-	4.6E-5	5.5E-5	1.5E-2	1.3E-1
1.375	2.5E-5	-	-	4.9E-5	5.6E-5	1.4E-2	1.3E-1
1.5	2.6E-5	-	-	5.2E-5	5.7E-5	1.4E-2	1.2E-1
1.625	2.8E-5	-	-	5.5E-5	5.8E-5	1.3E-2	1.2E-1
1.75	2.9E-5	-	-	6.0E-5	5.9E-5	1.3E-2	1.2E-1
1.875	3.0E-5	-	-	6.4E-5	6.0E-5	1.3E-2	1.2E-1
2	3.2E-5	8.5E-3	7.9E-5	7.0E-5	6.1E-5	1.2E-2	1.2E-1
2.25	3.5E-5	-	-	8.3E-5	6.3E-5	1.2E-2	1.2E-1
2.5	3.9E-5	-	-	1.0E-4	6.5E-5	1.2E-2	1.2E-1
2.75	4.2E-5	-	-	1.2E-4	6.7E-5	1.2E-2	1.2E-1
3	4.6E-5	2.0E-2	1.1E-4	1.4E-4	6.9E-5	1.2E-2	1.2E-1
3.25	4.9E-5	-	-	1.7E-4	7.1E-5	1.2E-2	1.2E-1
3.5	5.2E-5	-	-	2.0E-4	7.3E-5	1.2E-2	1.2E-1
3.75	5.5E-5	-	-	2.3E-4	7.5E-5	1.2E-2	1.2E-1
4	5.8E-5	3.7E-2	2.2E-4	2.6E-4	7.7E-5	1.2E-2	1.2E-1
4.25	6.1E-5	-	-	2.9E-4	7.8E-5	1.2E-2	1.3E-1
4.5	6.4E-5	-	-	3.2E-4	8.0E-5	1.2E-2	1.3E-1
4.75	6.6E-5	-	-	3.6E-4	8.2E-5	1.2E-2	1.3E-1
5	6.8E-5	5.4E-2	4.1E-4	3.9E-4	8.4E-5	1.2E-2	1.3E-1
5.5	7.3E-5	-	-	4.5E-4	8.8E-5	1.2E-2	1.4E-1
6	7.7E-5	6.7E-2	6.3E-4	5.0E-4	9.2E-5	1.2E-2	1.4E-1
6.5	8.1E-5	-	-	5.6E-4	9.6E-5	1.3E-2	1.4E-1
7	8.4E-5	7.6E-2	8.3E-4	6.3E-4	1.0E-4	1.3E-2	1.5E-1
7.5	8.8E-5	-	-	6.9E-4	1.0E-4	1.3E-2	1.5E-1
8	9.2E-5	8.4E-2	1.0E-3	7.7E-4	1.1E-4	1.3E-2	1.6E-1
8.5	9.6E-5	-	-	8.5E-4	1.1E-4	1.3E-2	1.6E-1
9	9.9E-5	9.1E-2	1.3E-3	9.3E-4	1.1E-4	1.3E-2	1.7E-1
9.5	1.0E-4	-	-	1.0E-3	1.2E-4	1.3E-2	1.8E-1
10	1.1E-4	9.8E-2	1.6E-3	1.1E-3	1.2E-4	1.3E-2	1.8E-1
11	1.1E-4	1.1E-1	1.9E-3	1.4E-3	1.3E-4	1.4E-2	1.9E-1
12	1.2E-4	1.1E-1	2.3E-3	1.7E-3	1.3E-4	1.4E-2	2.0E-1
13	1.2E-4	1.2E-1	2.8E-3	2.0E-3	1.3E-4	1.4E-2	2.2E-1
14	1.3E-4	1.3E-1	3.4E-3	2.5E-3	1.4E-4	1.4E-2	2.3E-1
15	1.3E-4	1.3E-1	4.1E-3	3.0E-3	1.4E-4	1.4E-2	2.4E-1
16	1.4E-4	1.4E-1	5.0E-3	3.6E-3	1.5E-4	1.5E-2	2.5E-1
17	1.4E-4	1.5E-1	6.0E-3	4.3E-3	1.5E-4	1.5E-2	2.7E-1
18	1.4E-4	1.6E-1	7.2E-3	5.1E-3	1.5E-4	1.5E-2	2.8E-1
19	1.5E-4	1.6E-1	8.6E-3	6.1E-3	1.5E-4	1.5E-2	2.9E-1
20	1.5E-4	1.7E-1	1.0E-2	7.3E-3	1.5E-4	1.5E-2	3.1E-1
21	1.5E-4	1.8E-1	1.2E-2	8.6E-3	1.6E-4	1.5E-2	3.2E-1
22	1.5E-4	1.8E-1	1.5E-2	1.0E-2	1.6E-4	1.5E-2	3.3E-1
23	1.5E-4	1.9E-1	1.7E-2	1.2E-2	1.6E-4	1.5E-2	3.5E-1
24	1.5E-4	1.9E-1	2.0E-2	1.4E-2	1.6E-4	1.5E-2	3.6E-1
25	1.6E-4	2.0E-1	2.3E-2	1.6E-2	1.6E-4	1.5E-2	3.7E-1
26	1.6E-4	2.1E-1	2.7E-2	1.8E-2	1.6E-4	1.6E-2	3.9E-1
27	1.6E-4	2.1E-1	3.0E-2	2.0E-2	1.6E-4	1.6E-2	4.0E-1
28	1.6E-4	2.2E-1	3.4E-2	2.3E-2	1.6E-4	1.6E-2	4.1E-1
29	1.6E-4	2.2E-1	3.9E-2	2.5E-2	1.6E-4	1.6E-2	4.2E-1
30	1.6E-4	2.3E-1	4.3E-2	2.7E-2	1.6E-4	1.6E-2	4.3E-1
31	1.6E-4	2.3E-1	4.7E-2	3.0E-2	1.6E-4	1.6E-2	4.5E-1
32	1.6E-4	2.4E-1	5.1E-2	3.2E-2	1.6E-4	1.6E-2	4.6E-1
33	1.6E-4	2.4E-1	5.6E-2	3.4E-2	1.7E-4	1.6E-2	4.7E-1
34	1.6E-4	2.5E-1	5.9E-2	3.6E-2	1.7E-4	1.6E-2	4.7E-1
35	1.6E-4	2.5E-1	6.3E-2	3.8E-2	1.7E-4	1.6E-2	4.8E-1
36	1.6E-4	2.5E-1	6.6E-2	4.0E-2	1.7E-4	1.6E-2	4.9E-1
37	1.6E-4	2.6E-1	6.9E-2	4.1E-2	1.7E-4	1.6E-2	5.0E-1
38	1.6E-4	2.6E-1	7.2E-2	4.3E-2	1.7E-4	1.6E-2	5.1E-1
39	1.6E-4	2.7E-1	7.5E-2	4.4E-2	1.7E-4	1.6E-2	5.1E-1
40	1.6E-4	2.7E-1	7.7E-2	4.5E-2	1.7E-4	1.6E-2	5.2E-1
41	1.7E-4	2.7E-1	7.9E-2	4.6E-2	1.7E-4	1.6E-2	5.3E-1
42	1.7E-4	2.8E-1	8.1E-2	4.7E-2	1.7E-4	1.6E-2	5.3E-1
43	1.7E-4	2.8E-1	8.2E-2	4.8E-2	1.7E-4	1.6E-2	5.4E-1
44	1.7E-4	2.8E-1	8.3E-2	4.8E-2	1.7E-4	1.6E-2	5.4E-1
45	1.7E-4	2.8E-1	8.5E-2	4.9E-2	1.7E-4	1.6E-2	5.5E-1
46	1.7E-4	2.9E-1	8.6E-2	4.9E-2	1.7E-4	1.6E-2	5.5E-1
47	1.7E-4	2.9E-1	8.6E-2	5.0E-2	1.7E-4	1.6E-2	5.5E-1
48	1.7E-4	2.9E-1	8.7E-2	5.0E-2	1.7E-4	1.6E-2	5.6E-1
49	1.7E-4	2.9E-1	8.8E-2	5.1E-2	1.7E-4	1.6E-2	5.6E-1
50	1.7E-4	3.0E-1	8.9E-2	5.1E-2	1.7E-4	1.6E-2	5.6E-1
51	1.7E-4	3.0E-1	8.9E-2	5.1E-2	1.7E-4	1.6E-2	5.6E-1
52	1.7E-4	3.0E-1	9.0E-2	5.2E-2	1.7E-4	1.6E-2	5.7E-1
53	1.7E-4	3.0E-1	9.0E-2	5.2E-2	1.7E-4	1.6E-2	5.7E-1
54	1.7E-4	3.1E-1	9.1E-2	5.2E-2	1.7E-4	1.6E-2	5.7E-1
55	1.7E-4	3.1E-1	9.1E-2	5.2E-2	1.7E-4	1.6E-2	5.7E-1
56	1.7E-4	3.1E-1	9.2E-2	5.3E-2	1.8E-4	1.6E-2	5.7E-1
57	1.7E-4	3.1E-1	9.2E-2	5.3E-2	1.8E-4	1.6E-2	5.8E-1
58	1.7E-4	3.1E-1	9.3E-2	5.3E-2	1.8E-4	1.6E-2	5.8E-1
59	1.7E-4	3.2E-1	9.3E-2	5.3E-2	1.8E-4	1.6E-2	5.8E-1
60	1.7E-4	3.2E-1	9.3E-2	5.4E-2	1.8E-4	1.6E-2	5.8E-1
61	1.7E-4	3.2E-1	9.4E-2	5.4E-2	1.8E-4	1.6E-2	5.8E-1
62	1.7E-4	3.2E-1	9.4E-2	5.4E-2	1.8E-4	1.6E-2	5.8E-1
63	1.7E-4	3.2E-1	9.4E-2	5.4E-2	1.8E-4	1.6E-2	5.8E-1
64	1.7E-4	3.2E-1	9.5E-2	5.4E-2	1.8E-4	1.6E-2	5.8E-1
65	1.8E-4	3.3E-1	9.5E-2	5.5E-2	1.8E-4	1.6E-2	5.8E-1
66	1.8E-4	3.3E-1	9.5E-2	5.5E-2	1.8E-4	1.7E-2	5.8E-1
67	1.8E-4	3.3E-1	9.6E-2	5.5E-2	1.8E-4	1.7E-2	5.8E-1
68	1.8E-4	3.3E-1	9.6E-2	5.5E-2	1.8E-4	1.7E-2	5.8E-1
69	1.8E-4	3.3E-1	9.6E-2	5.5E-2	1.8E-4	1.7E-2	5.8E-1
70	1.8E-4	3.3E-1	9.7E-2	5.6E-2	1.8E-4	1.7E-2	5.8E-1
71	1.8E-4	3.4E-1	9.7E-2	5.6E-2	1.8E-4	1.7E-2	5.8E-1
72	1.8E-4	3.4E-1	9.8E-2	5.6E-2	1.8E-4	1.7E-2	5.8E-1
73	1.8E-4	3.4E-1	9.8E-2	5.6E-2	1.8E-4	1.7E-2	5.8E-1
74	1.8E-4	3.4E-1	9.8E-2	5.6E-2	1.8E-4	1.7E-2	5.8E-1
75	1.8E-4	3.4E-1	9.9E-2	5.7E-2	1.8E-4	1.7E-2	5.8E-1
76	1.8E-4	3.4E-1	9.9E-2	5.7E-2	1.8E-4	1.7E-2	5.8E-1
77	1.8E-4	3.4E-1	9.9E-2	5.7E-2	1.8E-4	1.7E-2	5.8E-1
78	1.8E-4	3.5E-1	1.0E-1	5.7E-2	1.8E-4	1.7E-2	5.8E-1
79	1.8E-4	3.5E-1	1.0E-1	5.7E-2	1.9E-4	1.7E-2	5.8E-1
80	1.8E-4	3.5E-1	1.0E-1	5.8E-2	1.9E-4	1.7E-2	5.8E-1
81	1.8E-4	3.5E-1	1.0E-1	5.8E-2	1.9E-4	1.7E-2	5.8E-1
82	1.8E-4	3.5E-1	1.0E-1	5.8E-2	1.9E-4	1.7E-2	5.8E-1
83	1.8E-4	3.5E-1	1.0E-1	5.8E-2	1.9E-4	1.7E-2	5.8E-1
84	1.8E-4	3.5E-1	1.0E-1	5.9E-2	1.9E-4	1.7E-2	5.8E-1
85	1.8E-4	3.5E-1	1.0E-1	5.9E-2	1.9E-4	1.7E-2	5.8E-1
86	1.8E-4	3.6E-1	1.0E-1	5.9E-2	1.9E-4	1.7E-2	5.8E-1
87	1.8E-4	3.6E-1	1.0E-1	5.9E-2	1.9E-4	1.7E-2	5.8E-1
88	1.9E-4	3.6E-1	1.0E-1	5.9E-2	1.9E-4	1.7E-2	5.8E-1
89	1.9E-4	3.6E-1	1.0E-1	6.0E-2	1.9E-4	1.7E-2	5.8E-1
90	1.9E-4	3.6E-1	1.0E-1	6.0E-2	1.9E-4	1.7E-2	5.8E-1
91	1.9E-4	3.6E-1	1.0E-1	6.0E-2	1.9E-4	1.7E-2	5.8E-1
92	1.9E-4	3.6E-1	1.0E-1	6.0E-2	1.9E-4	1.7E-2	5.8E-1
93	1.9E-4	3.7E-1	1.0E-1	6.0E-2	1.9E-4	1.7E-2	5.8E-1
94	1.9E-4	3.7E-1	1.1E-1	6.1E-2	1.9E-4	1.7E-2	5.8E-1
95	1.9E-4	3.7E-1	1.1E-1	6.1E-2	1.9E-4	1.7E-2	5.7E-1
96	1.9E-4	3.7E-1	1.1E-1	6.1E-2	1.9E-4	1.7E-2	5.7E-1
97	1.9E-4	3.7E-1	1.1E-1	6.1E-2	1.9E-4	1.7E-2	5.7E-1
98	1.9E-4	3.7E-1	1.1E-1	6.2E-2	1.9E-4	1.7E-2	5.7E-1
99	1.9E-4	3.7E-1	1.1E-1	6.2E-2	1.9E-4	1.7E-2	5.7E-1
100	1.9E-4	3.7E-1	1.1E-1	6.2E-2	1.9E-4	1.7E-2	5.7E-1
110	1.9E-4	3.9E-1	1.1E-1	6.4E-2	2.0E-4	1.7E-2	5.7E-1
120	2.0E-4	4.0E-1	1.2E-1	6.6E-2	2.0E-4	1.7E-2	5.6E-1
130	2.0E-4	4.1E-1	1.2E-1	6.9E-2	2.1E-4	1.7E-2	5.6E-1
140	2.1E-4	4.2E-1	1.2E-1	7.1E-2	2.1E-4	1.7E-2	5.5E-1
150	2.1E-4	4.3E-1	1.3E-1	7.4E-2	2.2E-4	1.7E-2	5.5E-1
160	2.2E-4	4.4E-1	1.3E-1	7.6E-2	2.2E-4	1.7E-2	5.4E-1
170	2.2E-4	4.5E-1	1.4E-1	7.9E-2	2.3E-4	1.7E-2	5.3E-1
180	2.3E-4	4.6E-1	1.4E-1	8.2E-2	2.3E-4	1.7E-2	5.3E-1
190	2.3E-4	4.7E-1	1.5E-1	8.5E-2	2.4E-4	1.7E-2	5.3E-1
200	2.4E-4	4.8E-1	1.5E-1	8.8E-2	2.4E-4	1.7E-2	5.2E-1
210	2.4E-4	4.9E-1	1.6E-1	9.1E-2	2.5E-4	1.7E-2	5.2E-1
220	2.5E-4	5.1E-1	1.6E-1	9.4E-2	2.5E-4	1.7E-2	5.1E-1
230	2.5E-4	5.2E-1	1.7E-1	9.7E-2	2.6E-4	1.7E-2	5.1E-1
240	2.6E-4	5.3E-1	1.8E-1	1.0E-1	2.6E-4	1.7E-2	5.0E-1
250	2.6E-4	5.4E-1	1.8E-1	1.0E-1	2.7E-4	1.7E-2	5.0E-1
260	2.7E-4	5.5E-1	1.9E-1	1.1E-1	2.7E-4	1.7E-2	5.0E-1
270	2.7E-4	5.6E-1	1.9E-1	1.1E-1	2.8E-4	1.6E-2	4.9E-1
280	2.8E-4	5.7E-1	2.0E-1	1.2E-1	2.8E-4	1.6E-2	4.9E-1
290	2.8E-4	5.8E-1	2.1E-1	1.2E-1	2.9E-4	1.6E-2	4.9E-1
300	2.9E-4	5.9E-1	2.2E-1	1.2E-1	2.9E-4	1.6E-2	4.8E-1
310	2.9E-4	6.0E-1	2.2E-1	1.3E-1	3.0E-4	1.6E-2	4.8E-1
320	3.0E-4	6.2E-1	2.3E-1	1.3E-1	3.0E-4	1.6E-2	4.8E-1
330	3.0E-4	6.3E-1	2.4E-1	1.4E-1	3.1E-4	1.6E-2	4.7E-1
340	3.1E-4	6.4E-1	2.5E-1	1.4E-1	3.2E-4	1.6E-2	4.7E-1
350	3.1E-4	6.5E-1	2.6E-1	1.5E-1	3.2E-4	1.6E-2	4.7E-1
360	3.2E-4	6.6E-1	2.7E-1	1.5E-1	3.3E-4	1.6E-2	4.6E-1
365	3.2E-4	6.7E-1	2.7E-1	1.5E-1	3.3E-4	1.6E-2	4.6E-1
370	3.2E-4	6.7E-1	2.8E-1	1.6E-1	3.3E-4	1.6E-2	4.6E-1
380	3.3E-4	6.8E-1	2.9E-1	1.6E-1	3.4E-4	1.6E-2	4.6E-1
390	3.3E-4	7.0E-1	3.0E-1	1.7E-1	3.4E-4	1.6E-2	4.6E-1
400	3.4E-4	7.1E-1	3.1E-1	1.7E-1	3.5E-4	1.6E-2	4.5E-1
410	3.4E-4	7.2E-1	3.2E-1	1.8E-1	3.6E-4	1.6E-2	4.5E-1
420	3.5E-4	7.3E-1	3.3E-1	1.9E-1	3.6E-4	1.6E-2	4.5E-1
430	3.5E-4	7.4E-1	3.4E-1	1.9E-1	3.7E-4	1.5E-2	4.5E-1
440	3.6E-4	7.5E-1	3.5E-1	2.0E-1	3.7E-4	1.5E-2	4.5E-1
450	3.6E-4	7.7E-1	3.7E-1	2.1E-1	3.8E-4	1.5E-2	4.4E-1
460	3.7E-4	7.8E-1	3.8E-1	2.1E-1	3.8E-4	1.5E-2	4.4E-1
470	3.8E-4	7.9E-1	3.9E-1	2.2E-1	3.9E-4	1.5E-2	4.4E-1
480	3.8E-4	8.0E-1	4.1E-1	2.3E-1	4.0E-4	1.5E-2	4.4E-1
490	3.9E-4	8.1E-1	4.2E-1	2.3E-1	4.0E-4	1.5E-2	4.4E-1
500	3.9E-4	8.2E-1	4.4E-1	2.4E-1	4.1E-4	1.5E-2	4.3E-1
510	4.0E-4	8.4E-1	4.5E-1	2.5E-1	4.1E-4	1.5E-2	4.3E-1
520	4.0E-4	8.5E-1	4.7E-1	2.6E-1	4.2E-4	1.5E-2	4.3E-1
530	4.1E-4	8.6E-1	4.8E-1	2.7E-1	4.2E-4	1.5E-2	4.3E-1
540	4.1E-4	8.7E-1	5.0E-1	2.8E-1	4.3E-4	1.5E-2	4.3E-1
550	4.2E-4	8.8E-1	5.2E-1	2.9E-1	4.4E-4	1.5E-2	4.3E-1
560	4.2E-4	9.0E-1	5.4E-1	3.0E-1	4.4E-4	1.5E-2	4.2E-1
570	4.3E-4	9.1E-1	5.6E-1	3.1E-1	4.5E-4	1.5E-2	4.2E-1
580	4.3E-4	9.2E-1	5.8E-1	3.2E-1	4.5E-4	1.5E-2	4.2E-1
590	4.4E-4	9.3E-1	6.0E-1	3.3E-1	4.6E-4	1.5E-2	4.2E-1
600	4.4E-4	9.4E-1	6.2E-1	3.4E-1	4.7E-4	1.5E-2	4.2E-1
610	4.5E-4	9.5E-1	6.4E-1	3.5E-1	4.7E-4	1.5E-2	4.2E-1
620	4.6E-4	9.7E-1	6.6E-1	3.6E-1	4.8E-4	1.5E-2	4.2E-1
630	4.6E-4	9.8E-1	6.9E-1	3.7E-1	4.8E-4	1.5E-2	4.1E-1
640	4.7E-4	9.9E-1	7.1E-1	3.8E-1	4.9E-4	1.5E-2	4.1E-1
650	4.7E-4	1.0E+0	7.4E-1	4.0E-1	4.9E-4	1.5E-2	4.1E-1
660	4.8E-4	1.0E+0	7.6E-1	4.1E-1	5.0E-4	1.5E-2	4.1E-1
670	4.8E-4	1.0E+0	7.9E-1	4.2E-1	5.1E-4	1.5E-2	4.1E-1
680	4.9E-4	1.0E+0	8.2E-1	4.4E-1	5.1E-4	1.5E-2	4.1E-1
690	4.9E-4	1.0E+0	8.5E-1	4.5E-1	5.2E-4	1.4E-2	4.1E-1
700	5.0E-4	1.1E+0	8.8E-1	4.7E-1	5.2E-4	1.4E-2	4.1E-1
710	5.0E-4	1.1E+0	9.1E-1	4.8E-1	5.3E-4	1.4E-2	4.0E-1
720	5.1E-4	1.1E+0	9.4E-1	5.0E-1	5.3E-4	1.4E-2	4.0E-1
730	5.1E-4	1.1E+0	9.7E-1	5.1E-1	5.4E-4	1.4E-2	4.0E-1
740	5.2E-4	1.1E+0	1.0E+0	5.3E-1	5.5E-4	1.4E-2	4.0E-1
750	5.2E-4	1.1E+0	1.0E+0	5.4E-1	5.5E-4	1.4E-2	4.0E-1
760	5.3E-4	1.1E+0	1.1E+0	5.6E-1	5.6E-4	1.4E-2	4.0E-1
770	5.3E-4	1.1E+0	1.1E+0	5.8E-1	5.6E-4	1.4E-2	4.0E-1
780	5.4E-4	1.1E+0	1.2E+0	6.0E-1	5.7E-4	1.4E-2	4.0E-1
790	5.4E-4	1.2E+0	1.2E+0	6.2E-1	5.7E-4	1.4E-2	4.0E-1
800	5.5E-4	1.2E+0	1.2E+0	6.3E-1	5.8E-4	1.4E-2	4.0E-1
810	5.5E-4	1.2E+0	1.3E+0	6.5E-1	5.8E-4	1.4E-2	3.9E-1
820	5.6E-4	1.2E+0	1.3E+0	6.7E-1	5.9E-4	1.4E-2	3.9E-1
830	5.6E-4	1.2E+0	1.4E+0	6.9E-1	6.0E-4	1.4E-2	3.9E-1
840	5.7E-4	1.2E+0	1.4E+0	7.2E-1	6.0E-4	1.4E-2	3.9E-1
850	5.7E-4	1.2E+0	1.5E+0	7.4E-1	6.1E-4	1.4E-2	3.9E-1
860	5.8E-4	1.2E+0	1.5E+0	7.6E-1	6.1E-4	1.4E-2	3.9E-1
870	5.8E-4	1.2E+0	1.6E+0	7.8E-1	6.2E-4	1.4E-2	3.9E-1
880	5.9E-4	1.3E+0	1.6E+0	8.0E-1	6.2E-4	1.4E-2	3.9E-1
890	5.9E-4	1.3E+0	1.7E+0	8.3E-1	6.3E-4	1.4E-2	3.9E-1
900	6.0E-4	1.3E+0	1.8E+0	8.5E-1	6.3E-4	1.4E-2	3.9E-1
910	6.0E-4	1.3E+0	1.8E+0	8.8E-1	6.4E-4	1.4E-2	3.9E-1
920	6.1E-4	1.3E+0	1.9E+0	9.0E-1	6.4E-4	1.4E-2	3.9E-1
930	6.1E-4	1.3E+0	1.9E+0	9.3E-1	6.5E-4	1.4E-2	3.9E-1
940	6.2E-4	1.3E+0	2.0E+0	9.5E-1	6.6E-4	1.4E-2	3.8E-1
950	6.2E-4	1.3E+0	2.1E+0	9.8E-1	6.6E-4	1.4E-2	3.8E-1
960	6.2E-4	1.3E+0	2.2E+0	1.0E+0	6.7E-4	1.4E-2	3.8E-1
970	6.3E-4	1.4E+0	2.2E+0	1.0E+0	6.7E-4	1.4E-2	3.8E-1
980	6.3E-4	1.4E+0	2.3E+0	1.1E+0	6.8E-4	1.4E-2	3.8E-1
990	6.4E-4	1.4E+0	2.4E+0	1.1E+0	6.8E-4	1.4E-2	3.8E-1
1000	6.4E-4	1.4E+0	2.5E+0	1.1E+0	6.9E-4	1.4E-2	3.8E-1
1010	6.5E-4	1.4E+0	2.6E+0	1.2E+0	6.9E-4	1.4E-2	3.8E-1
1020	6.5E-4	1.4E+0	2.7E+0	1.2E+0	7.0E-4	1.4E-2	3.8E-1
1030	6.6E-4	1.4E+0	2.8E+0	1.2E+0	7.0E-4	1.4E-2	3.8E-1
1040	6.6E-4	1.4E+0	2.9E+0	1.2E+0	7.1E-4	1.4E-2	3.8E-1
1050	6.7E-4	1.4E+0	3.0E+0	1.3E+0	7.1E-4	1.4E-2	3.8E-1
1060	6.7E-4	1.4E+0	3.1E+0	1.3E+0	7.2E-4	1.4E-2	3.8E-1
1070	6.8E-4	1.5E+0	3.2E+0	1.3E+0	7.2E-4	1.4E-2	3.8E-1
1080	6.8E-4	1.5E+0	3.3E+0	1.4E+0	7.3E-4	1.4E-2	3.8E-1
1090	6.8E-4	1.5E+0	3.4E+0	1.4E+0	7.3E-4	1.4E-2	3.8E-1
1095	6.9E-4	1.5E+0	3.5E+0	1.4E+0	7.4E-4	1.4E-2	3.8E-1
1100	6.9E-4	1.5E+0	3.5E+0	1.4E+0	7.4E-4	1.4E-2	3.7E-1
1200	7.3E-4	1.6E+0	5.0E+0	1.8E+0	7.9E-4	1.4E-2	3.7E-1
1300	7.8E-4	1.7E+0	7.0E+0	2.2E+0	8.4E-4	1.4E-2	3.7E-1
1400	8.2E-4	1.8E+0	9.8E+0	2.6E+0	9.0E-4	1.4E-2	3.6E-1
1500	8.7E-4	1.9E+0	1.4E+1	3.0E+0	9.5E-4	1.4E-2	3.6E-1
1600	9.1E-4	2.0E+0	1.9E+1	3.3E+0	1.0E-3	1.4E-2	3.6E-1
1700	9.6E-4	2.1E+0	2.7E+1	3.5E+0	1.1E-3	1.4E-2	3.6E-1
1800	1.0E-3	2.2E+0	3.7E+1	3.8E+0	1.1E-3	1.4E-2	3.6E-1
1900	1.1E-3	2.3E+0	5.0E+1	3.9E+0	1.2E-3	1.4E-2	3.6E-1
2000	1.1E-3	2.5E+0	6.8E+1	4.0E+0	1.2E-3	1.4E-2	3.6E-1
2100	1.2E-3	2.6E+0	9.1E+1	4.1E+0	1.3E-3	1.4E-2	3.6E-1
2200	1.2E-3	2.7E+0	1.2E+2	4.2E+0	1.4E-3	1.4E-2	3.6E-1
2300	1.3E-3	2.9E+0	1.5E+2	4.2E+0	1.4E-3	1.4E-2	3.6E-1
2400	1.3E-3	3.0E+0	1.9E+2	4.2E+0	1.5E-3	1.4E-2	3.6E-1
2500	1.4E-3	3.1E+0	2.4E+2	4.2E+0	1.6E-3	1.4E-2	3.6E-1
2600	1.5E-3	3.3E+0	2.9E+2	4.2E+0	1.7E-3	1.4E-2	3.6E-1
2700	1.5E-3	3.5E+0	3.4E+2	4.2E+0	1.8E-3	1.4E-2	3.6E-1
2800	1.6E-3	3.6E+0	3.9E+2	4.2E+0	1.9E-3	1.4E-2	3.6E-1
2900	1.7E-3	3.8E+0	4.4E+2	4.2E+0	2.0E-3	1.4E-2	3.7E-1
3000	1.7E-3	4.0E+0	4.9E+2	4.2E+0	2.1E-3	1.5E-2	3.7E-1
3100	1.8E-3	4.2E+0	5.4E+2	4.2E+0	2.2E-3	1.5E-2	3.7E-1
3200	1.9E-3	4.4E+0	5.9E+2	4.2E+0	2.3E-3	1.5E-2	3.7E-1
3300	2.0E-3	4.6E+0	6.4E+2	4.2E+0	2.4E-3	1.5E-2	3.8E-1
3400	2.1E-3	4.8E+0	6.9E+2	4.1E+0	2.5E-3	1.5E-2	3.8E-1
3500	2.2E-3	5.1E+0	7.3E+2	4.1E+0	2.6E-3	1.5E-2	3.8E-1
3600	2.3E-3	5.3E+0	7.8E+2	4.1E+0	2.8E-3	1.5E-2	3.9E-1
3650	2.3E-3	5.5E+0	8.0E+2	4.1E+0	2.8E-3	1.5E-2	3.9E-1
4000	2.7E-3	6.5E+0	9.6E+2	4.1E+0	3.4E-3	1.6E-2	4.0E-1
5000	4.0E-3	1.0E+1	1.6E+3	4.1E+0	5.6E-3	1.8E-2	4.5E-1
6000	5.8E-3	1.7E+1	2.5E+3	4.1E+0	9.2E-3	2.0E-2	5.2E-1
7000	8.0E-3	2.6E+1	3.9E+3	4.1E+0	1.5E-2	2.3E-2	6.1E-1
8000	1.1E-2	4.0E+1	6.1E+3	4.2E+0	2.5E-2	2.5E-2	7.1E-1
9000	1.4E-2	6.2E+1	9.3E+3	4.3E+0	4.1E-2	2.8E-2	8.5E-1
10000	1.7E-2	9.2E+1	1.4E+4	4.3E+0	6.8E-2	3.1E-2	1.0E+0
11000	2.0E-2	1.3E+2	2.0E+4	4.4E+0	1.1E-1	3.4E-2	1.2E+0
12000	2.2E-2	1.8E+2	2.8E+4	4.5E+0	1.8E-1	3.7E-2	1.4E+0
13000	2.5E-2	2.4E+2	3.7E+4	4.5E+0	3.0E-1	4.0E-2	1.7E+0
14000	2.8E-2	3.1E+2	4.7E+4	4.6E+0	4.8E-1	4.4E-2	2.1E+0
15000	3.0E-2	3.8E+2	5.7E+4	4.7E+0	7.7E-1	4.8E-2	2.5E+0
16000	3.3E-2	4.5E+2	6.8E+4	4.8E+0	1.2E+0	5.2E-2	3.0E+0
17000	3.5E-2	5.2E+2	7.9E+4	4.9E+0	1.9E+0	5.7E-2	3.5E+0
18000	3.7E-2	5.9E+2	8.9E+4	5.0E+0	2.8E+0	6.1E-2	4.2E+0
18250	3.8E-2	6.1E+2	9.2E+4	5.0E+0	3.1E+0	6.3E-2	4.4E+0
Radionuclide	U-235
Route of Intake	Inhalation
Material	Aerosols Intermediate Type M/S: Uranium octoxide, uranium dioxide, fA=6E-4
AMTD/AMAD, µm	0.01

Committed Effective Dose per Predicted Content in an Organ or Excreta Sample (Dose per Content Functions z(t)), Sv/Bq
Time, days	Whole Body	Urine (24-hour sample)	Faeces (24-hour sample)	Alimentary Tract*	Lungs*	Skeleton*	Liver*
0.041667	4.1E-5	-	-	4.6E-4	5.2E-5	4.6E-1	6.9E-1
0.083333	4.1E-5	-	-	3.8E-4	5.3E-5	2.1E-1	5.0E-1
0.125	4.1E-5	-	-	3.4E-4	5.3E-5	1.4E-1	4.2E-1
0.25	4.1E-5	-	-	2.7E-4	5.4E-5	6.5E-2	3.1E-1
0.375	4.2E-5	-	-	2.4E-4	5.5E-5	4.4E-2	2.5E-1
0.5	4.2E-5	-	-	2.2E-4	5.6E-5	3.4E-2	2.2E-1
0.625	4.2E-5	-	-	2.1E-4	5.6E-5	2.8E-2	2.0E-1
0.75	4.3E-5	-	-	2.0E-4	5.7E-5	2.4E-2	1.8E-1
0.875	4.3E-5	-	-	2.0E-4	5.7E-5	2.2E-2	1.7E-1
1	4.4E-5	4.9E-3	1.3E-3	2.0E-4	5.8E-5	2.0E-2	1.6E-1
1.125	4.4E-5	-	-	2.1E-4	5.8E-5	1.9E-2	1.6E-1
1.25	4.5E-5	-	-	2.2E-4	5.8E-5	1.8E-2	1.5E-1
1.375	4.6E-5	-	-	2.3E-4	5.9E-5	1.7E-2	1.5E-1
1.5	4.7E-5	-	-	2.4E-4	5.9E-5	1.6E-2	1.4E-1
1.625	4.7E-5	-	-	2.5E-4	6.0E-5	1.6E-2	1.4E-1
1.75	4.8E-5	-	-	2.6E-4	6.0E-5	1.5E-2	1.4E-1
1.875	4.9E-5	-	-	2.8E-4	6.0E-5	1.5E-2	1.4E-1
2	5.0E-5	9.3E-3	3.8E-4	3.0E-4	6.1E-5	1.5E-2	1.4E-1
2.25	5.2E-5	-	-	3.5E-4	6.2E-5	1.4E-2	1.4E-1
2.5	5.3E-5	-	-	4.0E-4	6.2E-5	1.4E-2	1.3E-1
2.75	5.5E-5	-	-	4.6E-4	6.3E-5	1.4E-2	1.3E-1
3	5.6E-5	2.1E-2	4.8E-4	5.3E-4	6.3E-5	1.4E-2	1.4E-1
3.25	5.7E-5	-	-	6.0E-4	6.4E-5	1.4E-2	1.4E-1
3.5	5.8E-5	-	-	6.7E-4	6.5E-5	1.4E-2	1.4E-1
3.75	5.9E-5	-	-	7.5E-4	6.5E-5	1.4E-2	1.4E-1
4	6.0E-5	3.8E-2	8.2E-4	8.2E-4	6.6E-5	1.4E-2	1.4E-1
4.25	6.1E-5	-	-	8.9E-4	6.6E-5	1.4E-2	1.4E-1
4.5	6.2E-5	-	-	9.7E-4	6.7E-5	1.4E-2	1.4E-1
4.75	6.3E-5	-	-	1.0E-3	6.7E-5	1.4E-2	1.5E-1
5	6.3E-5	5.4E-2	1.3E-3	1.1E-3	6.8E-5	1.4E-2	1.5E-1
5.5	6.4E-5	-	-	1.2E-3	6.9E-5	1.4E-2	1.5E-1
6	6.6E-5	6.7E-2	1.8E-3	1.4E-3	7.0E-5	1.4E-2	1.6E-1
6.5	6.7E-5	-	-	1.5E-3	7.0E-5	1.4E-2	1.6E-1
7	6.8E-5	7.5E-2	2.3E-3	1.7E-3	7.1E-5	1.4E-2	1.7E-1
7.5	6.8E-5	-	-	1.9E-3	7.2E-5	1.4E-2	1.7E-1
8	6.9E-5	8.2E-2	2.8E-3	2.0E-3	7.3E-5	1.4E-2	1.8E-1
8.5	7.0E-5	-	-	2.2E-3	7.3E-5	1.5E-2	1.8E-1
9	7.1E-5	8.7E-2	3.4E-3	2.4E-3	7.4E-5	1.5E-2	1.9E-1
9.5	7.1E-5	-	-	2.7E-3	7.4E-5	1.5E-2	1.9E-1
10	7.2E-5	9.1E-2	4.1E-3	2.9E-3	7.5E-5	1.5E-2	2.0E-1
11	7.3E-5	9.5E-2	4.9E-3	3.5E-3	7.6E-5	1.5E-2	2.1E-1
12	7.4E-5	9.9E-2	5.8E-3	4.1E-3	7.6E-5	1.5E-2	2.2E-1
13	7.5E-5	1.0E-1	6.9E-3	4.8E-3	7.7E-5	1.5E-2	2.3E-1
14	7.6E-5	1.1E-1	8.1E-3	5.6E-3	7.8E-5	1.5E-2	2.4E-1
15	7.6E-5	1.1E-1	9.5E-3	6.5E-3	7.8E-5	1.6E-2	2.5E-1
16	7.7E-5	1.1E-1	1.1E-2	7.5E-3	7.9E-5	1.6E-2	2.6E-1
17	7.8E-5	1.2E-1	1.3E-2	8.6E-3	7.9E-5	1.6E-2	2.7E-1
18	7.8E-5	1.2E-1	1.5E-2	9.7E-3	7.9E-5	1.6E-2	2.8E-1
19	7.8E-5	1.2E-1	1.6E-2	1.1E-2	8.0E-5	1.6E-2	2.9E-1
20	7.9E-5	1.3E-1	1.8E-2	1.2E-2	8.0E-5	1.6E-2	3.0E-1
21	7.9E-5	1.3E-1	2.1E-2	1.3E-2	8.0E-5	1.6E-2	3.1E-1
22	8.0E-5	1.3E-1	2.3E-2	1.4E-2	8.1E-5	1.6E-2	3.2E-1
23	8.0E-5	1.3E-1	2.5E-2	1.6E-2	8.1E-5	1.6E-2	3.3E-1
24	8.0E-5	1.4E-1	2.7E-2	1.7E-2	8.1E-5	1.6E-2	3.4E-1
25	8.0E-5	1.4E-1	2.9E-2	1.8E-2	8.2E-5	1.6E-2	3.5E-1
26	8.1E-5	1.4E-1	3.0E-2	1.9E-2	8.2E-5	1.6E-2	3.5E-1
27	8.1E-5	1.4E-1	3.2E-2	1.9E-2	8.2E-5	1.6E-2	3.6E-1
28	8.1E-5	1.5E-1	3.3E-2	2.0E-2	8.2E-5	1.6E-2	3.7E-1
29	8.1E-5	1.5E-1	3.5E-2	2.1E-2	8.2E-5	1.6E-2	3.7E-1
30	8.2E-5	1.5E-1	3.6E-2	2.1E-2	8.3E-5	1.6E-2	3.8E-1
31	8.2E-5	1.5E-1	3.7E-2	2.2E-2	8.3E-5	1.6E-2	3.9E-1
32	8.2E-5	1.5E-1	3.8E-2	2.2E-2	8.3E-5	1.6E-2	3.9E-1
33	8.2E-5	1.5E-1	3.9E-2	2.3E-2	8.3E-5	1.5E-2	4.0E-1
34	8.2E-5	1.6E-1	4.0E-2	2.3E-2	8.4E-5	1.5E-2	4.0E-1
35	8.3E-5	1.6E-1	4.0E-2	2.4E-2	8.4E-5	1.5E-2	4.1E-1
36	8.3E-5	1.6E-1	4.1E-2	2.4E-2	8.4E-5	1.5E-2	4.1E-1
37	8.3E-5	1.6E-1	4.1E-2	2.4E-2	8.4E-5	1.5E-2	4.1E-1
38	8.3E-5	1.6E-1	4.2E-2	2.4E-2	8.4E-5	1.5E-2	4.2E-1
39	8.4E-5	1.6E-1	4.2E-2	2.5E-2	8.5E-5	1.5E-2	4.2E-1
40	8.4E-5	1.6E-1	4.3E-2	2.5E-2	8.5E-5	1.5E-2	4.2E-1
41	8.4E-5	1.6E-1	4.3E-2	2.5E-2	8.5E-5	1.5E-2	4.2E-1
42	8.4E-5	1.6E-1	4.3E-2	2.5E-2	8.5E-5	1.5E-2	4.3E-1
43	8.4E-5	1.7E-1	4.4E-2	2.5E-2	8.5E-5	1.5E-2	4.3E-1
44	8.5E-5	1.7E-1	4.4E-2	2.5E-2	8.6E-5	1.5E-2	4.3E-1
45	8.5E-5	1.7E-1	4.4E-2	2.5E-2	8.6E-5	1.5E-2	4.3E-1
46	8.5E-5	1.7E-1	4.4E-2	2.6E-2	8.6E-5	1.5E-2	4.3E-1
47	8.5E-5	1.7E-1	4.4E-2	2.6E-2	8.6E-5	1.5E-2	4.3E-1
48	8.5E-5	1.7E-1	4.5E-2	2.6E-2	8.6E-5	1.5E-2	4.3E-1
49	8.6E-5	1.7E-1	4.5E-2	2.6E-2	8.7E-5	1.5E-2	4.3E-1
50	8.6E-5	1.7E-1	4.5E-2	2.6E-2	8.7E-5	1.5E-2	4.3E-1
51	8.6E-5	1.7E-1	4.5E-2	2.6E-2	8.7E-5	1.5E-2	4.4E-1
52	8.6E-5	1.7E-1	4.5E-2	2.6E-2	8.7E-5	1.5E-2	4.4E-1
53	8.6E-5	1.7E-1	4.6E-2	2.6E-2	8.7E-5	1.5E-2	4.4E-1
54	8.7E-5	1.7E-1	4.6E-2	2.6E-2	8.8E-5	1.5E-2	4.4E-1
55	8.7E-5	1.7E-1	4.6E-2	2.7E-2	8.8E-5	1.5E-2	4.4E-1
56	8.7E-5	1.8E-1	4.6E-2	2.7E-2	8.8E-5	1.5E-2	4.4E-1
57	8.7E-5	1.8E-1	4.6E-2	2.7E-2	8.8E-5	1.5E-2	4.4E-1
58	8.7E-5	1.8E-1	4.6E-2	2.7E-2	8.9E-5	1.4E-2	4.4E-1
59	8.8E-5	1.8E-1	4.7E-2	2.7E-2	8.9E-5	1.4E-2	4.4E-1
60	8.8E-5	1.8E-1	4.7E-2	2.7E-2	8.9E-5	1.4E-2	4.4E-1
61	8.8E-5	1.8E-1	4.7E-2	2.7E-2	8.9E-5	1.4E-2	4.4E-1
62	8.8E-5	1.8E-1	4.7E-2	2.7E-2	8.9E-5	1.4E-2	4.3E-1
63	8.8E-5	1.8E-1	4.7E-2	2.7E-2	9.0E-5	1.4E-2	4.3E-1
64	8.9E-5	1.8E-1	4.7E-2	2.7E-2	9.0E-5	1.4E-2	4.3E-1
65	8.9E-5	1.8E-1	4.8E-2	2.8E-2	9.0E-5	1.4E-2	4.3E-1
66	8.9E-5	1.8E-1	4.8E-2	2.8E-2	9.0E-5	1.4E-2	4.3E-1
67	8.9E-5	1.8E-1	4.8E-2	2.8E-2	9.0E-5	1.4E-2	4.3E-1
68	9.0E-5	1.8E-1	4.8E-2	2.8E-2	9.1E-5	1.4E-2	4.3E-1
69	9.0E-5	1.8E-1	4.8E-2	2.8E-2	9.1E-5	1.4E-2	4.3E-1
70	9.0E-5	1.8E-1	4.8E-2	2.8E-2	9.1E-5	1.4E-2	4.3E-1
71	9.0E-5	1.8E-1	4.9E-2	2.8E-2	9.1E-5	1.4E-2	4.3E-1
72	9.0E-5	1.8E-1	4.9E-2	2.8E-2	9.2E-5	1.4E-2	4.3E-1
73	9.1E-5	1.9E-1	4.9E-2	2.8E-2	9.2E-5	1.4E-2	4.3E-1
74	9.1E-5	1.9E-1	4.9E-2	2.8E-2	9.2E-5	1.4E-2	4.3E-1
75	9.1E-5	1.9E-1	4.9E-2	2.8E-2	9.2E-5	1.4E-2	4.3E-1
76	9.1E-5	1.9E-1	4.9E-2	2.9E-2	9.2E-5	1.4E-2	4.3E-1
77	9.1E-5	1.9E-1	5.0E-2	2.9E-2	9.3E-5	1.4E-2	4.3E-1
78	9.2E-5	1.9E-1	5.0E-2	2.9E-2	9.3E-5	1.4E-2	4.3E-1
79	9.2E-5	1.9E-1	5.0E-2	2.9E-2	9.3E-5	1.4E-2	4.3E-1
80	9.2E-5	1.9E-1	5.0E-2	2.9E-2	9.3E-5	1.4E-2	4.2E-1
81	9.2E-5	1.9E-1	5.0E-2	2.9E-2	9.4E-5	1.4E-2	4.2E-1
82	9.2E-5	1.9E-1	5.1E-2	2.9E-2	9.4E-5	1.4E-2	4.2E-1
83	9.3E-5	1.9E-1	5.1E-2	2.9E-2	9.4E-5	1.4E-2	4.2E-1
84	9.3E-5	1.9E-1	5.1E-2	2.9E-2	9.4E-5	1.4E-2	4.2E-1
85	9.3E-5	1.9E-1	5.1E-2	3.0E-2	9.4E-5	1.4E-2	4.2E-1
86	9.3E-5	1.9E-1	5.1E-2	3.0E-2	9.5E-5	1.4E-2	4.2E-1
87	9.4E-5	1.9E-1	5.1E-2	3.0E-2	9.5E-5	1.4E-2	4.2E-1
88	9.4E-5	1.9E-1	5.2E-2	3.0E-2	9.5E-5	1.4E-2	4.2E-1
89	9.4E-5	1.9E-1	5.2E-2	3.0E-2	9.5E-5	1.4E-2	4.2E-1
90	9.4E-5	1.9E-1	5.2E-2	3.0E-2	9.5E-5	1.4E-2	4.2E-1
91	9.4E-5	1.9E-1	5.2E-2	3.0E-2	9.6E-5	1.4E-2	4.2E-1
92	9.5E-5	1.9E-1	5.2E-2	3.0E-2	9.6E-5	1.4E-2	4.2E-1
93	9.5E-5	2.0E-1	5.2E-2	3.0E-2	9.6E-5	1.3E-2	4.2E-1
94	9.5E-5	2.0E-1	5.3E-2	3.0E-2	9.6E-5	1.3E-2	4.1E-1
95	9.5E-5	2.0E-1	5.3E-2	3.1E-2	9.7E-5	1.3E-2	4.1E-1
96	9.6E-5	2.0E-1	5.3E-2	3.1E-2	9.7E-5	1.3E-2	4.1E-1
97	9.6E-5	2.0E-1	5.3E-2	3.1E-2	9.7E-5	1.3E-2	4.1E-1
98	9.6E-5	2.0E-1	5.3E-2	3.1E-2	9.7E-5	1.3E-2	4.1E-1
99	9.6E-5	2.0E-1	5.4E-2	3.1E-2	9.7E-5	1.3E-2	4.1E-1
100	9.6E-5	2.0E-1	5.4E-2	3.1E-2	9.8E-5	1.3E-2	4.1E-1
110	9.9E-5	2.0E-1	5.6E-2	3.2E-2	1.0E-4	1.3E-2	4.0E-1
120	1.0E-4	2.1E-1	5.8E-2	3.3E-2	1.0E-4	1.3E-2	4.0E-1
130	1.0E-4	2.1E-1	6.0E-2	3.5E-2	1.0E-4	1.3E-2	3.9E-1
140	1.1E-4	2.2E-1	6.2E-2	3.6E-2	1.1E-4	1.3E-2	3.8E-1
150	1.1E-4	2.2E-1	6.4E-2	3.7E-2	1.1E-4	1.2E-2	3.8E-1
160	1.1E-4	2.3E-1	6.6E-2	3.8E-2	1.1E-4	1.2E-2	3.7E-1
170	1.1E-4	2.3E-1	6.9E-2	4.0E-2	1.1E-4	1.2E-2	3.7E-1
180	1.1E-4	2.4E-1	7.1E-2	4.1E-2	1.2E-4	1.2E-2	3.6E-1
190	1.2E-4	2.4E-1	7.4E-2	4.2E-2	1.2E-4	1.2E-2	3.6E-1
200	1.2E-4	2.5E-1	7.6E-2	4.4E-2	1.2E-4	1.2E-2	3.5E-1
210	1.2E-4	2.5E-1	7.9E-2	4.6E-2	1.2E-4	1.2E-2	3.5E-1
220	1.2E-4	2.6E-1	8.2E-2	4.7E-2	1.3E-4	1.1E-2	3.5E-1
230	1.3E-4	2.6E-1	8.5E-2	4.9E-2	1.3E-4	1.1E-2	3.4E-1
240	1.3E-4	2.7E-1	8.8E-2	5.0E-2	1.3E-4	1.1E-2	3.4E-1
250	1.3E-4	2.7E-1	9.1E-2	5.2E-2	1.3E-4	1.1E-2	3.3E-1
260	1.3E-4	2.8E-1	9.4E-2	5.4E-2	1.4E-4	1.1E-2	3.3E-1
270	1.4E-4	2.9E-1	9.7E-2	5.6E-2	1.4E-4	1.1E-2	3.3E-1
280	1.4E-4	2.9E-1	1.0E-1	5.8E-2	1.4E-4	1.1E-2	3.2E-1
290	1.4E-4	3.0E-1	1.0E-1	6.0E-2	1.5E-4	1.1E-2	3.2E-1
300	1.5E-4	3.0E-1	1.1E-1	6.2E-2	1.5E-4	1.1E-2	3.2E-1
310	1.5E-4	3.1E-1	1.1E-1	6.4E-2	1.5E-4	1.1E-2	3.1E-1
320	1.5E-4	3.1E-1	1.2E-1	6.6E-2	1.5E-4	1.1E-2	3.1E-1
330	1.5E-4	3.2E-1	1.2E-1	6.9E-2	1.6E-4	1.0E-2	3.1E-1
340	1.6E-4	3.3E-1	1.2E-1	7.1E-2	1.6E-4	1.0E-2	3.1E-1
350	1.6E-4	3.3E-1	1.3E-1	7.4E-2	1.6E-4	1.0E-2	3.0E-1
360	1.6E-4	3.4E-1	1.3E-1	7.6E-2	1.6E-4	1.0E-2	3.0E-1
365	1.6E-4	3.4E-1	1.4E-1	7.7E-2	1.7E-4	1.0E-2	3.0E-1
370	1.6E-4	3.4E-1	1.4E-1	7.9E-2	1.7E-4	1.0E-2	3.0E-1
380	1.7E-4	3.5E-1	1.4E-1	8.2E-2	1.7E-4	1.0E-2	3.0E-1
390	1.7E-4	3.5E-1	1.5E-1	8.4E-2	1.7E-4	1.0E-2	3.0E-1
400	1.7E-4	3.6E-1	1.5E-1	8.7E-2	1.8E-4	1.0E-2	2.9E-1
410	1.7E-4	3.7E-1	1.6E-1	9.0E-2	1.8E-4	1.0E-2	2.9E-1
420	1.8E-4	3.7E-1	1.6E-1	9.3E-2	1.8E-4	9.9E-3	2.9E-1
430	1.8E-4	3.8E-1	1.7E-1	9.7E-2	1.9E-4	9.9E-3	2.9E-1
440	1.8E-4	3.8E-1	1.8E-1	1.0E-1	1.9E-4	9.8E-3	2.9E-1
450	1.9E-4	3.9E-1	1.8E-1	1.0E-1	1.9E-4	9.8E-3	2.8E-1
460	1.9E-4	4.0E-1	1.9E-1	1.1E-1	1.9E-4	9.7E-3	2.8E-1
470	1.9E-4	4.0E-1	2.0E-1	1.1E-1	2.0E-4	9.7E-3	2.8E-1
480	1.9E-4	4.1E-1	2.0E-1	1.1E-1	2.0E-4	9.6E-3	2.8E-1
490	2.0E-4	4.1E-1	2.1E-1	1.2E-1	2.0E-4	9.6E-3	2.8E-1
500	2.0E-4	4.2E-1	2.2E-1	1.2E-1	2.1E-4	9.5E-3	2.8E-1
510	2.0E-4	4.3E-1	2.3E-1	1.3E-1	2.1E-4	9.5E-3	2.7E-1
520	2.1E-4	4.3E-1	2.3E-1	1.3E-1	2.1E-4	9.5E-3	2.7E-1
530	2.1E-4	4.4E-1	2.4E-1	1.4E-1	2.1E-4	9.4E-3	2.7E-1
540	2.1E-4	4.4E-1	2.5E-1	1.4E-1	2.2E-4	9.4E-3	2.7E-1
550	2.1E-4	4.5E-1	2.6E-1	1.4E-1	2.2E-4	9.3E-3	2.7E-1
560	2.2E-4	4.6E-1	2.7E-1	1.5E-1	2.2E-4	9.3E-3	2.7E-1
570	2.2E-4	4.6E-1	2.8E-1	1.5E-1	2.3E-4	9.3E-3	2.7E-1
580	2.2E-4	4.7E-1	2.9E-1	1.6E-1	2.3E-4	9.2E-3	2.6E-1
590	2.2E-4	4.7E-1	3.0E-1	1.7E-1	2.3E-4	9.2E-3	2.6E-1
600	2.3E-4	4.8E-1	3.1E-1	1.7E-1	2.4E-4	9.2E-3	2.6E-1
610	2.3E-4	4.9E-1	3.2E-1	1.8E-1	2.4E-4	9.1E-3	2.6E-1
620	2.3E-4	4.9E-1	3.3E-1	1.8E-1	2.4E-4	9.1E-3	2.6E-1
630	2.4E-4	5.0E-1	3.4E-1	1.9E-1	2.4E-4	9.1E-3	2.6E-1
640	2.4E-4	5.0E-1	3.6E-1	1.9E-1	2.5E-4	9.1E-3	2.6E-1
650	2.4E-4	5.1E-1	3.7E-1	2.0E-1	2.5E-4	9.0E-3	2.6E-1
660	2.4E-4	5.2E-1	3.8E-1	2.1E-1	2.5E-4	9.0E-3	2.5E-1
670	2.5E-4	5.2E-1	3.9E-1	2.1E-1	2.6E-4	9.0E-3	2.5E-1
680	2.5E-4	5.3E-1	4.1E-1	2.2E-1	2.6E-4	8.9E-3	2.5E-1
690	2.5E-4	5.3E-1	4.2E-1	2.3E-1	2.6E-4	8.9E-3	2.5E-1
700	2.5E-4	5.4E-1	4.4E-1	2.4E-1	2.6E-4	8.9E-3	2.5E-1
710	2.6E-4	5.5E-1	4.5E-1	2.4E-1	2.7E-4	8.9E-3	2.5E-1
720	2.6E-4	5.5E-1	4.7E-1	2.5E-1	2.7E-4	8.8E-3	2.5E-1
730	2.6E-4	5.6E-1	4.9E-1	2.6E-1	2.7E-4	8.8E-3	2.5E-1
740	2.7E-4	5.6E-1	5.0E-1	2.7E-1	2.8E-4	8.8E-3	2.5E-1
750	2.7E-4	5.7E-1	5.2E-1	2.8E-1	2.8E-4	8.8E-3	2.5E-1
760	2.7E-4	5.8E-1	5.4E-1	2.9E-1	2.8E-4	8.7E-3	2.5E-1
770	2.7E-4	5.8E-1	5.6E-1	2.9E-1	2.8E-4	8.7E-3	2.4E-1
780	2.8E-4	5.9E-1	5.8E-1	3.0E-1	2.9E-4	8.7E-3	2.4E-1
790	2.8E-4	5.9E-1	6.0E-1	3.1E-1	2.9E-4	8.7E-3	2.4E-1
800	2.8E-4	6.0E-1	6.2E-1	3.2E-1	2.9E-4	8.7E-3	2.4E-1
810	2.8E-4	6.0E-1	6.4E-1	3.3E-1	3.0E-4	8.6E-3	2.4E-1
820	2.9E-4	6.1E-1	6.6E-1	3.4E-1	3.0E-4	8.6E-3	2.4E-1
830	2.9E-4	6.2E-1	6.9E-1	3.5E-1	3.0E-4	8.6E-3	2.4E-1
840	2.9E-4	6.2E-1	7.1E-1	3.7E-1	3.0E-4	8.6E-3	2.4E-1
850	2.9E-4	6.3E-1	7.4E-1	3.8E-1	3.1E-4	8.6E-3	2.4E-1
860	3.0E-4	6.3E-1	7.6E-1	3.9E-1	3.1E-4	8.6E-3	2.4E-1
870	3.0E-4	6.4E-1	7.9E-1	4.0E-1	3.1E-4	8.5E-3	2.4E-1
880	3.0E-4	6.4E-1	8.2E-1	4.1E-1	3.2E-4	8.5E-3	2.4E-1
890	3.0E-4	6.5E-1	8.5E-1	4.3E-1	3.2E-4	8.5E-3	2.4E-1
900	3.1E-4	6.5E-1	8.8E-1	4.4E-1	3.2E-4	8.5E-3	2.4E-1
910	3.1E-4	6.6E-1	9.1E-1	4.5E-1	3.2E-4	8.5E-3	2.3E-1
920	3.1E-4	6.7E-1	9.4E-1	4.6E-1	3.3E-4	8.5E-3	2.3E-1
930	3.1E-4	6.7E-1	9.7E-1	4.8E-1	3.3E-4	8.4E-3	2.3E-1
940	3.2E-4	6.8E-1	1.0E+0	4.9E-1	3.3E-4	8.4E-3	2.3E-1
950	3.2E-4	6.8E-1	1.0E+0	5.1E-1	3.3E-4	8.4E-3	2.3E-1
960	3.2E-4	6.9E-1	1.1E+0	5.2E-1	3.4E-4	8.4E-3	2.3E-1
970	3.2E-4	6.9E-1	1.1E+0	5.4E-1	3.4E-4	8.4E-3	2.3E-1
980	3.3E-4	7.0E-1	1.2E+0	5.5E-1	3.4E-4	8.4E-3	2.3E-1
990	3.3E-4	7.0E-1	1.2E+0	5.7E-1	3.5E-4	8.4E-3	2.3E-1
1000	3.3E-4	7.1E-1	1.2E+0	5.8E-1	3.5E-4	8.3E-3	2.3E-1
1010	3.3E-4	7.2E-1	1.3E+0	6.0E-1	3.5E-4	8.3E-3	2.3E-1
1020	3.4E-4	7.2E-1	1.3E+0	6.2E-1	3.5E-4	8.3E-3	2.3E-1
1030	3.4E-4	7.3E-1	1.4E+0	6.3E-1	3.6E-4	8.3E-3	2.3E-1
1040	3.4E-4	7.3E-1	1.4E+0	6.5E-1	3.6E-4	8.3E-3	2.3E-1
1050	3.4E-4	7.4E-1	1.5E+0	6.7E-1	3.6E-4	8.3E-3	2.3E-1
1060	3.5E-4	7.4E-1	1.5E+0	6.8E-1	3.6E-4	8.3E-3	2.3E-1
1070	3.5E-4	7.5E-1	1.6E+0	7.0E-1	3.7E-4	8.3E-3	2.3E-1
1080	3.5E-4	7.5E-1	1.6E+0	7.2E-1	3.7E-4	8.2E-3	2.3E-1
1090	3.5E-4	7.6E-1	1.7E+0	7.4E-1	3.7E-4	8.2E-3	2.3E-1
1095	3.5E-4	7.6E-1	1.7E+0	7.5E-1	3.7E-4	8.2E-3	2.3E-1
1100	3.5E-4	7.6E-1	1.8E+0	7.6E-1	3.7E-4	8.2E-3	2.3E-1
1200	3.8E-4	8.2E-1	2.5E+0	9.6E-1	4.0E-4	8.1E-3	2.2E-1
1300	4.0E-4	8.7E-1	3.5E+0	1.2E+0	4.3E-4	8.1E-3	2.2E-1
1400	4.2E-4	9.2E-1	4.9E+0	1.4E+0	4.5E-4	8.0E-3	2.2E-1
1500	4.5E-4	9.7E-1	6.9E+0	1.6E+0	4.8E-4	8.0E-3	2.1E-1
1600	4.7E-4	1.0E+0	9.6E+0	1.8E+0	5.1E-4	7.9E-3	2.1E-1
1700	5.0E-4	1.1E+0	1.3E+1	2.0E+0	5.4E-4	7.9E-3	2.1E-1
1800	5.2E-4	1.1E+0	1.8E+1	2.1E+0	5.7E-4	7.9E-3	2.1E-1
1900	5.5E-4	1.2E+0	2.5E+1	2.2E+0	6.0E-4	7.9E-3	2.1E-1
2000	5.7E-4	1.3E+0	3.4E+1	2.3E+0	6.3E-4	7.9E-3	2.1E-1
2100	6.0E-4	1.3E+0	4.6E+1	2.4E+0	6.6E-4	7.9E-3	2.1E-1
2200	6.3E-4	1.4E+0	6.0E+1	2.4E+0	7.0E-4	7.9E-3	2.1E-1
2300	6.6E-4	1.5E+0	7.7E+1	2.4E+0	7.3E-4	8.0E-3	2.1E-1
2400	6.9E-4	1.5E+0	9.8E+1	2.4E+0	7.7E-4	8.0E-3	2.1E-1
2500	7.2E-4	1.6E+0	1.2E+2	2.4E+0	8.1E-4	8.0E-3	2.1E-1
2600	7.5E-4	1.7E+0	1.5E+2	2.4E+0	8.5E-4	8.1E-3	2.1E-1
2700	7.9E-4	1.8E+0	1.7E+2	2.4E+0	9.0E-4	8.1E-3	2.1E-1
2800	8.2E-4	1.9E+0	2.0E+2	2.4E+0	9.4E-4	8.2E-3	2.1E-1
2900	8.6E-4	2.0E+0	2.3E+2	2.4E+0	9.9E-4	8.2E-3	2.1E-1
3000	9.0E-4	2.1E+0	2.5E+2	2.4E+0	1.0E-3	8.3E-3	2.1E-1
3100	9.4E-4	2.2E+0	2.8E+2	2.4E+0	1.1E-3	8.3E-3	2.1E-1
3200	9.8E-4	2.3E+0	3.0E+2	2.4E+0	1.2E-3	8.4E-3	2.1E-1
3300	1.0E-3	2.4E+0	3.3E+2	2.4E+0	1.2E-3	8.5E-3	2.1E-1
3400	1.1E-3	2.5E+0	3.5E+2	2.4E+0	1.3E-3	8.6E-3	2.2E-1
3500	1.1E-3	2.6E+0	3.8E+2	2.4E+0	1.3E-3	8.6E-3	2.2E-1
3600	1.2E-3	2.7E+0	4.0E+2	2.4E+0	1.4E-3	8.7E-3	2.2E-1
3650	1.2E-3	2.8E+0	4.1E+2	2.4E+0	1.4E-3	8.7E-3	2.2E-1
4000	1.4E-3	3.3E+0	4.9E+2	2.4E+0	1.7E-3	9.1E-3	2.3E-1
5000	2.1E-3	5.3E+0	8.0E+2	2.3E+0	2.8E-3	1.0E-2	2.5E-1
6000	3.0E-3	8.5E+0	1.3E+3	2.3E+0	4.7E-3	1.1E-2	2.9E-1
7000	4.3E-3	1.3E+1	2.0E+3	2.4E+0	7.7E-3	1.3E-2	3.4E-1
8000	5.7E-3	2.1E+1	3.2E+3	2.4E+0	1.3E-2	1.4E-2	4.0E-1
9000	7.4E-3	3.2E+1	4.9E+3	2.4E+0	2.1E-2	1.6E-2	4.7E-1
10000	9.1E-3	4.8E+1	7.3E+3	2.5E+0	3.4E-2	1.7E-2	5.6E-1
11000	1.1E-2	7.0E+1	1.1E+4	2.5E+0	5.6E-2	1.9E-2	6.6E-1
12000	1.3E-2	9.8E+1	1.5E+4	2.5E+0	9.2E-2	2.1E-2	7.9E-1
13000	1.4E-2	1.3E+2	2.0E+4	2.6E+0	1.5E-1	2.3E-2	9.5E-1
14000	1.6E-2	1.7E+2	2.5E+4	2.6E+0	2.4E-1	2.5E-2	1.1E+0
15000	1.7E-2	2.1E+2	3.2E+4	2.7E+0	3.9E-1	2.7E-2	1.4E+0
16000	1.8E-2	2.5E+2	3.8E+4	2.7E+0	6.2E-1	2.9E-2	1.6E+0
17000	2.0E-2	2.9E+2	4.4E+4	2.8E+0	9.7E-1	3.2E-2	2.0E+0
18000	2.1E-2	3.3E+2	5.0E+4	2.8E+0	1.5E+0	3.5E-2	2.3E+0
18250	2.1E-2	3.4E+2	5.1E+4	2.8E+0	1.6E+0	3.5E-2	2.5E+0
Radionuclide	U-235
Route of Intake	Inhalation
Material	Aerosols Intermediate Type M/S: Uranium octoxide, uranium dioxide, fA=6E-4
AMTD/AMAD, µm	0.03

Committed Effective Dose per Predicted Content in an Organ or Excreta Sample (Dose per Content Functions z(t)), Sv/Bq
Time, days	Whole Body	Urine (24-hour sample)	Faeces (24-hour sample)	Alimentary Tract*	Lungs*	Skeleton*	Liver*
0.041667	4.7E-5	-	-	7.9E-4	5.5E-5	4.9E-1	7.4E-1
0.083333	4.7E-5	-	-	6.5E-4	5.5E-5	2.3E-1	5.3E-1
0.125	4.7E-5	-	-	5.8E-4	5.6E-5	1.4E-1	4.5E-1
0.25	4.7E-5	-	-	4.6E-4	5.6E-5	6.9E-2	3.3E-1
0.375	4.8E-5	-	-	4.1E-4	5.7E-5	4.6E-2	2.7E-1
0.5	4.8E-5	-	-	3.8E-4	5.7E-5	3.5E-2	2.3E-1
0.625	4.8E-5	-	-	3.6E-4	5.8E-5	2.9E-2	2.1E-1
0.75	4.8E-5	-	-	3.5E-4	5.8E-5	2.5E-2	1.9E-1
0.875	4.9E-5	-	-	3.4E-4	5.8E-5	2.3E-2	1.8E-1
1	4.9E-5	5.1E-3	2.2E-3	3.5E-4	5.9E-5	2.1E-2	1.7E-1
1.125	5.0E-5	-	-	3.5E-4	5.9E-5	1.9E-2	1.6E-1
1.25	5.0E-5	-	-	3.6E-4	5.9E-5	1.8E-2	1.6E-1
1.375	5.1E-5	-	-	3.8E-4	6.0E-5	1.7E-2	1.5E-1
1.5	5.1E-5	-	-	3.9E-4	6.0E-5	1.7E-2	1.5E-1
1.625	5.2E-5	-	-	4.1E-4	6.0E-5	1.6E-2	1.5E-1
1.75	5.3E-5	-	-	4.4E-4	6.1E-5	1.6E-2	1.4E-1
1.875	5.3E-5	-	-	4.7E-4	6.1E-5	1.5E-2	1.4E-1
2	5.4E-5	9.5E-3	6.4E-4	5.0E-4	6.1E-5	1.5E-2	1.4E-1
2.25	5.5E-5	-	-	5.7E-4	6.2E-5	1.5E-2	1.4E-1
2.5	5.6E-5	-	-	6.5E-4	6.2E-5	1.4E-2	1.4E-1
2.75	5.7E-5	-	-	7.4E-4	6.3E-5	1.4E-2	1.4E-1
3	5.8E-5	2.1E-2	7.9E-4	8.4E-4	6.3E-5	1.4E-2	1.4E-1
3.25	5.9E-5	-	-	9.4E-4	6.3E-5	1.4E-2	1.4E-1
3.5	5.9E-5	-	-	1.1E-3	6.4E-5	1.4E-2	1.4E-1
3.75	6.0E-5	-	-	1.2E-3	6.4E-5	1.4E-2	1.4E-1
4	6.1E-5	3.8E-2	1.3E-3	1.3E-3	6.5E-5	1.4E-2	1.4E-1
4.25	6.1E-5	-	-	1.4E-3	6.5E-5	1.4E-2	1.5E-1
4.5	6.2E-5	-	-	1.5E-3	6.5E-5	1.4E-2	1.5E-1
4.75	6.2E-5	-	-	1.6E-3	6.6E-5	1.4E-2	1.5E-1
5	6.3E-5	5.5E-2	2.0E-3	1.7E-3	6.6E-5	1.4E-2	1.5E-1
5.5	6.3E-5	-	-	1.9E-3	6.6E-5	1.4E-2	1.6E-1
6	6.4E-5	6.7E-2	2.8E-3	2.1E-3	6.7E-5	1.4E-2	1.6E-1
6.5	6.5E-5	-	-	2.3E-3	6.7E-5	1.4E-2	1.7E-1
7	6.5E-5	7.6E-2	3.5E-3	2.5E-3	6.8E-5	1.5E-2	1.7E-1
7.5	6.6E-5	-	-	2.7E-3	6.8E-5	1.5E-2	1.8E-1
8	6.7E-5	8.1E-2	4.2E-3	3.0E-3	6.9E-5	1.5E-2	1.8E-1
8.5	6.7E-5	-	-	3.3E-3	6.9E-5	1.5E-2	1.9E-1
9	6.7E-5	8.6E-2	5.0E-3	3.5E-3	7.0E-5	1.5E-2	1.9E-1
9.5	6.8E-5	-	-	3.8E-3	7.0E-5	1.5E-2	2.0E-1
10	6.8E-5	9.0E-2	5.9E-3	4.2E-3	7.0E-5	1.5E-2	2.0E-1
11	6.9E-5	9.4E-2	7.0E-3	4.9E-3	7.1E-5	1.5E-2	2.1E-1
12	7.0E-5	9.8E-2	8.2E-3	5.7E-3	7.1E-5	1.6E-2	2.2E-1
13	7.0E-5	1.0E-1	9.6E-3	6.6E-3	7.2E-5	1.6E-2	2.3E-1
14	7.1E-5	1.0E-1	1.1E-2	7.5E-3	7.2E-5	1.6E-2	2.4E-1
15	7.1E-5	1.1E-1	1.3E-2	8.5E-3	7.2E-5	1.6E-2	2.5E-1
16	7.2E-5	1.1E-1	1.4E-2	9.6E-3	7.3E-5	1.6E-2	2.6E-1
17	7.2E-5	1.1E-1	1.6E-2	1.1E-2	7.3E-5	1.6E-2	2.7E-1
18	7.2E-5	1.2E-1	1.8E-2	1.2E-2	7.3E-5	1.6E-2	2.8E-1
19	7.3E-5	1.2E-1	2.0E-2	1.3E-2	7.4E-5	1.6E-2	2.9E-1
20	7.3E-5	1.2E-1	2.2E-2	1.4E-2	7.4E-5	1.6E-2	3.0E-1
21	7.3E-5	1.2E-1	2.4E-2	1.5E-2	7.4E-5	1.6E-2	3.1E-1
22	7.3E-5	1.3E-1	2.5E-2	1.6E-2	7.4E-5	1.6E-2	3.2E-1
23	7.4E-5	1.3E-1	2.7E-2	1.7E-2	7.5E-5	1.6E-2	3.3E-1
24	7.4E-5	1.3E-1	2.9E-2	1.7E-2	7.5E-5	1.6E-2	3.3E-1
25	7.4E-5	1.3E-1	3.0E-2	1.8E-2	7.5E-5	1.6E-2	3.4E-1
26	7.4E-5	1.3E-1	3.1E-2	1.9E-2	7.5E-5	1.6E-2	3.5E-1
27	7.4E-5	1.4E-1	3.3E-2	1.9E-2	7.5E-5	1.6E-2	3.6E-1
28	7.5E-5	1.4E-1	3.4E-2	2.0E-2	7.6E-5	1.6E-2	3.6E-1
29	7.5E-5	1.4E-1	3.4E-2	2.0E-2	7.6E-5	1.6E-2	3.7E-1
30	7.5E-5	1.4E-1	3.5E-2	2.1E-2	7.6E-5	1.6E-2	3.7E-1
31	7.5E-5	1.4E-1	3.6E-2	2.1E-2	7.6E-5	1.6E-2	3.8E-1
32	7.5E-5	1.4E-1	3.7E-2	2.1E-2	7.6E-5	1.5E-2	3.8E-1
33	7.6E-5	1.4E-1	3.7E-2	2.2E-2	7.7E-5	1.5E-2	3.9E-1
34	7.6E-5	1.5E-1	3.8E-2	2.2E-2	7.7E-5	1.5E-2	3.9E-1
35	7.6E-5	1.5E-1	3.8E-2	2.2E-2	7.7E-5	1.5E-2	3.9E-1
36	7.6E-5	1.5E-1	3.8E-2	2.2E-2	7.7E-5	1.5E-2	4.0E-1
37	7.6E-5	1.5E-1	3.9E-2	2.2E-2	7.7E-5	1.5E-2	4.0E-1
38	7.7E-5	1.5E-1	3.9E-2	2.3E-2	7.8E-5	1.5E-2	4.0E-1
39	7.7E-5	1.5E-1	3.9E-2	2.3E-2	7.8E-5	1.5E-2	4.1E-1
40	7.7E-5	1.5E-1	4.0E-2	2.3E-2	7.8E-5	1.5E-2	4.1E-1
41	7.7E-5	1.5E-1	4.0E-2	2.3E-2	7.8E-5	1.5E-2	4.1E-1
42	7.7E-5	1.5E-1	4.0E-2	2.3E-2	7.8E-5	1.5E-2	4.1E-1
43	7.8E-5	1.5E-1	4.0E-2	2.3E-2	7.9E-5	1.5E-2	4.1E-1
44	7.8E-5	1.6E-1	4.0E-2	2.3E-2	7.9E-5	1.5E-2	4.1E-1
45	7.8E-5	1.6E-1	4.1E-2	2.3E-2	7.9E-5	1.5E-2	4.2E-1
46	7.8E-5	1.6E-1	4.1E-2	2.4E-2	7.9E-5	1.5E-2	4.2E-1
47	7.8E-5	1.6E-1	4.1E-2	2.4E-2	7.9E-5	1.5E-2	4.2E-1
48	7.9E-5	1.6E-1	4.1E-2	2.4E-2	7.9E-5	1.5E-2	4.2E-1
49	7.9E-5	1.6E-1	4.1E-2	2.4E-2	8.0E-5	1.5E-2	4.2E-1
50	7.9E-5	1.6E-1	4.1E-2	2.4E-2	8.0E-5	1.5E-2	4.2E-1
51	7.9E-5	1.6E-1	4.2E-2	2.4E-2	8.0E-5	1.5E-2	4.2E-1
52	7.9E-5	1.6E-1	4.2E-2	2.4E-2	8.0E-5	1.5E-2	4.2E-1
53	7.9E-5	1.6E-1	4.2E-2	2.4E-2	8.0E-5	1.4E-2	4.2E-1
54	8.0E-5	1.6E-1	4.2E-2	2.4E-2	8.1E-5	1.4E-2	4.2E-1
55	8.0E-5	1.6E-1	4.2E-2	2.4E-2	8.1E-5	1.4E-2	4.2E-1
56	8.0E-5	1.6E-1	4.2E-2	2.4E-2	8.1E-5	1.4E-2	4.2E-1
57	8.0E-5	1.6E-1	4.3E-2	2.5E-2	8.1E-5	1.4E-2	4.2E-1
58	8.0E-5	1.6E-1	4.3E-2	2.5E-2	8.1E-5	1.4E-2	4.2E-1
59	8.1E-5	1.6E-1	4.3E-2	2.5E-2	8.2E-5	1.4E-2	4.2E-1
60	8.1E-5	1.7E-1	4.3E-2	2.5E-2	8.2E-5	1.4E-2	4.2E-1
61	8.1E-5	1.7E-1	4.3E-2	2.5E-2	8.2E-5	1.4E-2	4.2E-1
62	8.1E-5	1.7E-1	4.3E-2	2.5E-2	8.2E-5	1.4E-2	4.2E-1
63	8.1E-5	1.7E-1	4.3E-2	2.5E-2	8.2E-5	1.4E-2	4.2E-1
64	8.2E-5	1.7E-1	4.4E-2	2.5E-2	8.3E-5	1.4E-2	4.2E-1
65	8.2E-5	1.7E-1	4.4E-2	2.5E-2	8.3E-5	1.4E-2	4.2E-1
66	8.2E-5	1.7E-1	4.4E-2	2.5E-2	8.3E-5	1.4E-2	4.1E-1
67	8.2E-5	1.7E-1	4.4E-2	2.5E-2	8.3E-5	1.4E-2	4.1E-1
68	8.2E-5	1.7E-1	4.4E-2	2.6E-2	8.3E-5	1.4E-2	4.1E-1
69	8.3E-5	1.7E-1	4.4E-2	2.6E-2	8.4E-5	1.4E-2	4.1E-1
70	8.3E-5	1.7E-1	4.5E-2	2.6E-2	8.4E-5	1.4E-2	4.1E-1
71	8.3E-5	1.7E-1	4.5E-2	2.6E-2	8.4E-5	1.4E-2	4.1E-1
72	8.3E-5	1.7E-1	4.5E-2	2.6E-2	8.4E-5	1.4E-2	4.1E-1
73	8.3E-5	1.7E-1	4.5E-2	2.6E-2	8.4E-5	1.4E-2	4.1E-1
74	8.4E-5	1.7E-1	4.5E-2	2.6E-2	8.5E-5	1.4E-2	4.1E-1
75	8.4E-5	1.7E-1	4.5E-2	2.6E-2	8.5E-5	1.4E-2	4.1E-1
76	8.4E-5	1.7E-1	4.5E-2	2.6E-2	8.5E-5	1.4E-2	4.1E-1
77	8.4E-5	1.7E-1	4.6E-2	2.6E-2	8.5E-5	1.4E-2	4.1E-1
78	8.4E-5	1.7E-1	4.6E-2	2.6E-2	8.5E-5	1.3E-2	4.1E-1
79	8.4E-5	1.7E-1	4.6E-2	2.7E-2	8.6E-5	1.3E-2	4.1E-1
80	8.5E-5	1.7E-1	4.6E-2	2.7E-2	8.6E-5	1.3E-2	4.1E-1
81	8.5E-5	1.8E-1	4.6E-2	2.7E-2	8.6E-5	1.3E-2	4.0E-1
82	8.5E-5	1.8E-1	4.6E-2	2.7E-2	8.6E-5	1.3E-2	4.0E-1
83	8.5E-5	1.8E-1	4.7E-2	2.7E-2	8.6E-5	1.3E-2	4.0E-1
84	8.5E-5	1.8E-1	4.7E-2	2.7E-2	8.7E-5	1.3E-2	4.0E-1
85	8.6E-5	1.8E-1	4.7E-2	2.7E-2	8.7E-5	1.3E-2	4.0E-1
86	8.6E-5	1.8E-1	4.7E-2	2.7E-2	8.7E-5	1.3E-2	4.0E-1
87	8.6E-5	1.8E-1	4.7E-2	2.7E-2	8.7E-5	1.3E-2	4.0E-1
88	8.6E-5	1.8E-1	4.7E-2	2.7E-2	8.7E-5	1.3E-2	4.0E-1
89	8.6E-5	1.8E-1	4.8E-2	2.8E-2	8.8E-5	1.3E-2	4.0E-1
90	8.7E-5	1.8E-1	4.8E-2	2.8E-2	8.8E-5	1.3E-2	4.0E-1
91	8.7E-5	1.8E-1	4.8E-2	2.8E-2	8.8E-5	1.3E-2	4.0E-1
92	8.7E-5	1.8E-1	4.8E-2	2.8E-2	8.8E-5	1.3E-2	4.0E-1
93	8.7E-5	1.8E-1	4.8E-2	2.8E-2	8.8E-5	1.3E-2	4.0E-1
94	8.7E-5	1.8E-1	4.8E-2	2.8E-2	8.9E-5	1.3E-2	4.0E-1
95	8.8E-5	1.8E-1	4.9E-2	2.8E-2	8.9E-5	1.3E-2	3.9E-1
96	8.8E-5	1.8E-1	4.9E-2	2.8E-2	8.9E-5	1.3E-2	3.9E-1
97	8.8E-5	1.8E-1	4.9E-2	2.8E-2	8.9E-5	1.3E-2	3.9E-1
98	8.8E-5	1.8E-1	4.9E-2	2.8E-2	8.9E-5	1.3E-2	3.9E-1
99	8.8E-5	1.8E-1	4.9E-2	2.8E-2	9.0E-5	1.3E-2	3.9E-1
100	8.9E-5	1.8E-1	4.9E-2	2.9E-2	9.0E-5	1.3E-2	3.9E-1
110	9.1E-5	1.9E-1	5.1E-2	3.0E-2	9.2E-5	1.3E-2	3.8E-1
120	9.3E-5	1.9E-1	5.3E-2	3.1E-2	9.4E-5	1.2E-2	3.8E-1
130	9.5E-5	2.0E-1	5.5E-2	3.2E-2	9.6E-5	1.2E-2	3.7E-1
140	9.7E-5	2.0E-1	5.7E-2	3.3E-2	9.8E-5	1.2E-2	3.7E-1
150	9.9E-5	2.1E-1	5.9E-2	3.4E-2	1.0E-4	1.2E-2	3.6E-1
160	1.0E-4	2.1E-1	6.1E-2	3.5E-2	1.0E-4	1.2E-2	3.5E-1
170	1.0E-4	2.1E-1	6.3E-2	3.6E-2	1.0E-4	1.1E-2	3.5E-1
180	1.1E-4	2.2E-1	6.5E-2	3.8E-2	1.1E-4	1.1E-2	3.4E-1
190	1.1E-4	2.2E-1	6.8E-2	3.9E-2	1.1E-4	1.1E-2	3.4E-1
200	1.1E-4	2.3E-1	7.0E-2	4.0E-2	1.1E-4	1.1E-2	3.4E-1
210	1.1E-4	2.3E-1	7.3E-2	4.2E-2	1.1E-4	1.1E-2	3.3E-1
220	1.1E-4	2.4E-1	7.5E-2	4.3E-2	1.2E-4	1.1E-2	3.3E-1
230	1.2E-4	2.4E-1	7.8E-2	4.5E-2	1.2E-4	1.1E-2	3.2E-1
240	1.2E-4	2.5E-1	8.1E-2	4.6E-2	1.2E-4	1.1E-2	3.2E-1
250	1.2E-4	2.5E-1	8.4E-2	4.8E-2	1.2E-4	1.1E-2	3.2E-1
260	1.2E-4	2.6E-1	8.7E-2	5.0E-2	1.3E-4	1.0E-2	3.1E-1
270	1.3E-4	2.6E-1	9.0E-2	5.1E-2	1.3E-4	1.0E-2	3.1E-1
280	1.3E-4	2.7E-1	9.3E-2	5.3E-2	1.3E-4	1.0E-2	3.1E-1
290	1.3E-4	2.7E-1	9.6E-2	5.5E-2	1.3E-4	1.0E-2	3.0E-1
300	1.3E-4	2.8E-1	9.9E-2	5.7E-2	1.4E-4	1.0E-2	3.0E-1
310	1.4E-4	2.8E-1	1.0E-1	5.9E-2	1.4E-4	1.0E-2	3.0E-1
320	1.4E-4	2.9E-1	1.1E-1	6.1E-2	1.4E-4	9.9E-3	2.9E-1
330	1.4E-4	2.9E-1	1.1E-1	6.3E-2	1.4E-4	9.9E-3	2.9E-1
340	1.4E-4	3.0E-1	1.1E-1	6.5E-2	1.5E-4	9.8E-3	2.9E-1
350	1.5E-4	3.0E-1	1.2E-1	6.8E-2	1.5E-4	9.7E-3	2.9E-1
360	1.5E-4	3.1E-1	1.2E-1	7.0E-2	1.5E-4	9.7E-3	2.8E-1
365	1.5E-4	3.1E-1	1.2E-1	7.1E-2	1.5E-4	9.6E-3	2.8E-1
370	1.5E-4	3.2E-1	1.3E-1	7.2E-2	1.5E-4	9.6E-3	2.8E-1
380	1.5E-4	3.2E-1	1.3E-1	7.5E-2	1.6E-4	9.5E-3	2.8E-1
390	1.6E-4	3.3E-1	1.4E-1	7.8E-2	1.6E-4	9.5E-3	2.8E-1
400	1.6E-4	3.3E-1	1.4E-1	8.0E-2	1.6E-4	9.4E-3	2.8E-1
410	1.6E-4	3.4E-1	1.5E-1	8.3E-2	1.6E-4	9.4E-3	2.7E-1
420	1.6E-4	3.4E-1	1.5E-1	8.6E-2	1.7E-4	9.3E-3	2.7E-1
430	1.7E-4	3.5E-1	1.6E-1	8.9E-2	1.7E-4	9.3E-3	2.7E-1
440	1.7E-4	3.5E-1	1.6E-1	9.2E-2	1.7E-4	9.2E-3	2.7E-1
450	1.7E-4	3.6E-1	1.7E-1	9.5E-2	1.8E-4	9.2E-3	2.7E-1
460	1.7E-4	3.6E-1	1.7E-1	9.8E-2	1.8E-4	9.1E-3	2.6E-1
470	1.8E-4	3.7E-1	1.8E-1	1.0E-1	1.8E-4	9.1E-3	2.6E-1
480	1.8E-4	3.8E-1	1.9E-1	1.1E-1	1.8E-4	9.0E-3	2.6E-1
490	1.8E-4	3.8E-1	1.9E-1	1.1E-1	1.9E-4	9.0E-3	2.6E-1
500	1.8E-4	3.9E-1	2.0E-1	1.1E-1	1.9E-4	9.0E-3	2.6E-1
510	1.9E-4	3.9E-1	2.1E-1	1.2E-1	1.9E-4	8.9E-3	2.6E-1
520	1.9E-4	4.0E-1	2.1E-1	1.2E-1	1.9E-4	8.9E-3	2.6E-1
530	1.9E-4	4.0E-1	2.2E-1	1.2E-1	2.0E-4	8.8E-3	2.5E-1
540	1.9E-4	4.1E-1	2.3E-1	1.3E-1	2.0E-4	8.8E-3	2.5E-1
550	2.0E-4	4.1E-1	2.4E-1	1.3E-1	2.0E-4	8.8E-3	2.5E-1
560	2.0E-4	4.2E-1	2.5E-1	1.4E-1	2.1E-4	8.7E-3	2.5E-1
570	2.0E-4	4.3E-1	2.6E-1	1.4E-1	2.1E-4	8.7E-3	2.5E-1
580	2.0E-4	4.3E-1	2.6E-1	1.5E-1	2.1E-4	8.7E-3	2.5E-1
590	2.1E-4	4.4E-1	2.7E-1	1.5E-1	2.1E-4	8.6E-3	2.5E-1
600	2.1E-4	4.4E-1	2.8E-1	1.6E-1	2.2E-4	8.6E-3	2.5E-1
610	2.1E-4	4.5E-1	2.9E-1	1.6E-1	2.2E-4	8.6E-3	2.4E-1
620	2.1E-4	4.5E-1	3.0E-1	1.7E-1	2.2E-4	8.5E-3	2.4E-1
630	2.2E-4	4.6E-1	3.2E-1	1.7E-1	2.2E-4	8.5E-3	2.4E-1
640	2.2E-4	4.6E-1	3.3E-1	1.8E-1	2.3E-4	8.5E-3	2.4E-1
650	2.2E-4	4.7E-1	3.4E-1	1.8E-1	2.3E-4	8.5E-3	2.4E-1
660	2.2E-4	4.8E-1	3.5E-1	1.9E-1	2.3E-4	8.4E-3	2.4E-1
670	2.3E-4	4.8E-1	3.6E-1	2.0E-1	2.4E-4	8.4E-3	2.4E-1
680	2.3E-4	4.9E-1	3.8E-1	2.0E-1	2.4E-4	8.4E-3	2.4E-1
690	2.3E-4	4.9E-1	3.9E-1	2.1E-1	2.4E-4	8.4E-3	2.4E-1
700	2.3E-4	5.0E-1	4.0E-1	2.2E-1	2.4E-4	8.3E-3	2.4E-1
710	2.4E-4	5.0E-1	4.2E-1	2.2E-1	2.5E-4	8.3E-3	2.3E-1
720	2.4E-4	5.1E-1	4.3E-1	2.3E-1	2.5E-4	8.3E-3	2.3E-1
730	2.4E-4	5.1E-1	4.5E-1	2.4E-1	2.5E-4	8.3E-3	2.3E-1
740	2.4E-4	5.2E-1	4.6E-1	2.5E-1	2.5E-4	8.2E-3	2.3E-1
750	2.5E-4	5.2E-1	4.8E-1	2.5E-1	2.6E-4	8.2E-3	2.3E-1
760	2.5E-4	5.3E-1	5.0E-1	2.6E-1	2.6E-4	8.2E-3	2.3E-1
770	2.5E-4	5.3E-1	5.1E-1	2.7E-1	2.6E-4	8.2E-3	2.3E-1
780	2.5E-4	5.4E-1	5.3E-1	2.8E-1	2.6E-4	8.1E-3	2.3E-1
790	2.6E-4	5.5E-1	5.5E-1	2.9E-1	2.7E-4	8.1E-3	2.3E-1
800	2.6E-4	5.5E-1	5.7E-1	3.0E-1	2.7E-4	8.1E-3	2.3E-1
810	2.6E-4	5.6E-1	5.9E-1	3.1E-1	2.7E-4	8.1E-3	2.3E-1
820	2.6E-4	5.6E-1	6.1E-1	3.2E-1	2.7E-4	8.1E-3	2.3E-1
830	2.7E-4	5.7E-1	6.3E-1	3.3E-1	2.8E-4	8.1E-3	2.2E-1
840	2.7E-4	5.7E-1	6.6E-1	3.4E-1	2.8E-4	8.0E-3	2.2E-1
850	2.7E-4	5.8E-1	6.8E-1	3.5E-1	2.8E-4	8.0E-3	2.2E-1
860	2.7E-4	5.8E-1	7.0E-1	3.6E-1	2.8E-4	8.0E-3	2.2E-1
870	2.8E-4	5.9E-1	7.3E-1	3.7E-1	2.9E-4	8.0E-3	2.2E-1
880	2.8E-4	5.9E-1	7.5E-1	3.8E-1	2.9E-4	8.0E-3	2.2E-1
890	2.8E-4	6.0E-1	7.8E-1	3.9E-1	2.9E-4	8.0E-3	2.2E-1
900	2.8E-4	6.0E-1	8.1E-1	4.0E-1	3.0E-4	7.9E-3	2.2E-1
910	2.8E-4	6.1E-1	8.4E-1	4.2E-1	3.0E-4	7.9E-3	2.2E-1
920	2.9E-4	6.1E-1	8.7E-1	4.3E-1	3.0E-4	7.9E-3	2.2E-1
930	2.9E-4	6.2E-1	9.0E-1	4.4E-1	3.0E-4	7.9E-3	2.2E-1
940	2.9E-4	6.2E-1	9.3E-1	4.5E-1	3.1E-4	7.9E-3	2.2E-1
950	2.9E-4	6.3E-1	9.6E-1	4.7E-1	3.1E-4	7.9E-3	2.2E-1
960	3.0E-4	6.3E-1	9.9E-1	4.8E-1	3.1E-4	7.8E-3	2.2E-1
970	3.0E-4	6.4E-1	1.0E+0	4.9E-1	3.1E-4	7.8E-3	2.2E-1
980	3.0E-4	6.4E-1	1.1E+0	5.1E-1	3.2E-4	7.8E-3	2.2E-1
990	3.0E-4	6.5E-1	1.1E+0	5.2E-1	3.2E-4	7.8E-3	2.2E-1
1000	3.0E-4	6.5E-1	1.1E+0	5.4E-1	3.2E-4	7.8E-3	2.1E-1
1010	3.1E-4	6.6E-1	1.2E+0	5.5E-1	3.2E-4	7.8E-3	2.1E-1
1020	3.1E-4	6.6E-1	1.2E+0	5.7E-1	3.3E-4	7.8E-3	2.1E-1
1030	3.1E-4	6.7E-1	1.3E+0	5.8E-1	3.3E-4	7.8E-3	2.1E-1
1040	3.1E-4	6.7E-1	1.3E+0	6.0E-1	3.3E-4	7.7E-3	2.1E-1
1050	3.2E-4	6.8E-1	1.4E+0	6.1E-1	3.3E-4	7.7E-3	2.1E-1
1060	3.2E-4	6.8E-1	1.4E+0	6.3E-1	3.4E-4	7.7E-3	2.1E-1
1070	3.2E-4	6.9E-1	1.5E+0	6.5E-1	3.4E-4	7.7E-3	2.1E-1
1080	3.2E-4	6.9E-1	1.5E+0	6.6E-1	3.4E-4	7.7E-3	2.1E-1
1090	3.2E-4	7.0E-1	1.6E+0	6.8E-1	3.4E-4	7.7E-3	2.1E-1
1095	3.3E-4	7.0E-1	1.6E+0	6.9E-1	3.4E-4	7.7E-3	2.1E-1
1100	3.3E-4	7.0E-1	1.6E+0	7.0E-1	3.4E-4	7.7E-3	2.1E-1
1200	3.5E-4	7.5E-1	2.3E+0	8.9E-1	3.7E-4	7.6E-3	2.1E-1
1300	3.7E-4	8.0E-1	3.2E+0	1.1E+0	3.9E-4	7.5E-3	2.0E-1
1400	3.9E-4	8.5E-1	4.5E+0	1.3E+0	4.2E-4	7.5E-3	2.0E-1
1500	4.1E-4	9.0E-1	6.3E+0	1.5E+0	4.4E-4	7.4E-3	2.0E-1
1600	4.3E-4	9.5E-1	8.9E+0	1.7E+0	4.7E-4	7.4E-3	2.0E-1
1700	4.6E-4	1.0E+0	1.2E+1	1.9E+0	4.9E-4	7.4E-3	1.9E-1
1800	4.8E-4	1.1E+0	1.7E+1	2.0E+0	5.2E-4	7.4E-3	1.9E-1
1900	5.0E-4	1.1E+0	2.3E+1	2.1E+0	5.5E-4	7.3E-3	1.9E-1
2000	5.3E-4	1.2E+0	3.1E+1	2.1E+0	5.8E-4	7.3E-3	1.9E-1
2100	5.5E-4	1.2E+0	4.2E+1	2.2E+0	6.1E-4	7.4E-3	1.9E-1
2200	5.8E-4	1.3E+0	5.5E+1	2.2E+0	6.4E-4	7.4E-3	1.9E-1
2300	6.1E-4	1.3E+0	7.1E+1	2.2E+0	6.7E-4	7.4E-3	1.9E-1
2400	6.3E-4	1.4E+0	9.0E+1	2.3E+0	7.1E-4	7.4E-3	1.9E-1
2500	6.6E-4	1.5E+0	1.1E+2	2.3E+0	7.5E-4	7.5E-3	1.9E-1
2600	6.9E-4	1.6E+0	1.3E+2	2.3E+0	7.8E-4	7.5E-3	1.9E-1
2700	7.3E-4	1.6E+0	1.6E+2	2.3E+0	8.2E-4	7.5E-3	1.9E-1
2800	7.6E-4	1.7E+0	1.8E+2	2.2E+0	8.7E-4	7.6E-3	1.9E-1
2900	7.9E-4	1.8E+0	2.1E+2	2.2E+0	9.1E-4	7.6E-3	1.9E-1
3000	8.3E-4	1.9E+0	2.3E+2	2.2E+0	9.6E-4	7.7E-3	1.9E-1
3100	8.7E-4	2.0E+0	2.6E+2	2.2E+0	1.0E-3	7.8E-3	2.0E-1
3200	9.1E-4	2.1E+0	2.8E+2	2.2E+0	1.1E-3	7.8E-3	2.0E-1
3300	9.5E-4	2.2E+0	3.0E+2	2.2E+0	1.1E-3	7.9E-3	2.0E-1
3400	9.9E-4	2.3E+0	3.2E+2	2.2E+0	1.2E-3	7.9E-3	2.0E-1
3500	1.0E-3	2.4E+0	3.5E+2	2.2E+0	1.2E-3	8.0E-3	2.0E-1
3600	1.1E-3	2.5E+0	3.7E+2	2.2E+0	1.3E-3	8.1E-3	2.0E-1
3650	1.1E-3	2.6E+0	3.8E+2	2.2E+0	1.3E-3	8.1E-3	2.0E-1
4000	1.3E-3	3.1E+0	4.6E+2	2.2E+0	1.6E-3	8.4E-3	2.1E-1
5000	1.9E-3	4.9E+0	7.4E+2	2.2E+0	2.6E-3	9.4E-3	2.4E-1
6000	2.8E-3	7.8E+0	1.2E+3	2.2E+0	4.3E-3	1.0E-2	2.7E-1
7000	3.9E-3	1.2E+1	1.9E+3	2.2E+0	7.1E-3	1.2E-2	3.1E-1
8000	5.3E-3	1.9E+1	2.9E+3	2.2E+0	1.2E-2	1.3E-2	3.7E-1
9000	6.9E-3	3.0E+1	4.5E+3	2.2E+0	1.9E-2	1.4E-2	4.3E-1
10000	8.5E-3	4.4E+1	6.7E+3	2.3E+0	3.2E-2	1.6E-2	5.2E-1
11000	1.0E-2	6.5E+1	9.7E+3	2.3E+0	5.2E-2	1.8E-2	6.2E-1
12000	1.2E-2	9.0E+1	1.4E+4	2.4E+0	8.5E-2	1.9E-2	7.4E-1
13000	1.3E-2	1.2E+2	1.8E+4	2.4E+0	1.4E-1	2.1E-2	8.8E-1
14000	1.4E-2	1.6E+2	2.4E+4	2.4E+0	2.3E-1	2.3E-2	1.1E+0
15000	1.6E-2	1.9E+2	2.9E+4	2.5E+0	3.6E-1	2.5E-2	1.3E+0
16000	1.7E-2	2.3E+2	3.5E+4	2.5E+0	5.7E-1	2.7E-2	1.5E+0
17000	1.8E-2	2.7E+2	4.1E+4	2.6E+0	8.9E-1	3.0E-2	1.8E+0
18000	2.0E-2	3.1E+2	4.6E+4	2.6E+0	1.3E+0	3.2E-2	2.2E+0
18250	2.0E-2	3.2E+2	4.8E+4	2.6E+0	1.5E+0	3.3E-2	2.3E+0
Radionuclide	U-235
Route of Intake	Inhalation
Material	Aerosols Intermediate Type M/S: Uranium octoxide, uranium dioxide, fA=6E-4
AMTD/AMAD, µm	0.1

Committed Effective Dose per Predicted Content in an Organ or Excreta Sample (Dose per Content Functions z(t)), Sv/Bq
Time, days	Whole Body	Urine (24-hour sample)	Faeces (24-hour sample)	Alimentary Tract*	Lungs*	Skeleton*	Liver*
0.041667	4.4E-5	-	-	5.5E-4	5.5E-5	4.9E-1	7.4E-1
0.083333	4.4E-5	-	-	4.7E-4	5.6E-5	2.3E-1	5.3E-1
0.125	4.4E-5	-	-	4.2E-4	5.6E-5	1.4E-1	4.5E-1
0.25	4.5E-5	-	-	3.4E-4	5.7E-5	6.9E-2	3.3E-1
0.375	4.5E-5	-	-	3.0E-4	5.7E-5	4.6E-2	2.7E-1
0.5	4.5E-5	-	-	2.8E-4	5.8E-5	3.5E-2	2.3E-1
0.625	4.6E-5	-	-	2.7E-4	5.8E-5	2.9E-2	2.1E-1
0.75	4.6E-5	-	-	2.6E-4	5.8E-5	2.5E-2	1.9E-1
0.875	4.7E-5	-	-	2.6E-4	5.9E-5	2.3E-2	1.8E-1
1	4.7E-5	5.1E-3	1.6E-3	2.6E-4	5.9E-5	2.1E-2	1.7E-1
1.125	4.8E-5	-	-	2.7E-4	5.9E-5	1.9E-2	1.6E-1
1.25	4.8E-5	-	-	2.8E-4	6.0E-5	1.8E-2	1.6E-1
1.375	4.9E-5	-	-	2.9E-4	6.0E-5	1.7E-2	1.5E-1
1.5	5.0E-5	-	-	3.1E-4	6.0E-5	1.7E-2	1.5E-1
1.625	5.0E-5	-	-	3.3E-4	6.1E-5	1.6E-2	1.5E-1
1.75	5.1E-5	-	-	3.5E-4	6.1E-5	1.6E-2	1.4E-1
1.875	5.2E-5	-	-	3.7E-4	6.1E-5	1.5E-2	1.4E-1
2	5.3E-5	9.5E-3	4.8E-4	4.0E-4	6.1E-5	1.5E-2	1.4E-1
2.25	5.4E-5	-	-	4.7E-4	6.2E-5	1.5E-2	1.4E-1
2.5	5.5E-5	-	-	5.5E-4	6.2E-5	1.4E-2	1.4E-1
2.75	5.7E-5	-	-	6.5E-4	6.3E-5	1.4E-2	1.4E-1
3	5.8E-5	2.1E-2	6.3E-4	7.5E-4	6.3E-5	1.4E-2	1.4E-1
3.25	5.9E-5	-	-	8.7E-4	6.4E-5	1.4E-2	1.4E-1
3.5	5.9E-5	-	-	9.9E-4	6.4E-5	1.4E-2	1.4E-1
3.75	6.0E-5	-	-	1.1E-3	6.4E-5	1.4E-2	1.4E-1
4	6.1E-5	3.8E-2	1.2E-3	1.2E-3	6.5E-5	1.4E-2	1.4E-1
4.25	6.1E-5	-	-	1.4E-3	6.5E-5	1.4E-2	1.5E-1
4.5	6.2E-5	-	-	1.5E-3	6.5E-5	1.4E-2	1.5E-1
4.75	6.2E-5	-	-	1.6E-3	6.6E-5	1.4E-2	1.5E-1
5	6.3E-5	5.5E-2	2.0E-3	1.7E-3	6.6E-5	1.4E-2	1.5E-1
5.5	6.4E-5	-	-	1.9E-3	6.6E-5	1.4E-2	1.6E-1
6	6.4E-5	6.7E-2	2.8E-3	2.2E-3	6.7E-5	1.4E-2	1.6E-1
6.5	6.5E-5	-	-	2.4E-3	6.7E-5	1.5E-2	1.7E-1
7	6.5E-5	7.6E-2	3.6E-3	2.6E-3	6.8E-5	1.5E-2	1.7E-1
7.5	6.6E-5	-	-	2.9E-3	6.8E-5	1.5E-2	1.8E-1
8	6.7E-5	8.2E-2	4.4E-3	3.1E-3	6.9E-5	1.5E-2	1.8E-1
8.5	6.7E-5	-	-	3.4E-3	6.9E-5	1.5E-2	1.9E-1
9	6.7E-5	8.6E-2	5.2E-3	3.7E-3	6.9E-5	1.5E-2	1.9E-1
9.5	6.8E-5	-	-	4.0E-3	7.0E-5	1.5E-2	2.0E-1
10	6.8E-5	9.0E-2	6.2E-3	4.4E-3	7.0E-5	1.5E-2	2.0E-1
11	6.9E-5	9.4E-2	7.3E-3	5.1E-3	7.1E-5	1.5E-2	2.1E-1
12	7.0E-5	9.8E-2	8.6E-3	5.9E-3	7.1E-5	1.6E-2	2.2E-1
13	7.0E-5	1.0E-1	1.0E-2	6.8E-3	7.1E-5	1.6E-2	2.3E-1
14	7.1E-5	1.0E-1	1.1E-2	7.8E-3	7.2E-5	1.6E-2	2.4E-1
15	7.1E-5	1.1E-1	1.3E-2	8.8E-3	7.2E-5	1.6E-2	2.5E-1
16	7.1E-5	1.1E-1	1.5E-2	9.8E-3	7.3E-5	1.6E-2	2.6E-1
17	7.2E-5	1.1E-1	1.7E-2	1.1E-2	7.3E-5	1.6E-2	2.7E-1
18	7.2E-5	1.2E-1	1.9E-2	1.2E-2	7.3E-5	1.6E-2	2.8E-1
19	7.2E-5	1.2E-1	2.0E-2	1.3E-2	7.3E-5	1.6E-2	2.9E-1
20	7.3E-5	1.2E-1	2.2E-2	1.4E-2	7.4E-5	1.6E-2	3.0E-1
21	7.3E-5	1.2E-1	2.4E-2	1.5E-2	7.4E-5	1.6E-2	3.1E-1
22	7.3E-5	1.3E-1	2.6E-2	1.6E-2	7.4E-5	1.6E-2	3.2E-1
23	7.3E-5	1.3E-1	2.7E-2	1.7E-2	7.4E-5	1.6E-2	3.3E-1
24	7.4E-5	1.3E-1	2.9E-2	1.8E-2	7.5E-5	1.6E-2	3.3E-1
25	7.4E-5	1.3E-1	3.0E-2	1.8E-2	7.5E-5	1.6E-2	3.4E-1
26	7.4E-5	1.3E-1	3.2E-2	1.9E-2	7.5E-5	1.6E-2	3.5E-1
27	7.4E-5	1.4E-1	3.3E-2	1.9E-2	7.5E-5	1.6E-2	3.6E-1
28	7.4E-5	1.4E-1	3.4E-2	2.0E-2	7.5E-5	1.6E-2	3.6E-1
29	7.5E-5	1.4E-1	3.5E-2	2.0E-2	7.6E-5	1.6E-2	3.7E-1
30	7.5E-5	1.4E-1	3.5E-2	2.1E-2	7.6E-5	1.6E-2	3.7E-1
31	7.5E-5	1.4E-1	3.6E-2	2.1E-2	7.6E-5	1.6E-2	3.8E-1
32	7.5E-5	1.4E-1	3.7E-2	2.1E-2	7.6E-5	1.6E-2	3.8E-1
33	7.5E-5	1.4E-1	3.7E-2	2.2E-2	7.6E-5	1.5E-2	3.9E-1
34	7.6E-5	1.5E-1	3.8E-2	2.2E-2	7.7E-5	1.5E-2	3.9E-1
35	7.6E-5	1.5E-1	3.8E-2	2.2E-2	7.7E-5	1.5E-2	3.9E-1
36	7.6E-5	1.5E-1	3.8E-2	2.2E-2	7.7E-5	1.5E-2	4.0E-1
37	7.6E-5	1.5E-1	3.9E-2	2.2E-2	7.7E-5	1.5E-2	4.0E-1
38	7.6E-5	1.5E-1	3.9E-2	2.3E-2	7.7E-5	1.5E-2	4.0E-1
39	7.7E-5	1.5E-1	3.9E-2	2.3E-2	7.7E-5	1.5E-2	4.1E-1
40	7.7E-5	1.5E-1	3.9E-2	2.3E-2	7.8E-5	1.5E-2	4.1E-1
41	7.7E-5	1.5E-1	4.0E-2	2.3E-2	7.8E-5	1.5E-2	4.1E-1
42	7.7E-5	1.5E-1	4.0E-2	2.3E-2	7.8E-5	1.5E-2	4.1E-1
43	7.7E-5	1.5E-1	4.0E-2	2.3E-2	7.8E-5	1.5E-2	4.1E-1
44	7.7E-5	1.5E-1	4.0E-2	2.3E-2	7.8E-5	1.5E-2	4.1E-1
45	7.8E-5	1.6E-1	4.0E-2	2.3E-2	7.9E-5	1.5E-2	4.2E-1
46	7.8E-5	1.6E-1	4.1E-2	2.3E-2	7.9E-5	1.5E-2	4.2E-1
47	7.8E-5	1.6E-1	4.1E-2	2.4E-2	7.9E-5	1.5E-2	4.2E-1
48	7.8E-5	1.6E-1	4.1E-2	2.4E-2	7.9E-5	1.5E-2	4.2E-1
49	7.8E-5	1.6E-1	4.1E-2	2.4E-2	7.9E-5	1.5E-2	4.2E-1
50	7.9E-5	1.6E-1	4.1E-2	2.4E-2	8.0E-5	1.5E-2	4.2E-1
51	7.9E-5	1.6E-1	4.1E-2	2.4E-2	8.0E-5	1.5E-2	4.2E-1
52	7.9E-5	1.6E-1	4.2E-2	2.4E-2	8.0E-5	1.5E-2	4.2E-1
53	7.9E-5	1.6E-1	4.2E-2	2.4E-2	8.0E-5	1.4E-2	4.2E-1
54	7.9E-5	1.6E-1	4.2E-2	2.4E-2	8.0E-5	1.4E-2	4.2E-1
55	8.0E-5	1.6E-1	4.2E-2	2.4E-2	8.1E-5	1.4E-2	4.2E-1
56	8.0E-5	1.6E-1	4.2E-2	2.4E-2	8.1E-5	1.4E-2	4.2E-1
57	8.0E-5	1.6E-1	4.2E-2	2.4E-2	8.1E-5	1.4E-2	4.2E-1
58	8.0E-5	1.6E-1	4.3E-2	2.5E-2	8.1E-5	1.4E-2	4.2E-1
59	8.0E-5	1.6E-1	4.3E-2	2.5E-2	8.1E-5	1.4E-2	4.2E-1
60	8.1E-5	1.6E-1	4.3E-2	2.5E-2	8.1E-5	1.4E-2	4.2E-1
61	8.1E-5	1.7E-1	4.3E-2	2.5E-2	8.2E-5	1.4E-2	4.2E-1
62	8.1E-5	1.7E-1	4.3E-2	2.5E-2	8.2E-5	1.4E-2	4.2E-1
63	8.1E-5	1.7E-1	4.3E-2	2.5E-2	8.2E-5	1.4E-2	4.2E-1
64	8.1E-5	1.7E-1	4.3E-2	2.5E-2	8.2E-5	1.4E-2	4.2E-1
65	8.1E-5	1.7E-1	4.4E-2	2.5E-2	8.2E-5	1.4E-2	4.1E-1
66	8.2E-5	1.7E-1	4.4E-2	2.5E-2	8.3E-5	1.4E-2	4.1E-1
67	8.2E-5	1.7E-1	4.4E-2	2.5E-2	8.3E-5	1.4E-2	4.1E-1
68	8.2E-5	1.7E-1	4.4E-2	2.5E-2	8.3E-5	1.4E-2	4.1E-1
69	8.2E-5	1.7E-1	4.4E-2	2.6E-2	8.3E-5	1.4E-2	4.1E-1
70	8.2E-5	1.7E-1	4.4E-2	2.6E-2	8.3E-5	1.4E-2	4.1E-1
71	8.3E-5	1.7E-1	4.5E-2	2.6E-2	8.4E-5	1.4E-2	4.1E-1
72	8.3E-5	1.7E-1	4.5E-2	2.6E-2	8.4E-5	1.4E-2	4.1E-1
73	8.3E-5	1.7E-1	4.5E-2	2.6E-2	8.4E-5	1.4E-2	4.1E-1
74	8.3E-5	1.7E-1	4.5E-2	2.6E-2	8.4E-5	1.4E-2	4.1E-1
75	8.3E-5	1.7E-1	4.5E-2	2.6E-2	8.4E-5	1.4E-2	4.1E-1
76	8.4E-5	1.7E-1	4.5E-2	2.6E-2	8.5E-5	1.4E-2	4.1E-1
77	8.4E-5	1.7E-1	4.5E-2	2.6E-2	8.5E-5	1.4E-2	4.1E-1
78	8.4E-5	1.7E-1	4.6E-2	2.6E-2	8.5E-5	1.3E-2	4.1E-1
79	8.4E-5	1.7E-1	4.6E-2	2.6E-2	8.5E-5	1.3E-2	4.1E-1
80	8.4E-5	1.7E-1	4.6E-2	2.7E-2	8.5E-5	1.3E-2	4.1E-1
81	8.5E-5	1.7E-1	4.6E-2	2.7E-2	8.6E-5	1.3E-2	4.0E-1
82	8.5E-5	1.7E-1	4.6E-2	2.7E-2	8.6E-5	1.3E-2	4.0E-1
83	8.5E-5	1.8E-1	4.6E-2	2.7E-2	8.6E-5	1.3E-2	4.0E-1
84	8.5E-5	1.8E-1	4.7E-2	2.7E-2	8.6E-5	1.3E-2	4.0E-1
85	8.5E-5	1.8E-1	4.7E-2	2.7E-2	8.6E-5	1.3E-2	4.0E-1
86	8.6E-5	1.8E-1	4.7E-2	2.7E-2	8.7E-5	1.3E-2	4.0E-1
87	8.6E-5	1.8E-1	4.7E-2	2.7E-2	8.7E-5	1.3E-2	4.0E-1
88	8.6E-5	1.8E-1	4.7E-2	2.7E-2	8.7E-5	1.3E-2	4.0E-1
89	8.6E-5	1.8E-1	4.7E-2	2.7E-2	8.7E-5	1.3E-2	4.0E-1
90	8.6E-5	1.8E-1	4.8E-2	2.7E-2	8.7E-5	1.3E-2	4.0E-1
91	8.7E-5	1.8E-1	4.8E-2	2.8E-2	8.8E-5	1.3E-2	4.0E-1
92	8.7E-5	1.8E-1	4.8E-2	2.8E-2	8.8E-5	1.3E-2	4.0E-1
93	8.7E-5	1.8E-1	4.8E-2	2.8E-2	8.8E-5	1.3E-2	4.0E-1
94	8.7E-5	1.8E-1	4.8E-2	2.8E-2	8.8E-5	1.3E-2	3.9E-1
95	8.7E-5	1.8E-1	4.8E-2	2.8E-2	8.8E-5	1.3E-2	3.9E-1
96	8.8E-5	1.8E-1	4.9E-2	2.8E-2	8.9E-5	1.3E-2	3.9E-1
97	8.8E-5	1.8E-1	4.9E-2	2.8E-2	8.9E-5	1.3E-2	3.9E-1
98	8.8E-5	1.8E-1	4.9E-2	2.8E-2	8.9E-5	1.3E-2	3.9E-1
99	8.8E-5	1.8E-1	4.9E-2	2.8E-2	8.9E-5	1.3E-2	3.9E-1
100	8.8E-5	1.8E-1	4.9E-2	2.8E-2	9.0E-5	1.3E-2	3.9E-1
110	9.0E-5	1.9E-1	5.1E-2	2.9E-2	9.2E-5	1.3E-2	3.8E-1
120	9.2E-5	1.9E-1	5.3E-2	3.1E-2	9.4E-5	1.2E-2	3.8E-1
130	9.4E-5	2.0E-1	5.5E-2	3.2E-2	9.6E-5	1.2E-2	3.7E-1
140	9.7E-5	2.0E-1	5.7E-2	3.3E-2	9.8E-5	1.2E-2	3.6E-1
150	9.9E-5	2.0E-1	5.9E-2	3.4E-2	1.0E-4	1.2E-2	3.6E-1
160	1.0E-4	2.1E-1	6.1E-2	3.5E-2	1.0E-4	1.2E-2	3.5E-1
170	1.0E-4	2.1E-1	6.3E-2	3.6E-2	1.0E-4	1.1E-2	3.5E-1
180	1.1E-4	2.2E-1	6.5E-2	3.8E-2	1.1E-4	1.1E-2	3.4E-1
190	1.1E-4	2.2E-1	6.7E-2	3.9E-2	1.1E-4	1.1E-2	3.4E-1
200	1.1E-4	2.3E-1	7.0E-2	4.0E-2	1.1E-4	1.1E-2	3.3E-1
210	1.1E-4	2.3E-1	7.2E-2	4.2E-2	1.1E-4	1.1E-2	3.3E-1
220	1.1E-4	2.4E-1	7.5E-2	4.3E-2	1.2E-4	1.1E-2	3.3E-1
230	1.2E-4	2.4E-1	7.8E-2	4.5E-2	1.2E-4	1.1E-2	3.2E-1
240	1.2E-4	2.5E-1	8.0E-2	4.6E-2	1.2E-4	1.1E-2	3.2E-1
250	1.2E-4	2.5E-1	8.3E-2	4.8E-2	1.2E-4	1.0E-2	3.2E-1
260	1.2E-4	2.6E-1	8.6E-2	5.0E-2	1.3E-4	1.0E-2	3.1E-1
270	1.3E-4	2.6E-1	8.9E-2	5.1E-2	1.3E-4	1.0E-2	3.1E-1
280	1.3E-4	2.7E-1	9.2E-2	5.3E-2	1.3E-4	1.0E-2	3.1E-1
290	1.3E-4	2.7E-1	9.6E-2	5.5E-2	1.3E-4	1.0E-2	3.0E-1
300	1.3E-4	2.8E-1	9.9E-2	5.7E-2	1.4E-4	1.0E-2	3.0E-1
310	1.4E-4	2.8E-1	1.0E-1	5.9E-2	1.4E-4	1.0E-2	3.0E-1
320	1.4E-4	2.9E-1	1.1E-1	6.1E-2	1.4E-4	9.9E-3	2.9E-1
330	1.4E-4	2.9E-1	1.1E-1	6.3E-2	1.4E-4	9.8E-3	2.9E-1
340	1.4E-4	3.0E-1	1.1E-1	6.5E-2	1.5E-4	9.8E-3	2.9E-1
350	1.5E-4	3.0E-1	1.2E-1	6.7E-2	1.5E-4	9.7E-3	2.9E-1
360	1.5E-4	3.1E-1	1.2E-1	7.0E-2	1.5E-4	9.6E-3	2.8E-1
365	1.5E-4	3.1E-1	1.2E-1	7.1E-2	1.5E-4	9.6E-3	2.8E-1
370	1.5E-4	3.1E-1	1.3E-1	7.2E-2	1.5E-4	9.6E-3	2.8E-1
380	1.5E-4	3.2E-1	1.3E-1	7.5E-2	1.6E-4	9.5E-3	2.8E-1
390	1.6E-4	3.2E-1	1.4E-1	7.7E-2	1.6E-4	9.5E-3	2.8E-1
400	1.6E-4	3.3E-1	1.4E-1	8.0E-2	1.6E-4	9.4E-3	2.8E-1
410	1.6E-4	3.4E-1	1.5E-1	8.3E-2	1.6E-4	9.3E-3	2.7E-1
420	1.6E-4	3.4E-1	1.5E-1	8.6E-2	1.7E-4	9.3E-3	2.7E-1
430	1.7E-4	3.5E-1	1.6E-1	8.8E-2	1.7E-4	9.2E-3	2.7E-1
440	1.7E-4	3.5E-1	1.6E-1	9.2E-2	1.7E-4	9.2E-3	2.7E-1
450	1.7E-4	3.6E-1	1.7E-1	9.5E-2	1.7E-4	9.1E-3	2.7E-1
460	1.7E-4	3.6E-1	1.7E-1	9.8E-2	1.8E-4	9.1E-3	2.6E-1
470	1.8E-4	3.7E-1	1.8E-1	1.0E-1	1.8E-4	9.1E-3	2.6E-1
480	1.8E-4	3.7E-1	1.9E-1	1.0E-1	1.8E-4	9.0E-3	2.6E-1
490	1.8E-4	3.8E-1	1.9E-1	1.1E-1	1.9E-4	9.0E-3	2.6E-1
500	1.8E-4	3.9E-1	2.0E-1	1.1E-1	1.9E-4	8.9E-3	2.6E-1
510	1.9E-4	3.9E-1	2.1E-1	1.2E-1	1.9E-4	8.9E-3	2.6E-1
520	1.9E-4	4.0E-1	2.1E-1	1.2E-1	1.9E-4	8.9E-3	2.6E-1
530	1.9E-4	4.0E-1	2.2E-1	1.2E-1	2.0E-4	8.8E-3	2.5E-1
540	1.9E-4	4.1E-1	2.3E-1	1.3E-1	2.0E-4	8.8E-3	2.5E-1
550	2.0E-4	4.1E-1	2.4E-1	1.3E-1	2.0E-4	8.7E-3	2.5E-1
560	2.0E-4	4.2E-1	2.5E-1	1.4E-1	2.0E-4	8.7E-3	2.5E-1
570	2.0E-4	4.2E-1	2.5E-1	1.4E-1	2.1E-4	8.7E-3	2.5E-1
580	2.0E-4	4.3E-1	2.6E-1	1.5E-1	2.1E-4	8.6E-3	2.5E-1
590	2.1E-4	4.3E-1	2.7E-1	1.5E-1	2.1E-4	8.6E-3	2.5E-1
600	2.1E-4	4.4E-1	2.8E-1	1.6E-1	2.2E-4	8.6E-3	2.4E-1
610	2.1E-4	4.5E-1	2.9E-1	1.6E-1	2.2E-4	8.5E-3	2.4E-1
620	2.1E-4	4.5E-1	3.0E-1	1.7E-1	2.2E-4	8.5E-3	2.4E-1
630	2.2E-4	4.6E-1	3.1E-1	1.7E-1	2.2E-4	8.5E-3	2.4E-1
640	2.2E-4	4.6E-1	3.3E-1	1.8E-1	2.3E-4	8.5E-3	2.4E-1
650	2.2E-4	4.7E-1	3.4E-1	1.8E-1	2.3E-4	8.4E-3	2.4E-1
660	2.2E-4	4.7E-1	3.5E-1	1.9E-1	2.3E-4	8.4E-3	2.4E-1
670	2.3E-4	4.8E-1	3.6E-1	2.0E-1	2.3E-4	8.4E-3	2.4E-1
680	2.3E-4	4.8E-1	3.7E-1	2.0E-1	2.4E-4	8.4E-3	2.4E-1
690	2.3E-4	4.9E-1	3.9E-1	2.1E-1	2.4E-4	8.3E-3	2.4E-1
700	2.3E-4	5.0E-1	4.0E-1	2.2E-1	2.4E-4	8.3E-3	2.3E-1
710	2.4E-4	5.0E-1	4.1E-1	2.2E-1	2.4E-4	8.3E-3	2.3E-1
720	2.4E-4	5.1E-1	4.3E-1	2.3E-1	2.5E-4	8.3E-3	2.3E-1
730	2.4E-4	5.1E-1	4.4E-1	2.4E-1	2.5E-4	8.2E-3	2.3E-1
740	2.4E-4	5.2E-1	4.6E-1	2.5E-1	2.5E-4	8.2E-3	2.3E-1
750	2.5E-4	5.2E-1	4.8E-1	2.5E-1	2.6E-4	8.2E-3	2.3E-1
760	2.5E-4	5.3E-1	4.9E-1	2.6E-1	2.6E-4	8.2E-3	2.3E-1
770	2.5E-4	5.3E-1	5.1E-1	2.7E-1	2.6E-4	8.1E-3	2.3E-1
780	2.5E-4	5.4E-1	5.3E-1	2.8E-1	2.6E-4	8.1E-3	2.3E-1
790	2.6E-4	5.4E-1	5.5E-1	2.9E-1	2.7E-4	8.1E-3	2.3E-1
800	2.6E-4	5.5E-1	5.7E-1	3.0E-1	2.7E-4	8.1E-3	2.3E-1
810	2.6E-4	5.5E-1	5.9E-1	3.1E-1	2.7E-4	8.1E-3	2.3E-1
820	2.6E-4	5.6E-1	6.1E-1	3.2E-1	2.7E-4	8.0E-3	2.3E-1
830	2.6E-4	5.6E-1	6.3E-1	3.3E-1	2.8E-4	8.0E-3	2.2E-1
840	2.7E-4	5.7E-1	6.5E-1	3.4E-1	2.8E-4	8.0E-3	2.2E-1
850	2.7E-4	5.7E-1	6.8E-1	3.5E-1	2.8E-4	8.0E-3	2.2E-1
860	2.7E-4	5.8E-1	7.0E-1	3.6E-1	2.8E-4	8.0E-3	2.2E-1
870	2.7E-4	5.9E-1	7.2E-1	3.7E-1	2.9E-4	8.0E-3	2.2E-1
880	2.8E-4	5.9E-1	7.5E-1	3.8E-1	2.9E-4	7.9E-3	2.2E-1
890	2.8E-4	6.0E-1	7.8E-1	3.9E-1	2.9E-4	7.9E-3	2.2E-1
900	2.8E-4	6.0E-1	8.0E-1	4.0E-1	2.9E-4	7.9E-3	2.2E-1
910	2.8E-4	6.1E-1	8.3E-1	4.1E-1	3.0E-4	7.9E-3	2.2E-1
920	2.9E-4	6.1E-1	8.6E-1	4.3E-1	3.0E-4	7.9E-3	2.2E-1
930	2.9E-4	6.2E-1	8.9E-1	4.4E-1	3.0E-4	7.9E-3	2.2E-1
940	2.9E-4	6.2E-1	9.2E-1	4.5E-1	3.0E-4	7.9E-3	2.2E-1
950	2.9E-4	6.3E-1	9.6E-1	4.6E-1	3.1E-4	7.8E-3	2.2E-1
960	2.9E-4	6.3E-1	9.9E-1	4.8E-1	3.1E-4	7.8E-3	2.2E-1
970	3.0E-4	6.4E-1	1.0E+0	4.9E-1	3.1E-4	7.8E-3	2.2E-1
980	3.0E-4	6.4E-1	1.1E+0	5.1E-1	3.1E-4	7.8E-3	2.2E-1
990	3.0E-4	6.5E-1	1.1E+0	5.2E-1	3.2E-4	7.8E-3	2.1E-1
1000	3.0E-4	6.5E-1	1.1E+0	5.3E-1	3.2E-4	7.8E-3	2.1E-1
1010	3.1E-4	6.6E-1	1.2E+0	5.5E-1	3.2E-4	7.8E-3	2.1E-1
1020	3.1E-4	6.6E-1	1.2E+0	5.7E-1	3.2E-4	7.7E-3	2.1E-1
1030	3.1E-4	6.7E-1	1.3E+0	5.8E-1	3.3E-4	7.7E-3	2.1E-1
1040	3.1E-4	6.7E-1	1.3E+0	6.0E-1	3.3E-4	7.7E-3	2.1E-1
1050	3.1E-4	6.8E-1	1.4E+0	6.1E-1	3.3E-4	7.7E-3	2.1E-1
1060	3.2E-4	6.8E-1	1.4E+0	6.3E-1	3.3E-4	7.7E-3	2.1E-1
1070	3.2E-4	6.9E-1	1.5E+0	6.5E-1	3.4E-4	7.7E-3	2.1E-1
1080	3.2E-4	6.9E-1	1.5E+0	6.6E-1	3.4E-4	7.7E-3	2.1E-1
1090	3.2E-4	7.0E-1	1.6E+0	6.8E-1	3.4E-4	7.7E-3	2.1E-1
1095	3.2E-4	7.0E-1	1.6E+0	6.9E-1	3.4E-4	7.7E-3	2.1E-1
1100	3.3E-4	7.0E-1	1.6E+0	7.0E-1	3.4E-4	7.7E-3	2.1E-1
1200	3.5E-4	7.5E-1	2.3E+0	8.9E-1	3.7E-4	7.6E-3	2.1E-1
1300	3.7E-4	8.0E-1	3.2E+0	1.1E+0	3.9E-4	7.5E-3	2.0E-1
1400	3.9E-4	8.5E-1	4.5E+0	1.3E+0	4.2E-4	7.4E-3	2.0E-1
1500	4.1E-4	8.9E-1	6.3E+0	1.5E+0	4.4E-4	7.4E-3	2.0E-1
1600	4.3E-4	9.4E-1	8.8E+0	1.7E+0	4.7E-4	7.4E-3	2.0E-1
1700	4.6E-4	1.0E+0	1.2E+1	1.8E+0	4.9E-4	7.3E-3	1.9E-1
1800	4.8E-4	1.0E+0	1.7E+1	2.0E+0	5.2E-4	7.3E-3	1.9E-1
1900	5.0E-4	1.1E+0	2.3E+1	2.1E+0	5.5E-4	7.3E-3	1.9E-1
2000	5.3E-4	1.2E+0	3.1E+1	2.1E+0	5.8E-4	7.3E-3	1.9E-1
2100	5.5E-4	1.2E+0	4.2E+1	2.2E+0	6.1E-4	7.3E-3	1.9E-1
2200	5.8E-4	1.3E+0	5.5E+1	2.2E+0	6.4E-4	7.4E-3	1.9E-1
2300	6.0E-4	1.3E+0	7.1E+1	2.2E+0	6.7E-4	7.4E-3	1.9E-1
2400	6.3E-4	1.4E+0	8.9E+1	2.2E+0	7.1E-4	7.4E-3	1.9E-1
2500	6.6E-4	1.5E+0	1.1E+2	2.2E+0	7.4E-4	7.4E-3	1.9E-1
2600	6.9E-4	1.6E+0	1.3E+2	2.2E+0	7.8E-4	7.5E-3	1.9E-1
2700	7.2E-4	1.6E+0	1.6E+2	2.2E+0	8.2E-4	7.5E-3	1.9E-1
2800	7.6E-4	1.7E+0	1.8E+2	2.2E+0	8.6E-4	7.6E-3	1.9E-1
2900	7.9E-4	1.8E+0	2.1E+2	2.2E+0	9.1E-4	7.6E-3	1.9E-1
3000	8.3E-4	1.9E+0	2.3E+2	2.2E+0	9.5E-4	7.7E-3	1.9E-1
3100	8.6E-4	2.0E+0	2.6E+2	2.2E+0	1.0E-3	7.7E-3	2.0E-1
3200	9.0E-4	2.1E+0	2.8E+2	2.2E+0	1.1E-3	7.8E-3	2.0E-1
3300	9.4E-4	2.2E+0	3.0E+2	2.2E+0	1.1E-3	7.9E-3	2.0E-1
3400	9.9E-4	2.3E+0	3.2E+2	2.2E+0	1.2E-3	7.9E-3	2.0E-1
3500	1.0E-3	2.4E+0	3.4E+2	2.2E+0	1.2E-3	8.0E-3	2.0E-1
3600	1.1E-3	2.5E+0	3.7E+2	2.2E+0	1.3E-3	8.1E-3	2.0E-1
3650	1.1E-3	2.6E+0	3.8E+2	2.2E+0	1.3E-3	8.1E-3	2.0E-1
4000	1.3E-3	3.0E+0	4.5E+2	2.2E+0	1.6E-3	8.4E-3	2.1E-1
5000	1.9E-3	4.9E+0	7.4E+2	2.2E+0	2.6E-3	9.3E-3	2.3E-1
6000	2.8E-3	7.8E+0	1.2E+3	2.2E+0	4.3E-3	1.0E-2	2.7E-1
7000	3.9E-3	1.2E+1	1.9E+3	2.2E+0	7.0E-3	1.2E-2	3.1E-1
8000	5.3E-3	1.9E+1	2.9E+3	2.2E+0	1.2E-2	1.3E-2	3.7E-1
9000	6.8E-3	3.0E+1	4.5E+3	2.2E+0	1.9E-2	1.4E-2	4.3E-1
10000	8.4E-3	4.4E+1	6.7E+3	2.3E+0	3.1E-2	1.6E-2	5.2E-1
11000	1.0E-2	6.4E+1	9.7E+3	2.3E+0	5.2E-2	1.8E-2	6.1E-1
12000	1.2E-2	9.0E+1	1.4E+4	2.4E+0	8.5E-2	1.9E-2	7.3E-1
13000	1.3E-2	1.2E+2	1.8E+4	2.4E+0	1.4E-1	2.1E-2	8.8E-1
14000	1.4E-2	1.6E+2	2.3E+4	2.4E+0	2.2E-1	2.3E-2	1.1E+0
15000	1.6E-2	1.9E+2	2.9E+4	2.5E+0	3.6E-1	2.5E-2	1.3E+0
16000	1.7E-2	2.3E+2	3.5E+4	2.5E+0	5.7E-1	2.7E-2	1.5E+0
17000	1.8E-2	2.7E+2	4.1E+4	2.6E+0	8.9E-1	3.0E-2	1.8E+0
18000	1.9E-2	3.1E+2	4.6E+4	2.6E+0	1.3E+0	3.2E-2	2.2E+0
18250	2.0E-2	3.2E+2	4.8E+4	2.6E+0	1.5E+0	3.3E-2	2.3E+0
Radionuclide	U-235
Route of Intake	Inhalation
Material	Aerosols Intermediate Type M/S: Uranium octoxide, uranium dioxide, fA=6E-4
AMTD/AMAD, µm	0.3

Committed Effective Dose per Predicted Content in an Organ or Excreta Sample (Dose per Content Functions z(t)), Sv/Bq
Time, days	Whole Body	Urine (24-hour sample)	Faeces (24-hour sample)	Alimentary Tract*	Lungs*	Skeleton*	Liver*
0.041667	3.5E-5	-	-	2.4E-4	5.6E-5	4.8E-1	7.2E-1
0.083333	3.5E-5	-	-	2.1E-4	5.7E-5	2.2E-1	5.3E-1
0.125	3.5E-5	-	-	1.9E-4	5.7E-5	1.4E-1	4.4E-1
0.25	3.6E-5	-	-	1.6E-4	5.8E-5	6.9E-2	3.3E-1
0.375	3.6E-5	-	-	1.4E-4	5.8E-5	4.6E-2	2.7E-1
0.5	3.7E-5	-	-	1.3E-4	5.9E-5	3.5E-2	2.3E-1
0.625	3.7E-5	-	-	1.3E-4	5.9E-5	2.9E-2	2.1E-1
0.75	3.8E-5	-	-	1.2E-4	5.9E-5	2.5E-2	1.9E-1
0.875	3.8E-5	-	-	1.2E-4	6.0E-5	2.3E-2	1.8E-1
1	3.9E-5	5.1E-3	7.6E-4	1.3E-4	6.0E-5	2.1E-2	1.7E-1
1.125	4.0E-5	-	-	1.3E-4	6.0E-5	1.9E-2	1.6E-1
1.25	4.1E-5	-	-	1.4E-4	6.1E-5	1.8E-2	1.6E-1
1.375	4.2E-5	-	-	1.5E-4	6.1E-5	1.7E-2	1.5E-1
1.5	4.3E-5	-	-	1.6E-4	6.1E-5	1.7E-2	1.5E-1
1.625	4.4E-5	-	-	1.7E-4	6.2E-5	1.6E-2	1.5E-1
1.75	4.5E-5	-	-	1.8E-4	6.2E-5	1.6E-2	1.5E-1
1.875	4.7E-5	-	-	2.0E-4	6.2E-5	1.6E-2	1.4E-1
2	4.8E-5	9.6E-3	2.3E-4	2.2E-4	6.2E-5	1.5E-2	1.4E-1
2.25	5.0E-5	-	-	2.6E-4	6.3E-5	1.5E-2	1.4E-1
2.5	5.2E-5	-	-	3.2E-4	6.3E-5	1.4E-2	1.4E-1
2.75	5.4E-5	-	-	4.0E-4	6.4E-5	1.4E-2	1.4E-1
3	5.6E-5	2.1E-2	3.3E-4	4.9E-4	6.4E-5	1.4E-2	1.4E-1
3.25	5.8E-5	-	-	6.1E-4	6.4E-5	1.4E-2	1.4E-1
3.5	5.9E-5	-	-	7.4E-4	6.5E-5	1.4E-2	1.4E-1
3.75	6.0E-5	-	-	8.9E-4	6.5E-5	1.4E-2	1.4E-1
4	6.1E-5	3.8E-2	7.2E-4	1.0E-3	6.5E-5	1.4E-2	1.5E-1
4.25	6.2E-5	-	-	1.2E-3	6.6E-5	1.4E-2	1.5E-1
4.5	6.2E-5	-	-	1.4E-3	6.6E-5	1.4E-2	1.5E-1
4.75	6.3E-5	-	-	1.5E-3	6.6E-5	1.4E-2	1.5E-1
5	6.3E-5	5.5E-2	1.6E-3	1.7E-3	6.7E-5	1.4E-2	1.5E-1
5.5	6.4E-5	-	-	2.0E-3	6.7E-5	1.4E-2	1.6E-1
6	6.5E-5	6.8E-2	2.7E-3	2.3E-3	6.8E-5	1.4E-2	1.6E-1
6.5	6.6E-5	-	-	2.6E-3	6.8E-5	1.5E-2	1.7E-1
7	6.6E-5	7.6E-2	3.8E-3	2.8E-3	6.8E-5	1.5E-2	1.7E-1
7.5	6.7E-5	-	-	3.1E-3	6.9E-5	1.5E-2	1.8E-1
8	6.7E-5	8.2E-2	4.7E-3	3.4E-3	6.9E-5	1.5E-2	1.8E-1
8.5	6.7E-5	-	-	3.7E-3	7.0E-5	1.5E-2	1.9E-1
9	6.8E-5	8.7E-2	5.7E-3	4.0E-3	7.0E-5	1.5E-2	1.9E-1
9.5	6.8E-5	-	-	4.3E-3	7.0E-5	1.5E-2	2.0E-1
10	6.9E-5	9.1E-2	6.7E-3	4.7E-3	7.0E-5	1.5E-2	2.0E-1
11	6.9E-5	9.5E-2	7.9E-3	5.5E-3	7.1E-5	1.6E-2	2.1E-1
12	7.0E-5	9.8E-2	9.2E-3	6.3E-3	7.1E-5	1.6E-2	2.2E-1
13	7.0E-5	1.0E-1	1.1E-2	7.2E-3	7.2E-5	1.6E-2	2.3E-1
14	7.1E-5	1.1E-1	1.2E-2	8.2E-3	7.2E-5	1.6E-2	2.4E-1
15	7.1E-5	1.1E-1	1.4E-2	9.3E-3	7.3E-5	1.6E-2	2.5E-1
16	7.2E-5	1.1E-1	1.6E-2	1.0E-2	7.3E-5	1.6E-2	2.6E-1
17	7.2E-5	1.1E-1	1.8E-2	1.1E-2	7.3E-5	1.6E-2	2.7E-1
18	7.2E-5	1.2E-1	1.9E-2	1.3E-2	7.3E-5	1.6E-2	2.8E-1
19	7.3E-5	1.2E-1	2.1E-2	1.4E-2	7.4E-5	1.6E-2	2.9E-1
20	7.3E-5	1.2E-1	2.3E-2	1.5E-2	7.4E-5	1.6E-2	3.0E-1
21	7.3E-5	1.2E-1	2.5E-2	1.6E-2	7.4E-5	1.6E-2	3.1E-1
22	7.3E-5	1.3E-1	2.7E-2	1.6E-2	7.4E-5	1.6E-2	3.2E-1
23	7.4E-5	1.3E-1	2.8E-2	1.7E-2	7.5E-5	1.6E-2	3.3E-1
24	7.4E-5	1.3E-1	3.0E-2	1.8E-2	7.5E-5	1.6E-2	3.4E-1
25	7.4E-5	1.3E-1	3.1E-2	1.9E-2	7.5E-5	1.6E-2	3.4E-1
26	7.4E-5	1.3E-1	3.2E-2	1.9E-2	7.5E-5	1.6E-2	3.5E-1
27	7.4E-5	1.4E-1	3.3E-2	2.0E-2	7.5E-5	1.6E-2	3.6E-1
28	7.5E-5	1.4E-1	3.4E-2	2.0E-2	7.6E-5	1.6E-2	3.6E-1
29	7.5E-5	1.4E-1	3.5E-2	2.1E-2	7.6E-5	1.6E-2	3.7E-1
30	7.5E-5	1.4E-1	3.6E-2	2.1E-2	7.6E-5	1.6E-2	3.8E-1
31	7.5E-5	1.4E-1	3.6E-2	2.1E-2	7.6E-5	1.6E-2	3.8E-1
32	7.5E-5	1.4E-1	3.7E-2	2.2E-2	7.6E-5	1.6E-2	3.9E-1
33	7.6E-5	1.4E-1	3.7E-2	2.2E-2	7.7E-5	1.6E-2	3.9E-1
34	7.6E-5	1.5E-1	3.8E-2	2.2E-2	7.7E-5	1.6E-2	3.9E-1
35	7.6E-5	1.5E-1	3.8E-2	2.2E-2	7.7E-5	1.5E-2	4.0E-1
36	7.6E-5	1.5E-1	3.8E-2	2.2E-2	7.7E-5	1.5E-2	4.0E-1
37	7.6E-5	1.5E-1	3.9E-2	2.3E-2	7.7E-5	1.5E-2	4.0E-1
38	7.7E-5	1.5E-1	3.9E-2	2.3E-2	7.8E-5	1.5E-2	4.1E-1
39	7.7E-5	1.5E-1	3.9E-2	2.3E-2	7.8E-5	1.5E-2	4.1E-1
40	7.7E-5	1.5E-1	4.0E-2	2.3E-2	7.8E-5	1.5E-2	4.1E-1
41	7.7E-5	1.5E-1	4.0E-2	2.3E-2	7.8E-5	1.5E-2	4.1E-1
42	7.7E-5	1.5E-1	4.0E-2	2.3E-2	7.8E-5	1.5E-2	4.1E-1
43	7.7E-5	1.5E-1	4.0E-2	2.3E-2	7.8E-5	1.5E-2	4.1E-1
44	7.8E-5	1.6E-1	4.0E-2	2.3E-2	7.9E-5	1.5E-2	4.2E-1
45	7.8E-5	1.6E-1	4.1E-2	2.3E-2	7.9E-5	1.5E-2	4.2E-1
46	7.8E-5	1.6E-1	4.1E-2	2.4E-2	7.9E-5	1.5E-2	4.2E-1
47	7.8E-5	1.6E-1	4.1E-2	2.4E-2	7.9E-5	1.5E-2	4.2E-1
48	7.8E-5	1.6E-1	4.1E-2	2.4E-2	7.9E-5	1.5E-2	4.2E-1
49	7.9E-5	1.6E-1	4.1E-2	2.4E-2	8.0E-5	1.5E-2	4.2E-1
50	7.9E-5	1.6E-1	4.1E-2	2.4E-2	8.0E-5	1.5E-2	4.2E-1
51	7.9E-5	1.6E-1	4.2E-2	2.4E-2	8.0E-5	1.5E-2	4.2E-1
52	7.9E-5	1.6E-1	4.2E-2	2.4E-2	8.0E-5	1.5E-2	4.2E-1
53	7.9E-5	1.6E-1	4.2E-2	2.4E-2	8.0E-5	1.5E-2	4.2E-1
54	8.0E-5	1.6E-1	4.2E-2	2.4E-2	8.1E-5	1.4E-2	4.2E-1
55	8.0E-5	1.6E-1	4.2E-2	2.4E-2	8.1E-5	1.4E-2	4.2E-1
56	8.0E-5	1.6E-1	4.2E-2	2.4E-2	8.1E-5	1.4E-2	4.2E-1
57	8.0E-5	1.6E-1	4.2E-2	2.5E-2	8.1E-5	1.4E-2	4.2E-1
58	8.0E-5	1.6E-1	4.3E-2	2.5E-2	8.1E-5	1.4E-2	4.2E-1
59	8.1E-5	1.6E-1	4.3E-2	2.5E-2	8.2E-5	1.4E-2	4.2E-1
60	8.1E-5	1.6E-1	4.3E-2	2.5E-2	8.2E-5	1.4E-2	4.2E-1
61	8.1E-5	1.7E-1	4.3E-2	2.5E-2	8.2E-5	1.4E-2	4.2E-1
62	8.1E-5	1.7E-1	4.3E-2	2.5E-2	8.2E-5	1.4E-2	4.2E-1
63	8.1E-5	1.7E-1	4.3E-2	2.5E-2	8.2E-5	1.4E-2	4.2E-1
64	8.1E-5	1.7E-1	4.4E-2	2.5E-2	8.3E-5	1.4E-2	4.2E-1
65	8.2E-5	1.7E-1	4.4E-2	2.5E-2	8.3E-5	1.4E-2	4.2E-1
66	8.2E-5	1.7E-1	4.4E-2	2.5E-2	8.3E-5	1.4E-2	4.2E-1
67	8.2E-5	1.7E-1	4.4E-2	2.5E-2	8.3E-5	1.4E-2	4.2E-1
68	8.2E-5	1.7E-1	4.4E-2	2.6E-2	8.3E-5	1.4E-2	4.1E-1
69	8.2E-5	1.7E-1	4.4E-2	2.6E-2	8.3E-5	1.4E-2	4.1E-1
70	8.3E-5	1.7E-1	4.4E-2	2.6E-2	8.4E-5	1.4E-2	4.1E-1
71	8.3E-5	1.7E-1	4.5E-2	2.6E-2	8.4E-5	1.4E-2	4.1E-1
72	8.3E-5	1.7E-1	4.5E-2	2.6E-2	8.4E-5	1.4E-2	4.1E-1
73	8.3E-5	1.7E-1	4.5E-2	2.6E-2	8.4E-5	1.4E-2	4.1E-1
74	8.3E-5	1.7E-1	4.5E-2	2.6E-2	8.4E-5	1.4E-2	4.1E-1
75	8.4E-5	1.7E-1	4.5E-2	2.6E-2	8.5E-5	1.4E-2	4.1E-1
76	8.4E-5	1.7E-1	4.5E-2	2.6E-2	8.5E-5	1.4E-2	4.1E-1
77	8.4E-5	1.7E-1	4.6E-2	2.6E-2	8.5E-5	1.4E-2	4.1E-1
78	8.4E-5	1.7E-1	4.6E-2	2.6E-2	8.5E-5	1.4E-2	4.1E-1
79	8.4E-5	1.7E-1	4.6E-2	2.7E-2	8.5E-5	1.4E-2	4.1E-1
80	8.5E-5	1.7E-1	4.6E-2	2.7E-2	8.6E-5	1.3E-2	4.1E-1
81	8.5E-5	1.7E-1	4.6E-2	2.7E-2	8.6E-5	1.3E-2	4.1E-1
82	8.5E-5	1.8E-1	4.6E-2	2.7E-2	8.6E-5	1.3E-2	4.1E-1
83	8.5E-5	1.8E-1	4.7E-2	2.7E-2	8.6E-5	1.3E-2	4.0E-1
84	8.5E-5	1.8E-1	4.7E-2	2.7E-2	8.6E-5	1.3E-2	4.0E-1
85	8.6E-5	1.8E-1	4.7E-2	2.7E-2	8.7E-5	1.3E-2	4.0E-1
86	8.6E-5	1.8E-1	4.7E-2	2.7E-2	8.7E-5	1.3E-2	4.0E-1
87	8.6E-5	1.8E-1	4.7E-2	2.7E-2	8.7E-5	1.3E-2	4.0E-1
88	8.6E-5	1.8E-1	4.7E-2	2.7E-2	8.7E-5	1.3E-2	4.0E-1
89	8.6E-5	1.8E-1	4.8E-2	2.7E-2	8.8E-5	1.3E-2	4.0E-1
90	8.7E-5	1.8E-1	4.8E-2	2.8E-2	8.8E-5	1.3E-2	4.0E-1
91	8.7E-5	1.8E-1	4.8E-2	2.8E-2	8.8E-5	1.3E-2	4.0E-1
92	8.7E-5	1.8E-1	4.8E-2	2.8E-2	8.8E-5	1.3E-2	4.0E-1
93	8.7E-5	1.8E-1	4.8E-2	2.8E-2	8.8E-5	1.3E-2	4.0E-1
94	8.7E-5	1.8E-1	4.8E-2	2.8E-2	8.9E-5	1.3E-2	4.0E-1
95	8.8E-5	1.8E-1	4.9E-2	2.8E-2	8.9E-5	1.3E-2	4.0E-1
96	8.8E-5	1.8E-1	4.9E-2	2.8E-2	8.9E-5	1.3E-2	4.0E-1
97	8.8E-5	1.8E-1	4.9E-2	2.8E-2	8.9E-5	1.3E-2	3.9E-1
98	8.8E-5	1.8E-1	4.9E-2	2.8E-2	8.9E-5	1.3E-2	3.9E-1
99	8.8E-5	1.8E-1	4.9E-2	2.8E-2	9.0E-5	1.3E-2	3.9E-1
100	8.9E-5	1.8E-1	4.9E-2	2.9E-2	9.0E-5	1.3E-2	3.9E-1
110	9.1E-5	1.9E-1	5.1E-2	3.0E-2	9.2E-5	1.3E-2	3.9E-1
120	9.3E-5	1.9E-1	5.3E-2	3.1E-2	9.4E-5	1.2E-2	3.8E-1
130	9.5E-5	2.0E-1	5.5E-2	3.2E-2	9.6E-5	1.2E-2	3.7E-1
140	9.7E-5	2.0E-1	5.7E-2	3.3E-2	9.8E-5	1.2E-2	3.7E-1
150	9.9E-5	2.1E-1	5.9E-2	3.4E-2	1.0E-4	1.2E-2	3.6E-1
160	1.0E-4	2.1E-1	6.1E-2	3.5E-2	1.0E-4	1.2E-2	3.6E-1
170	1.0E-4	2.1E-1	6.3E-2	3.6E-2	1.0E-4	1.2E-2	3.5E-1
180	1.1E-4	2.2E-1	6.5E-2	3.8E-2	1.1E-4	1.1E-2	3.4E-1
190	1.1E-4	2.2E-1	6.8E-2	3.9E-2	1.1E-4	1.1E-2	3.4E-1
200	1.1E-4	2.3E-1	7.0E-2	4.0E-2	1.1E-4	1.1E-2	3.4E-1
210	1.1E-4	2.3E-1	7.3E-2	4.2E-2	1.1E-4	1.1E-2	3.3E-1
220	1.1E-4	2.4E-1	7.5E-2	4.3E-2	1.2E-4	1.1E-2	3.3E-1
230	1.2E-4	2.4E-1	7.8E-2	4.5E-2	1.2E-4	1.1E-2	3.2E-1
240	1.2E-4	2.5E-1	8.1E-2	4.6E-2	1.2E-4	1.1E-2	3.2E-1
250	1.2E-4	2.5E-1	8.3E-2	4.8E-2	1.2E-4	1.1E-2	3.2E-1
260	1.2E-4	2.6E-1	8.6E-2	5.0E-2	1.3E-4	1.0E-2	3.1E-1
270	1.3E-4	2.6E-1	9.0E-2	5.1E-2	1.3E-4	1.0E-2	3.1E-1
280	1.3E-4	2.7E-1	9.3E-2	5.3E-2	1.3E-4	1.0E-2	3.1E-1
290	1.3E-4	2.7E-1	9.6E-2	5.5E-2	1.3E-4	1.0E-2	3.0E-1
300	1.3E-4	2.8E-1	9.9E-2	5.7E-2	1.4E-4	1.0E-2	3.0E-1
310	1.4E-4	2.8E-1	1.0E-1	5.9E-2	1.4E-4	1.0E-2	3.0E-1
320	1.4E-4	2.9E-1	1.1E-1	6.1E-2	1.4E-4	9.9E-3	2.9E-1
330	1.4E-4	2.9E-1	1.1E-1	6.3E-2	1.4E-4	9.9E-3	2.9E-1
340	1.4E-4	3.0E-1	1.1E-1	6.5E-2	1.5E-4	9.8E-3	2.9E-1
350	1.5E-4	3.0E-1	1.2E-1	6.8E-2	1.5E-4	9.7E-3	2.9E-1
360	1.5E-4	3.1E-1	1.2E-1	7.0E-2	1.5E-4	9.7E-3	2.8E-1
365	1.5E-4	3.1E-1	1.2E-1	7.1E-2	1.5E-4	9.6E-3	2.8E-1
370	1.5E-4	3.1E-1	1.3E-1	7.2E-2	1.5E-4	9.6E-3	2.8E-1
380	1.5E-4	3.2E-1	1.3E-1	7.5E-2	1.6E-4	9.5E-3	2.8E-1
390	1.6E-4	3.3E-1	1.4E-1	7.7E-2	1.6E-4	9.5E-3	2.8E-1
400	1.6E-4	3.3E-1	1.4E-1	8.0E-2	1.6E-4	9.4E-3	2.8E-1
410	1.6E-4	3.4E-1	1.5E-1	8.3E-2	1.6E-4	9.4E-3	2.7E-1
420	1.6E-4	3.4E-1	1.5E-1	8.6E-2	1.7E-4	9.3E-3	2.7E-1
430	1.7E-4	3.5E-1	1.6E-1	8.9E-2	1.7E-4	9.3E-3	2.7E-1
440	1.7E-4	3.5E-1	1.6E-1	9.2E-2	1.7E-4	9.2E-3	2.7E-1
450	1.7E-4	3.6E-1	1.7E-1	9.5E-2	1.8E-4	9.2E-3	2.7E-1
460	1.7E-4	3.6E-1	1.7E-1	9.8E-2	1.8E-4	9.1E-3	2.7E-1
470	1.8E-4	3.7E-1	1.8E-1	1.0E-1	1.8E-4	9.1E-3	2.6E-1
480	1.8E-4	3.7E-1	1.9E-1	1.1E-1	1.8E-4	9.0E-3	2.6E-1
490	1.8E-4	3.8E-1	1.9E-1	1.1E-1	1.9E-4	9.0E-3	2.6E-1
500	1.8E-4	3.9E-1	2.0E-1	1.1E-1	1.9E-4	9.0E-3	2.6E-1
510	1.9E-4	3.9E-1	2.1E-1	1.2E-1	1.9E-4	8.9E-3	2.6E-1
520	1.9E-4	4.0E-1	2.1E-1	1.2E-1	1.9E-4	8.9E-3	2.6E-1
530	1.9E-4	4.0E-1	2.2E-1	1.2E-1	2.0E-4	8.8E-3	2.5E-1
540	1.9E-4	4.1E-1	2.3E-1	1.3E-1	2.0E-4	8.8E-3	2.5E-1
550	2.0E-4	4.1E-1	2.4E-1	1.3E-1	2.0E-4	8.8E-3	2.5E-1
560	2.0E-4	4.2E-1	2.5E-1	1.4E-1	2.1E-4	8.7E-3	2.5E-1
570	2.0E-4	4.2E-1	2.6E-1	1.4E-1	2.1E-4	8.7E-3	2.5E-1
580	2.0E-4	4.3E-1	2.6E-1	1.5E-1	2.1E-4	8.7E-3	2.5E-1
590	2.1E-4	4.4E-1	2.7E-1	1.5E-1	2.1E-4	8.6E-3	2.5E-1
600	2.1E-4	4.4E-1	2.8E-1	1.6E-1	2.2E-4	8.6E-3	2.5E-1
610	2.1E-4	4.5E-1	2.9E-1	1.6E-1	2.2E-4	8.6E-3	2.4E-1
620	2.1E-4	4.5E-1	3.0E-1	1.7E-1	2.2E-4	8.5E-3	2.4E-1
630	2.2E-4	4.6E-1	3.1E-1	1.7E-1	2.2E-4	8.5E-3	2.4E-1
640	2.2E-4	4.6E-1	3.3E-1	1.8E-1	2.3E-4	8.5E-3	2.4E-1
650	2.2E-4	4.7E-1	3.4E-1	1.8E-1	2.3E-4	8.5E-3	2.4E-1
660	2.2E-4	4.7E-1	3.5E-1	1.9E-1	2.3E-4	8.4E-3	2.4E-1
670	2.3E-4	4.8E-1	3.6E-1	2.0E-1	2.3E-4	8.4E-3	2.4E-1
680	2.3E-4	4.9E-1	3.7E-1	2.0E-1	2.4E-4	8.4E-3	2.4E-1
690	2.3E-4	4.9E-1	3.9E-1	2.1E-1	2.4E-4	8.4E-3	2.4E-1
700	2.3E-4	5.0E-1	4.0E-1	2.2E-1	2.4E-4	8.3E-3	2.4E-1
710	2.4E-4	5.0E-1	4.2E-1	2.2E-1	2.5E-4	8.3E-3	2.3E-1
720	2.4E-4	5.1E-1	4.3E-1	2.3E-1	2.5E-4	8.3E-3	2.3E-1
730	2.4E-4	5.1E-1	4.5E-1	2.4E-1	2.5E-4	8.3E-3	2.3E-1
740	2.4E-4	5.2E-1	4.6E-1	2.5E-1	2.5E-4	8.2E-3	2.3E-1
750	2.5E-4	5.2E-1	4.8E-1	2.5E-1	2.6E-4	8.2E-3	2.3E-1
760	2.5E-4	5.3E-1	5.0E-1	2.6E-1	2.6E-4	8.2E-3	2.3E-1
770	2.5E-4	5.3E-1	5.1E-1	2.7E-1	2.6E-4	8.2E-3	2.3E-1
780	2.5E-4	5.4E-1	5.3E-1	2.8E-1	2.6E-4	8.2E-3	2.3E-1
790	2.6E-4	5.4E-1	5.5E-1	2.9E-1	2.7E-4	8.1E-3	2.3E-1
800	2.6E-4	5.5E-1	5.7E-1	3.0E-1	2.7E-4	8.1E-3	2.3E-1
810	2.6E-4	5.6E-1	5.9E-1	3.1E-1	2.7E-4	8.1E-3	2.3E-1
820	2.6E-4	5.6E-1	6.1E-1	3.2E-1	2.7E-4	8.1E-3	2.3E-1
830	2.7E-4	5.7E-1	6.3E-1	3.3E-1	2.8E-4	8.1E-3	2.3E-1
840	2.7E-4	5.7E-1	6.5E-1	3.4E-1	2.8E-4	8.0E-3	2.2E-1
850	2.7E-4	5.8E-1	6.8E-1	3.5E-1	2.8E-4	8.0E-3	2.2E-1
860	2.7E-4	5.8E-1	7.0E-1	3.6E-1	2.8E-4	8.0E-3	2.2E-1
870	2.7E-4	5.9E-1	7.3E-1	3.7E-1	2.9E-4	8.0E-3	2.2E-1
880	2.8E-4	5.9E-1	7.5E-1	3.8E-1	2.9E-4	8.0E-3	2.2E-1
890	2.8E-4	6.0E-1	7.8E-1	3.9E-1	2.9E-4	8.0E-3	2.2E-1
900	2.8E-4	6.0E-1	8.1E-1	4.0E-1	2.9E-4	7.9E-3	2.2E-1
910	2.8E-4	6.1E-1	8.3E-1	4.2E-1	3.0E-4	7.9E-3	2.2E-1
920	2.9E-4	6.1E-1	8.6E-1	4.3E-1	3.0E-4	7.9E-3	2.2E-1
930	2.9E-4	6.2E-1	9.0E-1	4.4E-1	3.0E-4	7.9E-3	2.2E-1
940	2.9E-4	6.2E-1	9.3E-1	4.5E-1	3.0E-4	7.9E-3	2.2E-1
950	2.9E-4	6.3E-1	9.6E-1	4.7E-1	3.1E-4	7.9E-3	2.2E-1
960	3.0E-4	6.3E-1	9.9E-1	4.8E-1	3.1E-4	7.8E-3	2.2E-1
970	3.0E-4	6.4E-1	1.0E+0	4.9E-1	3.1E-4	7.8E-3	2.2E-1
980	3.0E-4	6.4E-1	1.1E+0	5.1E-1	3.1E-4	7.8E-3	2.2E-1
990	3.0E-4	6.5E-1	1.1E+0	5.2E-1	3.2E-4	7.8E-3	2.2E-1
1000	3.0E-4	6.5E-1	1.1E+0	5.4E-1	3.2E-4	7.8E-3	2.2E-1
1010	3.1E-4	6.6E-1	1.2E+0	5.5E-1	3.2E-4	7.8E-3	2.1E-1
1020	3.1E-4	6.6E-1	1.2E+0	5.7E-1	3.2E-4	7.8E-3	2.1E-1
1030	3.1E-4	6.7E-1	1.3E+0	5.8E-1	3.3E-4	7.8E-3	2.1E-1
1040	3.1E-4	6.7E-1	1.3E+0	6.0E-1	3.3E-4	7.7E-3	2.1E-1
1050	3.2E-4	6.8E-1	1.4E+0	6.1E-1	3.3E-4	7.7E-3	2.1E-1
1060	3.2E-4	6.8E-1	1.4E+0	6.3E-1	3.3E-4	7.7E-3	2.1E-1
1070	3.2E-4	6.9E-1	1.5E+0	6.5E-1	3.4E-4	7.7E-3	2.1E-1
1080	3.2E-4	6.9E-1	1.5E+0	6.6E-1	3.4E-4	7.7E-3	2.1E-1
1090	3.2E-4	7.0E-1	1.6E+0	6.8E-1	3.4E-4	7.7E-3	2.1E-1
1095	3.3E-4	7.0E-1	1.6E+0	6.9E-1	3.4E-4	7.7E-3	2.1E-1
1100	3.3E-4	7.0E-1	1.6E+0	7.0E-1	3.4E-4	7.7E-3	2.1E-1
1200	3.5E-4	7.5E-1	2.3E+0	8.9E-1	3.7E-4	7.6E-3	2.1E-1
1300	3.7E-4	8.0E-1	3.2E+0	1.1E+0	3.9E-4	7.5E-3	2.0E-1
1400	3.9E-4	8.5E-1	4.5E+0	1.3E+0	4.2E-4	7.5E-3	2.0E-1
1500	4.1E-4	9.0E-1	6.3E+0	1.5E+0	4.4E-4	7.4E-3	2.0E-1
1600	4.3E-4	9.5E-1	8.8E+0	1.7E+0	4.7E-4	7.4E-3	2.0E-1
1700	4.6E-4	1.0E+0	1.2E+1	1.9E+0	4.9E-4	7.4E-3	1.9E-1
1800	4.8E-4	1.0E+0	1.7E+1	2.0E+0	5.2E-4	7.3E-3	1.9E-1
1900	5.0E-4	1.1E+0	2.3E+1	2.1E+0	5.5E-4	7.3E-3	1.9E-1
2000	5.3E-4	1.2E+0	3.1E+1	2.1E+0	5.8E-4	7.3E-3	1.9E-1
2100	5.5E-4	1.2E+0	4.2E+1	2.2E+0	6.1E-4	7.4E-3	1.9E-1
2200	5.8E-4	1.3E+0	5.5E+1	2.2E+0	6.4E-4	7.4E-3	1.9E-1
2300	6.1E-4	1.3E+0	7.1E+1	2.2E+0	6.7E-4	7.4E-3	1.9E-1
2400	6.3E-4	1.4E+0	9.0E+1	2.3E+0	7.1E-4	7.4E-3	1.9E-1
2500	6.6E-4	1.5E+0	1.1E+2	2.3E+0	7.4E-4	7.5E-3	1.9E-1
2600	6.9E-4	1.6E+0	1.3E+2	2.3E+0	7.8E-4	7.5E-3	1.9E-1
2700	7.3E-4	1.6E+0	1.6E+2	2.3E+0	8.2E-4	7.5E-3	1.9E-1
2800	7.6E-4	1.7E+0	1.8E+2	2.2E+0	8.7E-4	7.6E-3	1.9E-1
2900	7.9E-4	1.8E+0	2.1E+2	2.2E+0	9.1E-4	7.6E-3	1.9E-1
3000	8.3E-4	1.9E+0	2.3E+2	2.2E+0	9.6E-4	7.7E-3	1.9E-1
3100	8.7E-4	2.0E+0	2.6E+2	2.2E+0	1.0E-3	7.7E-3	2.0E-1
3200	9.1E-4	2.1E+0	2.8E+2	2.2E+0	1.1E-3	7.8E-3	2.0E-1
3300	9.5E-4	2.2E+0	3.0E+2	2.2E+0	1.1E-3	7.9E-3	2.0E-1
3400	9.9E-4	2.3E+0	3.2E+2	2.2E+0	1.2E-3	7.9E-3	2.0E-1
3500	1.0E-3	2.4E+0	3.4E+2	2.2E+0	1.2E-3	8.0E-3	2.0E-1
3600	1.1E-3	2.5E+0	3.7E+2	2.2E+0	1.3E-3	8.1E-3	2.0E-1
3650	1.1E-3	2.6E+0	3.8E+2	2.2E+0	1.3E-3	8.1E-3	2.0E-1
4000	1.3E-3	3.1E+0	4.5E+2	2.2E+0	1.6E-3	8.4E-3	2.1E-1
5000	1.9E-3	4.9E+0	7.4E+2	2.2E+0	2.6E-3	9.3E-3	2.4E-1
6000	2.8E-3	7.8E+0	1.2E+3	2.2E+0	4.3E-3	1.0E-2	2.7E-1
7000	3.9E-3	1.2E+1	1.9E+3	2.2E+0	7.1E-3	1.2E-2	3.1E-1
8000	5.3E-3	1.9E+1	2.9E+3	2.2E+0	1.2E-2	1.3E-2	3.7E-1
9000	6.8E-3	3.0E+1	4.5E+3	2.2E+0	1.9E-2	1.4E-2	4.3E-1
10000	8.5E-3	4.4E+1	6.7E+3	2.3E+0	3.2E-2	1.6E-2	5.2E-1
11000	1.0E-2	6.4E+1	9.7E+3	2.3E+0	5.2E-2	1.8E-2	6.2E-1
12000	1.2E-2	9.0E+1	1.4E+4	2.4E+0	8.5E-2	1.9E-2	7.4E-1
13000	1.3E-2	1.2E+2	1.8E+4	2.4E+0	1.4E-1	2.1E-2	8.8E-1
14000	1.4E-2	1.6E+2	2.4E+4	2.4E+0	2.2E-1	2.3E-2	1.1E+0
15000	1.6E-2	1.9E+2	2.9E+4	2.5E+0	3.6E-1	2.5E-2	1.3E+0
16000	1.7E-2	2.3E+2	3.5E+4	2.5E+0	5.7E-1	2.7E-2	1.5E+0
17000	1.8E-2	2.7E+2	4.1E+4	2.6E+0	8.9E-1	3.0E-2	1.8E+0
18000	2.0E-2	3.1E+2	4.6E+4	2.6E+0	1.3E+0	3.2E-2	2.2E+0
18250	2.0E-2	3.2E+2	4.8E+4	2.6E+0	1.5E+0	3.3E-2	2.3E+0
Radionuclide	U-235
Route of Intake	Inhalation
Material	Aerosols Intermediate Type M/S: Uranium octoxide, uranium dioxide, fA=6E-4
AMTD/AMAD, µm	1

Committed Effective Dose per Predicted Content in an Organ or Excreta Sample (Dose per Content Functions z(t)), Sv/Bq
Time, days	Whole Body	Urine (24-hour sample)	Faeces (24-hour sample)	Alimentary Tract*	Lungs*	Skeleton*	Liver*
0.041667	1.5E-5	-	-	5.4E-5	5.9E-5	4.1E-1	6.5E-1
0.083333	1.6E-5	-	-	4.8E-5	6.1E-5	2.0E-1	5.0E-1
0.125	1.6E-5	-	-	4.4E-5	6.2E-5	1.3E-1	4.3E-1
0.25	1.6E-5	-	-	3.7E-5	6.3E-5	6.6E-2	3.2E-1
0.375	1.6E-5	-	-	3.3E-5	6.4E-5	4.5E-2	2.6E-1
0.5	1.7E-5	-	-	3.1E-5	6.5E-5	3.5E-2	2.3E-1
0.625	1.7E-5	-	-	3.0E-5	6.5E-5	2.9E-2	2.1E-1
0.75	1.8E-5	-	-	2.9E-5	6.5E-5	2.5E-2	1.9E-1
0.875	1.8E-5	-	-	3.0E-5	6.6E-5	2.3E-2	1.8E-1
1	1.9E-5	5.1E-3	1.8E-4	3.1E-5	6.6E-5	2.1E-2	1.7E-1
1.125	2.0E-5	-	-	3.2E-5	6.6E-5	2.0E-2	1.7E-1
1.25	2.1E-5	-	-	3.4E-5	6.6E-5	1.9E-2	1.6E-1
1.375	2.2E-5	-	-	3.6E-5	6.7E-5	1.8E-2	1.6E-1
1.5	2.4E-5	-	-	3.9E-5	6.7E-5	1.7E-2	1.5E-1
1.625	2.5E-5	-	-	4.2E-5	6.7E-5	1.7E-2	1.5E-1
1.75	2.7E-5	-	-	4.6E-5	6.7E-5	1.6E-2	1.5E-1
1.875	2.8E-5	-	-	5.1E-5	6.8E-5	1.6E-2	1.5E-1
2	3.0E-5	1.0E-2	5.6E-5	5.7E-5	6.8E-5	1.6E-2	1.5E-1
2.25	3.4E-5	-	-	7.1E-5	6.8E-5	1.5E-2	1.4E-1
2.5	3.9E-5	-	-	9.1E-5	6.9E-5	1.5E-2	1.4E-1
2.75	4.3E-5	-	-	1.2E-4	6.9E-5	1.5E-2	1.4E-1
3	4.7E-5	2.3E-2	8.4E-5	1.6E-4	6.9E-5	1.5E-2	1.5E-1
3.25	5.1E-5	-	-	2.1E-4	7.0E-5	1.4E-2	1.5E-1
3.5	5.5E-5	-	-	2.8E-4	7.0E-5	1.4E-2	1.5E-1
3.75	5.8E-5	-	-	3.7E-4	7.0E-5	1.4E-2	1.5E-1
4	6.1E-5	4.1E-2	2.2E-4	4.9E-4	7.0E-5	1.4E-2	1.5E-1
4.25	6.3E-5	-	-	6.4E-4	7.1E-5	1.5E-2	1.5E-1
4.5	6.5E-5	-	-	8.4E-4	7.1E-5	1.5E-2	1.5E-1
4.75	6.6E-5	-	-	1.1E-3	7.1E-5	1.5E-2	1.6E-1
5	6.7E-5	5.8E-2	6.7E-4	1.3E-3	7.1E-5	1.5E-2	1.6E-1
5.5	6.8E-5	-	-	2.0E-3	7.2E-5	1.5E-2	1.6E-1
6	6.9E-5	7.1E-2	1.9E-3	2.6E-3	7.2E-5	1.5E-2	1.7E-1
6.5	7.0E-5	-	-	3.2E-3	7.3E-5	1.5E-2	1.7E-1
7	7.1E-5	8.0E-2	4.1E-3	3.7E-3	7.3E-5	1.5E-2	1.8E-1
7.5	7.1E-5	-	-	4.1E-3	7.3E-5	1.5E-2	1.8E-1
8	7.2E-5	8.6E-2	6.0E-3	4.5E-3	7.4E-5	1.5E-2	1.9E-1
8.5	7.2E-5	-	-	4.9E-3	7.4E-5	1.6E-2	1.9E-1
9	7.2E-5	9.1E-2	7.6E-3	5.4E-3	7.4E-5	1.6E-2	2.0E-1
9.5	7.3E-5	-	-	5.8E-3	7.5E-5	1.6E-2	2.0E-1
10	7.3E-5	9.5E-2	9.0E-3	6.2E-3	7.5E-5	1.6E-2	2.1E-1
11	7.4E-5	9.9E-2	1.1E-2	7.2E-3	7.5E-5	1.6E-2	2.2E-1
12	7.4E-5	1.0E-1	1.2E-2	8.2E-3	7.6E-5	1.6E-2	2.3E-1
13	7.5E-5	1.1E-1	1.4E-2	9.3E-3	7.6E-5	1.6E-2	2.4E-1
14	7.5E-5	1.1E-1	1.6E-2	1.0E-2	7.6E-5	1.6E-2	2.5E-1
15	7.5E-5	1.1E-1	1.8E-2	1.2E-2	7.7E-5	1.6E-2	2.6E-1
16	7.6E-5	1.2E-1	2.0E-2	1.3E-2	7.7E-5	1.7E-2	2.7E-1
17	7.6E-5	1.2E-1	2.2E-2	1.4E-2	7.7E-5	1.7E-2	2.9E-1
18	7.6E-5	1.2E-1	2.4E-2	1.5E-2	7.8E-5	1.7E-2	3.0E-1
19	7.7E-5	1.3E-1	2.5E-2	1.6E-2	7.8E-5	1.7E-2	3.1E-1
20	7.7E-5	1.3E-1	2.7E-2	1.7E-2	7.8E-5	1.7E-2	3.2E-1
21	7.7E-5	1.3E-1	2.9E-2	1.8E-2	7.8E-5	1.7E-2	3.2E-1
22	7.7E-5	1.3E-1	3.1E-2	1.9E-2	7.8E-5	1.7E-2	3.3E-1
23	7.8E-5	1.3E-1	3.2E-2	1.9E-2	7.9E-5	1.7E-2	3.4E-1
24	7.8E-5	1.4E-1	3.3E-2	2.0E-2	7.9E-5	1.7E-2	3.5E-1
25	7.8E-5	1.4E-1	3.4E-2	2.0E-2	7.9E-5	1.7E-2	3.6E-1
26	7.8E-5	1.4E-1	3.5E-2	2.1E-2	7.9E-5	1.6E-2	3.7E-1
27	7.8E-5	1.4E-1	3.6E-2	2.1E-2	8.0E-5	1.6E-2	3.7E-1
28	7.9E-5	1.4E-1	3.7E-2	2.2E-2	8.0E-5	1.6E-2	3.8E-1
29	7.9E-5	1.5E-1	3.8E-2	2.2E-2	8.0E-5	1.6E-2	3.9E-1
30	7.9E-5	1.5E-1	3.8E-2	2.2E-2	8.0E-5	1.6E-2	3.9E-1
31	7.9E-5	1.5E-1	3.9E-2	2.3E-2	8.0E-5	1.6E-2	4.0E-1
32	7.9E-5	1.5E-1	3.9E-2	2.3E-2	8.1E-5	1.6E-2	4.0E-1
33	8.0E-5	1.5E-1	4.0E-2	2.3E-2	8.1E-5	1.6E-2	4.1E-1
34	8.0E-5	1.5E-1	4.0E-2	2.3E-2	8.1E-5	1.6E-2	4.1E-1
35	8.0E-5	1.5E-1	4.1E-2	2.4E-2	8.1E-5	1.6E-2	4.1E-1
36	8.0E-5	1.6E-1	4.1E-2	2.4E-2	8.1E-5	1.6E-2	4.2E-1
37	8.0E-5	1.6E-1	4.1E-2	2.4E-2	8.2E-5	1.6E-2	4.2E-1
38	8.1E-5	1.6E-1	4.1E-2	2.4E-2	8.2E-5	1.6E-2	4.2E-1
39	8.1E-5	1.6E-1	4.2E-2	2.4E-2	8.2E-5	1.6E-2	4.3E-1
40	8.1E-5	1.6E-1	4.2E-2	2.4E-2	8.2E-5	1.6E-2	4.3E-1
41	8.1E-5	1.6E-1	4.2E-2	2.4E-2	8.2E-5	1.6E-2	4.3E-1
42	8.1E-5	1.6E-1	4.2E-2	2.4E-2	8.3E-5	1.6E-2	4.3E-1
43	8.2E-5	1.6E-1	4.2E-2	2.5E-2	8.3E-5	1.6E-2	4.3E-1
44	8.2E-5	1.6E-1	4.3E-2	2.5E-2	8.3E-5	1.6E-2	4.3E-1
45	8.2E-5	1.6E-1	4.3E-2	2.5E-2	8.3E-5	1.6E-2	4.4E-1
46	8.2E-5	1.6E-1	4.3E-2	2.5E-2	8.3E-5	1.5E-2	4.4E-1
47	8.2E-5	1.7E-1	4.3E-2	2.5E-2	8.4E-5	1.5E-2	4.4E-1
48	8.3E-5	1.7E-1	4.3E-2	2.5E-2	8.4E-5	1.5E-2	4.4E-1
49	8.3E-5	1.7E-1	4.4E-2	2.5E-2	8.4E-5	1.5E-2	4.4E-1
50	8.3E-5	1.7E-1	4.4E-2	2.5E-2	8.4E-5	1.5E-2	4.4E-1
51	8.3E-5	1.7E-1	4.4E-2	2.5E-2	8.4E-5	1.5E-2	4.4E-1
52	8.3E-5	1.7E-1	4.4E-2	2.5E-2	8.5E-5	1.5E-2	4.4E-1
53	8.4E-5	1.7E-1	4.4E-2	2.6E-2	8.5E-5	1.5E-2	4.4E-1
54	8.4E-5	1.7E-1	4.4E-2	2.6E-2	8.5E-5	1.5E-2	4.4E-1
55	8.4E-5	1.7E-1	4.4E-2	2.6E-2	8.5E-5	1.5E-2	4.4E-1
56	8.4E-5	1.7E-1	4.5E-2	2.6E-2	8.5E-5	1.5E-2	4.4E-1
57	8.4E-5	1.7E-1	4.5E-2	2.6E-2	8.6E-5	1.5E-2	4.4E-1
58	8.5E-5	1.7E-1	4.5E-2	2.6E-2	8.6E-5	1.5E-2	4.4E-1
59	8.5E-5	1.7E-1	4.5E-2	2.6E-2	8.6E-5	1.5E-2	4.4E-1
60	8.5E-5	1.7E-1	4.5E-2	2.6E-2	8.6E-5	1.5E-2	4.4E-1
61	8.5E-5	1.7E-1	4.5E-2	2.6E-2	8.6E-5	1.5E-2	4.4E-1
62	8.5E-5	1.7E-1	4.6E-2	2.6E-2	8.7E-5	1.5E-2	4.4E-1
63	8.6E-5	1.8E-1	4.6E-2	2.6E-2	8.7E-5	1.5E-2	4.4E-1
64	8.6E-5	1.8E-1	4.6E-2	2.7E-2	8.7E-5	1.5E-2	4.4E-1
65	8.6E-5	1.8E-1	4.6E-2	2.7E-2	8.7E-5	1.5E-2	4.4E-1
66	8.6E-5	1.8E-1	4.6E-2	2.7E-2	8.7E-5	1.5E-2	4.4E-1
67	8.6E-5	1.8E-1	4.6E-2	2.7E-2	8.8E-5	1.5E-2	4.3E-1
68	8.7E-5	1.8E-1	4.7E-2	2.7E-2	8.8E-5	1.5E-2	4.3E-1
69	8.7E-5	1.8E-1	4.7E-2	2.7E-2	8.8E-5	1.4E-2	4.3E-1
70	8.7E-5	1.8E-1	4.7E-2	2.7E-2	8.8E-5	1.4E-2	4.3E-1
71	8.7E-5	1.8E-1	4.7E-2	2.7E-2	8.8E-5	1.4E-2	4.3E-1
72	8.7E-5	1.8E-1	4.7E-2	2.7E-2	8.9E-5	1.4E-2	4.3E-1
73	8.8E-5	1.8E-1	4.7E-2	2.7E-2	8.9E-5	1.4E-2	4.3E-1
74	8.8E-5	1.8E-1	4.8E-2	2.8E-2	8.9E-5	1.4E-2	4.3E-1
75	8.8E-5	1.8E-1	4.8E-2	2.8E-2	8.9E-5	1.4E-2	4.3E-1
76	8.8E-5	1.8E-1	4.8E-2	2.8E-2	9.0E-5	1.4E-2	4.3E-1
77	8.8E-5	1.8E-1	4.8E-2	2.8E-2	9.0E-5	1.4E-2	4.3E-1
78	8.9E-5	1.8E-1	4.8E-2	2.8E-2	9.0E-5	1.4E-2	4.3E-1
79	8.9E-5	1.8E-1	4.8E-2	2.8E-2	9.0E-5	1.4E-2	4.3E-1
80	8.9E-5	1.8E-1	4.9E-2	2.8E-2	9.0E-5	1.4E-2	4.3E-1
81	8.9E-5	1.8E-1	4.9E-2	2.8E-2	9.1E-5	1.4E-2	4.2E-1
82	8.9E-5	1.8E-1	4.9E-2	2.8E-2	9.1E-5	1.4E-2	4.2E-1
83	9.0E-5	1.8E-1	4.9E-2	2.8E-2	9.1E-5	1.4E-2	4.2E-1
84	9.0E-5	1.9E-1	4.9E-2	2.8E-2	9.1E-5	1.4E-2	4.2E-1
85	9.0E-5	1.9E-1	4.9E-2	2.9E-2	9.1E-5	1.4E-2	4.2E-1
86	9.0E-5	1.9E-1	5.0E-2	2.9E-2	9.2E-5	1.4E-2	4.2E-1
87	9.0E-5	1.9E-1	5.0E-2	2.9E-2	9.2E-5	1.4E-2	4.2E-1
88	9.1E-5	1.9E-1	5.0E-2	2.9E-2	9.2E-5	1.4E-2	4.2E-1
89	9.1E-5	1.9E-1	5.0E-2	2.9E-2	9.2E-5	1.4E-2	4.2E-1
90	9.1E-5	1.9E-1	5.0E-2	2.9E-2	9.3E-5	1.4E-2	4.2E-1
91	9.1E-5	1.9E-1	5.0E-2	2.9E-2	9.3E-5	1.4E-2	4.2E-1
92	9.2E-5	1.9E-1	5.1E-2	2.9E-2	9.3E-5	1.4E-2	4.2E-1
93	9.2E-5	1.9E-1	5.1E-2	2.9E-2	9.3E-5	1.4E-2	4.2E-1
94	9.2E-5	1.9E-1	5.1E-2	2.9E-2	9.3E-5	1.4E-2	4.1E-1
95	9.2E-5	1.9E-1	5.1E-2	3.0E-2	9.4E-5	1.4E-2	4.1E-1
96	9.2E-5	1.9E-1	5.1E-2	3.0E-2	9.4E-5	1.4E-2	4.1E-1
97	9.3E-5	1.9E-1	5.2E-2	3.0E-2	9.4E-5	1.4E-2	4.1E-1
98	9.3E-5	1.9E-1	5.2E-2	3.0E-2	9.4E-5	1.4E-2	4.1E-1
99	9.3E-5	1.9E-1	5.2E-2	3.0E-2	9.4E-5	1.4E-2	4.1E-1
100	9.3E-5	1.9E-1	5.2E-2	3.0E-2	9.5E-5	1.3E-2	4.1E-1
110	9.5E-5	2.0E-1	5.4E-2	3.1E-2	9.7E-5	1.3E-2	4.0E-1
120	9.7E-5	2.0E-1	5.6E-2	3.2E-2	9.9E-5	1.3E-2	4.0E-1
130	1.0E-4	2.1E-1	5.8E-2	3.3E-2	1.0E-4	1.3E-2	3.9E-1
140	1.0E-4	2.1E-1	6.0E-2	3.5E-2	1.0E-4	1.3E-2	3.8E-1
150	1.0E-4	2.2E-1	6.2E-2	3.6E-2	1.1E-4	1.2E-2	3.8E-1
160	1.1E-4	2.2E-1	6.4E-2	3.7E-2	1.1E-4	1.2E-2	3.7E-1
170	1.1E-4	2.3E-1	6.7E-2	3.8E-2	1.1E-4	1.2E-2	3.7E-1
180	1.1E-4	2.3E-1	6.9E-2	4.0E-2	1.1E-4	1.2E-2	3.6E-1
190	1.1E-4	2.4E-1	7.1E-2	4.1E-2	1.2E-4	1.2E-2	3.6E-1
200	1.2E-4	2.4E-1	7.4E-2	4.3E-2	1.2E-4	1.2E-2	3.5E-1
210	1.2E-4	2.5E-1	7.7E-2	4.4E-2	1.2E-4	1.1E-2	3.5E-1
220	1.2E-4	2.5E-1	7.9E-2	4.6E-2	1.2E-4	1.1E-2	3.4E-1
230	1.2E-4	2.6E-1	8.2E-2	4.7E-2	1.3E-4	1.1E-2	3.4E-1
240	1.3E-4	2.6E-1	8.5E-2	4.9E-2	1.3E-4	1.1E-2	3.3E-1
250	1.3E-4	2.7E-1	8.8E-2	5.1E-2	1.3E-4	1.1E-2	3.3E-1
260	1.3E-4	2.7E-1	9.1E-2	5.2E-2	1.3E-4	1.1E-2	3.3E-1
270	1.3E-4	2.8E-1	9.4E-2	5.4E-2	1.4E-4	1.1E-2	3.2E-1
280	1.4E-4	2.8E-1	9.8E-2	5.6E-2	1.4E-4	1.1E-2	3.2E-1
290	1.4E-4	2.9E-1	1.0E-1	5.8E-2	1.4E-4	1.1E-2	3.2E-1
300	1.4E-4	2.9E-1	1.0E-1	6.0E-2	1.4E-4	1.1E-2	3.1E-1
310	1.4E-4	3.0E-1	1.1E-1	6.2E-2	1.5E-4	1.0E-2	3.1E-1
320	1.5E-4	3.0E-1	1.1E-1	6.4E-2	1.5E-4	1.0E-2	3.1E-1
330	1.5E-4	3.1E-1	1.2E-1	6.7E-2	1.5E-4	1.0E-2	3.1E-1
340	1.5E-4	3.1E-1	1.2E-1	6.9E-2	1.5E-4	1.0E-2	3.0E-1
350	1.5E-4	3.2E-1	1.2E-1	7.1E-2	1.6E-4	1.0E-2	3.0E-1
360	1.6E-4	3.3E-1	1.3E-1	7.4E-2	1.6E-4	1.0E-2	3.0E-1
365	1.6E-4	3.3E-1	1.3E-1	7.5E-2	1.6E-4	1.0E-2	3.0E-1
370	1.6E-4	3.3E-1	1.3E-1	7.6E-2	1.6E-4	1.0E-2	3.0E-1
380	1.6E-4	3.4E-1	1.4E-1	7.9E-2	1.7E-4	1.0E-2	2.9E-1
390	1.6E-4	3.4E-1	1.4E-1	8.2E-2	1.7E-4	9.9E-3	2.9E-1
400	1.7E-4	3.5E-1	1.5E-1	8.5E-2	1.7E-4	9.9E-3	2.9E-1
410	1.7E-4	3.5E-1	1.5E-1	8.7E-2	1.7E-4	9.8E-3	2.9E-1
420	1.7E-4	3.6E-1	1.6E-1	9.0E-2	1.8E-4	9.8E-3	2.9E-1
430	1.7E-4	3.7E-1	1.7E-1	9.4E-2	1.8E-4	9.7E-3	2.8E-1
440	1.8E-4	3.7E-1	1.7E-1	9.7E-2	1.8E-4	9.7E-3	2.8E-1
450	1.8E-4	3.8E-1	1.8E-1	1.0E-1	1.8E-4	9.6E-3	2.8E-1
460	1.8E-4	3.8E-1	1.8E-1	1.0E-1	1.9E-4	9.6E-3	2.8E-1
470	1.8E-4	3.9E-1	1.9E-1	1.1E-1	1.9E-4	9.5E-3	2.8E-1
480	1.9E-4	3.9E-1	2.0E-1	1.1E-1	1.9E-4	9.5E-3	2.7E-1
490	1.9E-4	4.0E-1	2.0E-1	1.1E-1	2.0E-4	9.4E-3	2.7E-1
500	1.9E-4	4.1E-1	2.1E-1	1.2E-1	2.0E-4	9.4E-3	2.7E-1
510	2.0E-4	4.1E-1	2.2E-1	1.2E-1	2.0E-4	9.4E-3	2.7E-1
520	2.0E-4	4.2E-1	2.3E-1	1.3E-1	2.0E-4	9.3E-3	2.7E-1
530	2.0E-4	4.2E-1	2.3E-1	1.3E-1	2.1E-4	9.3E-3	2.7E-1
540	2.0E-4	4.3E-1	2.4E-1	1.4E-1	2.1E-4	9.2E-3	2.7E-1
550	2.1E-4	4.3E-1	2.5E-1	1.4E-1	2.1E-4	9.2E-3	2.6E-1
560	2.1E-4	4.4E-1	2.6E-1	1.4E-1	2.2E-4	9.2E-3	2.6E-1
570	2.1E-4	4.5E-1	2.7E-1	1.5E-1	2.2E-4	9.1E-3	2.6E-1
580	2.1E-4	4.5E-1	2.8E-1	1.5E-1	2.2E-4	9.1E-3	2.6E-1
590	2.2E-4	4.6E-1	2.9E-1	1.6E-1	2.2E-4	9.1E-3	2.6E-1
600	2.2E-4	4.6E-1	3.0E-1	1.7E-1	2.3E-4	9.0E-3	2.6E-1
610	2.2E-4	4.7E-1	3.1E-1	1.7E-1	2.3E-4	9.0E-3	2.6E-1
620	2.2E-4	4.8E-1	3.2E-1	1.8E-1	2.3E-4	9.0E-3	2.6E-1
630	2.3E-4	4.8E-1	3.3E-1	1.8E-1	2.4E-4	8.9E-3	2.5E-1
640	2.3E-4	4.9E-1	3.4E-1	1.9E-1	2.4E-4	8.9E-3	2.5E-1
650	2.3E-4	4.9E-1	3.6E-1	1.9E-1	2.4E-4	8.9E-3	2.5E-1
660	2.4E-4	5.0E-1	3.7E-1	2.0E-1	2.4E-4	8.8E-3	2.5E-1
670	2.4E-4	5.0E-1	3.8E-1	2.1E-1	2.5E-4	8.8E-3	2.5E-1
680	2.4E-4	5.1E-1	4.0E-1	2.1E-1	2.5E-4	8.8E-3	2.5E-1
690	2.4E-4	5.2E-1	4.1E-1	2.2E-1	2.5E-4	8.8E-3	2.5E-1
700	2.5E-4	5.2E-1	4.2E-1	2.3E-1	2.6E-4	8.7E-3	2.5E-1
710	2.5E-4	5.3E-1	4.4E-1	2.4E-1	2.6E-4	8.7E-3	2.5E-1
720	2.5E-4	5.3E-1	4.5E-1	2.4E-1	2.6E-4	8.7E-3	2.4E-1
730	2.5E-4	5.4E-1	4.7E-1	2.5E-1	2.6E-4	8.7E-3	2.4E-1
740	2.6E-4	5.4E-1	4.9E-1	2.6E-1	2.7E-4	8.6E-3	2.4E-1
750	2.6E-4	5.5E-1	5.0E-1	2.7E-1	2.7E-4	8.6E-3	2.4E-1
760	2.6E-4	5.5E-1	5.2E-1	2.8E-1	2.7E-4	8.6E-3	2.4E-1
770	2.6E-4	5.6E-1	5.4E-1	2.9E-1	2.8E-4	8.6E-3	2.4E-1
780	2.7E-4	5.7E-1	5.6E-1	2.9E-1	2.8E-4	8.5E-3	2.4E-1
790	2.7E-4	5.7E-1	5.8E-1	3.0E-1	2.8E-4	8.5E-3	2.4E-1
800	2.7E-4	5.8E-1	6.0E-1	3.1E-1	2.8E-4	8.5E-3	2.4E-1
810	2.7E-4	5.8E-1	6.2E-1	3.2E-1	2.9E-4	8.5E-3	2.4E-1
820	2.8E-4	5.9E-1	6.4E-1	3.3E-1	2.9E-4	8.5E-3	2.4E-1
830	2.8E-4	5.9E-1	6.7E-1	3.4E-1	2.9E-4	8.4E-3	2.4E-1
840	2.8E-4	6.0E-1	6.9E-1	3.5E-1	2.9E-4	8.4E-3	2.4E-1
850	2.8E-4	6.0E-1	7.1E-1	3.7E-1	3.0E-4	8.4E-3	2.3E-1
860	2.9E-4	6.1E-1	7.4E-1	3.8E-1	3.0E-4	8.4E-3	2.3E-1
870	2.9E-4	6.2E-1	7.7E-1	3.9E-1	3.0E-4	8.4E-3	2.3E-1
880	2.9E-4	6.2E-1	7.9E-1	4.0E-1	3.1E-4	8.4E-3	2.3E-1
890	2.9E-4	6.3E-1	8.2E-1	4.1E-1	3.1E-4	8.3E-3	2.3E-1
900	3.0E-4	6.3E-1	8.5E-1	4.2E-1	3.1E-4	8.3E-3	2.3E-1
910	3.0E-4	6.4E-1	8.8E-1	4.4E-1	3.1E-4	8.3E-3	2.3E-1
920	3.0E-4	6.4E-1	9.1E-1	4.5E-1	3.2E-4	8.3E-3	2.3E-1
930	3.0E-4	6.5E-1	9.4E-1	4.6E-1	3.2E-4	8.3E-3	2.3E-1
940	3.1E-4	6.5E-1	9.8E-1	4.8E-1	3.2E-4	8.3E-3	2.3E-1
950	3.1E-4	6.6E-1	1.0E+0	4.9E-1	3.2E-4	8.2E-3	2.3E-1
960	3.1E-4	6.6E-1	1.0E+0	5.1E-1	3.3E-4	8.2E-3	2.3E-1
970	3.1E-4	6.7E-1	1.1E+0	5.2E-1	3.3E-4	8.2E-3	2.3E-1
980	3.1E-4	6.7E-1	1.1E+0	5.3E-1	3.3E-4	8.2E-3	2.3E-1
990	3.2E-4	6.8E-1	1.2E+0	5.5E-1	3.3E-4	8.2E-3	2.3E-1
1000	3.2E-4	6.8E-1	1.2E+0	5.7E-1	3.4E-4	8.2E-3	2.3E-1
1010	3.2E-4	6.9E-1	1.2E+0	5.8E-1	3.4E-4	8.2E-3	2.2E-1
1020	3.2E-4	6.9E-1	1.3E+0	6.0E-1	3.4E-4	8.1E-3	2.2E-1
1030	3.3E-4	7.0E-1	1.3E+0	6.1E-1	3.5E-4	8.1E-3	2.2E-1
1040	3.3E-4	7.1E-1	1.4E+0	6.3E-1	3.5E-4	8.1E-3	2.2E-1
1050	3.3E-4	7.1E-1	1.4E+0	6.5E-1	3.5E-4	8.1E-3	2.2E-1
1060	3.3E-4	7.2E-1	1.5E+0	6.6E-1	3.5E-4	8.1E-3	2.2E-1
1070	3.4E-4	7.2E-1	1.5E+0	6.8E-1	3.6E-4	8.1E-3	2.2E-1
1080	3.4E-4	7.3E-1	1.6E+0	7.0E-1	3.6E-4	8.1E-3	2.2E-1
1090	3.4E-4	7.3E-1	1.6E+0	7.2E-1	3.6E-4	8.1E-3	2.2E-1
1095	3.4E-4	7.3E-1	1.7E+0	7.3E-1	3.6E-4	8.1E-3	2.2E-1
1100	3.4E-4	7.4E-1	1.7E+0	7.4E-1	3.6E-4	8.1E-3	2.2E-1
1200	3.6E-4	7.9E-1	2.4E+0	9.3E-1	3.9E-4	8.0E-3	2.2E-1
1300	3.9E-4	8.4E-1	3.4E+0	1.2E+0	4.1E-4	7.9E-3	2.1E-1
1400	4.1E-4	8.9E-1	4.8E+0	1.4E+0	4.4E-4	7.8E-3	2.1E-1
1500	4.3E-4	9.4E-1	6.7E+0	1.6E+0	4.7E-4	7.8E-3	2.1E-1
1600	4.5E-4	9.9E-1	9.3E+0	1.8E+0	4.9E-4	7.7E-3	2.1E-1
1700	4.8E-4	1.0E+0	1.3E+1	1.9E+0	5.2E-4	7.7E-3	2.0E-1
1800	5.0E-4	1.1E+0	1.8E+1	2.1E+0	5.5E-4	7.7E-3	2.0E-1
1900	5.3E-4	1.2E+0	2.4E+1	2.2E+0	5.8E-4	7.7E-3	2.0E-1
2000	5.5E-4	1.2E+0	3.3E+1	2.2E+0	6.1E-4	7.7E-3	2.0E-1
2100	5.8E-4	1.3E+0	4.4E+1	2.3E+0	6.4E-4	7.7E-3	2.0E-1
2200	6.1E-4	1.3E+0	5.8E+1	2.3E+0	6.8E-4	7.7E-3	2.0E-1
2300	6.3E-4	1.4E+0	7.5E+1	2.3E+0	7.1E-4	7.8E-3	2.0E-1
2400	6.6E-4	1.5E+0	9.4E+1	2.4E+0	7.5E-4	7.8E-3	2.0E-1
2500	7.0E-4	1.6E+0	1.2E+2	2.4E+0	7.9E-4	7.8E-3	2.0E-1
2600	7.3E-4	1.6E+0	1.4E+2	2.4E+0	8.3E-4	7.9E-3	2.0E-1
2700	7.6E-4	1.7E+0	1.7E+2	2.4E+0	8.7E-4	7.9E-3	2.0E-1
2800	8.0E-4	1.8E+0	1.9E+2	2.4E+0	9.1E-4	8.0E-3	2.0E-1
2900	8.3E-4	1.9E+0	2.2E+2	2.4E+0	9.6E-4	8.0E-3	2.0E-1
3000	8.7E-4	2.0E+0	2.4E+2	2.3E+0	1.0E-3	8.1E-3	2.0E-1
3100	9.1E-4	2.1E+0	2.7E+2	2.3E+0	1.1E-3	8.1E-3	2.1E-1
3200	9.5E-4	2.2E+0	2.9E+2	2.3E+0	1.1E-3	8.2E-3	2.1E-1
3300	9.9E-4	2.3E+0	3.2E+2	2.3E+0	1.2E-3	8.3E-3	2.1E-1
3400	1.0E-3	2.4E+0	3.4E+2	2.3E+0	1.2E-3	8.3E-3	2.1E-1
3500	1.1E-3	2.5E+0	3.6E+2	2.3E+0	1.3E-3	8.4E-3	2.1E-1
3600	1.1E-3	2.6E+0	3.8E+2	2.3E+0	1.4E-3	8.5E-3	2.1E-1
3650	1.2E-3	2.7E+0	4.0E+2	2.3E+0	1.4E-3	8.5E-3	2.1E-1
4000	1.3E-3	3.2E+0	4.8E+2	2.3E+0	1.7E-3	8.8E-3	2.2E-1
5000	2.0E-3	5.1E+0	7.7E+2	2.3E+0	2.7E-3	9.8E-3	2.5E-1
6000	2.9E-3	8.2E+0	1.2E+3	2.3E+0	4.5E-3	1.1E-2	2.8E-1
7000	4.1E-3	1.3E+1	2.0E+3	2.3E+0	7.5E-3	1.2E-2	3.3E-1
8000	5.6E-3	2.0E+1	3.1E+3	2.3E+0	1.2E-2	1.4E-2	3.9E-1
9000	7.2E-3	3.1E+1	4.7E+3	2.4E+0	2.0E-2	1.5E-2	4.6E-1
10000	8.9E-3	4.7E+1	7.0E+3	2.4E+0	3.3E-2	1.7E-2	5.4E-1
11000	1.1E-2	6.8E+1	1.0E+4	2.4E+0	5.5E-2	1.8E-2	6.5E-1
12000	1.2E-2	9.5E+1	1.4E+4	2.5E+0	8.9E-2	2.0E-2	7.7E-1
13000	1.4E-2	1.3E+2	1.9E+4	2.5E+0	1.5E-1	2.2E-2	9.2E-1
14000	1.5E-2	1.6E+2	2.5E+4	2.6E+0	2.4E-1	2.4E-2	1.1E+0
15000	1.7E-2	2.0E+2	3.1E+4	2.6E+0	3.8E-1	2.6E-2	1.3E+0
16000	1.8E-2	2.4E+2	3.7E+4	2.7E+0	6.0E-1	2.9E-2	1.6E+0
17000	1.9E-2	2.8E+2	4.3E+4	2.7E+0	9.4E-1	3.1E-2	1.9E+0
18000	2.0E-2	3.2E+2	4.9E+4	2.8E+0	1.4E+0	3.4E-2	2.3E+0
18250	2.1E-2	3.3E+2	5.0E+4	2.8E+0	1.6E+0	3.4E-2	2.4E+0
Radionuclide	U-235
Route of Intake	Inhalation
Material	Aerosols Intermediate Type M/S: Uranium octoxide, uranium dioxide, fA=6E-4
AMTD/AMAD, µm	3

Committed Effective Dose per Predicted Content in an Organ or Excreta Sample (Dose per Content Functions z(t)), Sv/Bq
Time, days	Whole Body	Urine (24-hour sample)	Faeces (24-hour sample)	Alimentary Tract*	Lungs*	Skeleton*	Liver*
0.041667	8.4E-6	-	-	2.5E-5	6.3E-5	3.3E-1	5.5E-1
0.083333	8.5E-6	-	-	2.3E-5	6.6E-5	1.8E-1	4.5E-1
0.125	8.6E-6	-	-	2.1E-5	6.8E-5	1.2E-1	3.9E-1
0.25	8.9E-6	-	-	1.7E-5	7.1E-5	6.0E-2	3.0E-1
0.375	9.2E-6	-	-	1.6E-5	7.2E-5	4.2E-2	2.5E-1
0.5	9.4E-6	-	-	1.5E-5	7.3E-5	3.3E-2	2.2E-1
0.625	9.7E-6	-	-	1.4E-5	7.4E-5	2.8E-2	2.0E-1
0.75	1.0E-5	-	-	1.4E-5	7.4E-5	2.4E-2	1.9E-1
0.875	1.0E-5	-	-	1.4E-5	7.4E-5	2.2E-2	1.8E-1
1	1.1E-5	5.0E-3	8.3E-5	1.4E-5	7.5E-5	2.1E-2	1.7E-1
1.125	1.2E-5	-	-	1.5E-5	7.5E-5	1.9E-2	1.7E-1
1.25	1.2E-5	-	-	1.6E-5	7.5E-5	1.8E-2	1.6E-1
1.375	1.3E-5	-	-	1.7E-5	7.6E-5	1.8E-2	1.6E-1
1.5	1.4E-5	-	-	1.8E-5	7.6E-5	1.7E-2	1.5E-1
1.625	1.5E-5	-	-	2.0E-5	7.6E-5	1.7E-2	1.5E-1
1.75	1.6E-5	-	-	2.2E-5	7.7E-5	1.6E-2	1.5E-1
1.875	1.8E-5	-	-	2.4E-5	7.7E-5	1.6E-2	1.5E-1
2	1.9E-5	1.1E-2	2.6E-5	2.7E-5	7.7E-5	1.6E-2	1.5E-1
2.25	2.3E-5	-	-	3.4E-5	7.8E-5	1.5E-2	1.5E-1
2.5	2.8E-5	-	-	4.4E-5	7.8E-5	1.5E-2	1.5E-1
2.75	3.3E-5	-	-	5.8E-5	7.8E-5	1.5E-2	1.5E-1
3	3.8E-5	2.5E-2	4.0E-5	7.6E-5	7.9E-5	1.5E-2	1.5E-1
3.25	4.4E-5	-	-	1.0E-4	7.9E-5	1.5E-2	1.5E-1
3.5	5.0E-5	-	-	1.4E-4	8.0E-5	1.5E-2	1.5E-1
3.75	5.5E-5	-	-	1.9E-4	8.0E-5	1.5E-2	1.5E-1
4	6.0E-5	4.4E-2	1.1E-4	2.6E-4	8.0E-5	1.5E-2	1.5E-1
4.25	6.5E-5	-	-	3.5E-4	8.1E-5	1.5E-2	1.6E-1
4.5	6.8E-5	-	-	4.8E-4	8.1E-5	1.5E-2	1.6E-1
4.75	7.1E-5	-	-	6.4E-4	8.1E-5	1.5E-2	1.6E-1
5	7.3E-5	6.3E-2	3.5E-4	8.5E-4	8.2E-5	1.5E-2	1.6E-1
5.5	7.6E-5	-	-	1.4E-3	8.2E-5	1.5E-2	1.7E-1
6	7.8E-5	7.7E-2	1.2E-3	2.1E-3	8.3E-5	1.5E-2	1.7E-1
6.5	7.9E-5	-	-	2.8E-3	8.3E-5	1.6E-2	1.8E-1
7	8.0E-5	8.6E-2	3.1E-3	3.5E-3	8.4E-5	1.6E-2	1.8E-1
7.5	8.1E-5	-	-	4.1E-3	8.4E-5	1.6E-2	1.9E-1
8	8.2E-5	9.3E-2	5.6E-3	4.6E-3	8.5E-5	1.6E-2	2.0E-1
8.5	8.2E-5	-	-	5.1E-3	8.5E-5	1.6E-2	2.0E-1
9	8.3E-5	9.8E-2	7.6E-3	5.5E-3	8.5E-5	1.6E-2	2.1E-1
9.5	8.3E-5	-	-	6.0E-3	8.6E-5	1.6E-2	2.1E-1
10	8.3E-5	1.0E-1	9.3E-3	6.5E-3	8.6E-5	1.6E-2	2.2E-1
11	8.4E-5	1.1E-1	1.1E-2	7.5E-3	8.6E-5	1.7E-2	2.3E-1
12	8.5E-5	1.1E-1	1.3E-2	8.6E-3	8.7E-5	1.7E-2	2.4E-1
13	8.5E-5	1.2E-1	1.5E-2	9.8E-3	8.7E-5	1.7E-2	2.5E-1
14	8.6E-5	1.2E-1	1.7E-2	1.1E-2	8.8E-5	1.7E-2	2.7E-1
15	8.6E-5	1.2E-1	1.9E-2	1.2E-2	8.8E-5	1.7E-2	2.8E-1
16	8.7E-5	1.3E-1	2.1E-2	1.4E-2	8.9E-5	1.7E-2	2.9E-1
17	8.7E-5	1.3E-1	2.3E-2	1.5E-2	8.9E-5	1.7E-2	3.0E-1
18	8.7E-5	1.3E-1	2.6E-2	1.6E-2	8.9E-5	1.7E-2	3.1E-1
19	8.8E-5	1.4E-1	2.8E-2	1.7E-2	9.0E-5	1.7E-2	3.2E-1
20	8.8E-5	1.4E-1	3.0E-2	1.9E-2	9.0E-5	1.7E-2	3.3E-1
21	8.8E-5	1.4E-1	3.2E-2	2.0E-2	9.0E-5	1.7E-2	3.4E-1
22	8.9E-5	1.5E-1	3.4E-2	2.1E-2	9.0E-5	1.7E-2	3.6E-1
23	8.9E-5	1.5E-1	3.6E-2	2.2E-2	9.1E-5	1.7E-2	3.6E-1
24	8.9E-5	1.5E-1	3.7E-2	2.2E-2	9.1E-5	1.7E-2	3.7E-1
25	8.9E-5	1.5E-1	3.9E-2	2.3E-2	9.1E-5	1.7E-2	3.8E-1
26	9.0E-5	1.6E-1	4.0E-2	2.4E-2	9.1E-5	1.7E-2	3.9E-1
27	9.0E-5	1.6E-1	4.1E-2	2.4E-2	9.2E-5	1.7E-2	4.0E-1
28	9.0E-5	1.6E-1	4.2E-2	2.5E-2	9.2E-5	1.7E-2	4.1E-1
29	9.0E-5	1.6E-1	4.3E-2	2.5E-2	9.2E-5	1.7E-2	4.2E-1
30	9.1E-5	1.7E-1	4.4E-2	2.6E-2	9.2E-5	1.7E-2	4.2E-1
31	9.1E-5	1.7E-1	4.5E-2	2.6E-2	9.3E-5	1.7E-2	4.3E-1
32	9.1E-5	1.7E-1	4.5E-2	2.6E-2	9.3E-5	1.7E-2	4.3E-1
33	9.1E-5	1.7E-1	4.6E-2	2.7E-2	9.3E-5	1.7E-2	4.4E-1
34	9.1E-5	1.7E-1	4.6E-2	2.7E-2	9.3E-5	1.7E-2	4.4E-1
35	9.2E-5	1.7E-1	4.7E-2	2.7E-2	9.3E-5	1.7E-2	4.5E-1
36	9.2E-5	1.8E-1	4.7E-2	2.7E-2	9.4E-5	1.7E-2	4.5E-1
37	9.2E-5	1.8E-1	4.7E-2	2.7E-2	9.4E-5	1.7E-2	4.6E-1
38	9.2E-5	1.8E-1	4.8E-2	2.8E-2	9.4E-5	1.7E-2	4.6E-1
39	9.3E-5	1.8E-1	4.8E-2	2.8E-2	9.4E-5	1.7E-2	4.6E-1
40	9.3E-5	1.8E-1	4.8E-2	2.8E-2	9.5E-5	1.7E-2	4.7E-1
41	9.3E-5	1.8E-1	4.8E-2	2.8E-2	9.5E-5	1.7E-2	4.7E-1
42	9.3E-5	1.8E-1	4.9E-2	2.8E-2	9.5E-5	1.7E-2	4.7E-1
43	9.4E-5	1.8E-1	4.9E-2	2.8E-2	9.5E-5	1.7E-2	4.7E-1
44	9.4E-5	1.8E-1	4.9E-2	2.8E-2	9.6E-5	1.7E-2	4.8E-1
45	9.4E-5	1.9E-1	4.9E-2	2.8E-2	9.6E-5	1.7E-2	4.8E-1
46	9.4E-5	1.9E-1	5.0E-2	2.9E-2	9.6E-5	1.7E-2	4.8E-1
47	9.4E-5	1.9E-1	5.0E-2	2.9E-2	9.6E-5	1.6E-2	4.8E-1
48	9.5E-5	1.9E-1	5.0E-2	2.9E-2	9.6E-5	1.6E-2	4.8E-1
49	9.5E-5	1.9E-1	5.0E-2	2.9E-2	9.7E-5	1.6E-2	4.8E-1
50	9.5E-5	1.9E-1	5.0E-2	2.9E-2	9.7E-5	1.6E-2	4.8E-1
51	9.5E-5	1.9E-1	5.0E-2	2.9E-2	9.7E-5	1.6E-2	4.8E-1
52	9.6E-5	1.9E-1	5.1E-2	2.9E-2	9.7E-5	1.6E-2	4.8E-1
53	9.6E-5	1.9E-1	5.1E-2	2.9E-2	9.8E-5	1.6E-2	4.8E-1
54	9.6E-5	1.9E-1	5.1E-2	2.9E-2	9.8E-5	1.6E-2	4.8E-1
55	9.6E-5	1.9E-1	5.1E-2	3.0E-2	9.8E-5	1.6E-2	4.8E-1
56	9.6E-5	1.9E-1	5.1E-2	3.0E-2	9.8E-5	1.6E-2	4.8E-1
57	9.7E-5	2.0E-1	5.2E-2	3.0E-2	9.9E-5	1.6E-2	4.8E-1
58	9.7E-5	2.0E-1	5.2E-2	3.0E-2	9.9E-5	1.6E-2	4.8E-1
59	9.7E-5	2.0E-1	5.2E-2	3.0E-2	9.9E-5	1.6E-2	4.8E-1
60	9.7E-5	2.0E-1	5.2E-2	3.0E-2	9.9E-5	1.6E-2	4.8E-1
61	9.8E-5	2.0E-1	5.2E-2	3.0E-2	9.9E-5	1.6E-2	4.8E-1
62	9.8E-5	2.0E-1	5.3E-2	3.0E-2	1.0E-4	1.6E-2	4.8E-1
63	9.8E-5	2.0E-1	5.3E-2	3.0E-2	1.0E-4	1.6E-2	4.8E-1
64	9.8E-5	2.0E-1	5.3E-2	3.1E-2	1.0E-4	1.6E-2	4.8E-1
65	9.9E-5	2.0E-1	5.3E-2	3.1E-2	1.0E-4	1.6E-2	4.8E-1
66	9.9E-5	2.0E-1	5.3E-2	3.1E-2	1.0E-4	1.6E-2	4.8E-1
67	9.9E-5	2.0E-1	5.3E-2	3.1E-2	1.0E-4	1.6E-2	4.8E-1
68	9.9E-5	2.0E-1	5.4E-2	3.1E-2	1.0E-4	1.6E-2	4.8E-1
69	9.9E-5	2.0E-1	5.4E-2	3.1E-2	1.0E-4	1.6E-2	4.8E-1
70	1.0E-4	2.0E-1	5.4E-2	3.1E-2	1.0E-4	1.6E-2	4.8E-1
71	1.0E-4	2.0E-1	5.4E-2	3.1E-2	1.0E-4	1.6E-2	4.8E-1
72	1.0E-4	2.0E-1	5.4E-2	3.1E-2	1.0E-4	1.6E-2	4.8E-1
73	1.0E-4	2.1E-1	5.5E-2	3.2E-2	1.0E-4	1.5E-2	4.7E-1
74	1.0E-4	2.1E-1	5.5E-2	3.2E-2	1.0E-4	1.5E-2	4.7E-1
75	1.0E-4	2.1E-1	5.5E-2	3.2E-2	1.0E-4	1.5E-2	4.7E-1
76	1.0E-4	2.1E-1	5.5E-2	3.2E-2	1.0E-4	1.5E-2	4.7E-1
77	1.0E-4	2.1E-1	5.5E-2	3.2E-2	1.0E-4	1.5E-2	4.7E-1
78	1.0E-4	2.1E-1	5.6E-2	3.2E-2	1.0E-4	1.5E-2	4.7E-1
79	1.0E-4	2.1E-1	5.6E-2	3.2E-2	1.0E-4	1.5E-2	4.7E-1
80	1.0E-4	2.1E-1	5.6E-2	3.2E-2	1.0E-4	1.5E-2	4.7E-1
81	1.0E-4	2.1E-1	5.6E-2	3.2E-2	1.0E-4	1.5E-2	4.7E-1
82	1.0E-4	2.1E-1	5.6E-2	3.3E-2	1.0E-4	1.5E-2	4.7E-1
83	1.0E-4	2.1E-1	5.7E-2	3.3E-2	1.0E-4	1.5E-2	4.7E-1
84	1.0E-4	2.1E-1	5.7E-2	3.3E-2	1.1E-4	1.5E-2	4.7E-1
85	1.0E-4	2.1E-1	5.7E-2	3.3E-2	1.1E-4	1.5E-2	4.7E-1
86	1.0E-4	2.1E-1	5.7E-2	3.3E-2	1.1E-4	1.5E-2	4.6E-1
87	1.0E-4	2.1E-1	5.7E-2	3.3E-2	1.1E-4	1.5E-2	4.6E-1
88	1.0E-4	2.1E-1	5.8E-2	3.3E-2	1.1E-4	1.5E-2	4.6E-1
89	1.0E-4	2.1E-1	5.8E-2	3.3E-2	1.1E-4	1.5E-2	4.6E-1
90	1.0E-4	2.1E-1	5.8E-2	3.3E-2	1.1E-4	1.5E-2	4.6E-1
91	1.0E-4	2.2E-1	5.8E-2	3.4E-2	1.1E-4	1.5E-2	4.6E-1
92	1.0E-4	2.2E-1	5.8E-2	3.4E-2	1.1E-4	1.5E-2	4.6E-1
93	1.1E-4	2.2E-1	5.9E-2	3.4E-2	1.1E-4	1.5E-2	4.6E-1
94	1.1E-4	2.2E-1	5.9E-2	3.4E-2	1.1E-4	1.5E-2	4.6E-1
95	1.1E-4	2.2E-1	5.9E-2	3.4E-2	1.1E-4	1.5E-2	4.6E-1
96	1.1E-4	2.2E-1	5.9E-2	3.4E-2	1.1E-4	1.5E-2	4.6E-1
97	1.1E-4	2.2E-1	5.9E-2	3.4E-2	1.1E-4	1.5E-2	4.6E-1
98	1.1E-4	2.2E-1	6.0E-2	3.4E-2	1.1E-4	1.5E-2	4.6E-1
99	1.1E-4	2.2E-1	6.0E-2	3.5E-2	1.1E-4	1.5E-2	4.5E-1
100	1.1E-4	2.2E-1	6.0E-2	3.5E-2	1.1E-4	1.5E-2	4.5E-1
110	1.1E-4	2.3E-1	6.2E-2	3.6E-2	1.1E-4	1.4E-2	4.5E-1
120	1.1E-4	2.3E-1	6.4E-2	3.7E-2	1.1E-4	1.4E-2	4.4E-1
130	1.1E-4	2.4E-1	6.7E-2	3.8E-2	1.2E-4	1.4E-2	4.3E-1
140	1.2E-4	2.4E-1	6.9E-2	4.0E-2	1.2E-4	1.4E-2	4.3E-1
150	1.2E-4	2.5E-1	7.1E-2	4.1E-2	1.2E-4	1.4E-2	4.2E-1
160	1.2E-4	2.5E-1	7.4E-2	4.3E-2	1.2E-4	1.3E-2	4.1E-1
170	1.2E-4	2.6E-1	7.7E-2	4.4E-2	1.3E-4	1.3E-2	4.1E-1
180	1.3E-4	2.6E-1	7.9E-2	4.6E-2	1.3E-4	1.3E-2	4.0E-1
190	1.3E-4	2.7E-1	8.2E-2	4.7E-2	1.3E-4	1.3E-2	4.0E-1
200	1.3E-4	2.7E-1	8.5E-2	4.9E-2	1.4E-4	1.3E-2	3.9E-1
210	1.4E-4	2.8E-1	8.8E-2	5.1E-2	1.4E-4	1.3E-2	3.9E-1
220	1.4E-4	2.9E-1	9.1E-2	5.3E-2	1.4E-4	1.3E-2	3.8E-1
230	1.4E-4	2.9E-1	9.5E-2	5.4E-2	1.4E-4	1.3E-2	3.8E-1
240	1.4E-4	3.0E-1	9.8E-2	5.6E-2	1.5E-4	1.2E-2	3.7E-1
250	1.5E-4	3.0E-1	1.0E-1	5.8E-2	1.5E-4	1.2E-2	3.7E-1
260	1.5E-4	3.1E-1	1.1E-1	6.0E-2	1.5E-4	1.2E-2	3.7E-1
270	1.5E-4	3.2E-1	1.1E-1	6.2E-2	1.6E-4	1.2E-2	3.6E-1
280	1.5E-4	3.2E-1	1.1E-1	6.5E-2	1.6E-4	1.2E-2	3.6E-1
290	1.6E-4	3.3E-1	1.2E-1	6.7E-2	1.6E-4	1.2E-2	3.5E-1
300	1.6E-4	3.3E-1	1.2E-1	6.9E-2	1.7E-4	1.2E-2	3.5E-1
310	1.6E-4	3.4E-1	1.3E-1	7.2E-2	1.7E-4	1.2E-2	3.5E-1
320	1.7E-4	3.5E-1	1.3E-1	7.4E-2	1.7E-4	1.2E-2	3.5E-1
330	1.7E-4	3.5E-1	1.3E-1	7.7E-2	1.7E-4	1.2E-2	3.4E-1
340	1.7E-4	3.6E-1	1.4E-1	7.9E-2	1.8E-4	1.1E-2	3.4E-1
350	1.8E-4	3.7E-1	1.4E-1	8.2E-2	1.8E-4	1.1E-2	3.4E-1
360	1.8E-4	3.7E-1	1.5E-1	8.5E-2	1.8E-4	1.1E-2	3.3E-1
365	1.8E-4	3.8E-1	1.5E-1	8.6E-2	1.9E-4	1.1E-2	3.3E-1
370	1.8E-4	3.8E-1	1.5E-1	8.8E-2	1.9E-4	1.1E-2	3.3E-1
380	1.8E-4	3.8E-1	1.6E-1	9.1E-2	1.9E-4	1.1E-2	3.3E-1
390	1.9E-4	3.9E-1	1.7E-1	9.4E-2	1.9E-4	1.1E-2	3.3E-1
400	1.9E-4	4.0E-1	1.7E-1	9.7E-2	2.0E-4	1.1E-2	3.2E-1
410	1.9E-4	4.0E-1	1.8E-1	1.0E-1	2.0E-4	1.1E-2	3.2E-1
420	2.0E-4	4.1E-1	1.8E-1	1.0E-1	2.0E-4	1.1E-2	3.2E-1
430	2.0E-4	4.2E-1	1.9E-1	1.1E-1	2.1E-4	1.1E-2	3.2E-1
440	2.0E-4	4.2E-1	2.0E-1	1.1E-1	2.1E-4	1.1E-2	3.2E-1
450	2.1E-4	4.3E-1	2.0E-1	1.2E-1	2.1E-4	1.1E-2	3.1E-1
460	2.1E-4	4.4E-1	2.1E-1	1.2E-1	2.2E-4	1.1E-2	3.1E-1
470	2.1E-4	4.4E-1	2.2E-1	1.2E-1	2.2E-4	1.1E-2	3.1E-1
480	2.1E-4	4.5E-1	2.3E-1	1.3E-1	2.2E-4	1.1E-2	3.1E-1
490	2.2E-4	4.6E-1	2.3E-1	1.3E-1	2.3E-4	1.1E-2	3.1E-1
500	2.2E-4	4.6E-1	2.4E-1	1.4E-1	2.3E-4	1.1E-2	3.0E-1
510	2.2E-4	4.7E-1	2.5E-1	1.4E-1	2.3E-4	1.0E-2	3.0E-1
520	2.3E-4	4.8E-1	2.6E-1	1.5E-1	2.4E-4	1.0E-2	3.0E-1
530	2.3E-4	4.8E-1	2.7E-1	1.5E-1	2.4E-4	1.0E-2	3.0E-1
540	2.3E-4	4.9E-1	2.8E-1	1.6E-1	2.4E-4	1.0E-2	3.0E-1
550	2.4E-4	5.0E-1	2.9E-1	1.6E-1	2.5E-4	1.0E-2	3.0E-1
560	2.4E-4	5.0E-1	3.0E-1	1.7E-1	2.5E-4	1.0E-2	2.9E-1
570	2.4E-4	5.1E-1	3.1E-1	1.7E-1	2.5E-4	1.0E-2	2.9E-1
580	2.4E-4	5.2E-1	3.2E-1	1.8E-1	2.6E-4	1.0E-2	2.9E-1
590	2.5E-4	5.2E-1	3.3E-1	1.8E-1	2.6E-4	1.0E-2	2.9E-1
600	2.5E-4	5.3E-1	3.4E-1	1.9E-1	2.6E-4	1.0E-2	2.9E-1
610	2.5E-4	5.4E-1	3.6E-1	2.0E-1	2.7E-4	1.0E-2	2.9E-1
620	2.6E-4	5.4E-1	3.7E-1	2.0E-1	2.7E-4	1.0E-2	2.9E-1
630	2.6E-4	5.5E-1	3.8E-1	2.1E-1	2.7E-4	1.0E-2	2.9E-1
640	2.6E-4	5.6E-1	4.0E-1	2.2E-1	2.8E-4	1.0E-2	2.8E-1
650	2.7E-4	5.6E-1	4.1E-1	2.2E-1	2.8E-4	1.0E-2	2.8E-1
660	2.7E-4	5.7E-1	4.2E-1	2.3E-1	2.8E-4	9.9E-3	2.8E-1
670	2.7E-4	5.7E-1	4.4E-1	2.4E-1	2.9E-4	9.9E-3	2.8E-1
680	2.7E-4	5.8E-1	4.6E-1	2.5E-1	2.9E-4	9.9E-3	2.8E-1
690	2.8E-4	5.9E-1	4.7E-1	2.5E-1	2.9E-4	9.8E-3	2.8E-1
700	2.8E-4	5.9E-1	4.9E-1	2.6E-1	2.9E-4	9.8E-3	2.8E-1
710	2.8E-4	6.0E-1	5.1E-1	2.7E-1	3.0E-4	9.8E-3	2.8E-1
720	2.9E-4	6.1E-1	5.2E-1	2.8E-1	3.0E-4	9.8E-3	2.8E-1
730	2.9E-4	6.1E-1	5.4E-1	2.9E-1	3.0E-4	9.7E-3	2.7E-1
740	2.9E-4	6.2E-1	5.6E-1	3.0E-1	3.1E-4	9.7E-3	2.7E-1
750	2.9E-4	6.3E-1	5.8E-1	3.1E-1	3.1E-4	9.7E-3	2.7E-1
760	3.0E-4	6.3E-1	6.0E-1	3.2E-1	3.1E-4	9.7E-3	2.7E-1
770	3.0E-4	6.4E-1	6.2E-1	3.3E-1	3.2E-4	9.6E-3	2.7E-1
780	3.0E-4	6.5E-1	6.5E-1	3.4E-1	3.2E-4	9.6E-3	2.7E-1
790	3.1E-4	6.5E-1	6.7E-1	3.5E-1	3.2E-4	9.6E-3	2.7E-1
800	3.1E-4	6.6E-1	6.9E-1	3.6E-1	3.3E-4	9.6E-3	2.7E-1
810	3.1E-4	6.6E-1	7.2E-1	3.7E-1	3.3E-4	9.5E-3	2.7E-1
820	3.1E-4	6.7E-1	7.4E-1	3.8E-1	3.3E-4	9.5E-3	2.7E-1
830	3.2E-4	6.8E-1	7.7E-1	4.0E-1	3.4E-4	9.5E-3	2.7E-1
840	3.2E-4	6.8E-1	8.0E-1	4.1E-1	3.4E-4	9.5E-3	2.6E-1
850	3.2E-4	6.9E-1	8.2E-1	4.2E-1	3.4E-4	9.5E-3	2.6E-1
860	3.3E-4	7.0E-1	8.5E-1	4.3E-1	3.5E-4	9.4E-3	2.6E-1
870	3.3E-4	7.0E-1	8.8E-1	4.5E-1	3.5E-4	9.4E-3	2.6E-1
880	3.3E-4	7.1E-1	9.1E-1	4.6E-1	3.5E-4	9.4E-3	2.6E-1
890	3.3E-4	7.1E-1	9.5E-1	4.7E-1	3.5E-4	9.4E-3	2.6E-1
900	3.4E-4	7.2E-1	9.8E-1	4.9E-1	3.6E-4	9.4E-3	2.6E-1
910	3.4E-4	7.3E-1	1.0E+0	5.0E-1	3.6E-4	9.3E-3	2.6E-1
920	3.4E-4	7.3E-1	1.1E+0	5.2E-1	3.6E-4	9.3E-3	2.6E-1
930	3.4E-4	7.4E-1	1.1E+0	5.3E-1	3.7E-4	9.3E-3	2.6E-1
940	3.5E-4	7.4E-1	1.1E+0	5.5E-1	3.7E-4	9.3E-3	2.6E-1
950	3.5E-4	7.5E-1	1.2E+0	5.6E-1	3.7E-4	9.3E-3	2.6E-1
960	3.5E-4	7.6E-1	1.2E+0	5.8E-1	3.8E-4	9.3E-3	2.6E-1
970	3.6E-4	7.6E-1	1.2E+0	6.0E-1	3.8E-4	9.3E-3	2.6E-1
980	3.6E-4	7.7E-1	1.3E+0	6.1E-1	3.8E-4	9.2E-3	2.5E-1
990	3.6E-4	7.7E-1	1.3E+0	6.3E-1	3.9E-4	9.2E-3	2.5E-1
1000	3.6E-4	7.8E-1	1.4E+0	6.5E-1	3.9E-4	9.2E-3	2.5E-1
1010	3.7E-4	7.9E-1	1.4E+0	6.7E-1	3.9E-4	9.2E-3	2.5E-1
1020	3.7E-4	7.9E-1	1.5E+0	6.8E-1	3.9E-4	9.2E-3	2.5E-1
1030	3.7E-4	8.0E-1	1.5E+0	7.0E-1	4.0E-4	9.2E-3	2.5E-1
1040	3.7E-4	8.0E-1	1.6E+0	7.2E-1	4.0E-4	9.1E-3	2.5E-1
1050	3.8E-4	8.1E-1	1.6E+0	7.4E-1	4.0E-4	9.1E-3	2.5E-1
1060	3.8E-4	8.2E-1	1.7E+0	7.6E-1	4.1E-4	9.1E-3	2.5E-1
1070	3.8E-4	8.2E-1	1.8E+0	7.8E-1	4.1E-4	9.1E-3	2.5E-1
1080	3.8E-4	8.3E-1	1.8E+0	8.0E-1	4.1E-4	9.1E-3	2.5E-1
1090	3.9E-4	8.3E-1	1.9E+0	8.2E-1	4.2E-4	9.1E-3	2.5E-1
1095	3.9E-4	8.4E-1	1.9E+0	8.3E-1	4.2E-4	9.1E-3	2.5E-1
1100	3.9E-4	8.4E-1	2.0E+0	8.4E-1	4.2E-4	9.1E-3	2.5E-1
1200	4.2E-4	9.0E-1	2.8E+0	1.1E+0	4.5E-4	9.0E-3	2.4E-1
1300	4.4E-4	9.5E-1	3.9E+0	1.3E+0	4.8E-4	8.9E-3	2.4E-1
1400	4.7E-4	1.0E+0	5.5E+0	1.6E+0	5.1E-4	8.8E-3	2.4E-1
1500	4.9E-4	1.1E+0	7.7E+0	1.8E+0	5.4E-4	8.8E-3	2.3E-1
1600	5.2E-4	1.1E+0	1.1E+1	2.0E+0	5.7E-4	8.7E-3	2.3E-1
1700	5.4E-4	1.2E+0	1.5E+1	2.2E+0	6.0E-4	8.7E-3	2.3E-1
1800	5.7E-4	1.3E+0	2.1E+1	2.4E+0	6.3E-4	8.7E-3	2.3E-1
1900	6.0E-4	1.3E+0	2.8E+1	2.5E+0	6.7E-4	8.7E-3	2.3E-1
2000	6.3E-4	1.4E+0	3.8E+1	2.5E+0	7.0E-4	8.7E-3	2.3E-1
2100	6.6E-4	1.5E+0	5.1E+1	2.6E+0	7.4E-4	8.7E-3	2.3E-1
2200	6.9E-4	1.5E+0	6.7E+1	2.6E+0	7.8E-4	8.7E-3	2.3E-1
2300	7.2E-4	1.6E+0	8.6E+1	2.7E+0	8.2E-4	8.8E-3	2.3E-1
2400	7.6E-4	1.7E+0	1.1E+2	2.7E+0	8.6E-4	8.8E-3	2.3E-1
2500	7.9E-4	1.8E+0	1.3E+2	2.7E+0	9.0E-4	8.8E-3	2.3E-1
2600	8.3E-4	1.9E+0	1.6E+2	2.7E+0	9.5E-4	8.9E-3	2.3E-1
2700	8.7E-4	2.0E+0	1.9E+2	2.7E+0	1.0E-3	8.9E-3	2.3E-1
2800	9.1E-4	2.0E+0	2.2E+2	2.7E+0	1.1E-3	9.0E-3	2.3E-1
2900	9.5E-4	2.1E+0	2.5E+2	2.7E+0	1.1E-3	9.1E-3	2.3E-1
3000	9.9E-4	2.3E+0	2.8E+2	2.6E+0	1.2E-3	9.1E-3	2.3E-1
3100	1.0E-3	2.4E+0	3.1E+2	2.6E+0	1.2E-3	9.2E-3	2.3E-1
3200	1.1E-3	2.5E+0	3.3E+2	2.6E+0	1.3E-3	9.3E-3	2.3E-1
3300	1.1E-3	2.6E+0	3.6E+2	2.6E+0	1.3E-3	9.3E-3	2.4E-1
3400	1.2E-3	2.7E+0	3.9E+2	2.6E+0	1.4E-3	9.4E-3	2.4E-1
3500	1.2E-3	2.9E+0	4.1E+2	2.6E+0	1.5E-3	9.5E-3	2.4E-1
3600	1.3E-3	3.0E+0	4.4E+2	2.6E+0	1.6E-3	9.6E-3	2.4E-1
3650	1.3E-3	3.1E+0	4.5E+2	2.6E+0	1.6E-3	9.6E-3	2.4E-1
4000	1.5E-3	3.6E+0	5.4E+2	2.6E+0	1.9E-3	1.0E-2	2.5E-1
5000	2.3E-3	5.9E+0	8.8E+2	2.6E+0	3.2E-3	1.1E-2	2.8E-1
6000	3.3E-3	9.3E+0	1.4E+3	2.6E+0	5.2E-3	1.2E-2	3.2E-1
7000	4.7E-3	1.5E+1	2.2E+3	2.6E+0	8.6E-3	1.4E-2	3.7E-1
8000	6.3E-3	2.3E+1	3.5E+3	2.6E+0	1.4E-2	1.5E-2	4.4E-1
9000	8.1E-3	3.5E+1	5.3E+3	2.7E+0	2.3E-2	1.7E-2	5.2E-1
10000	1.0E-2	5.3E+1	8.0E+3	2.7E+0	3.8E-2	1.9E-2	6.1E-1
11000	1.2E-2	7.7E+1	1.2E+4	2.8E+0	6.3E-2	2.1E-2	7.3E-1
12000	1.4E-2	1.1E+2	1.6E+4	2.8E+0	1.0E-1	2.3E-2	8.7E-1
13000	1.6E-2	1.4E+2	2.2E+4	2.8E+0	1.7E-1	2.5E-2	1.0E+0
14000	1.7E-2	1.9E+2	2.8E+4	2.9E+0	2.7E-1	2.7E-2	1.3E+0
15000	1.9E-2	2.3E+2	3.5E+4	3.0E+0	4.4E-1	3.0E-2	1.5E+0
16000	2.0E-2	2.8E+2	4.2E+4	3.0E+0	6.9E-1	3.2E-2	1.8E+0
17000	2.2E-2	3.2E+2	4.8E+4	3.1E+0	1.1E+0	3.5E-2	2.2E+0
18000	2.3E-2	3.6E+2	5.5E+4	3.1E+0	1.6E+0	3.8E-2	2.6E+0
18250	2.4E-2	3.8E+2	5.7E+4	3.1E+0	1.8E+0	3.9E-2	2.7E+0
Radionuclide	U-235
Route of Intake	Inhalation
Material	Aerosols Intermediate Type M/S: Uranium octoxide, uranium dioxide, fA=6E-4
AMTD/AMAD, µm	5

Committed Effective Dose per Predicted Content in an Organ or Excreta Sample (Dose per Content Functions z(t)), Sv/Bq
Time, days	Whole Body	Urine (24-hour sample)	Faeces (24-hour sample)	Alimentary Tract*	Lungs*	Skeleton*	Liver*
0.041667	6.3E-6	-	-	1.8E-5	6.7E-5	2.9E-1	5.0E-1
0.083333	6.3E-6	-	-	1.6E-5	7.1E-5	1.6E-1	4.2E-1
0.125	6.4E-6	-	-	1.5E-5	7.3E-5	1.1E-1	3.7E-1
0.25	6.6E-6	-	-	1.2E-5	7.8E-5	5.7E-2	2.8E-1
0.375	6.8E-6	-	-	1.1E-5	8.0E-5	4.0E-2	2.4E-1
0.5	7.0E-6	-	-	1.0E-5	8.1E-5	3.2E-2	2.2E-1
0.625	7.3E-6	-	-	1.0E-5	8.1E-5	2.7E-2	2.0E-1
0.75	7.5E-6	-	-	9.9E-6	8.2E-5	2.4E-2	1.9E-1
0.875	7.9E-6	-	-	1.0E-5	8.2E-5	2.2E-2	1.8E-1
1	8.3E-6	4.9E-3	6.0E-5	1.0E-5	8.3E-5	2.0E-2	1.7E-1
1.125	8.7E-6	-	-	1.1E-5	8.3E-5	1.9E-2	1.6E-1
1.25	9.3E-6	-	-	1.1E-5	8.3E-5	1.8E-2	1.6E-1
1.375	1.0E-5	-	-	1.2E-5	8.4E-5	1.8E-2	1.6E-1
1.5	1.1E-5	-	-	1.3E-5	8.4E-5	1.7E-2	1.5E-1
1.625	1.2E-5	-	-	1.4E-5	8.5E-5	1.7E-2	1.5E-1
1.75	1.3E-5	-	-	1.6E-5	8.5E-5	1.6E-2	1.5E-1
1.875	1.4E-5	-	-	1.7E-5	8.5E-5	1.6E-2	1.5E-1
2	1.5E-5	1.1E-2	1.9E-5	1.9E-5	8.6E-5	1.6E-2	1.5E-1
2.25	1.9E-5	-	-	2.4E-5	8.6E-5	1.5E-2	1.5E-1
2.5	2.3E-5	-	-	3.1E-5	8.7E-5	1.5E-2	1.5E-1
2.75	2.8E-5	-	-	4.1E-5	8.7E-5	1.5E-2	1.5E-1
3	3.3E-5	2.7E-2	2.9E-5	5.5E-5	8.8E-5	1.5E-2	1.5E-1
3.25	4.0E-5	-	-	7.4E-5	8.8E-5	1.5E-2	1.5E-1
3.5	4.7E-5	-	-	1.0E-4	8.9E-5	1.5E-2	1.5E-1
3.75	5.3E-5	-	-	1.4E-4	8.9E-5	1.5E-2	1.6E-1
4	6.0E-5	4.7E-2	7.5E-5	1.9E-4	9.0E-5	1.5E-2	1.6E-1
4.25	6.6E-5	-	-	2.6E-4	9.0E-5	1.5E-2	1.6E-1
4.5	7.1E-5	-	-	3.6E-4	9.1E-5	1.5E-2	1.6E-1
4.75	7.5E-5	-	-	4.9E-4	9.1E-5	1.5E-2	1.6E-1
5	7.9E-5	6.7E-2	2.5E-4	6.6E-4	9.1E-5	1.5E-2	1.7E-1
5.5	8.4E-5	-	-	1.1E-3	9.2E-5	1.5E-2	1.7E-1
6	8.6E-5	8.1E-2	8.9E-4	1.8E-3	9.3E-5	1.6E-2	1.8E-1
6.5	8.8E-5	-	-	2.6E-3	9.3E-5	1.6E-2	1.8E-1
7	8.9E-5	9.1E-2	2.6E-3	3.3E-3	9.4E-5	1.6E-2	1.9E-1
7.5	9.0E-5	-	-	3.9E-3	9.5E-5	1.6E-2	1.9E-1
8	9.1E-5	9.8E-2	5.2E-3	4.5E-3	9.5E-5	1.6E-2	2.0E-1
8.5	9.2E-5	-	-	5.0E-3	9.6E-5	1.6E-2	2.1E-1
9	9.2E-5	1.0E-1	7.4E-3	5.5E-3	9.6E-5	1.7E-2	2.1E-1
9.5	9.3E-5	-	-	5.9E-3	9.6E-5	1.7E-2	2.2E-1
10	9.3E-5	1.1E-1	9.1E-3	6.4E-3	9.7E-5	1.7E-2	2.2E-1
11	9.4E-5	1.1E-1	1.1E-2	7.5E-3	9.8E-5	1.7E-2	2.4E-1
12	9.5E-5	1.2E-1	1.3E-2	8.7E-3	9.8E-5	1.7E-2	2.5E-1
13	9.6E-5	1.2E-1	1.5E-2	1.0E-2	9.9E-5	1.7E-2	2.6E-1
14	9.6E-5	1.3E-1	1.7E-2	1.1E-2	9.9E-5	1.8E-2	2.7E-1
15	9.7E-5	1.3E-1	1.9E-2	1.3E-2	1.0E-4	1.8E-2	2.9E-1
16	9.7E-5	1.4E-1	2.2E-2	1.4E-2	1.0E-4	1.8E-2	3.0E-1
17	9.8E-5	1.4E-1	2.4E-2	1.6E-2	1.0E-4	1.8E-2	3.1E-1
18	9.8E-5	1.5E-1	2.7E-2	1.7E-2	1.0E-4	1.8E-2	3.3E-1
19	9.9E-5	1.5E-1	2.9E-2	1.9E-2	1.0E-4	1.8E-2	3.4E-1
20	9.9E-5	1.5E-1	3.2E-2	2.0E-2	1.0E-4	1.8E-2	3.5E-1
21	9.9E-5	1.6E-1	3.4E-2	2.1E-2	1.0E-4	1.8E-2	3.6E-1
22	1.0E-4	1.6E-1	3.7E-2	2.3E-2	1.0E-4	1.8E-2	3.7E-1
23	1.0E-4	1.6E-1	3.9E-2	2.4E-2	1.0E-4	1.8E-2	3.8E-1
24	1.0E-4	1.7E-1	4.1E-2	2.5E-2	1.0E-4	1.8E-2	3.9E-1
25	1.0E-4	1.7E-1	4.3E-2	2.6E-2	1.0E-4	1.8E-2	4.0E-1
26	1.0E-4	1.7E-1	4.4E-2	2.6E-2	1.0E-4	1.8E-2	4.1E-1
27	1.0E-4	1.8E-1	4.6E-2	2.7E-2	1.0E-4	1.8E-2	4.2E-1
28	1.0E-4	1.8E-1	4.7E-2	2.8E-2	1.0E-4	1.8E-2	4.3E-1
29	1.0E-4	1.8E-1	4.8E-2	2.8E-2	1.0E-4	1.8E-2	4.4E-1
30	1.0E-4	1.8E-1	4.9E-2	2.9E-2	1.0E-4	1.8E-2	4.5E-1
31	1.0E-4	1.8E-1	5.0E-2	2.9E-2	1.0E-4	1.8E-2	4.6E-1
32	1.0E-4	1.9E-1	5.1E-2	3.0E-2	1.0E-4	1.8E-2	4.6E-1
33	1.0E-4	1.9E-1	5.1E-2	3.0E-2	1.1E-4	1.8E-2	4.7E-1
34	1.0E-4	1.9E-1	5.2E-2	3.0E-2	1.1E-4	1.8E-2	4.7E-1
35	1.0E-4	1.9E-1	5.2E-2	3.0E-2	1.1E-4	1.8E-2	4.8E-1
36	1.0E-4	1.9E-1	5.3E-2	3.1E-2	1.1E-4	1.8E-2	4.8E-1
37	1.0E-4	2.0E-1	5.3E-2	3.1E-2	1.1E-4	1.8E-2	4.9E-1
38	1.0E-4	2.0E-1	5.4E-2	3.1E-2	1.1E-4	1.8E-2	4.9E-1
39	1.0E-4	2.0E-1	5.4E-2	3.1E-2	1.1E-4	1.8E-2	5.0E-1
40	1.0E-4	2.0E-1	5.4E-2	3.1E-2	1.1E-4	1.8E-2	5.0E-1
41	1.0E-4	2.0E-1	5.5E-2	3.2E-2	1.1E-4	1.8E-2	5.0E-1
42	1.1E-4	2.0E-1	5.5E-2	3.2E-2	1.1E-4	1.8E-2	5.1E-1
43	1.1E-4	2.0E-1	5.5E-2	3.2E-2	1.1E-4	1.7E-2	5.1E-1
44	1.1E-4	2.0E-1	5.6E-2	3.2E-2	1.1E-4	1.7E-2	5.1E-1
45	1.1E-4	2.1E-1	5.6E-2	3.2E-2	1.1E-4	1.7E-2	5.1E-1
46	1.1E-4	2.1E-1	5.6E-2	3.2E-2	1.1E-4	1.7E-2	5.1E-1
47	1.1E-4	2.1E-1	5.6E-2	3.2E-2	1.1E-4	1.7E-2	5.2E-1
48	1.1E-4	2.1E-1	5.6E-2	3.3E-2	1.1E-4	1.7E-2	5.2E-1
49	1.1E-4	2.1E-1	5.7E-2	3.3E-2	1.1E-4	1.7E-2	5.2E-1
50	1.1E-4	2.1E-1	5.7E-2	3.3E-2	1.1E-4	1.7E-2	5.2E-1
51	1.1E-4	2.1E-1	5.7E-2	3.3E-2	1.1E-4	1.7E-2	5.2E-1
52	1.1E-4	2.1E-1	5.7E-2	3.3E-2	1.1E-4	1.7E-2	5.2E-1
53	1.1E-4	2.1E-1	5.8E-2	3.3E-2	1.1E-4	1.7E-2	5.2E-1
54	1.1E-4	2.2E-1	5.8E-2	3.3E-2	1.1E-4	1.7E-2	5.2E-1
55	1.1E-4	2.2E-1	5.8E-2	3.3E-2	1.1E-4	1.7E-2	5.2E-1
56	1.1E-4	2.2E-1	5.8E-2	3.4E-2	1.1E-4	1.7E-2	5.2E-1
57	1.1E-4	2.2E-1	5.8E-2	3.4E-2	1.1E-4	1.7E-2	5.2E-1
58	1.1E-4	2.2E-1	5.9E-2	3.4E-2	1.1E-4	1.7E-2	5.2E-1
59	1.1E-4	2.2E-1	5.9E-2	3.4E-2	1.1E-4	1.7E-2	5.2E-1
60	1.1E-4	2.2E-1	5.9E-2	3.4E-2	1.1E-4	1.7E-2	5.2E-1
61	1.1E-4	2.2E-1	5.9E-2	3.4E-2	1.1E-4	1.7E-2	5.2E-1
62	1.1E-4	2.2E-1	5.9E-2	3.4E-2	1.1E-4	1.7E-2	5.2E-1
63	1.1E-4	2.2E-1	6.0E-2	3.4E-2	1.1E-4	1.7E-2	5.2E-1
64	1.1E-4	2.2E-1	6.0E-2	3.5E-2	1.1E-4	1.7E-2	5.2E-1
65	1.1E-4	2.2E-1	6.0E-2	3.5E-2	1.1E-4	1.7E-2	5.2E-1
66	1.1E-4	2.2E-1	6.0E-2	3.5E-2	1.1E-4	1.7E-2	5.2E-1
67	1.1E-4	2.3E-1	6.1E-2	3.5E-2	1.1E-4	1.7E-2	5.2E-1
68	1.1E-4	2.3E-1	6.1E-2	3.5E-2	1.1E-4	1.7E-2	5.2E-1
69	1.1E-4	2.3E-1	6.1E-2	3.5E-2	1.1E-4	1.7E-2	5.2E-1
70	1.1E-4	2.3E-1	6.1E-2	3.5E-2	1.2E-4	1.7E-2	5.2E-1
71	1.1E-4	2.3E-1	6.1E-2	3.5E-2	1.2E-4	1.7E-2	5.2E-1
72	1.1E-4	2.3E-1	6.2E-2	3.6E-2	1.2E-4	1.7E-2	5.2E-1
73	1.1E-4	2.3E-1	6.2E-2	3.6E-2	1.2E-4	1.7E-2	5.1E-1
74	1.1E-4	2.3E-1	6.2E-2	3.6E-2	1.2E-4	1.6E-2	5.1E-1
75	1.1E-4	2.3E-1	6.2E-2	3.6E-2	1.2E-4	1.6E-2	5.1E-1
76	1.1E-4	2.3E-1	6.2E-2	3.6E-2	1.2E-4	1.6E-2	5.1E-1
77	1.1E-4	2.3E-1	6.3E-2	3.6E-2	1.2E-4	1.6E-2	5.1E-1
78	1.1E-4	2.3E-1	6.3E-2	3.6E-2	1.2E-4	1.6E-2	5.1E-1
79	1.1E-4	2.3E-1	6.3E-2	3.6E-2	1.2E-4	1.6E-2	5.1E-1
80	1.1E-4	2.3E-1	6.3E-2	3.7E-2	1.2E-4	1.6E-2	5.1E-1
81	1.2E-4	2.3E-1	6.4E-2	3.7E-2	1.2E-4	1.6E-2	5.1E-1
82	1.2E-4	2.4E-1	6.4E-2	3.7E-2	1.2E-4	1.6E-2	5.1E-1
83	1.2E-4	2.4E-1	6.4E-2	3.7E-2	1.2E-4	1.6E-2	5.1E-1
84	1.2E-4	2.4E-1	6.4E-2	3.7E-2	1.2E-4	1.6E-2	5.1E-1
85	1.2E-4	2.4E-1	6.4E-2	3.7E-2	1.2E-4	1.6E-2	5.1E-1
86	1.2E-4	2.4E-1	6.5E-2	3.7E-2	1.2E-4	1.6E-2	5.1E-1
87	1.2E-4	2.4E-1	6.5E-2	3.7E-2	1.2E-4	1.6E-2	5.0E-1
88	1.2E-4	2.4E-1	6.5E-2	3.8E-2	1.2E-4	1.6E-2	5.0E-1
89	1.2E-4	2.4E-1	6.5E-2	3.8E-2	1.2E-4	1.6E-2	5.0E-1
90	1.2E-4	2.4E-1	6.6E-2	3.8E-2	1.2E-4	1.6E-2	5.0E-1
91	1.2E-4	2.4E-1	6.6E-2	3.8E-2	1.2E-4	1.6E-2	5.0E-1
92	1.2E-4	2.4E-1	6.6E-2	3.8E-2	1.2E-4	1.6E-2	5.0E-1
93	1.2E-4	2.4E-1	6.6E-2	3.8E-2	1.2E-4	1.6E-2	5.0E-1
94	1.2E-4	2.4E-1	6.7E-2	3.8E-2	1.2E-4	1.6E-2	5.0E-1
95	1.2E-4	2.4E-1	6.7E-2	3.9E-2	1.2E-4	1.6E-2	5.0E-1
96	1.2E-4	2.4E-1	6.7E-2	3.9E-2	1.2E-4	1.6E-2	5.0E-1
97	1.2E-4	2.5E-1	6.7E-2	3.9E-2	1.2E-4	1.6E-2	5.0E-1
98	1.2E-4	2.5E-1	6.7E-2	3.9E-2	1.2E-4	1.6E-2	5.0E-1
99	1.2E-4	2.5E-1	6.8E-2	3.9E-2	1.2E-4	1.6E-2	4.9E-1
100	1.2E-4	2.5E-1	6.8E-2	3.9E-2	1.2E-4	1.6E-2	4.9E-1
110	1.2E-4	2.5E-1	7.0E-2	4.1E-2	1.3E-4	1.6E-2	4.9E-1
120	1.3E-4	2.6E-1	7.3E-2	4.2E-2	1.3E-4	1.5E-2	4.8E-1
130	1.3E-4	2.7E-1	7.5E-2	4.4E-2	1.3E-4	1.5E-2	4.7E-1
140	1.3E-4	2.7E-1	7.8E-2	4.5E-2	1.4E-4	1.5E-2	4.6E-1
150	1.3E-4	2.8E-1	8.1E-2	4.7E-2	1.4E-4	1.5E-2	4.6E-1
160	1.4E-4	2.8E-1	8.4E-2	4.8E-2	1.4E-4	1.5E-2	4.5E-1
170	1.4E-4	2.9E-1	8.7E-2	5.0E-2	1.4E-4	1.5E-2	4.4E-1
180	1.4E-4	3.0E-1	9.0E-2	5.2E-2	1.5E-4	1.4E-2	4.4E-1
190	1.5E-4	3.0E-1	9.3E-2	5.4E-2	1.5E-4	1.4E-2	4.3E-1
200	1.5E-4	3.1E-1	9.6E-2	5.5E-2	1.5E-4	1.4E-2	4.3E-1
210	1.5E-4	3.2E-1	1.0E-1	5.7E-2	1.6E-4	1.4E-2	4.2E-1
220	1.6E-4	3.2E-1	1.0E-1	5.9E-2	1.6E-4	1.4E-2	4.2E-1
230	1.6E-4	3.3E-1	1.1E-1	6.2E-2	1.6E-4	1.4E-2	4.1E-1
240	1.6E-4	3.4E-1	1.1E-1	6.4E-2	1.7E-4	1.4E-2	4.1E-1
250	1.6E-4	3.4E-1	1.1E-1	6.6E-2	1.7E-4	1.3E-2	4.0E-1
260	1.7E-4	3.5E-1	1.2E-1	6.8E-2	1.7E-4	1.3E-2	4.0E-1
270	1.7E-4	3.6E-1	1.2E-1	7.1E-2	1.8E-4	1.3E-2	4.0E-1
280	1.7E-4	3.6E-1	1.3E-1	7.3E-2	1.8E-4	1.3E-2	3.9E-1
290	1.8E-4	3.7E-1	1.3E-1	7.6E-2	1.8E-4	1.3E-2	3.9E-1
300	1.8E-4	3.8E-1	1.4E-1	7.8E-2	1.9E-4	1.3E-2	3.9E-1
310	1.8E-4	3.8E-1	1.4E-1	8.1E-2	1.9E-4	1.3E-2	3.8E-1
320	1.9E-4	3.9E-1	1.5E-1	8.4E-2	1.9E-4	1.3E-2	3.8E-1
330	1.9E-4	4.0E-1	1.5E-1	8.7E-2	2.0E-4	1.3E-2	3.8E-1
340	1.9E-4	4.0E-1	1.6E-1	9.0E-2	2.0E-4	1.3E-2	3.7E-1
350	2.0E-4	4.1E-1	1.6E-1	9.3E-2	2.0E-4	1.3E-2	3.7E-1
360	2.0E-4	4.2E-1	1.7E-1	9.6E-2	2.1E-4	1.2E-2	3.7E-1
365	2.0E-4	4.2E-1	1.7E-1	9.8E-2	2.1E-4	1.2E-2	3.7E-1
370	2.0E-4	4.3E-1	1.7E-1	9.9E-2	2.1E-4	1.2E-2	3.6E-1
380	2.1E-4	4.3E-1	1.8E-1	1.0E-1	2.2E-4	1.2E-2	3.6E-1
390	2.1E-4	4.4E-1	1.9E-1	1.1E-1	2.2E-4	1.2E-2	3.6E-1
400	2.1E-4	4.5E-1	1.9E-1	1.1E-1	2.2E-4	1.2E-2	3.6E-1
410	2.2E-4	4.5E-1	2.0E-1	1.1E-1	2.3E-4	1.2E-2	3.5E-1
420	2.2E-4	4.6E-1	2.1E-1	1.2E-1	2.3E-4	1.2E-2	3.5E-1
430	2.2E-4	4.7E-1	2.2E-1	1.2E-1	2.3E-4	1.2E-2	3.5E-1
440	2.3E-4	4.8E-1	2.2E-1	1.3E-1	2.4E-4	1.2E-2	3.5E-1
450	2.3E-4	4.8E-1	2.3E-1	1.3E-1	2.4E-4	1.2E-2	3.4E-1
460	2.3E-4	4.9E-1	2.4E-1	1.3E-1	2.4E-4	1.2E-2	3.4E-1
470	2.4E-4	5.0E-1	2.5E-1	1.4E-1	2.5E-4	1.2E-2	3.4E-1
480	2.4E-4	5.1E-1	2.6E-1	1.4E-1	2.5E-4	1.2E-2	3.4E-1
490	2.4E-4	5.1E-1	2.7E-1	1.5E-1	2.6E-4	1.2E-2	3.4E-1
500	2.5E-4	5.2E-1	2.8E-1	1.5E-1	2.6E-4	1.2E-2	3.4E-1
510	2.5E-4	5.3E-1	2.8E-1	1.6E-1	2.6E-4	1.2E-2	3.3E-1
520	2.5E-4	5.3E-1	2.9E-1	1.6E-1	2.7E-4	1.2E-2	3.3E-1
530	2.6E-4	5.4E-1	3.1E-1	1.7E-1	2.7E-4	1.1E-2	3.3E-1
540	2.6E-4	5.5E-1	3.2E-1	1.8E-1	2.7E-4	1.1E-2	3.3E-1
550	2.6E-4	5.6E-1	3.3E-1	1.8E-1	2.8E-4	1.1E-2	3.3E-1
560	2.7E-4	5.6E-1	3.4E-1	1.9E-1	2.8E-4	1.1E-2	3.2E-1
570	2.7E-4	5.7E-1	3.5E-1	1.9E-1	2.9E-4	1.1E-2	3.2E-1
580	2.7E-4	5.8E-1	3.6E-1	2.0E-1	2.9E-4	1.1E-2	3.2E-1
590	2.8E-4	5.9E-1	3.8E-1	2.1E-1	2.9E-4	1.1E-2	3.2E-1
600	2.8E-4	5.9E-1	3.9E-1	2.1E-1	3.0E-4	1.1E-2	3.2E-1
610	2.8E-4	6.0E-1	4.0E-1	2.2E-1	3.0E-4	1.1E-2	3.2E-1
620	2.9E-4	6.1E-1	4.2E-1	2.3E-1	3.0E-4	1.1E-2	3.2E-1
630	2.9E-4	6.2E-1	4.3E-1	2.4E-1	3.1E-4	1.1E-2	3.1E-1
640	2.9E-4	6.2E-1	4.5E-1	2.4E-1	3.1E-4	1.1E-2	3.1E-1
650	3.0E-4	6.3E-1	4.6E-1	2.5E-1	3.2E-4	1.1E-2	3.1E-1
660	3.0E-4	6.4E-1	4.8E-1	2.6E-1	3.2E-4	1.1E-2	3.1E-1
670	3.0E-4	6.4E-1	5.0E-1	2.7E-1	3.2E-4	1.1E-2	3.1E-1
680	3.1E-4	6.5E-1	5.2E-1	2.8E-1	3.3E-4	1.1E-2	3.1E-1
690	3.1E-4	6.6E-1	5.3E-1	2.9E-1	3.3E-4	1.1E-2	3.1E-1
700	3.1E-4	6.7E-1	5.5E-1	3.0E-1	3.3E-4	1.1E-2	3.1E-1
710	3.2E-4	6.7E-1	5.7E-1	3.1E-1	3.4E-4	1.1E-2	3.0E-1
720	3.2E-4	6.8E-1	5.9E-1	3.2E-1	3.4E-4	1.1E-2	3.0E-1
730	3.2E-4	6.9E-1	6.1E-1	3.3E-1	3.4E-4	1.1E-2	3.0E-1
740	3.3E-4	7.0E-1	6.4E-1	3.4E-1	3.5E-4	1.1E-2	3.0E-1
750	3.3E-4	7.0E-1	6.6E-1	3.5E-1	3.5E-4	1.1E-2	3.0E-1
760	3.3E-4	7.1E-1	6.8E-1	3.6E-1	3.6E-4	1.1E-2	3.0E-1
770	3.4E-4	7.2E-1	7.1E-1	3.7E-1	3.6E-4	1.1E-2	3.0E-1
780	3.4E-4	7.2E-1	7.3E-1	3.8E-1	3.6E-4	1.1E-2	3.0E-1
790	3.4E-4	7.3E-1	7.6E-1	3.9E-1	3.7E-4	1.1E-2	3.0E-1
800	3.5E-4	7.4E-1	7.8E-1	4.1E-1	3.7E-4	1.1E-2	3.0E-1
810	3.5E-4	7.4E-1	8.1E-1	4.2E-1	3.7E-4	1.1E-2	2.9E-1
820	3.5E-4	7.5E-1	8.4E-1	4.3E-1	3.8E-4	1.1E-2	2.9E-1
830	3.6E-4	7.6E-1	8.7E-1	4.5E-1	3.8E-4	1.1E-2	2.9E-1
840	3.6E-4	7.7E-1	9.0E-1	4.6E-1	3.8E-4	1.0E-2	2.9E-1
850	3.6E-4	7.7E-1	9.3E-1	4.7E-1	3.9E-4	1.0E-2	2.9E-1
860	3.6E-4	7.8E-1	9.6E-1	4.9E-1	3.9E-4	1.0E-2	2.9E-1
870	3.7E-4	7.9E-1	1.0E+0	5.0E-1	3.9E-4	1.0E-2	2.9E-1
880	3.7E-4	7.9E-1	1.0E+0	5.2E-1	4.0E-4	1.0E-2	2.9E-1
890	3.7E-4	8.0E-1	1.1E+0	5.3E-1	4.0E-4	1.0E-2	2.9E-1
900	3.8E-4	8.1E-1	1.1E+0	5.5E-1	4.0E-4	1.0E-2	2.9E-1
910	3.8E-4	8.1E-1	1.1E+0	5.7E-1	4.1E-4	1.0E-2	2.9E-1
920	3.8E-4	8.2E-1	1.2E+0	5.8E-1	4.1E-4	1.0E-2	2.9E-1
930	3.9E-4	8.3E-1	1.2E+0	6.0E-1	4.2E-4	1.0E-2	2.9E-1
940	3.9E-4	8.3E-1	1.3E+0	6.2E-1	4.2E-4	1.0E-2	2.8E-1
950	3.9E-4	8.4E-1	1.3E+0	6.4E-1	4.2E-4	1.0E-2	2.8E-1
960	4.0E-4	8.5E-1	1.4E+0	6.5E-1	4.3E-4	1.0E-2	2.8E-1
970	4.0E-4	8.5E-1	1.4E+0	6.7E-1	4.3E-4	1.0E-2	2.8E-1
980	4.0E-4	8.6E-1	1.5E+0	6.9E-1	4.3E-4	1.0E-2	2.8E-1
990	4.0E-4	8.7E-1	1.5E+0	7.1E-1	4.4E-4	1.0E-2	2.8E-1
1000	4.1E-4	8.7E-1	1.6E+0	7.3E-1	4.4E-4	1.0E-2	2.8E-1
1010	4.1E-4	8.8E-1	1.6E+0	7.5E-1	4.4E-4	1.0E-2	2.8E-1
1020	4.1E-4	8.9E-1	1.7E+0	7.7E-1	4.5E-4	1.0E-2	2.8E-1
1030	4.2E-4	8.9E-1	1.7E+0	7.9E-1	4.5E-4	1.0E-2	2.8E-1
1040	4.2E-4	9.0E-1	1.8E+0	8.1E-1	4.5E-4	1.0E-2	2.8E-1
1050	4.2E-4	9.1E-1	1.9E+0	8.3E-1	4.6E-4	1.0E-2	2.8E-1
1060	4.2E-4	9.1E-1	1.9E+0	8.6E-1	4.6E-4	1.0E-2	2.8E-1
1070	4.3E-4	9.2E-1	2.0E+0	8.8E-1	4.6E-4	1.0E-2	2.8E-1
1080	4.3E-4	9.3E-1	2.1E+0	9.0E-1	4.7E-4	1.0E-2	2.8E-1
1090	4.3E-4	9.3E-1	2.1E+0	9.3E-1	4.7E-4	1.0E-2	2.8E-1
1095	4.3E-4	9.4E-1	2.2E+0	9.4E-1	4.7E-4	1.0E-2	2.8E-1
1100	4.4E-4	9.4E-1	2.2E+0	9.5E-1	4.7E-4	1.0E-2	2.7E-1
1200	4.6E-4	1.0E+0	3.1E+0	1.2E+0	5.1E-4	9.9E-3	2.7E-1
1300	4.9E-4	1.1E+0	4.4E+0	1.5E+0	5.4E-4	9.8E-3	2.7E-1
1400	5.2E-4	1.1E+0	6.2E+0	1.8E+0	5.7E-4	9.8E-3	2.6E-1
1500	5.5E-4	1.2E+0	8.7E+0	2.0E+0	6.1E-4	9.7E-3	2.6E-1
1600	5.8E-4	1.3E+0	1.2E+1	2.3E+0	6.4E-4	9.7E-3	2.6E-1
1700	6.1E-4	1.3E+0	1.7E+1	2.5E+0	6.8E-4	9.7E-3	2.6E-1
1800	6.4E-4	1.4E+0	2.3E+1	2.6E+0	7.1E-4	9.7E-3	2.5E-1
1900	6.7E-4	1.5E+0	3.2E+1	2.7E+0	7.5E-4	9.7E-3	2.5E-1
2000	7.0E-4	1.6E+0	4.3E+1	2.8E+0	7.9E-4	9.7E-3	2.5E-1
2100	7.4E-4	1.6E+0	5.7E+1	2.9E+0	8.4E-4	9.7E-3	2.5E-1
2200	7.7E-4	1.7E+0	7.5E+1	2.9E+0	8.8E-4	9.7E-3	2.5E-1
2300	8.1E-4	1.8E+0	9.7E+1	2.9E+0	9.2E-4	9.7E-3	2.5E-1
2400	8.5E-4	1.9E+0	1.2E+2	3.0E+0	9.7E-4	9.8E-3	2.5E-1
2500	8.8E-4	2.0E+0	1.5E+2	3.0E+0	1.0E-3	9.8E-3	2.5E-1
2600	9.3E-4	2.1E+0	1.8E+2	3.0E+0	1.1E-3	9.9E-3	2.5E-1
2700	9.7E-4	2.2E+0	2.1E+2	3.0E+0	1.1E-3	9.9E-3	2.5E-1
2800	1.0E-3	2.3E+0	2.5E+2	3.0E+0	1.2E-3	1.0E-2	2.5E-1
2900	1.1E-3	2.4E+0	2.8E+2	2.9E+0	1.3E-3	1.0E-2	2.6E-1
3000	1.1E-3	2.5E+0	3.1E+2	2.9E+0	1.3E-3	1.0E-2	2.6E-1
3100	1.2E-3	2.6E+0	3.4E+2	2.9E+0	1.4E-3	1.0E-2	2.6E-1
3200	1.2E-3	2.8E+0	3.7E+2	2.9E+0	1.5E-3	1.0E-2	2.6E-1
3300	1.3E-3	2.9E+0	4.0E+2	2.9E+0	1.5E-3	1.0E-2	2.6E-1
3400	1.3E-3	3.1E+0	4.3E+2	2.9E+0	1.6E-3	1.0E-2	2.6E-1
3500	1.4E-3	3.2E+0	4.6E+2	2.9E+0	1.7E-3	1.1E-2	2.7E-1
3600	1.4E-3	3.4E+0	4.9E+2	2.9E+0	1.8E-3	1.1E-2	2.7E-1
3650	1.5E-3	3.4E+0	5.0E+2	2.9E+0	1.8E-3	1.1E-2	2.7E-1
4000	1.7E-3	4.1E+0	6.1E+2	2.9E+0	2.2E-3	1.1E-2	2.8E-1
5000	2.6E-3	6.6E+0	9.9E+2	2.9E+0	3.6E-3	1.2E-2	3.1E-1
6000	3.7E-3	1.0E+1	1.6E+3	2.9E+0	5.9E-3	1.4E-2	3.6E-1
7000	5.2E-3	1.7E+1	2.5E+3	2.9E+0	9.7E-3	1.5E-2	4.1E-1
8000	7.0E-3	2.6E+1	3.9E+3	2.9E+0	1.6E-2	1.7E-2	4.9E-1
9000	9.1E-3	4.0E+1	6.0E+3	3.0E+0	2.6E-2	1.9E-2	5.7E-1
10000	1.1E-2	5.9E+1	8.9E+3	3.0E+0	4.3E-2	2.1E-2	6.8E-1
11000	1.3E-2	8.6E+1	1.3E+4	3.1E+0	7.1E-2	2.3E-2	8.1E-1
12000	1.5E-2	1.2E+2	1.8E+4	3.1E+0	1.2E-1	2.5E-2	9.7E-1
13000	1.7E-2	1.6E+2	2.4E+4	3.2E+0	1.9E-1	2.8E-2	1.2E+0
14000	1.9E-2	2.1E+2	3.1E+4	3.2E+0	3.1E-1	3.0E-2	1.4E+0
15000	2.1E-2	2.6E+2	3.9E+4	3.3E+0	5.0E-1	3.3E-2	1.7E+0
16000	2.2E-2	3.1E+2	4.6E+4	3.3E+0	7.8E-1	3.6E-2	2.0E+0
17000	2.4E-2	3.6E+2	-	3.4E+0	1.2E+0	3.9E-2	2.4E+0
18000	2.6E-2	4.1E+2	-	3.5E+0	1.8E+0	4.2E-2	2.9E+0
18250	2.6E-2	4.2E+2	-	3.5E+0	2.0E+0	4.3E-2	3.0E+0
Radionuclide	U-235
Route of Intake	Inhalation
Material	Aerosols Intermediate Type M/S: Uranium octoxide, uranium dioxide, fA=6E-4
AMTD/AMAD, µm	10

Committed Effective Dose per Predicted Content in an Organ or Excreta Sample (Dose per Content Functions z(t)), Sv/Bq
Time, days	Whole Body	Urine (24-hour sample)	Faeces (24-hour sample)	Alimentary Tract*	Lungs*	Skeleton*	Liver*
0.041667	4.0E-6	-	-	1.1E-5	8.0E-5	2.3E-1	4.2E-1
0.083333	4.1E-6	-	-	9.9E-6	8.7E-5	1.4E-1	3.8E-1
0.125	4.1E-6	-	-	9.1E-6	9.2E-5	9.6E-2	3.4E-1
0.25	4.3E-6	-	-	7.6E-6	1.0E-4	5.2E-2	2.6E-1
0.375	4.4E-6	-	-	6.9E-6	1.0E-4	3.7E-2	2.3E-1
0.5	4.5E-6	-	-	6.4E-6	1.0E-4	3.0E-2	2.1E-1
0.625	4.7E-6	-	-	6.2E-6	1.1E-4	2.5E-2	1.9E-1
0.75	4.9E-6	-	-	6.1E-6	1.1E-4	2.3E-2	1.8E-1
0.875	5.1E-6	-	-	6.2E-6	1.1E-4	2.1E-2	1.7E-1
1	5.4E-6	4.7E-3	3.7E-5	6.4E-6	1.1E-4	2.0E-2	1.7E-1
1.125	5.7E-6	-	-	6.6E-6	1.1E-4	1.9E-2	1.6E-1
1.25	6.1E-6	-	-	7.0E-6	1.1E-4	1.8E-2	1.6E-1
1.375	6.6E-6	-	-	7.5E-6	1.1E-4	1.7E-2	1.6E-1
1.5	7.1E-6	-	-	8.1E-6	1.1E-4	1.7E-2	1.6E-1
1.625	7.8E-6	-	-	8.8E-6	1.1E-4	1.7E-2	1.5E-1
1.75	8.5E-6	-	-	9.6E-6	1.1E-4	1.6E-2	1.5E-1
1.875	9.4E-6	-	-	1.1E-5	1.1E-4	1.6E-2	1.5E-1
2	1.0E-5	1.3E-2	1.2E-5	1.2E-5	1.1E-4	1.6E-2	1.5E-1
2.25	1.3E-5	-	-	1.5E-5	1.1E-4	1.6E-2	1.5E-1
2.5	1.6E-5	-	-	1.9E-5	1.1E-4	1.6E-2	1.5E-1
2.75	2.1E-5	-	-	2.6E-5	1.2E-4	1.5E-2	1.5E-1
3	2.6E-5	3.1E-2	1.8E-5	3.4E-5	1.2E-4	1.5E-2	1.6E-1
3.25	3.3E-5	-	-	4.6E-5	1.2E-4	1.5E-2	1.6E-1
3.5	4.0E-5	-	-	6.3E-5	1.2E-4	1.6E-2	1.6E-1
3.75	4.9E-5	-	-	8.7E-5	1.2E-4	1.6E-2	1.6E-1
4	5.9E-5	5.5E-2	4.7E-5	1.2E-4	1.2E-4	1.6E-2	1.6E-1
4.25	6.8E-5	-	-	1.7E-4	1.2E-4	1.6E-2	1.7E-1
4.5	7.7E-5	-	-	2.3E-4	1.2E-4	1.6E-2	1.7E-1
4.75	8.6E-5	-	-	3.2E-4	1.2E-4	1.6E-2	1.7E-1
5	9.3E-5	7.7E-2	1.6E-4	4.5E-4	1.2E-4	1.6E-2	1.8E-1
5.5	1.0E-4	-	-	8.4E-4	1.2E-4	1.6E-2	1.8E-1
6	1.1E-4	9.2E-2	6.0E-4	1.5E-3	1.2E-4	1.6E-2	1.9E-1
6.5	1.1E-4	-	-	2.3E-3	1.2E-4	1.7E-2	1.9E-1
7	1.2E-4	1.0E-1	2.0E-3	3.2E-3	1.3E-4	1.7E-2	2.0E-1
7.5	1.2E-4	-	-	4.0E-3	1.3E-4	1.7E-2	2.1E-1
8	1.2E-4	1.1E-1	4.8E-3	4.7E-3	1.3E-4	1.7E-2	2.1E-1
8.5	1.2E-4	-	-	5.4E-3	1.3E-4	1.7E-2	2.2E-1
9	1.2E-4	1.2E-1	7.7E-3	5.9E-3	1.3E-4	1.7E-2	2.3E-1
9.5	1.2E-4	-	-	6.5E-3	1.3E-4	1.8E-2	2.3E-1
10	1.2E-4	1.3E-1	9.9E-3	7.1E-3	1.3E-4	1.8E-2	2.4E-1
11	1.2E-4	1.3E-1	1.2E-2	8.4E-3	1.3E-4	1.8E-2	2.5E-1
12	1.3E-4	1.4E-1	1.4E-2	9.8E-3	1.3E-4	1.8E-2	2.7E-1
13	1.3E-4	1.5E-1	1.7E-2	1.1E-2	1.3E-4	1.9E-2	2.8E-1
14	1.3E-4	1.5E-1	1.9E-2	1.3E-2	1.3E-4	1.9E-2	3.0E-1
15	1.3E-4	1.6E-1	2.2E-2	1.5E-2	1.3E-4	1.9E-2	3.1E-1
16	1.3E-4	1.6E-1	2.5E-2	1.7E-2	1.4E-4	1.9E-2	3.3E-1
17	1.3E-4	1.7E-1	2.9E-2	1.9E-2	1.4E-4	1.9E-2	3.4E-1
18	1.3E-4	1.8E-1	3.2E-2	2.1E-2	1.4E-4	1.9E-2	3.6E-1
19	1.3E-4	1.8E-1	3.6E-2	2.3E-2	1.4E-4	1.9E-2	3.7E-1
20	1.3E-4	1.9E-1	3.9E-2	2.5E-2	1.4E-4	1.9E-2	3.9E-1
21	1.3E-4	1.9E-1	4.3E-2	2.7E-2	1.4E-4	1.9E-2	4.0E-1
22	1.3E-4	2.0E-1	4.6E-2	2.8E-2	1.4E-4	2.0E-2	4.2E-1
23	1.3E-4	2.0E-1	4.9E-2	3.0E-2	1.4E-4	2.0E-2	4.3E-1
24	1.3E-4	2.1E-1	5.2E-2	3.2E-2	1.4E-4	2.0E-2	4.4E-1
25	1.3E-4	2.1E-1	5.5E-2	3.3E-2	1.4E-4	2.0E-2	4.6E-1
26	1.3E-4	2.1E-1	5.7E-2	3.4E-2	1.4E-4	2.0E-2	4.7E-1
27	1.4E-4	2.2E-1	6.0E-2	3.6E-2	1.4E-4	2.0E-2	4.8E-1
28	1.4E-4	2.2E-1	6.2E-2	3.7E-2	1.4E-4	2.0E-2	4.9E-1
29	1.4E-4	2.3E-1	6.4E-2	3.7E-2	1.4E-4	2.0E-2	5.0E-1
30	1.4E-4	2.3E-1	6.5E-2	3.8E-2	1.4E-4	2.0E-2	5.1E-1
31	1.4E-4	2.3E-1	6.6E-2	3.9E-2	1.4E-4	2.0E-2	5.2E-1
32	1.4E-4	2.4E-1	6.8E-2	3.9E-2	1.4E-4	2.0E-2	5.3E-1
33	1.4E-4	2.4E-1	6.9E-2	4.0E-2	1.4E-4	2.0E-2	5.4E-1
34	1.4E-4	2.4E-1	7.0E-2	4.0E-2	1.4E-4	2.0E-2	5.5E-1
35	1.4E-4	2.4E-1	7.1E-2	4.1E-2	1.4E-4	2.0E-2	5.6E-1
36	1.4E-4	2.5E-1	7.1E-2	4.1E-2	1.4E-4	2.0E-2	5.7E-1
37	1.4E-4	2.5E-1	7.2E-2	4.2E-2	1.4E-4	2.0E-2	5.7E-1
38	1.4E-4	2.5E-1	7.3E-2	4.2E-2	1.4E-4	2.0E-2	5.8E-1
39	1.4E-4	2.5E-1	7.3E-2	4.2E-2	1.4E-4	2.0E-2	5.8E-1
40	1.4E-4	2.6E-1	7.4E-2	4.2E-2	1.5E-4	2.0E-2	5.9E-1
41	1.4E-4	2.6E-1	7.4E-2	4.3E-2	1.5E-4	2.0E-2	5.9E-1
42	1.4E-4	2.6E-1	7.5E-2	4.3E-2	1.5E-4	2.0E-2	6.0E-1
43	1.4E-4	2.6E-1	7.5E-2	4.3E-2	1.5E-4	2.0E-2	6.0E-1
44	1.4E-4	2.6E-1	7.5E-2	4.3E-2	1.5E-4	2.0E-2	6.0E-1
45	1.4E-4	2.7E-1	7.6E-2	4.4E-2	1.5E-4	2.0E-2	6.1E-1
46	1.4E-4	2.7E-1	7.6E-2	4.4E-2	1.5E-4	2.0E-2	6.1E-1
47	1.4E-4	2.7E-1	7.6E-2	4.4E-2	1.5E-4	2.0E-2	6.1E-1
48	1.4E-4	2.7E-1	7.7E-2	4.4E-2	1.5E-4	2.0E-2	6.1E-1
49	1.4E-4	2.7E-1	7.7E-2	4.4E-2	1.5E-4	1.9E-2	6.2E-1
50	1.4E-4	2.7E-1	7.7E-2	4.5E-2	1.5E-4	1.9E-2	6.2E-1
51	1.4E-4	2.8E-1	7.8E-2	4.5E-2	1.5E-4	1.9E-2	6.2E-1
52	1.4E-4	2.8E-1	7.8E-2	4.5E-2	1.5E-4	1.9E-2	6.2E-1
53	1.4E-4	2.8E-1	7.8E-2	4.5E-2	1.5E-4	1.9E-2	6.2E-1
54	1.4E-4	2.8E-1	7.8E-2	4.5E-2	1.5E-4	1.9E-2	6.2E-1
55	1.5E-4	2.8E-1	7.9E-2	4.5E-2	1.5E-4	1.9E-2	6.2E-1
56	1.5E-4	2.8E-1	7.9E-2	4.6E-2	1.5E-4	1.9E-2	6.2E-1
57	1.5E-4	2.8E-1	7.9E-2	4.6E-2	1.5E-4	1.9E-2	6.2E-1
58	1.5E-4	2.8E-1	8.0E-2	4.6E-2	1.5E-4	1.9E-2	6.3E-1
59	1.5E-4	2.9E-1	8.0E-2	4.6E-2	1.5E-4	1.9E-2	6.3E-1
60	1.5E-4	2.9E-1	8.0E-2	4.6E-2	1.5E-4	1.9E-2	6.3E-1
61	1.5E-4	2.9E-1	8.0E-2	4.6E-2	1.5E-4	1.9E-2	6.3E-1
62	1.5E-4	2.9E-1	8.1E-2	4.7E-2	1.5E-4	1.9E-2	6.3E-1
63	1.5E-4	2.9E-1	8.1E-2	4.7E-2	1.5E-4	1.9E-2	6.3E-1
64	1.5E-4	2.9E-1	8.1E-2	4.7E-2	1.5E-4	1.9E-2	6.3E-1
65	1.5E-4	2.9E-1	8.2E-2	4.7E-2	1.5E-4	1.9E-2	6.3E-1
66	1.5E-4	2.9E-1	8.2E-2	4.7E-2	1.5E-4	1.9E-2	6.2E-1
67	1.5E-4	3.0E-1	8.2E-2	4.7E-2	1.6E-4	1.9E-2	6.2E-1
68	1.5E-4	3.0E-1	8.2E-2	4.8E-2	1.6E-4	1.9E-2	6.2E-1
69	1.5E-4	3.0E-1	8.3E-2	4.8E-2	1.6E-4	1.9E-2	6.2E-1
70	1.5E-4	3.0E-1	8.3E-2	4.8E-2	1.6E-4	1.9E-2	6.2E-1
71	1.5E-4	3.0E-1	8.3E-2	4.8E-2	1.6E-4	1.9E-2	6.2E-1
72	1.5E-4	3.0E-1	8.4E-2	4.8E-2	1.6E-4	1.9E-2	6.2E-1
73	1.5E-4	3.0E-1	8.4E-2	4.8E-2	1.6E-4	1.9E-2	6.2E-1
74	1.5E-4	3.0E-1	8.4E-2	4.9E-2	1.6E-4	1.9E-2	6.2E-1
75	1.5E-4	3.0E-1	8.5E-2	4.9E-2	1.6E-4	1.9E-2	6.2E-1
76	1.5E-4	3.0E-1	8.5E-2	4.9E-2	1.6E-4	1.9E-2	6.2E-1
77	1.5E-4	3.1E-1	8.5E-2	4.9E-2	1.6E-4	1.9E-2	6.2E-1
78	1.5E-4	3.1E-1	8.5E-2	4.9E-2	1.6E-4	1.9E-2	6.2E-1
79	1.5E-4	3.1E-1	8.6E-2	4.9E-2	1.6E-4	1.9E-2	6.2E-1
80	1.5E-4	3.1E-1	8.6E-2	5.0E-2	1.6E-4	1.9E-2	6.2E-1
81	1.5E-4	3.1E-1	8.6E-2	5.0E-2	1.6E-4	1.9E-2	6.2E-1
82	1.5E-4	3.1E-1	8.7E-2	5.0E-2	1.6E-4	1.9E-2	6.2E-1
83	1.5E-4	3.1E-1	8.7E-2	5.0E-2	1.6E-4	1.9E-2	6.1E-1
84	1.6E-4	3.1E-1	8.7E-2	5.0E-2	1.6E-4	1.9E-2	6.1E-1
85	1.6E-4	3.1E-1	8.8E-2	5.1E-2	1.6E-4	1.9E-2	6.1E-1
86	1.6E-4	3.1E-1	8.8E-2	5.1E-2	1.6E-4	1.9E-2	6.1E-1
87	1.6E-4	3.1E-1	8.8E-2	5.1E-2	1.6E-4	1.9E-2	6.1E-1
88	1.6E-4	3.2E-1	8.8E-2	5.1E-2	1.6E-4	1.9E-2	6.1E-1
89	1.6E-4	3.2E-1	8.9E-2	5.1E-2	1.6E-4	1.9E-2	6.1E-1
90	1.6E-4	3.2E-1	8.9E-2	5.1E-2	1.6E-4	1.9E-2	6.1E-1
91	1.6E-4	3.2E-1	8.9E-2	5.2E-2	1.6E-4	1.9E-2	6.1E-1
92	1.6E-4	3.2E-1	9.0E-2	5.2E-2	1.6E-4	1.9E-2	6.1E-1
93	1.6E-4	3.2E-1	9.0E-2	5.2E-2	1.6E-4	1.9E-2	6.1E-1
94	1.6E-4	3.2E-1	9.0E-2	5.2E-2	1.7E-4	1.9E-2	6.1E-1
95	1.6E-4	3.2E-1	9.1E-2	5.2E-2	1.7E-4	1.9E-2	6.0E-1
96	1.6E-4	3.2E-1	9.1E-2	5.2E-2	1.7E-4	1.9E-2	6.0E-1
97	1.6E-4	3.2E-1	9.1E-2	5.3E-2	1.7E-4	1.9E-2	6.0E-1
98	1.6E-4	3.2E-1	9.2E-2	5.3E-2	1.7E-4	1.9E-2	6.0E-1
99	1.6E-4	3.3E-1	9.2E-2	5.3E-2	1.7E-4	1.9E-2	6.0E-1
100	1.6E-4	3.3E-1	9.2E-2	5.3E-2	1.7E-4	1.9E-2	6.0E-1
110	1.6E-4	3.3E-1	9.6E-2	5.5E-2	1.7E-4	1.9E-2	5.9E-1
120	1.7E-4	3.4E-1	9.9E-2	5.7E-2	1.8E-4	1.8E-2	5.8E-1
130	1.7E-4	3.5E-1	1.0E-1	5.9E-2	1.8E-4	1.8E-2	5.8E-1
140	1.8E-4	3.6E-1	1.1E-1	6.1E-2	1.8E-4	1.8E-2	5.7E-1
150	1.8E-4	3.7E-1	1.1E-1	6.3E-2	1.9E-4	1.8E-2	5.6E-1
160	1.8E-4	3.8E-1	1.1E-1	6.6E-2	1.9E-4	1.8E-2	5.5E-1
170	1.9E-4	3.9E-1	1.2E-1	6.8E-2	2.0E-4	1.8E-2	5.5E-1
180	1.9E-4	3.9E-1	1.2E-1	7.0E-2	2.0E-4	1.8E-2	5.4E-1
190	1.9E-4	4.0E-1	1.3E-1	7.3E-2	2.0E-4	1.7E-2	5.3E-1
200	2.0E-4	4.1E-1	1.3E-1	7.5E-2	2.1E-4	1.7E-2	5.3E-1
210	2.0E-4	4.2E-1	1.4E-1	7.8E-2	2.1E-4	1.7E-2	5.2E-1
220	2.1E-4	4.3E-1	1.4E-1	8.1E-2	2.2E-4	1.7E-2	5.2E-1
230	2.1E-4	4.4E-1	1.5E-1	8.3E-2	2.2E-4	1.7E-2	5.1E-1
240	2.1E-4	4.5E-1	1.5E-1	8.6E-2	2.3E-4	1.7E-2	5.1E-1
250	2.2E-4	4.5E-1	1.6E-1	8.9E-2	2.3E-4	1.7E-2	5.0E-1
260	2.2E-4	4.6E-1	1.6E-1	9.3E-2	2.4E-4	1.7E-2	5.0E-1
270	2.3E-4	4.7E-1	1.7E-1	9.6E-2	2.4E-4	1.6E-2	4.9E-1
280	2.3E-4	4.8E-1	1.7E-1	9.9E-2	2.4E-4	1.6E-2	4.9E-1
290	2.4E-4	4.9E-1	1.8E-1	1.0E-1	2.5E-4	1.6E-2	4.8E-1
300	2.4E-4	5.0E-1	1.9E-1	1.1E-1	2.5E-4	1.6E-2	4.8E-1
310	2.4E-4	5.1E-1	1.9E-1	1.1E-1	2.6E-4	1.6E-2	4.8E-1
320	2.5E-4	5.2E-1	2.0E-1	1.1E-1	2.6E-4	1.6E-2	4.7E-1
330	2.5E-4	5.3E-1	2.1E-1	1.2E-1	2.7E-4	1.6E-2	4.7E-1
340	2.6E-4	5.4E-1	2.1E-1	1.2E-1	2.7E-4	1.6E-2	4.7E-1
350	2.6E-4	5.5E-1	2.2E-1	1.3E-1	2.8E-4	1.6E-2	4.6E-1
360	2.7E-4	5.6E-1	2.3E-1	1.3E-1	2.8E-4	1.6E-2	4.6E-1
365	2.7E-4	5.6E-1	2.3E-1	1.3E-1	2.8E-4	1.6E-2	4.6E-1
370	2.7E-4	5.6E-1	2.4E-1	1.3E-1	2.9E-4	1.6E-2	4.6E-1
380	2.7E-4	5.7E-1	2.5E-1	1.4E-1	2.9E-4	1.5E-2	4.5E-1
390	2.8E-4	5.8E-1	2.5E-1	1.4E-1	3.0E-4	1.5E-2	4.5E-1
400	2.8E-4	5.9E-1	2.6E-1	1.5E-1	3.0E-4	1.5E-2	4.5E-1
410	2.9E-4	6.0E-1	2.7E-1	1.5E-1	3.1E-4	1.5E-2	4.4E-1
420	2.9E-4	6.1E-1	2.8E-1	1.6E-1	3.1E-4	1.5E-2	4.4E-1
430	3.0E-4	6.2E-1	2.9E-1	1.7E-1	3.2E-4	1.5E-2	4.4E-1
440	3.0E-4	6.3E-1	3.0E-1	1.7E-1	3.2E-4	1.5E-2	4.4E-1
450	3.1E-4	6.4E-1	3.1E-1	1.8E-1	3.3E-4	1.5E-2	4.3E-1
460	3.1E-4	6.5E-1	3.2E-1	1.8E-1	3.3E-4	1.5E-2	4.3E-1
470	3.1E-4	6.6E-1	3.4E-1	1.9E-1	3.4E-4	1.5E-2	4.3E-1
480	3.2E-4	6.7E-1	3.5E-1	2.0E-1	3.4E-4	1.5E-2	4.3E-1
490	3.2E-4	6.8E-1	3.6E-1	2.0E-1	3.5E-4	1.5E-2	4.2E-1
500	3.3E-4	6.9E-1	3.7E-1	2.1E-1	3.5E-4	1.5E-2	4.2E-1
510	3.3E-4	7.0E-1	3.9E-1	2.2E-1	3.6E-4	1.5E-2	4.2E-1
520	3.4E-4	7.1E-1	4.0E-1	2.2E-1	3.6E-4	1.5E-2	4.2E-1
530	3.4E-4	7.2E-1	4.1E-1	2.3E-1	3.7E-4	1.4E-2	4.1E-1
540	3.4E-4	7.3E-1	4.3E-1	2.4E-1	3.7E-4	1.4E-2	4.1E-1
550	3.5E-4	7.4E-1	4.4E-1	2.5E-1	3.8E-4	1.4E-2	4.1E-1
560	3.5E-4	7.5E-1	4.6E-1	2.5E-1	3.8E-4	1.4E-2	4.1E-1
570	3.6E-4	7.6E-1	4.8E-1	2.6E-1	3.9E-4	1.4E-2	4.1E-1
580	3.6E-4	7.7E-1	4.9E-1	2.7E-1	3.9E-4	1.4E-2	4.1E-1
590	3.7E-4	7.8E-1	5.1E-1	2.8E-1	4.0E-4	1.4E-2	4.0E-1
600	3.7E-4	7.8E-1	5.3E-1	2.9E-1	4.0E-4	1.4E-2	4.0E-1
610	3.8E-4	7.9E-1	5.5E-1	3.0E-1	4.1E-4	1.4E-2	4.0E-1
620	3.8E-4	8.0E-1	5.7E-1	3.1E-1	4.1E-4	1.4E-2	4.0E-1
630	3.8E-4	8.1E-1	5.9E-1	3.2E-1	4.2E-4	1.4E-2	4.0E-1
640	3.9E-4	8.2E-1	6.1E-1	3.3E-1	4.2E-4	1.4E-2	4.0E-1
650	3.9E-4	8.3E-1	6.3E-1	3.4E-1	4.3E-4	1.4E-2	3.9E-1
660	4.0E-4	8.4E-1	6.5E-1	3.5E-1	4.3E-4	1.4E-2	3.9E-1
670	4.0E-4	8.5E-1	6.8E-1	3.6E-1	4.4E-4	1.4E-2	3.9E-1
680	4.1E-4	8.6E-1	7.0E-1	3.8E-1	4.4E-4	1.4E-2	3.9E-1
690	4.1E-4	8.7E-1	7.2E-1	3.9E-1	4.5E-4	1.4E-2	3.9E-1
700	4.1E-4	8.8E-1	7.5E-1	4.0E-1	4.5E-4	1.4E-2	3.9E-1
710	4.2E-4	8.9E-1	7.8E-1	4.1E-1	4.6E-4	1.4E-2	3.9E-1
720	4.2E-4	9.0E-1	8.0E-1	4.3E-1	4.6E-4	1.4E-2	3.8E-1
730	4.3E-4	9.1E-1	8.3E-1	4.4E-1	4.7E-4	1.4E-2	3.8E-1
740	4.3E-4	9.2E-1	8.6E-1	4.6E-1	4.7E-4	1.4E-2	3.8E-1
750	4.4E-4	9.3E-1	8.9E-1	4.7E-1	4.8E-4	1.4E-2	3.8E-1
760	4.4E-4	9.4E-1	9.3E-1	4.9E-1	4.8E-4	1.4E-2	3.8E-1
770	4.4E-4	9.4E-1	9.6E-1	5.0E-1	4.9E-4	1.4E-2	3.8E-1
780	4.5E-4	9.5E-1	9.9E-1	5.2E-1	4.9E-4	1.3E-2	3.8E-1
790	4.5E-4	9.6E-1	1.0E+0	5.3E-1	5.0E-4	1.3E-2	3.8E-1
800	4.6E-4	9.7E-1	1.1E+0	5.5E-1	5.0E-4	1.3E-2	3.7E-1
810	4.6E-4	9.8E-1	1.1E+0	5.7E-1	5.1E-4	1.3E-2	3.7E-1
820	4.6E-4	9.9E-1	1.1E+0	5.8E-1	5.1E-4	1.3E-2	3.7E-1
830	4.7E-4	1.0E+0	1.2E+0	6.0E-1	5.2E-4	1.3E-2	3.7E-1
840	4.7E-4	1.0E+0	1.2E+0	6.2E-1	5.2E-4	1.3E-2	3.7E-1
850	4.8E-4	1.0E+0	1.3E+0	6.4E-1	5.3E-4	1.3E-2	3.7E-1
860	4.8E-4	1.0E+0	1.3E+0	6.6E-1	5.3E-4	1.3E-2	3.7E-1
870	4.8E-4	1.0E+0	1.4E+0	6.8E-1	5.4E-4	1.3E-2	3.7E-1
880	4.9E-4	1.0E+0	1.4E+0	7.0E-1	5.4E-4	1.3E-2	3.7E-1
890	4.9E-4	1.1E+0	1.5E+0	7.2E-1	5.4E-4	1.3E-2	3.7E-1
900	5.0E-4	1.1E+0	1.5E+0	7.4E-1	5.5E-4	1.3E-2	3.6E-1
910	5.0E-4	1.1E+0	1.6E+0	7.6E-1	5.5E-4	1.3E-2	3.6E-1
920	5.0E-4	1.1E+0	1.6E+0	7.8E-1	5.6E-4	1.3E-2	3.6E-1
930	5.1E-4	1.1E+0	1.7E+0	8.1E-1	5.6E-4	1.3E-2	3.6E-1
940	5.1E-4	1.1E+0	1.7E+0	8.3E-1	5.7E-4	1.3E-2	3.6E-1
950	5.2E-4	1.1E+0	1.8E+0	8.5E-1	5.7E-4	1.3E-2	3.6E-1
960	5.2E-4	1.1E+0	1.9E+0	8.8E-1	5.8E-4	1.3E-2	3.6E-1
970	5.2E-4	1.1E+0	1.9E+0	9.0E-1	5.8E-4	1.3E-2	3.6E-1
980	5.3E-4	1.1E+0	2.0E+0	9.3E-1	5.9E-4	1.3E-2	3.6E-1
990	5.3E-4	1.1E+0	2.1E+0	9.5E-1	5.9E-4	1.3E-2	3.6E-1
1000	5.3E-4	1.1E+0	2.1E+0	9.8E-1	6.0E-4	1.3E-2	3.6E-1
1010	5.4E-4	1.2E+0	2.2E+0	1.0E+0	6.0E-4	1.3E-2	3.6E-1
1020	5.4E-4	1.2E+0	2.3E+0	1.0E+0	6.1E-4	1.3E-2	3.6E-1
1030	5.5E-4	1.2E+0	2.4E+0	1.1E+0	6.1E-4	1.3E-2	3.5E-1
1040	5.5E-4	1.2E+0	2.4E+0	1.1E+0	6.1E-4	1.3E-2	3.5E-1
1050	5.5E-4	1.2E+0	2.5E+0	1.1E+0	6.2E-4	1.3E-2	3.5E-1
1060	5.6E-4	1.2E+0	2.6E+0	1.1E+0	6.2E-4	1.3E-2	3.5E-1
1070	5.6E-4	1.2E+0	2.7E+0	1.2E+0	6.3E-4	1.3E-2	3.5E-1
1080	5.6E-4	1.2E+0	2.8E+0	1.2E+0	6.3E-4	1.3E-2	3.5E-1
1090	5.7E-4	1.2E+0	2.9E+0	1.2E+0	6.4E-4	1.3E-2	3.5E-1
1095	5.7E-4	1.2E+0	3.0E+0	1.3E+0	6.4E-4	1.3E-2	3.5E-1
1100	5.7E-4	1.2E+0	3.0E+0	1.3E+0	6.4E-4	1.3E-2	3.5E-1
1200	6.1E-4	1.3E+0	4.3E+0	1.6E+0	6.9E-4	1.3E-2	3.4E-1
1300	6.5E-4	1.4E+0	6.0E+0	1.9E+0	7.3E-4	1.3E-2	3.4E-1
1400	6.8E-4	1.5E+0	8.4E+0	2.3E+0	7.8E-4	1.2E-2	3.4E-1
1500	7.2E-4	1.6E+0	1.2E+1	2.6E+0	8.2E-4	1.2E-2	3.3E-1
1600	7.6E-4	1.7E+0	1.6E+1	2.9E+0	8.7E-4	1.2E-2	3.3E-1
1700	8.0E-4	1.7E+0	2.3E+1	3.2E+0	9.2E-4	1.2E-2	3.3E-1
1800	8.4E-4	1.8E+0	3.1E+1	3.4E+0	9.7E-4	1.2E-2	3.3E-1
1900	8.8E-4	1.9E+0	4.3E+1	3.5E+0	1.0E-3	1.2E-2	3.2E-1
2000	9.2E-4	2.0E+0	5.8E+1	3.6E+0	1.1E-3	1.2E-2	3.2E-1
2100	9.6E-4	2.1E+0	7.7E+1	3.7E+0	1.1E-3	1.2E-2	3.2E-1
2200	1.0E-3	2.2E+0	1.0E+2	3.8E+0	1.2E-3	1.2E-2	3.2E-1
2300	1.1E-3	2.4E+0	1.3E+2	3.8E+0	1.3E-3	1.2E-2	3.2E-1
2400	1.1E-3	2.5E+0	1.6E+2	3.8E+0	1.3E-3	1.3E-2	3.2E-1
2500	1.2E-3	2.6E+0	2.0E+2	3.8E+0	1.4E-3	1.3E-2	3.2E-1
2600	1.2E-3	2.7E+0	2.4E+2	3.8E+0	1.5E-3	1.3E-2	3.2E-1
2700	1.3E-3	2.9E+0	2.8E+2	3.8E+0	1.5E-3	1.3E-2	3.3E-1
2800	1.3E-3	3.0E+0	3.3E+2	3.8E+0	1.6E-3	1.3E-2	3.3E-1
2900	1.4E-3	3.2E+0	3.7E+2	3.8E+0	1.7E-3	1.3E-2	3.3E-1
3000	1.4E-3	3.3E+0	4.1E+2	3.8E+0	1.8E-3	1.3E-2	3.3E-1
3100	1.5E-3	3.5E+0	4.5E+2	3.8E+0	1.9E-3	1.3E-2	3.3E-1
3200	1.6E-3	3.6E+0	4.9E+2	3.8E+0	2.0E-3	1.3E-2	3.3E-1
3300	1.6E-3	3.8E+0	5.3E+2	3.7E+0	2.1E-3	1.3E-2	3.4E-1
3400	1.7E-3	4.0E+0	5.7E+2	3.7E+0	2.2E-3	1.3E-2	3.4E-1
3500	1.8E-3	4.2E+0	6.0E+2	3.7E+0	2.3E-3	1.4E-2	3.4E-1
3600	1.9E-3	4.4E+0	6.4E+2	3.7E+0	2.4E-3	1.4E-2	3.4E-1
3650	1.9E-3	4.5E+0	6.6E+2	3.7E+0	2.5E-3	1.4E-2	3.5E-1
4000	2.2E-3	5.3E+0	8.0E+2	3.7E+0	2.9E-3	1.4E-2	3.6E-1
5000	3.3E-3	8.6E+0	1.3E+3	3.7E+0	4.8E-3	1.6E-2	4.0E-1
6000	4.9E-3	1.4E+1	2.1E+3	3.7E+0	8.0E-3	1.8E-2	4.6E-1
7000	6.8E-3	2.2E+1	3.3E+3	3.7E+0	1.3E-2	2.0E-2	5.3E-1
8000	9.1E-3	3.4E+1	5.1E+3	3.8E+0	2.2E-2	2.2E-2	6.3E-1
9000	1.2E-2	5.2E+1	7.8E+3	3.8E+0	3.6E-2	2.5E-2	7.4E-1
10000	1.4E-2	7.7E+1	1.2E+4	3.9E+0	5.9E-2	2.7E-2	8.8E-1
11000	1.7E-2	1.1E+2	1.7E+4	3.9E+0	9.6E-2	3.0E-2	1.1E+0
12000	2.0E-2	1.6E+2	2.3E+4	4.0E+0	1.6E-1	3.3E-2	1.3E+0
13000	2.2E-2	2.1E+2	-	4.1E+0	2.6E-1	3.6E-2	1.5E+0
14000	2.5E-2	2.7E+2	-	4.1E+0	4.2E-1	3.9E-2	1.8E+0
15000	2.7E-2	3.3E+2	-	4.2E+0	6.7E-1	4.3E-2	2.2E+0
16000	2.9E-2	4.0E+2	-	4.3E+0	1.1E+0	4.6E-2	2.6E+0
17000	3.1E-2	4.6E+2	-	4.4E+0	1.6E+0	5.0E-2	3.1E+0
18000	3.3E-2	5.2E+2	-	4.5E+0	2.4E+0	5.5E-2	3.7E+0
18250	3.4E-2	5.4E+2	-	4.5E+0	2.7E+0	5.6E-2	3.9E+0
Radionuclide	U-235
Route of Intake	Inhalation
Material	Aerosols Intermediate Type M/S: Uranium octoxide, uranium dioxide, fA=6E-4
AMTD/AMAD, µm	20

Committed Effective Dose per Predicted Content in an Organ or Excreta Sample (Dose per Content Functions z(t)), Sv/Bq
Time, days	Whole Body	Urine (24-hour sample)	Faeces (24-hour sample)	Alimentary Tract*	Lungs*	Skeleton*	Liver*
0.041667	2.6E-6	-	-	7.1E-6	1.2E-4	1.9E-1	3.5E-1
0.083333	2.7E-6	-	-	6.3E-6	1.4E-4	1.2E-1	3.4E-1
0.125	2.7E-6	-	-	5.9E-6	1.5E-4	8.4E-2	3.0E-1
0.25	2.8E-6	-	-	4.9E-6	1.7E-4	4.6E-2	2.4E-1
0.375	2.9E-6	-	-	4.4E-6	1.8E-4	3.4E-2	2.1E-1
0.5	3.0E-6	-	-	4.1E-6	1.9E-4	2.7E-2	1.9E-1
0.625	3.1E-6	-	-	4.0E-6	1.9E-4	2.4E-2	1.8E-1
0.75	3.2E-6	-	-	3.9E-6	1.9E-4	2.2E-2	1.8E-1
0.875	3.4E-6	-	-	4.0E-6	1.9E-4	2.0E-2	1.7E-1
1	3.6E-6	4.6E-3	2.4E-5	4.1E-6	1.9E-4	1.9E-2	1.7E-1
1.125	3.8E-6	-	-	4.3E-6	1.9E-4	1.8E-2	1.6E-1
1.25	4.1E-6	-	-	4.5E-6	1.9E-4	1.8E-2	1.6E-1
1.375	4.4E-6	-	-	4.8E-6	2.0E-4	1.7E-2	1.6E-1
1.5	4.8E-6	-	-	5.2E-6	2.0E-4	1.7E-2	1.6E-1
1.625	5.2E-6	-	-	5.6E-6	2.0E-4	1.7E-2	1.6E-1
1.75	5.8E-6	-	-	6.2E-6	2.0E-4	1.7E-2	1.6E-1
1.875	6.4E-6	-	-	6.9E-6	2.0E-4	1.7E-2	1.6E-1
2	7.2E-6	1.5E-2	7.5E-6	7.7E-6	2.0E-4	1.6E-2	1.6E-1
2.25	9.0E-6	-	-	9.7E-6	2.0E-4	1.6E-2	1.6E-1
2.5	1.2E-5	-	-	1.3E-5	2.1E-4	1.6E-2	1.6E-1
2.75	1.5E-5	-	-	1.6E-5	2.1E-4	1.6E-2	1.6E-1
3	2.0E-5	4.2E-2	1.1E-5	2.2E-5	2.1E-4	1.6E-2	1.7E-1
3.25	2.6E-5	-	-	3.0E-5	2.1E-4	1.6E-2	1.7E-1
3.5	3.4E-5	-	-	4.1E-5	2.1E-4	1.6E-2	1.7E-1
3.75	4.4E-5	-	-	5.7E-5	2.2E-4	1.7E-2	1.7E-1
4	5.6E-5	7.3E-2	3.0E-5	7.9E-5	2.2E-4	1.7E-2	1.8E-1
4.25	7.1E-5	-	-	1.1E-4	2.2E-4	1.7E-2	1.8E-1
4.5	8.8E-5	-	-	1.6E-4	2.2E-4	1.7E-2	1.8E-1
4.75	1.1E-4	-	-	2.2E-4	2.2E-4	1.7E-2	1.9E-1
5	1.2E-4	9.7E-2	1.0E-4	3.1E-4	2.2E-4	1.7E-2	1.9E-1
5.5	1.6E-4	-	-	6.3E-4	2.3E-4	1.7E-2	2.0E-1
6	1.8E-4	1.1E-1	4.1E-4	1.2E-3	2.3E-4	1.8E-2	2.0E-1
6.5	1.9E-4	-	-	2.2E-3	2.3E-4	1.8E-2	2.1E-1
7	2.0E-4	1.3E-1	1.6E-3	3.5E-3	2.3E-4	1.8E-2	2.2E-1
7.5	2.1E-4	-	-	5.0E-3	2.3E-4	1.8E-2	2.3E-1
8	2.1E-4	1.4E-1	5.0E-3	6.4E-3	2.4E-4	1.9E-2	2.3E-1
8.5	2.1E-4	-	-	7.6E-3	2.4E-4	1.9E-2	2.4E-1
9	2.1E-4	1.5E-1	1.0E-2	8.7E-3	2.4E-4	1.9E-2	2.5E-1
9.5	2.2E-4	-	-	9.7E-3	2.4E-4	1.9E-2	2.6E-1
10	2.2E-4	1.6E-1	1.4E-2	1.1E-2	2.4E-4	1.9E-2	2.7E-1
11	2.2E-4	1.7E-1	1.8E-2	1.3E-2	2.4E-4	2.0E-2	2.8E-1
12	2.2E-4	1.8E-1	2.1E-2	1.5E-2	2.5E-4	2.0E-2	3.0E-1
13	2.3E-4	1.9E-1	2.5E-2	1.7E-2	2.5E-4	2.0E-2	3.2E-1
14	2.3E-4	2.0E-1	3.0E-2	2.0E-2	2.5E-4	2.1E-2	3.4E-1
15	2.3E-4	2.1E-1	3.4E-2	2.3E-2	2.5E-4	2.1E-2	3.6E-1
16	2.3E-4	2.2E-1	4.0E-2	2.7E-2	2.5E-4	2.1E-2	3.8E-1
17	2.3E-4	2.3E-1	4.6E-2	3.0E-2	2.5E-4	2.1E-2	4.0E-1
18	2.3E-4	2.4E-1	5.2E-2	3.4E-2	2.6E-4	2.2E-2	4.2E-1
19	2.3E-4	2.5E-1	5.8E-2	3.8E-2	2.6E-4	2.2E-2	4.4E-1
20	2.4E-4	2.6E-1	6.5E-2	4.1E-2	2.6E-4	2.2E-2	4.6E-1
21	2.4E-4	2.7E-1	7.1E-2	4.5E-2	2.6E-4	2.2E-2	4.8E-1
22	2.4E-4	2.8E-1	7.8E-2	4.9E-2	2.6E-4	2.2E-2	5.0E-1
23	2.4E-4	2.9E-1	8.4E-2	5.2E-2	2.6E-4	2.2E-2	5.2E-1
24	2.4E-4	3.0E-1	9.1E-2	5.5E-2	2.6E-4	2.2E-2	5.4E-1
25	2.4E-4	3.1E-1	9.6E-2	5.8E-2	2.6E-4	2.3E-2	5.6E-1
26	2.4E-4	3.1E-1	1.0E-1	6.1E-2	2.6E-4	2.3E-2	5.8E-1
27	2.4E-4	3.2E-1	1.1E-1	6.3E-2	2.6E-4	2.3E-2	5.9E-1
28	2.4E-4	3.3E-1	1.1E-1	6.6E-2	2.6E-4	2.3E-2	6.1E-1
29	2.4E-4	3.4E-1	1.2E-1	6.8E-2	2.7E-4	2.3E-2	6.3E-1
30	2.4E-4	3.5E-1	1.2E-1	6.9E-2	2.7E-4	2.3E-2	6.4E-1
31	2.4E-4	3.5E-1	1.2E-1	7.1E-2	2.7E-4	2.3E-2	6.6E-1
32	2.5E-4	3.6E-1	1.2E-1	7.2E-2	2.7E-4	2.3E-2	6.8E-1
33	2.5E-4	3.7E-1	1.3E-1	7.3E-2	2.7E-4	2.3E-2	6.9E-1
34	2.5E-4	3.7E-1	1.3E-1	7.4E-2	2.7E-4	2.3E-2	7.0E-1
35	2.5E-4	3.8E-1	1.3E-1	7.5E-2	2.7E-4	2.3E-2	7.2E-1
36	2.5E-4	3.8E-1	1.3E-1	7.6E-2	2.7E-4	2.3E-2	7.3E-1
37	2.5E-4	3.9E-1	1.3E-1	7.7E-2	2.7E-4	2.3E-2	7.4E-1
38	2.5E-4	4.0E-1	1.4E-1	7.8E-2	2.7E-4	2.3E-2	7.5E-1
39	2.5E-4	4.0E-1	1.4E-1	7.8E-2	2.7E-4	2.3E-2	7.6E-1
40	2.5E-4	4.1E-1	1.4E-1	7.9E-2	2.7E-4	2.3E-2	7.7E-1
41	2.5E-4	4.1E-1	1.4E-1	7.9E-2	2.7E-4	2.3E-2	7.8E-1
42	2.5E-4	4.2E-1	1.4E-1	8.0E-2	2.7E-4	2.3E-2	7.9E-1
43	2.5E-4	4.2E-1	1.4E-1	8.0E-2	2.7E-4	2.3E-2	7.9E-1
44	2.5E-4	4.2E-1	1.4E-1	8.1E-2	2.8E-4	2.4E-2	8.0E-1
45	2.5E-4	4.3E-1	1.4E-1	8.1E-2	2.8E-4	2.4E-2	8.1E-1
46	2.5E-4	4.3E-1	1.4E-1	8.2E-2	2.8E-4	2.4E-2	8.1E-1
47	2.5E-4	4.4E-1	1.4E-1	8.2E-2	2.8E-4	2.4E-2	8.2E-1
48	2.6E-4	4.4E-1	1.4E-1	8.2E-2	2.8E-4	2.4E-2	8.2E-1
49	2.6E-4	4.4E-1	1.4E-1	8.3E-2	2.8E-4	2.4E-2	8.3E-1
50	2.6E-4	4.5E-1	1.5E-1	8.3E-2	2.8E-4	2.4E-2	8.3E-1
51	2.6E-4	4.5E-1	1.5E-1	8.3E-2	2.8E-4	2.4E-2	8.3E-1
52	2.6E-4	4.5E-1	1.5E-1	8.4E-2	2.8E-4	2.4E-2	8.4E-1
53	2.6E-4	4.6E-1	1.5E-1	8.4E-2	2.8E-4	2.4E-2	8.4E-1
54	2.6E-4	4.6E-1	1.5E-1	8.4E-2	2.8E-4	2.4E-2	8.4E-1
55	2.6E-4	4.6E-1	1.5E-1	8.5E-2	2.8E-4	2.4E-2	8.4E-1
56	2.6E-4	4.7E-1	1.5E-1	8.5E-2	2.8E-4	2.4E-2	8.5E-1
57	2.6E-4	4.7E-1	1.5E-1	8.5E-2	2.8E-4	2.4E-2	8.5E-1
58	2.6E-4	4.7E-1	1.5E-1	8.6E-2	2.8E-4	2.4E-2	8.5E-1
59	2.6E-4	4.8E-1	1.5E-1	8.6E-2	2.9E-4	2.4E-2	8.5E-1
60	2.6E-4	4.8E-1	1.5E-1	8.6E-2	2.9E-4	2.4E-2	8.5E-1
61	2.6E-4	4.8E-1	1.5E-1	8.7E-2	2.9E-4	2.4E-2	8.5E-1
62	2.6E-4	4.8E-1	1.5E-1	8.7E-2	2.9E-4	2.4E-2	8.5E-1
63	2.6E-4	4.9E-1	1.5E-1	8.7E-2	2.9E-4	2.4E-2	8.6E-1
64	2.6E-4	4.9E-1	1.5E-1	8.8E-2	2.9E-4	2.4E-2	8.6E-1
65	2.7E-4	4.9E-1	1.5E-1	8.8E-2	2.9E-4	2.4E-2	8.6E-1
66	2.7E-4	4.9E-1	1.5E-1	8.8E-2	2.9E-4	2.4E-2	8.6E-1
67	2.7E-4	5.0E-1	1.5E-1	8.9E-2	2.9E-4	2.4E-2	8.6E-1
68	2.7E-4	5.0E-1	1.5E-1	8.9E-2	2.9E-4	2.4E-2	8.6E-1
69	2.7E-4	5.0E-1	1.6E-1	8.9E-2	2.9E-4	2.4E-2	8.6E-1
70	2.7E-4	5.0E-1	1.6E-1	8.9E-2	2.9E-4	2.4E-2	8.6E-1
71	2.7E-4	5.0E-1	1.6E-1	9.0E-2	2.9E-4	2.4E-2	8.6E-1
72	2.7E-4	5.1E-1	1.6E-1	9.0E-2	2.9E-4	2.4E-2	8.6E-1
73	2.7E-4	5.1E-1	1.6E-1	9.0E-2	3.0E-4	2.4E-2	8.6E-1
74	2.7E-4	5.1E-1	1.6E-1	9.1E-2	3.0E-4	2.4E-2	8.6E-1
75	2.7E-4	5.1E-1	1.6E-1	9.1E-2	3.0E-4	2.4E-2	8.6E-1
76	2.7E-4	5.2E-1	1.6E-1	9.1E-2	3.0E-4	2.4E-2	8.6E-1
77	2.7E-4	5.2E-1	1.6E-1	9.2E-2	3.0E-4	2.4E-2	8.6E-1
78	2.7E-4	5.2E-1	1.6E-1	9.2E-2	3.0E-4	2.4E-2	8.6E-1
79	2.7E-4	5.2E-1	1.6E-1	9.2E-2	3.0E-4	2.4E-2	8.6E-1
80	2.7E-4	5.2E-1	1.6E-1	9.3E-2	3.0E-4	2.4E-2	8.6E-1
81	2.7E-4	5.3E-1	1.6E-1	9.3E-2	3.0E-4	2.4E-2	8.6E-1
82	2.8E-4	5.3E-1	1.6E-1	9.3E-2	3.0E-4	2.4E-2	8.5E-1
83	2.8E-4	5.3E-1	1.6E-1	9.4E-2	3.0E-4	2.4E-2	8.5E-1
84	2.8E-4	5.3E-1	1.6E-1	9.4E-2	3.0E-4	2.4E-2	8.5E-1
85	2.8E-4	5.3E-1	1.6E-1	9.4E-2	3.0E-4	2.4E-2	8.5E-1
86	2.8E-4	5.4E-1	1.6E-1	9.5E-2	3.0E-4	2.5E-2	8.5E-1
87	2.8E-4	5.4E-1	1.7E-1	9.5E-2	3.0E-4	2.5E-2	8.5E-1
88	2.8E-4	5.4E-1	1.7E-1	9.5E-2	3.1E-4	2.5E-2	8.5E-1
89	2.8E-4	5.4E-1	1.7E-1	9.6E-2	3.1E-4	2.5E-2	8.5E-1
90	2.8E-4	5.4E-1	1.7E-1	9.6E-2	3.1E-4	2.5E-2	8.5E-1
91	2.8E-4	5.5E-1	1.7E-1	9.6E-2	3.1E-4	2.5E-2	8.5E-1
92	2.8E-4	5.5E-1	1.7E-1	9.7E-2	3.1E-4	2.5E-2	8.5E-1
93	2.8E-4	5.5E-1	1.7E-1	9.7E-2	3.1E-4	2.5E-2	8.5E-1
94	2.8E-4	5.5E-1	1.7E-1	9.8E-2	3.1E-4	2.5E-2	8.5E-1
95	2.8E-4	5.5E-1	1.7E-1	9.8E-2	3.1E-4	2.5E-2	8.5E-1
96	2.8E-4	5.5E-1	1.7E-1	9.8E-2	3.1E-4	2.5E-2	8.5E-1
97	2.8E-4	5.6E-1	1.7E-1	9.9E-2	3.1E-4	2.5E-2	8.4E-1
98	2.9E-4	5.6E-1	1.7E-1	9.9E-2	3.1E-4	2.5E-2	8.4E-1
99	2.9E-4	5.6E-1	1.7E-1	9.9E-2	3.1E-4	2.5E-2	8.4E-1
100	2.9E-4	5.6E-1	1.7E-1	1.0E-1	3.1E-4	2.5E-2	8.4E-1
110	2.9E-4	5.8E-1	1.8E-1	1.0E-1	3.2E-4	2.5E-2	8.3E-1
120	3.0E-4	6.0E-1	1.9E-1	1.1E-1	3.3E-4	2.5E-2	8.3E-1
130	3.1E-4	6.1E-1	1.9E-1	1.1E-1	3.4E-4	2.5E-2	8.2E-1
140	3.1E-4	6.3E-1	2.0E-1	1.1E-1	3.4E-4	2.5E-2	8.1E-1
150	3.2E-4	6.4E-1	2.1E-1	1.2E-1	3.5E-4	2.5E-2	8.0E-1
160	3.2E-4	6.6E-1	2.1E-1	1.2E-1	3.6E-4	2.5E-2	8.0E-1
170	3.3E-4	6.8E-1	2.2E-1	1.3E-1	3.7E-4	2.5E-2	7.9E-1
180	3.4E-4	6.9E-1	2.3E-1	1.3E-1	3.7E-4	2.5E-2	7.8E-1
190	3.4E-4	7.1E-1	2.4E-1	1.4E-1	3.8E-4	2.5E-2	7.7E-1
200	3.5E-4	7.2E-1	2.5E-1	1.4E-1	3.9E-4	2.5E-2	7.7E-1
210	3.6E-4	7.4E-1	2.5E-1	1.5E-1	4.0E-4	2.5E-2	7.6E-1
220	3.6E-4	7.5E-1	2.6E-1	1.5E-1	4.1E-4	2.5E-2	7.5E-1
230	3.7E-4	7.7E-1	2.7E-1	1.6E-1	4.2E-4	2.5E-2	7.5E-1
240	3.8E-4	7.8E-1	2.8E-1	1.6E-1	4.2E-4	2.5E-2	7.4E-1
250	3.9E-4	8.0E-1	2.9E-1	1.7E-1	4.3E-4	2.4E-2	7.4E-1
260	3.9E-4	8.1E-1	3.0E-1	1.7E-1	4.4E-4	2.4E-2	7.3E-1
270	4.0E-4	8.3E-1	3.1E-1	1.8E-1	4.5E-4	2.4E-2	7.2E-1
280	4.1E-4	8.4E-1	3.3E-1	1.9E-1	4.6E-4	2.4E-2	7.2E-1
290	4.1E-4	8.6E-1	3.4E-1	1.9E-1	4.7E-4	2.4E-2	7.1E-1
300	4.2E-4	8.8E-1	3.5E-1	2.0E-1	4.8E-4	2.4E-2	7.1E-1
310	4.3E-4	8.9E-1	3.6E-1	2.1E-1	4.8E-4	2.4E-2	7.0E-1
320	4.3E-4	9.1E-1	3.7E-1	2.1E-1	4.9E-4	2.4E-2	7.0E-1
330	4.4E-4	9.2E-1	3.9E-1	2.2E-1	5.0E-4	2.4E-2	7.0E-1
340	4.5E-4	9.4E-1	4.0E-1	2.3E-1	5.1E-4	2.4E-2	6.9E-1
350	4.6E-4	9.5E-1	4.2E-1	2.4E-1	5.2E-4	2.3E-2	6.9E-1
360	4.6E-4	9.7E-1	4.3E-1	2.4E-1	5.3E-4	2.3E-2	6.8E-1
365	4.7E-4	9.8E-1	4.4E-1	2.5E-1	5.3E-4	2.3E-2	6.8E-1
370	4.7E-4	9.9E-1	4.5E-1	2.5E-1	5.4E-4	2.3E-2	6.8E-1
380	4.8E-4	1.0E+0	4.6E-1	2.6E-1	5.5E-4	2.3E-2	6.8E-1
390	4.8E-4	1.0E+0	4.8E-1	2.7E-1	5.6E-4	2.3E-2	6.7E-1
400	4.9E-4	1.0E+0	4.9E-1	2.8E-1	5.7E-4	2.3E-2	6.7E-1
410	5.0E-4	1.0E+0	5.1E-1	2.9E-1	5.8E-4	2.3E-2	6.6E-1
420	5.1E-4	1.1E+0	5.3E-1	3.0E-1	5.8E-4	2.3E-2	6.6E-1
430	5.1E-4	1.1E+0	5.5E-1	3.1E-1	5.9E-4	2.3E-2	6.6E-1
440	5.2E-4	1.1E+0	5.7E-1	3.2E-1	6.0E-4	2.3E-2	6.5E-1
450	5.3E-4	1.1E+0	5.9E-1	3.3E-1	6.1E-4	2.3E-2	6.5E-1
460	5.4E-4	1.1E+0	6.1E-1	3.4E-1	6.2E-4	2.3E-2	6.5E-1
470	5.4E-4	1.1E+0	6.3E-1	3.5E-1	6.3E-4	2.2E-2	6.5E-1
480	5.5E-4	1.2E+0	6.5E-1	3.6E-1	6.4E-4	2.2E-2	6.4E-1
490	5.6E-4	1.2E+0	6.8E-1	3.8E-1	6.5E-4	2.2E-2	6.4E-1
500	5.6E-4	1.2E+0	7.0E-1	3.9E-1	6.6E-4	2.2E-2	6.4E-1
510	5.7E-4	1.2E+0	7.3E-1	4.0E-1	6.7E-4	2.2E-2	6.3E-1
520	5.8E-4	1.2E+0	7.5E-1	4.2E-1	6.8E-4	2.2E-2	6.3E-1
530	5.9E-4	1.2E+0	7.8E-1	4.3E-1	6.9E-4	2.2E-2	6.3E-1
540	5.9E-4	1.3E+0	8.1E-1	4.4E-1	7.0E-4	2.2E-2	6.3E-1
550	6.0E-4	1.3E+0	8.3E-1	4.6E-1	7.1E-4	2.2E-2	6.2E-1
560	6.1E-4	1.3E+0	8.6E-1	4.7E-1	7.2E-4	2.2E-2	6.2E-1
570	6.1E-4	1.3E+0	9.0E-1	4.9E-1	7.3E-4	2.2E-2	6.2E-1
580	6.2E-4	1.3E+0	9.3E-1	5.1E-1	7.4E-4	2.2E-2	6.2E-1
590	6.3E-4	1.3E+0	9.6E-1	5.2E-1	7.5E-4	2.2E-2	6.1E-1
600	6.4E-4	1.3E+0	9.9E-1	5.4E-1	7.5E-4	2.2E-2	6.1E-1
610	6.4E-4	1.4E+0	1.0E+0	5.6E-1	7.6E-4	2.2E-2	6.1E-1
620	6.5E-4	1.4E+0	1.1E+0	5.8E-1	7.7E-4	2.2E-2	6.1E-1
630	6.6E-4	1.4E+0	1.1E+0	5.9E-1	7.8E-4	2.1E-2	6.1E-1
640	6.6E-4	1.4E+0	1.1E+0	6.1E-1	7.9E-4	2.1E-2	6.0E-1
650	6.7E-4	1.4E+0	1.2E+0	6.3E-1	8.0E-4	2.1E-2	6.0E-1
660	6.8E-4	1.4E+0	1.2E+0	6.5E-1	8.1E-4	2.1E-2	6.0E-1
670	6.8E-4	1.5E+0	1.3E+0	6.7E-1	8.2E-4	2.1E-2	6.0E-1
680	6.9E-4	1.5E+0	1.3E+0	7.0E-1	8.3E-4	2.1E-2	6.0E-1
690	7.0E-4	1.5E+0	1.4E+0	7.2E-1	8.4E-4	2.1E-2	5.9E-1
700	7.1E-4	1.5E+0	1.4E+0	7.4E-1	8.5E-4	2.1E-2	5.9E-1
710	7.1E-4	1.5E+0	1.5E+0	7.7E-1	8.6E-4	2.1E-2	5.9E-1
720	7.2E-4	1.5E+0	1.5E+0	7.9E-1	8.7E-4	2.1E-2	5.9E-1
730	7.3E-4	1.5E+0	1.6E+0	8.1E-1	8.8E-4	2.1E-2	5.9E-1
740	7.3E-4	1.6E+0	1.6E+0	8.4E-1	8.9E-4	2.1E-2	5.9E-1
750	7.4E-4	1.6E+0	1.7E+0	8.7E-1	8.9E-4	2.1E-2	5.8E-1
760	7.5E-4	1.6E+0	1.7E+0	8.9E-1	9.0E-4	2.1E-2	5.8E-1
770	7.5E-4	1.6E+0	1.8E+0	9.2E-1	9.1E-4	2.1E-2	5.8E-1
780	7.6E-4	1.6E+0	1.9E+0	9.5E-1	9.2E-4	2.1E-2	5.8E-1
790	7.7E-4	1.6E+0	1.9E+0	9.8E-1	9.3E-4	2.1E-2	5.8E-1
800	7.7E-4	1.7E+0	2.0E+0	1.0E+0	9.4E-4	2.1E-2	5.8E-1
810	7.8E-4	1.7E+0	2.1E+0	1.0E+0	9.5E-4	2.1E-2	5.7E-1
820	7.9E-4	1.7E+0	2.1E+0	1.1E+0	9.6E-4	2.1E-2	5.7E-1
830	7.9E-4	1.7E+0	2.2E+0	1.1E+0	9.7E-4	2.1E-2	5.7E-1
840	8.0E-4	1.7E+0	2.3E+0	1.1E+0	9.8E-4	2.1E-2	5.7E-1
850	8.1E-4	1.7E+0	2.4E+0	1.2E+0	9.8E-4	2.1E-2	5.7E-1
860	8.1E-4	1.7E+0	2.5E+0	1.2E+0	9.9E-4	2.1E-2	5.7E-1
870	8.2E-4	1.8E+0	2.5E+0	1.2E+0	1.0E-3	2.1E-2	5.7E-1
880	8.2E-4	1.8E+0	2.6E+0	1.3E+0	1.0E-3	2.0E-2	5.7E-1
890	8.3E-4	1.8E+0	2.7E+0	1.3E+0	1.0E-3	2.0E-2	5.6E-1
900	8.4E-4	1.8E+0	2.8E+0	1.3E+0	1.0E-3	2.0E-2	5.6E-1
910	8.4E-4	1.8E+0	2.9E+0	1.4E+0	1.0E-3	2.0E-2	5.6E-1
920	8.5E-4	1.8E+0	3.0E+0	1.4E+0	1.0E-3	2.0E-2	5.6E-1
930	8.6E-4	1.8E+0	3.1E+0	1.5E+0	1.1E-3	2.0E-2	5.6E-1
940	8.6E-4	1.9E+0	3.2E+0	1.5E+0	1.1E-3	2.0E-2	5.6E-1
950	8.7E-4	1.9E+0	3.4E+0	1.5E+0	1.1E-3	2.0E-2	5.6E-1
960	8.8E-4	1.9E+0	3.5E+0	1.6E+0	1.1E-3	2.0E-2	5.6E-1
970	8.8E-4	1.9E+0	3.6E+0	1.6E+0	1.1E-3	2.0E-2	5.6E-1
980	8.9E-4	1.9E+0	3.7E+0	1.7E+0	1.1E-3	2.0E-2	5.5E-1
990	8.9E-4	1.9E+0	3.9E+0	1.7E+0	1.1E-3	2.0E-2	5.5E-1
1000	9.0E-4	1.9E+0	4.0E+0	1.8E+0	1.1E-3	2.0E-2	5.5E-1
1010	9.1E-4	2.0E+0	4.1E+0	1.8E+0	1.1E-3	2.0E-2	5.5E-1
1020	9.1E-4	2.0E+0	4.3E+0	1.9E+0	1.1E-3	2.0E-2	5.5E-1
1030	9.2E-4	2.0E+0	4.4E+0	1.9E+0	1.1E-3	2.0E-2	5.5E-1
1040	9.3E-4	2.0E+0	4.6E+0	1.9E+0	1.2E-3	2.0E-2	5.5E-1
1050	9.3E-4	2.0E+0	4.8E+0	2.0E+0	1.2E-3	2.0E-2	5.5E-1
1060	9.4E-4	2.0E+0	4.9E+0	2.0E+0	1.2E-3	2.0E-2	5.5E-1
1070	9.4E-4	2.0E+0	5.1E+0	2.1E+0	1.2E-3	2.0E-2	5.5E-1
1080	9.5E-4	2.0E+0	5.3E+0	2.1E+0	1.2E-3	2.0E-2	5.5E-1
1090	9.6E-4	2.1E+0	5.5E+0	2.2E+0	1.2E-3	2.0E-2	5.4E-1
1095	9.6E-4	2.1E+0	5.5E+0	2.2E+0	1.2E-3	2.0E-2	5.4E-1
1100	9.6E-4	2.1E+0	5.6E+0	2.2E+0	1.2E-3	2.0E-2	5.4E-1
1200	1.0E-3	2.2E+0	8.0E+0	2.8E+0	1.3E-3	2.0E-2	5.4E-1
1300	1.1E-3	2.4E+0	1.1E+1	3.4E+0	1.4E-3	2.0E-2	5.3E-1
1400	1.1E-3	2.5E+0	1.6E+1	3.9E+0	1.5E-3	2.0E-2	5.2E-1
1500	1.2E-3	2.6E+0	2.2E+1	4.4E+0	1.5E-3	2.0E-2	5.2E-1
1600	1.3E-3	2.8E+0	3.1E+1	4.9E+0	1.6E-3	2.0E-2	5.2E-1
1700	1.3E-3	2.9E+0	4.2E+1	5.2E+0	1.7E-3	2.0E-2	5.1E-1
1800	1.4E-3	3.1E+0	5.8E+1	5.5E+0	1.8E-3	2.0E-2	5.1E-1
1900	1.5E-3	3.2E+0	7.9E+1	5.7E+0	1.9E-3	2.0E-2	5.1E-1
2000	1.5E-3	3.4E+0	1.1E+2	5.8E+0	2.0E-3	2.0E-2	5.1E-1
2100	1.6E-3	3.6E+0	1.4E+2	5.9E+0	2.1E-3	2.0E-2	5.1E-1
2200	1.7E-3	3.8E+0	1.8E+2	6.0E+0	2.2E-3	2.0E-2	5.1E-1
2300	1.8E-3	3.9E+0	2.3E+2	6.0E+0	2.3E-3	2.0E-2	5.1E-1
2400	1.8E-3	4.1E+0	2.9E+2	6.0E+0	2.5E-3	2.0E-2	5.1E-1
2500	1.9E-3	4.3E+0	3.5E+2	6.0E+0	2.6E-3	2.0E-2	5.1E-1
2600	2.0E-3	4.6E+0	4.2E+2	6.0E+0	2.7E-3	2.0E-2	5.1E-1
2700	2.1E-3	4.8E+0	4.9E+2	6.0E+0	2.9E-3	2.0E-2	5.2E-1
2800	2.2E-3	5.0E+0	5.6E+2	6.0E+0	3.0E-3	2.0E-2	5.2E-1
2900	2.3E-3	5.3E+0	6.3E+2	6.0E+0	3.2E-3	2.1E-2	5.2E-1
3000	2.4E-3	5.5E+0	7.0E+2	6.0E+0	3.3E-3	2.1E-2	5.3E-1
3100	2.5E-3	5.8E+0	7.7E+2	6.0E+0	3.5E-3	2.1E-2	5.3E-1
3200	2.6E-3	6.1E+0	8.3E+2	5.9E+0	3.7E-3	2.1E-2	5.3E-1
3300	2.7E-3	6.4E+0	8.9E+2	5.9E+0	3.9E-3	2.1E-2	5.4E-1
3400	2.9E-3	6.7E+0	9.5E+2	5.9E+0	4.1E-3	2.2E-2	5.4E-1
3500	3.0E-3	7.0E+0	1.0E+3	5.9E+0	4.3E-3	2.2E-2	5.5E-1
3600	3.1E-3	7.4E+0	1.1E+3	5.9E+0	4.5E-3	2.2E-2	5.5E-1
3650	3.2E-3	7.5E+0	1.1E+3	5.9E+0	4.6E-3	2.2E-2	5.5E-1
4000	3.7E-3	8.9E+0	1.3E+3	5.9E+0	5.5E-3	2.3E-2	5.7E-1
5000	5.5E-3	1.4E+1	2.2E+3	5.8E+0	9.1E-3	2.6E-2	6.4E-1
6000	8.0E-3	2.3E+1	3.4E+3	5.8E+0	1.5E-2	2.9E-2	7.4E-1
7000	1.1E-2	3.6E+1	5.4E+3	5.9E+0	2.5E-2	3.2E-2	8.6E-1
8000	1.5E-2	5.6E+1	8.5E+3	6.0E+0	4.1E-2	3.6E-2	1.0E+0
9000	1.9E-2	8.6E+1	1.3E+4	6.1E+0	6.7E-2	3.9E-2	1.2E+0
10000	2.3E-2	1.3E+2	-	6.2E+0	1.1E-1	4.4E-2	1.4E+0
11000	2.8E-2	1.8E+2	-	6.3E+0	1.8E-1	4.8E-2	1.7E+0
12000	3.2E-2	2.6E+2	-	6.4E+0	2.9E-1	5.3E-2	2.0E+0
13000	3.6E-2	3.4E+2	-	6.5E+0	4.8E-1	5.7E-2	2.4E+0
14000	3.9E-2	4.4E+2	-	6.6E+0	7.7E-1	6.3E-2	2.9E+0
15000	4.3E-2	5.4E+2	-	6.7E+0	1.2E+0	6.8E-2	3.5E+0
16000	4.6E-2	6.4E+2	-	6.8E+0	1.9E+0	7.4E-2	4.2E+0
17000	5.0E-2	7.4E+2	-	7.0E+0	3.0E+0	8.0E-2	5.0E+0
18000	5.3E-2	8.4E+2	-	7.1E+0	4.4E+0	8.7E-2	6.0E+0
18250	5.4E-2	8.7E+2	-	7.1E+0	4.8E+0	8.9E-2	6.3E+0
Radionuclide	U-235
Route of Intake	Inhalation
Material	Aerosols Uranium aluminide, fA=2E-3
AMTD/AMAD, µm	0.001

Committed Effective Dose per Predicted Content in an Organ or Excreta Sample (Dose per Content Functions z(t)), Sv/Bq
Time, days	Whole Body	Urine (24-hour sample)	Faeces (24-hour sample)	Alimentary Tract*	Lungs*	Skeleton*	Liver*
0.041667	4.6E-6	-	-	1.4E-5	2.9E-5	1.8E+0	2.1E+0
0.083333	4.7E-6	-	-	1.2E-5	3.3E-5	4.1E-1	7.1E-1
0.125	4.7E-6	-	-	1.1E-5	3.7E-5	2.0E-1	4.7E-1
0.25	4.9E-6	-	-	8.9E-6	4.3E-5	7.1E-2	3.0E-1
0.375	5.0E-6	-	-	8.0E-6	4.6E-5	4.5E-2	2.6E-1
0.5	5.1E-6	-	-	7.5E-6	4.8E-5	3.5E-2	2.3E-1
0.625	5.3E-6	-	-	7.3E-6	4.9E-5	3.0E-2	2.2E-1
0.75	5.5E-6	-	-	7.2E-6	5.1E-5	2.7E-2	2.2E-1
0.875	5.7E-6	-	-	7.3E-6	5.2E-5	2.5E-2	2.1E-1
1	6.0E-6	5.7E-3	4.3E-5	7.5E-6	5.3E-5	2.4E-2	2.1E-1
1.125	6.3E-6	-	-	7.8E-6	5.4E-5	2.3E-2	2.0E-1
1.25	6.7E-6	-	-	8.2E-6	5.6E-5	2.2E-2	2.0E-1
1.375	7.2E-6	-	-	8.8E-6	5.7E-5	2.2E-2	2.0E-1
1.5	7.8E-6	-	-	9.5E-6	5.8E-5	2.2E-2	2.0E-1
1.625	8.5E-6	-	-	1.0E-5	6.0E-5	2.1E-2	2.0E-1
1.75	9.2E-6	-	-	1.1E-5	6.1E-5	2.1E-2	2.0E-1
1.875	1.0E-5	-	-	1.2E-5	6.3E-5	2.1E-2	2.0E-1
2	1.1E-5	2.2E-2	1.4E-5	1.4E-5	6.4E-5	2.1E-2	2.1E-1
2.25	1.3E-5	-	-	1.7E-5	6.7E-5	2.1E-2	2.1E-1
2.5	1.6E-5	-	-	2.2E-5	7.0E-5	2.1E-2	2.1E-1
2.75	2.0E-5	-	-	2.8E-5	7.4E-5	2.1E-2	2.1E-1
3	2.4E-5	6.6E-2	2.1E-5	3.6E-5	7.7E-5	2.1E-2	2.2E-1
3.25	2.9E-5	-	-	4.6E-5	8.1E-5	2.1E-2	2.2E-1
3.5	3.4E-5	-	-	5.9E-5	8.5E-5	2.1E-2	2.2E-1
3.75	4.0E-5	-	-	7.6E-5	8.9E-5	2.2E-2	2.3E-1
4	4.6E-5	9.3E-2	5.0E-5	9.5E-5	9.3E-5	2.2E-2	2.3E-1
4.25	5.3E-5	-	-	1.2E-4	9.7E-5	2.2E-2	2.3E-1
4.5	5.9E-5	-	-	1.4E-4	1.0E-4	2.2E-2	2.4E-1
4.75	6.5E-5	-	-	1.7E-4	1.1E-4	2.2E-2	2.4E-1
5	7.1E-5	1.1E-1	1.4E-4	2.0E-4	1.1E-4	2.2E-2	2.4E-1
5.5	8.1E-5	-	-	2.6E-4	1.2E-4	2.2E-2	2.5E-1
6	9.2E-5	1.2E-1	3.1E-4	3.1E-4	1.3E-4	2.3E-2	2.6E-1
6.5	1.0E-4	-	-	3.7E-4	1.5E-4	2.3E-2	2.7E-1
7	1.1E-4	1.3E-1	5.1E-4	4.2E-4	1.6E-4	2.3E-2	2.8E-1
7.5	1.2E-4	-	-	4.7E-4	1.7E-4	2.3E-2	2.8E-1
8	1.3E-4	1.5E-1	6.9E-4	5.2E-4	1.9E-4	2.4E-2	2.9E-1
8.5	1.5E-4	-	-	5.7E-4	2.0E-4	2.4E-2	3.0E-1
9	1.6E-4	1.7E-1	8.6E-4	6.4E-4	2.2E-4	2.4E-2	3.1E-1
9.5	1.7E-4	-	-	7.0E-4	2.4E-4	2.4E-2	3.2E-1
10	1.9E-4	1.8E-1	1.1E-3	7.8E-4	2.6E-4	2.5E-2	3.3E-1
11	2.2E-4	2.0E-1	1.3E-3	9.5E-4	3.0E-4	2.5E-2	3.5E-1
12	2.5E-4	2.2E-1	1.6E-3	1.2E-3	3.5E-4	2.5E-2	3.8E-1
13	2.9E-4	2.4E-1	1.9E-3	1.4E-3	4.0E-4	2.6E-2	4.0E-1
14	3.3E-4	2.6E-1	2.4E-3	1.7E-3	4.5E-4	2.6E-2	4.2E-1
15	3.8E-4	2.8E-1	2.9E-3	2.1E-3	5.1E-4	2.7E-2	4.5E-1
16	4.2E-4	3.1E-1	3.5E-3	2.6E-3	5.7E-4	2.7E-2	4.8E-1
17	4.7E-4	3.3E-1	4.3E-3	3.1E-3	6.2E-4	2.7E-2	5.0E-1
18	5.2E-4	3.6E-1	5.2E-3	3.8E-3	6.8E-4	2.8E-2	5.3E-1
19	5.7E-4	3.8E-1	6.4E-3	4.7E-3	7.4E-4	2.8E-2	5.6E-1
20	6.1E-4	4.1E-1	7.8E-3	5.7E-3	7.9E-4	2.8E-2	5.9E-1
21	6.6E-4	4.4E-1	9.5E-3	6.9E-3	8.4E-4	2.8E-2	6.3E-1
22	7.0E-4	4.6E-1	1.2E-2	8.4E-3	8.8E-4	2.9E-2	6.6E-1
23	7.3E-4	4.9E-1	1.4E-2	1.0E-2	9.3E-4	2.9E-2	6.9E-1
24	7.7E-4	5.2E-1	1.7E-2	1.2E-2	9.6E-4	2.9E-2	7.2E-1
25	8.0E-4	5.5E-1	2.1E-2	1.5E-2	1.0E-3	2.9E-2	7.6E-1
26	8.2E-4	5.8E-1	2.5E-2	1.8E-2	1.0E-3	3.0E-2	7.9E-1
27	8.5E-4	6.0E-1	3.1E-2	2.2E-2	1.1E-3	3.0E-2	8.2E-1
28	8.7E-4	6.3E-1	3.7E-2	2.6E-2	1.1E-3	3.0E-2	8.5E-1
29	8.9E-4	6.5E-1	4.5E-2	3.2E-2	1.1E-3	3.0E-2	8.9E-1
30	9.0E-4	6.8E-1	5.4E-2	3.8E-2	1.1E-3	3.0E-2	9.2E-1
31	9.2E-4	7.0E-1	6.4E-2	4.6E-2	1.1E-3	3.1E-2	9.5E-1
32	9.3E-4	7.3E-1	7.7E-2	5.4E-2	1.1E-3	3.1E-2	9.8E-1
33	9.4E-4	7.5E-1	9.2E-2	6.4E-2	1.1E-3	3.1E-2	1.0E+0
34	9.5E-4	7.7E-1	1.1E-1	7.5E-2	1.2E-3	3.1E-2	1.0E+0
35	9.6E-4	7.9E-1	1.3E-1	8.8E-2	1.2E-3	3.1E-2	1.1E+0
36	9.7E-4	8.1E-1	1.5E-1	1.0E-1	1.2E-3	3.1E-2	1.1E+0
37	9.7E-4	8.3E-1	1.8E-1	1.2E-1	1.2E-3	3.2E-2	1.1E+0
38	9.8E-4	8.5E-1	2.0E-1	1.3E-1	1.2E-3	3.2E-2	1.1E+0
39	9.8E-4	8.6E-1	2.3E-1	1.5E-1	1.2E-3	3.2E-2	1.2E+0
40	9.9E-4	8.8E-1	2.7E-1	1.7E-1	1.2E-3	3.2E-2	1.2E+0
41	9.9E-4	8.9E-1	3.0E-1	1.9E-1	1.2E-3	3.2E-2	1.2E+0
42	1.0E-3	9.0E-1	3.3E-1	2.1E-1	1.2E-3	3.2E-2	1.2E+0
43	1.0E-3	9.2E-1	3.7E-1	2.3E-1	1.2E-3	3.2E-2	1.2E+0
44	1.0E-3	9.3E-1	4.0E-1	2.5E-1	1.2E-3	3.2E-2	1.2E+0
45	1.0E-3	9.4E-1	4.4E-1	2.6E-1	1.2E-3	3.3E-2	1.3E+0
46	1.0E-3	9.5E-1	4.7E-1	2.8E-1	1.2E-3	3.3E-2	1.3E+0
47	1.0E-3	9.5E-1	5.0E-1	2.9E-1	1.2E-3	3.3E-2	1.3E+0
48	1.0E-3	9.6E-1	5.3E-1	3.1E-1	1.2E-3	3.3E-2	1.3E+0
49	1.0E-3	9.7E-1	5.6E-1	3.2E-1	1.2E-3	3.3E-2	1.3E+0
50	1.0E-3	9.8E-1	5.8E-1	3.3E-1	1.2E-3	3.3E-2	1.3E+0
51	1.0E-3	9.8E-1	6.0E-1	3.4E-1	1.2E-3	3.3E-2	1.3E+0
52	1.0E-3	9.9E-1	6.2E-1	3.5E-1	1.2E-3	3.3E-2	1.3E+0
53	1.0E-3	9.9E-1	6.4E-1	3.6E-1	1.2E-3	3.3E-2	1.3E+0
54	1.0E-3	9.9E-1	6.5E-1	3.7E-1	1.2E-3	3.4E-2	1.3E+0
55	1.0E-3	1.0E+0	6.7E-1	3.7E-1	1.3E-3	3.4E-2	1.3E+0
56	1.0E-3	1.0E+0	6.8E-1	3.8E-1	1.3E-3	3.4E-2	1.3E+0
57	1.0E-3	1.0E+0	6.9E-1	3.8E-1	1.3E-3	3.4E-2	1.3E+0
58	1.0E-3	1.0E+0	7.0E-1	3.9E-1	1.3E-3	3.4E-2	1.3E+0
59	1.0E-3	1.0E+0	7.1E-1	3.9E-1	1.3E-3	3.4E-2	1.4E+0
60	1.1E-3	1.0E+0	7.1E-1	3.9E-1	1.3E-3	3.4E-2	1.4E+0
61	1.1E-3	1.0E+0	7.2E-1	4.0E-1	1.3E-3	3.4E-2	1.4E+0
62	1.1E-3	1.0E+0	7.3E-1	4.0E-1	1.3E-3	3.4E-2	1.4E+0
63	1.1E-3	1.0E+0	7.3E-1	4.0E-1	1.3E-3	3.4E-2	1.4E+0
64	1.1E-3	1.0E+0	7.4E-1	4.1E-1	1.3E-3	3.4E-2	1.4E+0
65	1.1E-3	1.0E+0	7.4E-1	4.1E-1	1.3E-3	3.5E-2	1.4E+0
66	1.1E-3	1.0E+0	7.5E-1	4.1E-1	1.3E-3	3.5E-2	1.4E+0
67	1.1E-3	1.0E+0	7.5E-1	4.1E-1	1.3E-3	3.5E-2	1.4E+0
68	1.1E-3	1.0E+0	7.5E-1	4.2E-1	1.3E-3	3.5E-2	1.4E+0
69	1.1E-3	1.0E+0	7.6E-1	4.2E-1	1.3E-3	3.5E-2	1.4E+0
70	1.1E-3	1.0E+0	7.6E-1	4.2E-1	1.3E-3	3.5E-2	1.4E+0
71	1.1E-3	1.0E+0	7.7E-1	4.2E-1	1.3E-3	3.5E-2	1.4E+0
72	1.1E-3	1.0E+0	7.7E-1	4.3E-1	1.3E-3	3.5E-2	1.4E+0
73	1.1E-3	1.0E+0	7.7E-1	4.3E-1	1.3E-3	3.5E-2	1.3E+0
74	1.1E-3	1.0E+0	7.8E-1	4.3E-1	1.3E-3	3.5E-2	1.3E+0
75	1.1E-3	1.0E+0	7.8E-1	4.3E-1	1.3E-3	3.5E-2	1.3E+0
76	1.1E-3	1.0E+0	7.8E-1	4.3E-1	1.3E-3	3.5E-2	1.3E+0
77	1.1E-3	1.0E+0	7.9E-1	4.3E-1	1.3E-3	3.5E-2	1.3E+0
78	1.1E-3	1.0E+0	7.9E-1	4.4E-1	1.3E-3	3.5E-2	1.3E+0
79	1.1E-3	1.0E+0	7.9E-1	4.4E-1	1.3E-3	3.6E-2	1.3E+0
80	1.1E-3	1.0E+0	8.0E-1	4.4E-1	1.3E-3	3.6E-2	1.3E+0
81	1.1E-3	1.0E+0	8.0E-1	4.4E-1	1.3E-3	3.6E-2	1.3E+0
82	1.1E-3	9.9E-1	8.0E-1	4.4E-1	1.3E-3	3.6E-2	1.3E+0
83	1.1E-3	9.9E-1	8.1E-1	4.5E-1	1.3E-3	3.6E-2	1.3E+0
84	1.1E-3	9.9E-1	8.1E-1	4.5E-1	1.4E-3	3.6E-2	1.3E+0
85	1.1E-3	9.9E-1	8.1E-1	4.5E-1	1.4E-3	3.6E-2	1.3E+0
86	1.1E-3	9.9E-1	8.2E-1	4.5E-1	1.4E-3	3.6E-2	1.3E+0
87	1.1E-3	9.9E-1	8.2E-1	4.5E-1	1.4E-3	3.6E-2	1.3E+0
88	1.1E-3	9.8E-1	8.2E-1	4.6E-1	1.4E-3	3.6E-2	1.3E+0
89	1.1E-3	9.8E-1	8.3E-1	4.6E-1	1.4E-3	3.6E-2	1.3E+0
90	1.1E-3	9.8E-1	8.3E-1	4.6E-1	1.4E-3	3.6E-2	1.3E+0
91	1.1E-3	9.8E-1	8.3E-1	4.6E-1	1.4E-3	3.6E-2	1.3E+0
92	1.1E-3	9.8E-1	8.4E-1	4.6E-1	1.4E-3	3.6E-2	1.3E+0
93	1.1E-3	9.8E-1	8.4E-1	4.7E-1	1.4E-3	3.6E-2	1.3E+0
94	1.1E-3	9.7E-1	8.4E-1	4.7E-1	1.4E-3	3.6E-2	1.3E+0
95	1.1E-3	9.7E-1	8.5E-1	4.7E-1	1.4E-3	3.6E-2	1.3E+0
96	1.1E-3	9.7E-1	8.5E-1	4.7E-1	1.4E-3	3.6E-2	1.3E+0
97	1.2E-3	9.7E-1	8.5E-1	4.7E-1	1.4E-3	3.6E-2	1.3E+0
98	1.2E-3	9.7E-1	8.6E-1	4.8E-1	1.4E-3	3.6E-2	1.3E+0
99	1.2E-3	9.6E-1	8.6E-1	4.8E-1	1.4E-3	3.6E-2	1.3E+0
100	1.2E-3	9.6E-1	8.6E-1	4.8E-1	1.4E-3	3.6E-2	1.3E+0
110	1.2E-3	9.5E-1	9.0E-1	5.0E-1	1.5E-3	3.7E-2	1.3E+0
120	1.2E-3	9.3E-1	9.4E-1	5.2E-1	1.5E-3	3.7E-2	1.2E+0
130	1.3E-3	9.2E-1	9.8E-1	5.4E-1	1.5E-3	3.7E-2	1.2E+0
140	1.3E-3	9.1E-1	1.0E+0	5.7E-1	1.6E-3	3.7E-2	1.2E+0
150	1.3E-3	9.1E-1	1.1E+0	5.9E-1	1.6E-3	3.7E-2	1.2E+0
160	1.4E-3	9.0E-1	1.1E+0	6.2E-1	1.7E-3	3.6E-2	1.1E+0
170	1.4E-3	9.0E-1	1.2E+0	6.4E-1	1.7E-3	3.6E-2	1.1E+0
180	1.4E-3	9.0E-1	1.2E+0	6.7E-1	1.8E-3	3.6E-2	1.1E+0
190	1.5E-3	9.0E-1	1.3E+0	7.0E-1	1.9E-3	3.6E-2	1.1E+0
200	1.5E-3	9.0E-1	1.4E+0	7.3E-1	1.9E-3	3.5E-2	1.1E+0
210	1.6E-3	9.1E-1	1.4E+0	7.7E-1	2.0E-3	3.5E-2	1.1E+0
220	1.6E-3	9.1E-1	1.5E+0	8.0E-1	2.0E-3	3.5E-2	1.0E+0
230	1.7E-3	9.2E-1	1.6E+0	8.4E-1	2.1E-3	3.4E-2	1.0E+0
240	1.7E-3	9.3E-1	1.6E+0	8.7E-1	2.2E-3	3.4E-2	1.0E+0
250	1.8E-3	9.4E-1	1.7E+0	9.1E-1	2.3E-3	3.4E-2	1.0E+0
260	1.8E-3	9.5E-1	1.8E+0	9.6E-1	2.3E-3	3.4E-2	9.9E-1
270	1.9E-3	9.6E-1	1.9E+0	1.0E+0	2.4E-3	3.3E-2	9.8E-1
280	1.9E-3	9.8E-1	2.0E+0	1.0E+0	2.5E-3	3.3E-2	9.7E-1
290	2.0E-3	9.9E-1	2.1E+0	1.1E+0	2.6E-3	3.3E-2	9.6E-1
300	2.0E-3	1.0E+0	2.2E+0	1.1E+0	2.7E-3	3.2E-2	9.5E-1
310	2.1E-3	1.0E+0	2.4E+0	1.2E+0	2.8E-3	3.2E-2	9.4E-1
320	2.1E-3	1.0E+0	2.5E+0	1.3E+0	2.9E-3	3.2E-2	9.4E-1
330	2.2E-3	1.1E+0	2.6E+0	1.3E+0	3.0E-3	3.2E-2	9.3E-1
340	2.3E-3	1.1E+0	2.8E+0	1.4E+0	3.1E-3	3.2E-2	9.2E-1
350	2.3E-3	1.1E+0	2.9E+0	1.4E+0	3.2E-3	3.1E-2	9.2E-1
360	2.4E-3	1.1E+0	3.1E+0	1.5E+0	3.3E-3	3.1E-2	9.1E-1
365	2.4E-3	1.1E+0	3.1E+0	1.5E+0	3.4E-3	3.1E-2	9.1E-1
370	2.5E-3	1.2E+0	3.2E+0	1.6E+0	3.4E-3	3.1E-2	9.0E-1
380	2.6E-3	1.2E+0	3.4E+0	1.6E+0	3.5E-3	3.1E-2	9.0E-1
390	2.6E-3	1.2E+0	3.6E+0	1.7E+0	3.7E-3	3.1E-2	8.9E-1
400	2.7E-3	1.2E+0	3.8E+0	1.8E+0	3.8E-3	3.1E-2	8.9E-1
410	2.8E-3	1.3E+0	4.0E+0	1.9E+0	3.9E-3	3.0E-2	8.9E-1
420	2.9E-3	1.3E+0	4.2E+0	2.0E+0	4.1E-3	3.0E-2	8.8E-1
430	3.0E-3	1.3E+0	4.5E+0	2.1E+0	4.2E-3	3.0E-2	8.8E-1
440	3.0E-3	1.4E+0	4.7E+0	2.2E+0	4.4E-3	3.0E-2	8.7E-1
450	3.1E-3	1.4E+0	5.0E+0	2.2E+0	4.5E-3	3.0E-2	8.7E-1
460	3.2E-3	1.4E+0	5.3E+0	2.3E+0	4.7E-3	3.0E-2	8.7E-1
470	3.3E-3	1.5E+0	5.6E+0	2.5E+0	4.8E-3	3.0E-2	8.6E-1
480	3.4E-3	1.5E+0	5.9E+0	2.6E+0	5.0E-3	3.0E-2	8.6E-1
490	3.5E-3	1.5E+0	6.3E+0	2.7E+0	5.2E-3	3.0E-2	8.6E-1
500	3.6E-3	1.6E+0	6.6E+0	2.8E+0	5.4E-3	3.0E-2	8.5E-1
510	3.7E-3	1.6E+0	7.0E+0	2.9E+0	5.6E-3	3.0E-2	8.5E-1
520	3.8E-3	1.7E+0	7.4E+0	3.0E+0	5.8E-3	3.0E-2	8.5E-1
530	3.9E-3	1.7E+0	7.8E+0	3.1E+0	6.0E-3	2.9E-2	8.5E-1
540	4.0E-3	1.7E+0	8.3E+0	3.3E+0	6.2E-3	2.9E-2	8.5E-1
550	4.2E-3	1.8E+0	8.8E+0	3.4E+0	6.4E-3	2.9E-2	8.4E-1
560	4.3E-3	1.8E+0	9.3E+0	3.5E+0	6.6E-3	2.9E-2	8.4E-1
570	4.4E-3	1.9E+0	9.9E+0	3.7E+0	6.9E-3	2.9E-2	8.4E-1
580	4.5E-3	2.0E+0	1.0E+1	3.8E+0	7.1E-3	2.9E-2	8.4E-1
590	4.6E-3	2.0E+0	1.1E+1	4.0E+0	7.4E-3	2.9E-2	8.4E-1
600	4.8E-3	2.1E+0	1.2E+1	4.1E+0	7.6E-3	2.9E-2	8.3E-1
610	4.9E-3	2.1E+0	1.2E+1	4.3E+0	7.9E-3	2.9E-2	8.3E-1
620	5.0E-3	2.2E+0	1.3E+1	4.4E+0	8.2E-3	2.9E-2	8.3E-1
630	5.2E-3	2.2E+0	1.4E+1	4.6E+0	8.5E-3	2.9E-2	8.3E-1
640	5.3E-3	2.3E+0	1.5E+1	4.7E+0	8.8E-3	2.9E-2	8.3E-1
650	5.4E-3	2.4E+0	1.6E+1	4.9E+0	9.1E-3	2.9E-2	8.3E-1
660	5.6E-3	2.4E+0	1.7E+1	5.1E+0	9.4E-3	2.9E-2	8.3E-1
670	5.7E-3	2.5E+0	1.8E+1	5.2E+0	9.7E-3	2.9E-2	8.3E-1
680	5.9E-3	2.6E+0	1.9E+1	5.4E+0	1.0E-2	2.9E-2	8.3E-1
690	6.0E-3	2.7E+0	2.0E+1	5.6E+0	1.0E-2	2.9E-2	8.3E-1
700	6.2E-3	2.7E+0	2.1E+1	5.7E+0	1.1E-2	2.9E-2	8.3E-1
710	6.4E-3	2.8E+0	2.2E+1	5.9E+0	1.1E-2	2.9E-2	8.3E-1
720	6.5E-3	2.9E+0	2.4E+1	6.1E+0	1.2E-2	2.9E-2	8.2E-1
730	6.7E-3	3.0E+0	2.5E+1	6.2E+0	1.2E-2	2.9E-2	8.2E-1
740	6.8E-3	3.1E+0	2.6E+1	6.4E+0	1.2E-2	2.9E-2	8.2E-1
750	7.0E-3	3.2E+0	2.8E+1	6.6E+0	1.3E-2	2.9E-2	8.2E-1
760	7.2E-3	3.3E+0	3.0E+1	6.7E+0	1.3E-2	2.9E-2	8.2E-1
770	7.4E-3	3.4E+0	3.2E+1	6.9E+0	1.4E-2	2.9E-2	8.2E-1
780	7.5E-3	3.5E+0	3.3E+1	7.1E+0	1.4E-2	2.9E-2	8.2E-1
790	7.7E-3	3.6E+0	3.5E+1	7.2E+0	1.5E-2	3.0E-2	8.2E-1
800	7.9E-3	3.7E+0	3.8E+1	7.4E+0	1.5E-2	3.0E-2	8.2E-1
810	8.1E-3	3.8E+0	4.0E+1	7.6E+0	1.6E-2	3.0E-2	8.2E-1
820	8.3E-3	3.9E+0	4.2E+1	7.7E+0	1.6E-2	3.0E-2	8.2E-1
830	8.5E-3	4.0E+0	4.5E+1	7.9E+0	1.7E-2	3.0E-2	8.2E-1
840	8.7E-3	4.2E+0	4.8E+1	8.0E+0	1.8E-2	3.0E-2	8.2E-1
850	8.9E-3	4.3E+0	5.1E+1	8.2E+0	1.8E-2	3.0E-2	8.2E-1
860	9.1E-3	4.4E+0	5.4E+1	8.3E+0	1.9E-2	3.0E-2	8.2E-1
870	9.3E-3	4.5E+0	5.7E+1	8.5E+0	1.9E-2	3.0E-2	8.2E-1
880	9.5E-3	4.7E+0	6.0E+1	8.6E+0	2.0E-2	3.0E-2	8.3E-1
890	9.7E-3	4.8E+0	6.4E+1	8.8E+0	2.1E-2	3.0E-2	8.3E-1
900	9.9E-3	5.0E+0	6.8E+1	8.9E+0	2.2E-2	3.0E-2	8.3E-1
910	1.0E-2	5.1E+0	7.2E+1	9.0E+0	2.2E-2	3.0E-2	8.3E-1
920	1.0E-2	5.3E+0	7.6E+1	9.2E+0	2.3E-2	3.0E-2	8.3E-1
930	1.1E-2	5.4E+0	8.1E+1	9.3E+0	2.4E-2	3.0E-2	8.3E-1
940	1.1E-2	5.6E+0	8.6E+1	9.4E+0	2.5E-2	3.0E-2	8.3E-1
950	1.1E-2	5.8E+0	9.1E+1	9.5E+0	2.6E-2	3.0E-2	8.3E-1
960	1.1E-2	6.0E+0	9.7E+1	9.7E+0	2.7E-2	3.0E-2	8.3E-1
970	1.1E-2	6.1E+0	1.0E+2	9.8E+0	2.8E-2	3.0E-2	8.3E-1
980	1.2E-2	6.3E+0	1.1E+2	9.9E+0	2.9E-2	3.0E-2	8.3E-1
990	1.2E-2	6.5E+0	1.2E+2	1.0E+1	3.0E-2	3.0E-2	8.3E-1
1000	1.2E-2	6.7E+0	1.2E+2	1.0E+1	3.1E-2	3.0E-2	8.3E-1
1010	1.2E-2	6.9E+0	1.3E+2	1.0E+1	3.2E-2	3.1E-2	8.3E-1
1020	1.3E-2	7.1E+0	1.4E+2	1.0E+1	3.3E-2	3.1E-2	8.3E-1
1030	1.3E-2	7.4E+0	1.5E+2	1.0E+1	3.4E-2	3.1E-2	8.3E-1
1040	1.3E-2	7.6E+0	1.5E+2	1.0E+1	3.5E-2	3.1E-2	8.3E-1
1050	1.3E-2	7.8E+0	1.6E+2	1.1E+1	3.6E-2	3.1E-2	8.4E-1
1060	1.4E-2	8.1E+0	1.7E+2	1.1E+1	3.8E-2	3.1E-2	8.4E-1
1070	1.4E-2	8.3E+0	1.8E+2	1.1E+1	3.9E-2	3.1E-2	8.4E-1
1080	1.4E-2	8.6E+0	1.9E+2	1.1E+1	4.0E-2	3.1E-2	8.4E-1
1090	1.4E-2	8.8E+0	2.1E+2	1.1E+1	4.2E-2	3.1E-2	8.4E-1
1095	1.4E-2	9.0E+0	2.1E+2	1.1E+1	4.3E-2	3.1E-2	8.4E-1
1100	1.4E-2	9.1E+0	2.2E+2	1.1E+1	4.3E-2	3.1E-2	8.4E-1
1200	1.7E-2	1.2E+1	3.9E+2	1.2E+1	6.1E-2	3.2E-2	8.5E-1
1300	1.9E-2	1.7E+1	6.8E+2	1.2E+1	8.7E-2	3.3E-2	8.6E-1
1400	2.1E-2	2.2E+1	1.2E+3	1.2E+1	1.2E-1	3.3E-2	8.8E-1
1500	2.3E-2	2.9E+1	1.9E+3	1.2E+1	1.7E-1	3.4E-2	8.9E-1
1600	2.5E-2	3.8E+1	3.0E+3	1.2E+1	2.5E-1	3.5E-2	9.0E-1
1700	2.7E-2	4.9E+1	4.6E+3	1.2E+1	3.5E-1	3.6E-2	9.2E-1
1800	2.8E-2	6.1E+1	6.7E+3	1.3E+1	5.0E-1	3.7E-2	9.4E-1
1900	2.9E-2	7.5E+1	9.1E+3	1.3E+1	7.1E-1	3.7E-2	9.5E-1
2000	3.1E-2	9.0E+1	1.2E+4	1.3E+1	1.0E+0	3.8E-2	9.7E-1
2100	3.2E-2	1.1E+2	1.5E+4	1.3E+1	1.4E+0	3.9E-2	9.9E-1
2200	3.2E-2	1.2E+2	1.7E+4	1.3E+1	2.0E+0	4.0E-2	1.0E+0
2300	3.3E-2	1.4E+2	2.0E+4	1.3E+1	2.8E+0	4.1E-2	1.0E+0
2400	3.4E-2	1.5E+2	2.2E+4	1.3E+1	3.9E+0	4.2E-2	1.0E+0
2500	3.5E-2	1.6E+2	2.4E+4	1.3E+1	5.3E+0	4.3E-2	1.1E+0
2600	3.6E-2	1.8E+2	2.6E+4	1.3E+1	7.1E+0	4.4E-2	1.1E+0
2700	3.6E-2	1.9E+2	2.8E+4	1.3E+1	9.3E+0	4.5E-2	1.1E+0
2800	3.7E-2	2.0E+2	3.0E+4	1.3E+1	1.2E+1	4.6E-2	1.1E+0
2900	3.8E-2	2.1E+2	3.1E+4	1.3E+1	1.4E+1	4.7E-2	1.1E+0
3000	3.8E-2	2.2E+2	3.3E+4	1.3E+1	1.7E+1	4.8E-2	1.2E+0
3100	3.9E-2	2.3E+2	3.4E+4	1.3E+1	2.0E+1	4.8E-2	1.2E+0
3200	4.0E-2	2.4E+2	3.6E+4	1.3E+1	2.2E+1	4.9E-2	1.2E+0
3300	4.0E-2	2.5E+2	3.7E+4	1.3E+1	2.4E+1	5.0E-2	1.2E+0
3400	4.1E-2	2.6E+2	3.9E+4	1.3E+1	2.5E+1	5.1E-2	1.3E+0
3500	4.2E-2	2.7E+2	4.0E+4	1.3E+1	2.7E+1	5.2E-2	1.3E+0
3600	4.2E-2	2.8E+2	4.1E+4	1.3E+1	2.7E+1	5.3E-2	1.3E+0
3650	4.3E-2	2.8E+2	4.2E+4	1.3E+1	2.8E+1	5.4E-2	1.3E+0
4000	4.5E-2	3.1E+2	-	1.3E+1	2.9E+1	5.7E-2	1.4E+0
5000	5.1E-2	4.2E+2	-	1.3E+1	3.0E+1	6.7E-2	1.7E+0
6000	5.7E-2	5.5E+2	-	1.4E+1	3.1E+1	7.6E-2	2.0E+0
7000	6.3E-2	6.9E+2	-	1.4E+1	3.1E+1	8.6E-2	2.4E+0
8000	6.9E-2	8.3E+2	-	1.4E+1	3.2E+1	9.5E-2	2.9E+0
9000	7.5E-2	9.8E+2	-	1.4E+1	3.2E+1	1.1E-1	3.5E+0
10000	8.1E-2	1.1E+3	-	1.5E+1	3.3E+1	1.2E-1	4.2E+0
11000	8.7E-2	1.3E+3	-	1.5E+1	3.4E+1	1.3E-1	5.1E+0
12000	9.3E-2	1.4E+3	-	1.5E+1	3.4E+1	1.4E-1	6.1E+0
13000	9.9E-2	1.6E+3	-	1.5E+1	3.5E+1	1.5E-1	7.4E+0
14000	1.1E-1	1.7E+3	-	1.6E+1	3.6E+1	1.6E-1	8.8E+0
15000	1.1E-1	1.9E+3	-	1.6E+1	3.6E+1	1.8E-1	1.1E+1
16000	1.2E-1	2.0E+3	-	1.6E+1	3.7E+1	1.9E-1	1.3E+1
17000	1.3E-1	2.2E+3	-	1.7E+1	3.8E+1	2.1E-1	1.5E+1
18000	1.3E-1	2.4E+3	-	1.7E+1	3.8E+1	2.2E-1	1.8E+1
18250	1.4E-1	2.4E+3	-	1.7E+1	3.8E+1	2.3E-1	1.9E+1
Radionuclide	U-235
Route of Intake	Inhalation
Material	Aerosols Uranium aluminide, fA=2E-3
AMTD/AMAD, µm	0.003

Committed Effective Dose per Predicted Content in an Organ or Excreta Sample (Dose per Content Functions z(t)), Sv/Bq
Time, days	Whole Body	Urine (24-hour sample)	Faeces (24-hour sample)	Alimentary Tract*	Lungs*	Skeleton*	Liver*
0.041667	1.4E-5	-	-	6.6E-5	3.0E-5	8.0E+0	9.4E+0
0.083333	1.4E-5	-	-	5.5E-5	3.2E-5	1.9E+0	3.3E+0
0.125	1.4E-5	-	-	4.9E-5	3.3E-5	9.0E-1	2.1E+0
0.25	1.5E-5	-	-	4.0E-5	3.5E-5	3.1E-1	1.3E+0
0.375	1.5E-5	-	-	3.5E-5	3.6E-5	2.0E-1	1.1E+0
0.5	1.5E-5	-	-	3.3E-5	3.6E-5	1.5E-1	1.0E+0
0.625	1.5E-5	-	-	3.2E-5	3.7E-5	1.3E-1	9.4E-1
0.75	1.6E-5	-	-	3.1E-5	3.8E-5	1.1E-1	9.0E-1
0.875	1.6E-5	-	-	3.1E-5	3.8E-5	1.1E-1	8.7E-1
1	1.7E-5	2.4E-2	1.9E-4	3.2E-5	3.9E-5	9.9E-2	8.5E-1
1.125	1.7E-5	-	-	3.3E-5	4.0E-5	9.5E-2	8.4E-1
1.25	1.8E-5	-	-	3.4E-5	4.0E-5	9.2E-2	8.2E-1
1.375	1.9E-5	-	-	3.6E-5	4.1E-5	8.9E-2	8.1E-1
1.5	1.9E-5	-	-	3.8E-5	4.2E-5	8.7E-2	8.0E-1
1.625	2.0E-5	-	-	4.1E-5	4.2E-5	8.6E-2	8.0E-1
1.75	2.1E-5	-	-	4.4E-5	4.3E-5	8.4E-2	7.9E-1
1.875	2.2E-5	-	-	4.8E-5	4.3E-5	8.3E-2	7.9E-1
2	2.4E-5	7.0E-2	5.9E-5	5.2E-5	4.4E-5	8.2E-2	7.8E-1
2.25	2.6E-5	-	-	6.2E-5	4.5E-5	8.0E-2	7.8E-1
2.5	2.9E-5	-	-	7.4E-5	4.7E-5	7.9E-2	7.7E-1
2.75	3.1E-5	-	-	8.9E-5	4.8E-5	7.8E-2	7.7E-1
3	3.4E-5	1.3E-1	8.0E-5	1.1E-4	5.0E-5	7.7E-2	7.7E-1
3.25	3.6E-5	-	-	1.2E-4	5.1E-5	7.6E-2	7.6E-1
3.5	3.8E-5	-	-	1.5E-4	5.2E-5	7.5E-2	7.6E-1
3.75	4.1E-5	-	-	1.7E-4	5.4E-5	7.5E-2	7.6E-1
4	4.3E-5	1.5E-1	1.6E-4	1.9E-4	5.5E-5	7.4E-2	7.6E-1
4.25	4.5E-5	-	-	2.1E-4	5.7E-5	7.3E-2	7.6E-1
4.5	4.6E-5	-	-	2.4E-4	5.8E-5	7.3E-2	7.6E-1
4.75	4.8E-5	-	-	2.6E-4	5.9E-5	7.2E-2	7.6E-1
5	5.0E-5	1.7E-1	3.0E-4	2.8E-4	6.1E-5	7.2E-2	7.6E-1
5.5	5.3E-5	-	-	3.2E-4	6.4E-5	7.1E-2	7.7E-1
6	5.6E-5	1.8E-1	4.6E-4	3.6E-4	6.6E-5	7.0E-2	7.7E-1
6.5	5.9E-5	-	-	4.1E-4	6.9E-5	7.0E-2	7.8E-1
7	6.2E-5	2.0E-1	6.0E-4	4.5E-4	7.2E-5	6.9E-2	7.8E-1
7.5	6.4E-5	-	-	5.0E-4	7.4E-5	6.8E-2	7.9E-1
8	6.7E-5	2.1E-1	7.5E-4	5.5E-4	7.7E-5	6.8E-2	8.0E-1
8.5	7.0E-5	-	-	6.1E-4	7.9E-5	6.7E-2	8.0E-1
9	7.3E-5	2.2E-1	9.2E-4	6.7E-4	8.2E-5	6.7E-2	8.1E-1
9.5	7.5E-5	-	-	7.4E-4	8.4E-5	6.7E-2	8.2E-1
10	7.8E-5	2.4E-1	1.1E-3	8.2E-4	8.6E-5	6.6E-2	8.3E-1
11	8.2E-5	2.5E-1	1.4E-3	1.0E-3	9.0E-5	6.6E-2	8.5E-1
12	8.7E-5	2.6E-1	1.7E-3	1.2E-3	9.4E-5	6.5E-2	8.6E-1
13	9.0E-5	2.6E-1	2.0E-3	1.5E-3	9.7E-5	6.4E-2	8.8E-1
14	9.4E-5	2.7E-1	2.4E-3	1.8E-3	1.0E-4	6.4E-2	9.0E-1
15	9.7E-5	2.8E-1	3.0E-3	2.1E-3	1.0E-4	6.3E-2	9.2E-1
16	1.0E-4	2.8E-1	3.6E-3	2.6E-3	1.0E-4	6.2E-2	9.3E-1
17	1.0E-4	2.8E-1	4.3E-3	3.1E-3	1.1E-4	6.2E-2	9.5E-1
18	1.0E-4	2.8E-1	5.2E-3	3.7E-3	1.1E-4	6.1E-2	9.6E-1
19	1.1E-4	2.8E-1	6.2E-3	4.4E-3	1.1E-4	6.0E-2	9.7E-1
20	1.1E-4	2.8E-1	7.4E-3	5.3E-3	1.1E-4	6.0E-2	9.8E-1
21	1.1E-4	2.8E-1	8.8E-3	6.2E-3	1.1E-4	5.9E-2	9.9E-1
22	1.1E-4	2.8E-1	1.0E-2	7.3E-3	1.1E-4	5.8E-2	1.0E+0
23	1.1E-4	2.8E-1	1.2E-2	8.5E-3	1.1E-4	5.7E-2	1.0E+0
24	1.1E-4	2.7E-1	1.4E-2	9.9E-3	1.1E-4	5.6E-2	1.0E+0
25	1.1E-4	2.7E-1	1.7E-2	1.1E-2	1.2E-4	5.5E-2	1.0E+0
26	1.1E-4	2.7E-1	1.9E-2	1.3E-2	1.2E-4	5.5E-2	1.0E+0
27	1.1E-4	2.6E-1	2.2E-2	1.5E-2	1.2E-4	5.4E-2	1.0E+0
28	1.2E-4	2.6E-1	2.5E-2	1.6E-2	1.2E-4	5.3E-2	9.9E-1
29	1.2E-4	2.6E-1	2.8E-2	1.8E-2	1.2E-4	5.2E-2	9.9E-1
30	1.2E-4	2.5E-1	3.1E-2	2.0E-2	1.2E-4	5.1E-2	9.8E-1
31	1.2E-4	2.5E-1	3.4E-2	2.2E-2	1.2E-4	5.0E-2	9.7E-1
32	1.2E-4	2.4E-1	3.7E-2	2.3E-2	1.2E-4	4.9E-2	9.6E-1
33	1.2E-4	2.4E-1	4.0E-2	2.5E-2	1.2E-4	4.8E-2	9.5E-1
34	1.2E-4	2.4E-1	4.3E-2	2.7E-2	1.2E-4	4.8E-2	9.4E-1
35	1.2E-4	2.3E-1	4.5E-2	2.8E-2	1.2E-4	4.7E-2	9.3E-1
36	1.2E-4	2.3E-1	4.8E-2	2.9E-2	1.2E-4	4.6E-2	9.2E-1
37	1.2E-4	2.3E-1	5.0E-2	3.0E-2	1.2E-4	4.5E-2	9.1E-1
38	1.2E-4	2.2E-1	5.2E-2	3.1E-2	1.2E-4	4.4E-2	8.9E-1
39	1.2E-4	2.2E-1	5.4E-2	3.2E-2	1.2E-4	4.4E-2	8.8E-1
40	1.2E-4	2.2E-1	5.5E-2	3.3E-2	1.2E-4	4.3E-2	8.7E-1
41	1.2E-4	2.1E-1	5.7E-2	3.4E-2	1.2E-4	4.2E-2	8.6E-1
42	1.2E-4	2.1E-1	5.8E-2	3.4E-2	1.2E-4	4.1E-2	8.4E-1
43	1.2E-4	2.1E-1	5.9E-2	3.5E-2	1.2E-4	4.1E-2	8.3E-1
44	1.2E-4	2.0E-1	6.0E-2	3.5E-2	1.2E-4	4.0E-2	8.2E-1
45	1.2E-4	2.0E-1	6.1E-2	3.6E-2	1.2E-4	3.9E-2	8.1E-1
46	1.2E-4	2.0E-1	6.2E-2	3.6E-2	1.2E-4	3.9E-2	7.9E-1
47	1.2E-4	2.0E-1	6.2E-2	3.6E-2	1.2E-4	3.8E-2	7.8E-1
48	1.2E-4	1.9E-1	6.3E-2	3.7E-2	1.2E-4	3.7E-2	7.7E-1
49	1.2E-4	1.9E-1	6.3E-2	3.7E-2	1.2E-4	3.7E-2	7.6E-1
50	1.2E-4	1.9E-1	6.4E-2	3.7E-2	1.2E-4	3.6E-2	7.5E-1
51	1.2E-4	1.9E-1	6.4E-2	3.7E-2	1.2E-4	3.5E-2	7.4E-1
52	1.2E-4	1.9E-1	6.5E-2	3.8E-2	1.3E-4	3.5E-2	7.3E-1
53	1.2E-4	1.8E-1	6.5E-2	3.8E-2	1.3E-4	3.4E-2	7.2E-1
54	1.2E-4	1.8E-1	6.5E-2	3.8E-2	1.3E-4	3.4E-2	7.1E-1
55	1.2E-4	1.8E-1	6.6E-2	3.8E-2	1.3E-4	3.3E-2	7.0E-1
56	1.2E-4	1.8E-1	6.6E-2	3.8E-2	1.3E-4	3.3E-2	6.9E-1
57	1.3E-4	1.8E-1	6.6E-2	3.9E-2	1.3E-4	3.2E-2	6.8E-1
58	1.3E-4	1.7E-1	6.7E-2	3.9E-2	1.3E-4	3.2E-2	6.7E-1
59	1.3E-4	1.7E-1	6.7E-2	3.9E-2	1.3E-4	3.1E-2	6.6E-1
60	1.3E-4	1.7E-1	6.7E-2	3.9E-2	1.3E-4	3.1E-2	6.5E-1
61	1.3E-4	1.7E-1	6.8E-2	3.9E-2	1.3E-4	3.0E-2	6.4E-1
62	1.3E-4	1.7E-1	6.8E-2	3.9E-2	1.3E-4	3.0E-2	6.3E-1
63	1.3E-4	1.6E-1	6.8E-2	3.9E-2	1.3E-4	2.9E-2	6.3E-1
64	1.3E-4	1.6E-1	6.9E-2	4.0E-2	1.3E-4	2.9E-2	6.2E-1
65	1.3E-4	1.6E-1	6.9E-2	4.0E-2	1.3E-4	2.8E-2	6.1E-1
66	1.3E-4	1.6E-1	6.9E-2	4.0E-2	1.3E-4	2.8E-2	6.0E-1
67	1.3E-4	1.6E-1	6.9E-2	4.0E-2	1.3E-4	2.8E-2	6.0E-1
68	1.3E-4	1.6E-1	7.0E-2	4.0E-2	1.3E-4	2.7E-2	5.9E-1
69	1.3E-4	1.6E-1	7.0E-2	4.0E-2	1.3E-4	2.7E-2	5.8E-1
70	1.3E-4	1.6E-1	7.0E-2	4.1E-2	1.3E-4	2.7E-2	5.8E-1
71	1.3E-4	1.5E-1	7.0E-2	4.1E-2	1.3E-4	2.6E-2	5.7E-1
72	1.3E-4	1.5E-1	7.1E-2	4.1E-2	1.3E-4	2.6E-2	5.6E-1
73	1.3E-4	1.5E-1	7.1E-2	4.1E-2	1.3E-4	2.5E-2	5.6E-1
74	1.3E-4	1.5E-1	7.1E-2	4.1E-2	1.3E-4	2.5E-2	5.5E-1
75	1.3E-4	1.5E-1	7.2E-2	4.1E-2	1.3E-4	2.5E-2	5.4E-1
76	1.3E-4	1.5E-1	7.2E-2	4.1E-2	1.3E-4	2.4E-2	5.4E-1
77	1.3E-4	1.5E-1	7.2E-2	4.2E-2	1.3E-4	2.4E-2	5.3E-1
78	1.3E-4	1.5E-1	7.2E-2	4.2E-2	1.3E-4	2.4E-2	5.3E-1
79	1.3E-4	1.5E-1	7.3E-2	4.2E-2	1.3E-4	2.4E-2	5.2E-1
80	1.3E-4	1.4E-1	7.3E-2	4.2E-2	1.4E-4	2.3E-2	5.2E-1
81	1.3E-4	1.4E-1	7.3E-2	4.2E-2	1.4E-4	2.3E-2	5.1E-1
82	1.3E-4	1.4E-1	7.4E-2	4.2E-2	1.4E-4	2.3E-2	5.1E-1
83	1.3E-4	1.4E-1	7.4E-2	4.3E-2	1.4E-4	2.2E-2	5.0E-1
84	1.3E-4	1.4E-1	7.4E-2	4.3E-2	1.4E-4	2.2E-2	5.0E-1
85	1.3E-4	1.4E-1	7.5E-2	4.3E-2	1.4E-4	2.2E-2	4.9E-1
86	1.4E-4	1.4E-1	7.5E-2	4.3E-2	1.4E-4	2.2E-2	4.9E-1
87	1.4E-4	1.4E-1	7.5E-2	4.3E-2	1.4E-4	2.1E-2	4.8E-1
88	1.4E-4	1.4E-1	7.5E-2	4.3E-2	1.4E-4	2.1E-2	4.8E-1
89	1.4E-4	1.4E-1	7.6E-2	4.4E-2	1.4E-4	2.1E-2	4.7E-1
90	1.4E-4	1.4E-1	7.6E-2	4.4E-2	1.4E-4	2.1E-2	4.7E-1
91	1.4E-4	1.4E-1	7.6E-2	4.4E-2	1.4E-4	2.0E-2	4.7E-1
92	1.4E-4	1.3E-1	7.7E-2	4.4E-2	1.4E-4	2.0E-2	4.6E-1
93	1.4E-4	1.3E-1	7.7E-2	4.4E-2	1.4E-4	2.0E-2	4.6E-1
94	1.4E-4	1.3E-1	7.7E-2	4.4E-2	1.4E-4	2.0E-2	4.5E-1
95	1.4E-4	1.3E-1	7.8E-2	4.5E-2	1.4E-4	1.9E-2	4.5E-1
96	1.4E-4	1.3E-1	7.8E-2	4.5E-2	1.4E-4	1.9E-2	4.5E-1
97	1.4E-4	1.3E-1	7.8E-2	4.5E-2	1.4E-4	1.9E-2	4.4E-1
98	1.4E-4	1.3E-1	7.9E-2	4.5E-2	1.4E-4	1.9E-2	4.4E-1
99	1.4E-4	1.3E-1	7.9E-2	4.5E-2	1.4E-4	1.9E-2	4.4E-1
100	1.4E-4	1.3E-1	7.9E-2	4.6E-2	1.4E-4	1.8E-2	4.3E-1
110	1.4E-4	1.3E-1	8.3E-2	4.7E-2	1.5E-4	1.7E-2	4.0E-1
120	1.5E-4	1.2E-1	8.6E-2	4.9E-2	1.5E-4	1.5E-2	3.8E-1
130	1.5E-4	1.2E-1	9.0E-2	5.1E-2	1.6E-4	1.4E-2	3.5E-1
140	1.6E-4	1.2E-1	9.4E-2	5.4E-2	1.6E-4	1.3E-2	3.4E-1
150	1.6E-4	1.1E-1	9.9E-2	5.6E-2	1.7E-4	1.2E-2	3.2E-1
160	1.7E-4	1.1E-1	1.0E-1	5.8E-2	1.7E-4	1.2E-2	3.1E-1
170	1.7E-4	1.1E-1	1.1E-1	6.1E-2	1.8E-4	1.1E-2	2.9E-1
180	1.8E-4	1.1E-1	1.1E-1	6.4E-2	1.9E-4	1.0E-2	2.8E-1
190	1.9E-4	1.1E-1	1.2E-1	6.7E-2	1.9E-4	1.0E-2	2.7E-1
200	1.9E-4	1.1E-1	1.2E-1	7.0E-2	2.0E-4	9.6E-3	2.7E-1
210	2.0E-4	1.1E-1	1.3E-1	7.3E-2	2.1E-4	9.2E-3	2.6E-1
220	2.0E-4	1.2E-1	1.4E-1	7.6E-2	2.1E-4	8.9E-3	2.5E-1
230	2.1E-4	1.2E-1	1.4E-1	8.0E-2	2.2E-4	8.6E-3	2.4E-1
240	2.2E-4	1.2E-1	1.5E-1	8.4E-2	2.3E-4	8.3E-3	2.4E-1
250	2.3E-4	1.2E-1	1.6E-1	8.8E-2	2.4E-4	8.1E-3	2.3E-1
260	2.3E-4	1.2E-1	1.7E-1	9.2E-2	2.4E-4	7.9E-3	2.3E-1
270	2.4E-4	1.2E-1	1.8E-1	9.7E-2	2.5E-4	7.7E-3	2.2E-1
280	2.5E-4	1.2E-1	1.9E-1	1.0E-1	2.6E-4	7.5E-3	2.2E-1
290	2.6E-4	1.3E-1	2.0E-1	1.1E-1	2.7E-4	7.4E-3	2.2E-1
300	2.7E-4	1.3E-1	2.1E-1	1.1E-1	2.8E-4	7.2E-3	2.1E-1
310	2.7E-4	1.3E-1	2.2E-1	1.2E-1	2.9E-4	7.1E-3	2.1E-1
320	2.8E-4	1.3E-1	2.3E-1	1.2E-1	3.0E-4	7.0E-3	2.1E-1
330	2.9E-4	1.4E-1	2.4E-1	1.3E-1	3.1E-4	6.9E-3	2.0E-1
340	3.0E-4	1.4E-1	2.5E-1	1.4E-1	3.3E-4	6.8E-3	2.0E-1
350	3.1E-4	1.4E-1	2.7E-1	1.4E-1	3.4E-4	6.7E-3	2.0E-1
360	3.2E-4	1.5E-1	2.8E-1	1.5E-1	3.5E-4	6.6E-3	2.0E-1
365	3.3E-4	1.5E-1	2.9E-1	1.5E-1	3.6E-4	6.6E-3	2.0E-1
370	3.4E-4	1.5E-1	3.0E-1	1.6E-1	3.6E-4	6.6E-3	2.0E-1
380	3.5E-4	1.5E-1	3.1E-1	1.7E-1	3.8E-4	6.5E-3	1.9E-1
390	3.6E-4	1.6E-1	3.3E-1	1.7E-1	3.9E-4	6.4E-3	1.9E-1
400	3.7E-4	1.6E-1	3.5E-1	1.8E-1	4.0E-4	6.4E-3	1.9E-1
410	3.8E-4	1.7E-1	3.7E-1	1.9E-1	4.2E-4	6.3E-3	1.9E-1
420	4.0E-4	1.7E-1	3.9E-1	2.0E-1	4.4E-4	6.3E-3	1.9E-1
430	4.1E-4	1.8E-1	4.1E-1	2.1E-1	4.5E-4	6.2E-3	1.8E-1
440	4.2E-4	1.8E-1	4.4E-1	2.2E-1	4.7E-4	6.2E-3	1.8E-1
450	4.4E-4	1.9E-1	4.6E-1	2.3E-1	4.9E-4	6.1E-3	1.8E-1
460	4.5E-4	1.9E-1	4.9E-1	2.5E-1	5.0E-4	6.1E-3	1.8E-1
470	4.7E-4	2.0E-1	5.2E-1	2.6E-1	5.2E-4	6.1E-3	1.8E-1
480	4.8E-4	2.0E-1	5.5E-1	2.7E-1	5.4E-4	6.0E-3	1.8E-1
490	5.0E-4	2.1E-1	5.8E-1	2.8E-1	5.6E-4	6.0E-3	1.8E-1
500	5.2E-4	2.2E-1	6.1E-1	3.0E-1	5.8E-4	6.0E-3	1.8E-1
510	5.3E-4	2.2E-1	6.5E-1	3.1E-1	6.0E-4	6.0E-3	1.8E-1
520	5.5E-4	2.3E-1	6.9E-1	3.3E-1	6.3E-4	6.0E-3	1.8E-1
530	5.7E-4	2.3E-1	7.3E-1	3.4E-1	6.5E-4	5.9E-3	1.7E-1
540	5.9E-4	2.4E-1	7.7E-1	3.6E-1	6.7E-4	5.9E-3	1.7E-1
550	6.1E-4	2.5E-1	8.1E-1	3.8E-1	7.0E-4	5.9E-3	1.7E-1
560	6.2E-4	2.6E-1	8.6E-1	4.0E-1	7.2E-4	5.9E-3	1.7E-1
570	6.4E-4	2.6E-1	9.1E-1	4.2E-1	7.5E-4	5.9E-3	1.7E-1
580	6.7E-4	2.7E-1	9.7E-1	4.4E-1	7.8E-4	5.9E-3	1.7E-1
590	6.9E-4	2.8E-1	1.0E+0	4.6E-1	8.1E-4	5.9E-3	1.7E-1
600	7.1E-4	2.9E-1	1.1E+0	4.8E-1	8.4E-4	5.8E-3	1.7E-1
610	7.3E-4	3.0E-1	1.2E+0	5.0E-1	8.7E-4	5.8E-3	1.7E-1
620	7.5E-4	3.1E-1	1.2E+0	5.2E-1	9.0E-4	5.8E-3	1.7E-1
630	7.8E-4	3.2E-1	1.3E+0	5.5E-1	9.3E-4	5.8E-3	1.7E-1
640	8.0E-4	3.3E-1	1.4E+0	5.7E-1	9.7E-4	5.8E-3	1.7E-1
650	8.2E-4	3.4E-1	1.5E+0	6.0E-1	1.0E-3	5.8E-3	1.7E-1
660	8.5E-4	3.5E-1	1.5E+0	6.2E-1	1.0E-3	5.8E-3	1.7E-1
670	8.7E-4	3.6E-1	1.6E+0	6.5E-1	1.1E-3	5.8E-3	1.7E-1
680	9.0E-4	3.7E-1	1.7E+0	6.8E-1	1.1E-3	5.8E-3	1.7E-1
690	9.3E-4	3.8E-1	1.8E+0	7.0E-1	1.2E-3	5.8E-3	1.7E-1
700	9.5E-4	4.0E-1	2.0E+0	7.3E-1	1.2E-3	5.8E-3	1.7E-1
710	9.8E-4	4.1E-1	2.1E+0	7.6E-1	1.2E-3	5.8E-3	1.7E-1
720	1.0E-3	4.2E-1	2.2E+0	7.9E-1	1.3E-3	5.8E-3	1.7E-1
730	1.0E-3	4.4E-1	2.3E+0	8.2E-1	1.3E-3	5.8E-3	1.7E-1
740	1.1E-3	4.5E-1	2.5E+0	8.6E-1	1.4E-3	5.8E-3	1.7E-1
750	1.1E-3	4.6E-1	2.6E+0	8.9E-1	1.4E-3	5.8E-3	1.7E-1
760	1.1E-3	4.8E-1	2.8E+0	9.2E-1	1.5E-3	5.8E-3	1.7E-1
770	1.2E-3	4.9E-1	3.0E+0	9.5E-1	1.5E-3	5.8E-3	1.7E-1
780	1.2E-3	5.1E-1	3.1E+0	9.9E-1	1.6E-3	5.8E-3	1.7E-1
790	1.2E-3	5.3E-1	3.3E+0	1.0E+0	1.7E-3	5.8E-3	1.7E-1
800	1.3E-3	5.4E-1	3.5E+0	1.1E+0	1.7E-3	5.8E-3	1.7E-1
810	1.3E-3	5.6E-1	3.8E+0	1.1E+0	1.8E-3	5.8E-3	1.7E-1
820	1.3E-3	5.8E-1	4.0E+0	1.1E+0	1.8E-3	5.8E-3	1.7E-1
830	1.4E-3	6.0E-1	4.2E+0	1.2E+0	1.9E-3	5.8E-3	1.6E-1
840	1.4E-3	6.2E-1	4.5E+0	1.2E+0	2.0E-3	5.9E-3	1.6E-1
850	1.4E-3	6.4E-1	4.8E+0	1.2E+0	2.1E-3	5.9E-3	1.6E-1
860	1.5E-3	6.6E-1	5.1E+0	1.3E+0	2.1E-3	5.9E-3	1.6E-1
870	1.5E-3	6.8E-1	5.4E+0	1.3E+0	2.2E-3	5.9E-3	1.6E-1
880	1.6E-3	7.0E-1	5.7E+0	1.3E+0	2.3E-3	5.9E-3	1.6E-1
890	1.6E-3	7.2E-1	6.1E+0	1.4E+0	2.4E-3	5.9E-3	1.6E-1
900	1.6E-3	7.5E-1	6.4E+0	1.4E+0	2.4E-3	5.9E-3	1.6E-1
910	1.7E-3	7.7E-1	6.8E+0	1.4E+0	2.5E-3	5.9E-3	1.6E-1
920	1.7E-3	8.0E-1	7.3E+0	1.5E+0	2.6E-3	5.9E-3	1.6E-1
930	1.7E-3	8.2E-1	7.7E+0	1.5E+0	2.7E-3	5.9E-3	1.7E-1
940	1.8E-3	8.5E-1	8.2E+0	1.5E+0	2.8E-3	5.9E-3	1.7E-1
950	1.8E-3	8.7E-1	8.7E+0	1.6E+0	2.9E-3	5.9E-3	1.7E-1
960	1.9E-3	9.0E-1	9.2E+0	1.6E+0	3.0E-3	5.9E-3	1.7E-1
970	1.9E-3	9.3E-1	9.8E+0	1.6E+0	3.1E-3	6.0E-3	1.7E-1
980	2.0E-3	9.6E-1	1.0E+1	1.7E+0	3.2E-3	6.0E-3	1.7E-1
990	2.0E-3	9.9E-1	1.1E+1	1.7E+0	3.4E-3	6.0E-3	1.7E-1
1000	2.1E-3	1.0E+0	1.2E+1	1.7E+0	3.5E-3	6.0E-3	1.7E-1
1010	2.1E-3	1.1E+0	1.2E+1	1.8E+0	3.6E-3	6.0E-3	1.7E-1
1020	2.1E-3	1.1E+0	1.3E+1	1.8E+0	3.7E-3	6.0E-3	1.7E-1
1030	2.2E-3	1.1E+0	1.4E+1	1.8E+0	3.9E-3	6.0E-3	1.7E-1
1040	2.2E-3	1.2E+0	1.5E+1	1.8E+0	4.0E-3	6.0E-3	1.7E-1
1050	2.3E-3	1.2E+0	1.6E+1	1.9E+0	4.2E-3	6.0E-3	1.7E-1
1060	2.3E-3	1.2E+0	1.7E+1	1.9E+0	4.3E-3	6.1E-3	1.7E-1
1070	2.4E-3	1.3E+0	1.8E+1	1.9E+0	4.5E-3	6.1E-3	1.7E-1
1080	2.4E-3	1.3E+0	1.9E+1	1.9E+0	4.6E-3	6.1E-3	1.7E-1
1090	2.5E-3	1.4E+0	2.0E+1	2.0E+0	4.8E-3	6.1E-3	1.7E-1
1095	2.5E-3	1.4E+0	2.1E+1	2.0E+0	4.9E-3	6.1E-3	1.7E-1
1100	2.5E-3	1.4E+0	2.1E+1	2.0E+0	5.0E-3	6.1E-3	1.7E-1
1200	3.0E-3	1.9E+0	3.9E+1	2.2E+0	7.0E-3	6.2E-3	1.7E-1
1300	3.5E-3	2.6E+0	7.0E+1	2.3E+0	1.0E-2	6.4E-3	1.7E-1
1400	4.0E-3	3.5E+0	1.2E+2	2.4E+0	1.4E-2	6.5E-3	1.7E-1
1500	4.4E-3	4.7E+0	2.2E+2	2.4E+0	2.0E-2	6.7E-3	1.8E-1
1600	4.8E-3	6.3E+0	3.6E+2	2.5E+0	2.9E-2	6.8E-3	1.8E-1
1700	5.1E-3	8.1E+0	5.9E+2	2.5E+0	4.1E-2	7.0E-3	1.8E-1
1800	5.4E-3	1.0E+1	9.1E+2	2.5E+0	5.9E-2	7.2E-3	1.9E-1
1900	5.7E-3	1.3E+1	1.3E+3	2.5E+0	8.4E-2	7.4E-3	1.9E-1
2000	6.0E-3	1.6E+1	1.8E+3	2.5E+0	1.2E-1	7.5E-3	1.9E-1
2100	6.2E-3	1.9E+1	2.4E+3	2.6E+0	1.7E-1	7.7E-3	2.0E-1
2200	6.4E-3	2.2E+1	3.0E+3	2.6E+0	2.4E-1	7.9E-3	2.0E-1
2300	6.5E-3	2.5E+1	3.6E+3	2.6E+0	3.4E-1	8.1E-3	2.0E-1
2400	6.7E-3	2.8E+1	4.1E+3	2.6E+0	4.8E-1	8.3E-3	2.1E-1
2500	6.9E-3	3.1E+1	4.5E+3	2.6E+0	6.7E-1	8.4E-3	2.1E-1
2600	7.0E-3	3.3E+1	5.0E+3	2.6E+0	9.2E-1	8.6E-3	2.1E-1
2700	7.2E-3	3.6E+1	5.3E+3	2.6E+0	1.2E+0	8.8E-3	2.2E-1
2800	7.3E-3	3.8E+1	5.7E+3	2.6E+0	1.7E+0	9.0E-3	2.2E-1
2900	7.4E-3	4.0E+1	6.0E+3	2.6E+0	2.1E+0	9.2E-3	2.3E-1
3000	7.6E-3	4.2E+1	6.3E+3	2.6E+0	2.7E+0	9.4E-3	2.3E-1
3100	7.7E-3	4.4E+1	6.6E+3	2.6E+0	3.2E+0	9.6E-3	2.3E-1
3200	7.9E-3	4.6E+1	6.9E+3	2.6E+0	3.8E+0	9.8E-3	2.4E-1
3300	8.0E-3	4.8E+1	7.2E+3	2.6E+0	4.2E+0	9.9E-3	2.4E-1
3400	8.1E-3	5.0E+1	7.5E+3	2.6E+0	4.7E+0	1.0E-2	2.5E-1
3500	8.3E-3	5.1E+1	7.7E+3	2.6E+0	5.0E+0	1.0E-2	2.5E-1
3600	8.4E-3	5.3E+1	8.0E+3	2.6E+0	5.3E+0	1.1E-2	2.6E-1
3650	8.5E-3	5.4E+1	8.2E+3	2.6E+0	5.4E+0	1.1E-2	2.6E-1
4000	8.9E-3	6.1E+1	9.2E+3	2.6E+0	5.8E+0	1.1E-2	2.8E-1
5000	1.0E-2	8.3E+1	1.2E+4	2.7E+0	6.1E+0	1.3E-2	3.3E-1
6000	1.1E-2	1.1E+2	1.6E+4	2.7E+0	6.2E+0	1.5E-2	4.0E-1
7000	1.3E-2	1.4E+2	2.0E+4	2.8E+0	6.3E+0	1.7E-2	4.8E-1
8000	1.4E-2	1.6E+2	2.5E+4	2.8E+0	6.4E+0	1.9E-2	5.8E-1
9000	1.5E-2	1.9E+2	2.9E+4	2.9E+0	6.5E+0	2.1E-2	7.0E-1
10000	1.6E-2	2.2E+2	3.4E+4	2.9E+0	6.7E+0	2.3E-2	8.4E-1
11000	1.7E-2	2.5E+2	3.8E+4	3.0E+0	6.8E+0	2.5E-2	1.0E+0
12000	1.9E-2	2.8E+2	4.2E+4	3.0E+0	6.9E+0	2.7E-2	1.2E+0
13000	2.0E-2	3.1E+2	4.7E+4	3.1E+0	7.0E+0	3.0E-2	1.5E+0
14000	2.1E-2	3.4E+2	5.1E+4	3.2E+0	7.2E+0	3.2E-2	1.7E+0
15000	2.2E-2	3.7E+2	5.6E+4	3.2E+0	7.3E+0	3.5E-2	2.1E+0
16000	2.4E-2	4.0E+2	6.1E+4	3.3E+0	7.4E+0	3.8E-2	2.5E+0
17000	2.5E-2	4.4E+2	6.6E+4	3.3E+0	7.6E+0	4.1E-2	3.0E+0
18000	2.7E-2	4.7E+2	7.1E+4	3.4E+0	7.7E+0	4.5E-2	3.6E+0
18250	2.7E-2	4.8E+2	7.3E+4	3.4E+0	7.7E+0	4.6E-2	3.8E+0
Radionuclide	U-235
Route of Intake	Inhalation
Material	Aerosols Uranium aluminide, fA=2E-3
AMTD/AMAD, µm	0.01

Committed Effective Dose per Predicted Content in an Organ or Excreta Sample (Dose per Content Functions z(t)), Sv/Bq
Time, days	Whole Body	Urine (24-hour sample)	Faeces (24-hour sample)	Alimentary Tract*	Lungs*	Skeleton*	Liver*
0.041667	2.4E-5	-	-	2.7E-4	3.1E-5	2.5E+1	3.1E+1
0.083333	2.4E-5	-	-	2.2E-4	3.1E-5	6.7E+0	1.2E+1
0.125	2.4E-5	-	-	2.0E-4	3.1E-5	3.3E+0	7.9E+0
0.25	2.4E-5	-	-	1.6E-4	3.2E-5	1.2E+0	4.9E+0
0.375	2.4E-5	-	-	1.4E-4	3.2E-5	7.2E-1	4.0E+0
0.5	2.5E-5	-	-	1.3E-4	3.2E-5	5.5E-1	3.6E+0
0.625	2.5E-5	-	-	1.2E-4	3.3E-5	4.6E-1	3.3E+0
0.75	2.5E-5	-	-	1.2E-4	3.3E-5	4.0E-1	3.1E+0
0.875	2.5E-5	-	-	1.2E-4	3.3E-5	3.6E-1	3.0E+0
1	2.6E-5	8.3E-2	7.7E-4	1.2E-4	3.3E-5	3.4E-1	2.8E+0
1.125	2.6E-5	-	-	1.2E-4	3.3E-5	3.2E-1	2.7E+0
1.25	2.6E-5	-	-	1.3E-4	3.4E-5	3.0E-1	2.6E+0
1.375	2.7E-5	-	-	1.3E-4	3.4E-5	2.9E-1	2.6E+0
1.5	2.7E-5	-	-	1.4E-4	3.4E-5	2.8E-1	2.5E+0
1.625	2.8E-5	-	-	1.5E-4	3.4E-5	2.7E-1	2.4E+0
1.75	2.8E-5	-	-	1.6E-4	3.4E-5	2.6E-1	2.4E+0
1.875	2.8E-5	-	-	1.7E-4	3.5E-5	2.5E-1	2.3E+0
2	2.9E-5	1.6E-1	2.2E-4	1.8E-4	3.5E-5	2.5E-1	2.3E+0
2.25	3.0E-5	-	-	2.0E-4	3.5E-5	2.3E-1	2.2E+0
2.5	3.1E-5	-	-	2.3E-4	3.5E-5	2.2E-1	2.1E+0
2.75	3.2E-5	-	-	2.7E-4	3.6E-5	2.1E-1	2.0E+0
3	3.2E-5	2.1E-1	2.8E-4	3.1E-4	3.6E-5	2.1E-1	2.0E+0
3.25	3.3E-5	-	-	3.5E-4	3.7E-5	2.0E-1	1.9E+0
3.5	3.4E-5	-	-	3.9E-4	3.7E-5	1.9E-1	1.9E+0
3.75	3.4E-5	-	-	4.3E-4	3.7E-5	1.9E-1	1.8E+0
4	3.5E-5	2.2E-1	4.8E-4	4.7E-4	3.7E-5	1.8E-1	1.8E+0
4.25	3.5E-5	-	-	5.1E-4	3.8E-5	1.8E-1	1.7E+0
4.5	3.6E-5	-	-	5.5E-4	3.8E-5	1.7E-1	1.7E+0
4.75	3.6E-5	-	-	5.9E-4	3.8E-5	1.7E-1	1.7E+0
5	3.6E-5	2.2E-1	7.6E-4	6.3E-4	3.9E-5	1.6E-1	1.6E+0
5.5	3.7E-5	-	-	7.1E-4	3.9E-5	1.5E-1	1.6E+0
6	3.8E-5	2.2E-1	1.0E-3	7.9E-4	4.0E-5	1.5E-1	1.5E+0
6.5	3.8E-5	-	-	8.7E-4	4.0E-5	1.4E-1	1.5E+0
7	3.9E-5	2.1E-1	1.3E-3	9.6E-4	4.0E-5	1.3E-1	1.4E+0
7.5	3.9E-5	-	-	1.1E-3	4.1E-5	1.3E-1	1.4E+0
8	4.0E-5	2.1E-1	1.6E-3	1.2E-3	4.1E-5	1.2E-1	1.3E+0
8.5	4.0E-5	-	-	1.3E-3	4.2E-5	1.2E-1	1.3E+0
9	4.1E-5	2.0E-1	1.9E-3	1.4E-3	4.2E-5	1.1E-1	1.3E+0
9.5	4.1E-5	-	-	1.5E-3	4.2E-5	1.1E-1	1.2E+0
10	4.1E-5	2.0E-1	2.3E-3	1.7E-3	4.2E-5	1.1E-1	1.2E+0
11	4.2E-5	1.9E-1	2.8E-3	2.0E-3	4.3E-5	1.0E-1	1.2E+0
12	4.3E-5	1.9E-1	3.3E-3	2.3E-3	4.3E-5	9.4E-2	1.1E+0
13	4.3E-5	1.8E-1	3.9E-3	2.7E-3	4.4E-5	8.8E-2	1.1E+0
14	4.3E-5	1.8E-1	4.6E-3	3.2E-3	4.4E-5	8.3E-2	1.0E+0
15	4.4E-5	1.7E-1	5.4E-3	3.7E-3	4.4E-5	7.8E-2	9.7E-1
16	4.4E-5	1.6E-1	6.3E-3	4.3E-3	4.5E-5	7.4E-2	9.3E-1
17	4.4E-5	1.6E-1	7.2E-3	4.9E-3	4.5E-5	7.0E-2	8.9E-1
18	4.5E-5	1.5E-1	8.3E-3	5.5E-3	4.5E-5	6.6E-2	8.6E-1
19	4.5E-5	1.5E-1	9.3E-3	6.2E-3	4.5E-5	6.3E-2	8.2E-1
20	4.5E-5	1.4E-1	1.0E-2	6.9E-3	4.5E-5	6.0E-2	7.9E-1
21	4.5E-5	1.4E-1	1.2E-2	7.6E-3	4.6E-5	5.7E-2	7.6E-1
22	4.5E-5	1.4E-1	1.3E-2	8.2E-3	4.6E-5	5.4E-2	7.4E-1
23	4.6E-5	1.3E-1	1.4E-2	8.9E-3	4.6E-5	5.2E-2	7.1E-1
24	4.6E-5	1.3E-1	1.5E-2	9.5E-3	4.6E-5	5.0E-2	6.8E-1
25	4.6E-5	1.3E-1	1.6E-2	1.0E-2	4.6E-5	4.7E-2	6.6E-1
26	4.6E-5	1.2E-1	1.7E-2	1.1E-2	4.6E-5	4.5E-2	6.4E-1
27	4.6E-5	1.2E-1	1.8E-2	1.1E-2	4.6E-5	4.3E-2	6.2E-1
28	4.6E-5	1.2E-1	1.9E-2	1.2E-2	4.7E-5	4.2E-2	6.0E-1
29	4.6E-5	1.1E-1	2.0E-2	1.2E-2	4.7E-5	4.0E-2	5.8E-1
30	4.7E-5	1.1E-1	2.0E-2	1.2E-2	4.7E-5	3.8E-2	5.6E-1
31	4.7E-5	1.1E-1	2.1E-2	1.3E-2	4.7E-5	3.7E-2	5.5E-1
32	4.7E-5	1.1E-1	2.2E-2	1.3E-2	4.7E-5	3.6E-2	5.3E-1
33	4.7E-5	1.0E-1	2.2E-2	1.3E-2	4.7E-5	3.4E-2	5.2E-1
34	4.7E-5	1.0E-1	2.3E-2	1.3E-2	4.7E-5	3.3E-2	5.0E-1
35	4.7E-5	9.9E-2	2.3E-2	1.3E-2	4.7E-5	3.2E-2	4.9E-1
36	4.7E-5	9.7E-2	2.3E-2	1.4E-2	4.8E-5	3.1E-2	4.8E-1
37	4.7E-5	9.5E-2	2.4E-2	1.4E-2	4.8E-5	3.0E-2	4.6E-1
38	4.7E-5	9.3E-2	2.4E-2	1.4E-2	4.8E-5	2.9E-2	4.5E-1
39	4.8E-5	9.2E-2	2.4E-2	1.4E-2	4.8E-5	2.8E-2	4.4E-1
40	4.8E-5	9.0E-2	2.4E-2	1.4E-2	4.8E-5	2.7E-2	4.3E-1
41	4.8E-5	8.9E-2	2.4E-2	1.4E-2	4.8E-5	2.6E-2	4.2E-1
42	4.8E-5	8.7E-2	2.5E-2	1.4E-2	4.8E-5	2.5E-2	4.1E-1
43	4.8E-5	8.6E-2	2.5E-2	1.4E-2	4.8E-5	2.5E-2	4.0E-1
44	4.8E-5	8.4E-2	2.5E-2	1.4E-2	4.9E-5	2.4E-2	3.9E-1
45	4.8E-5	8.3E-2	2.5E-2	1.5E-2	4.9E-5	2.3E-2	3.8E-1
46	4.8E-5	8.2E-2	2.5E-2	1.5E-2	4.9E-5	2.3E-2	3.8E-1
47	4.9E-5	8.1E-2	2.5E-2	1.5E-2	4.9E-5	2.2E-2	3.7E-1
48	4.9E-5	7.9E-2	2.5E-2	1.5E-2	4.9E-5	2.1E-2	3.6E-1
49	4.9E-5	7.8E-2	2.5E-2	1.5E-2	4.9E-5	2.1E-2	3.5E-1
50	4.9E-5	7.7E-2	2.6E-2	1.5E-2	4.9E-5	2.0E-2	3.5E-1
51	4.9E-5	7.6E-2	2.6E-2	1.5E-2	4.9E-5	2.0E-2	3.4E-1
52	4.9E-5	7.5E-2	2.6E-2	1.5E-2	5.0E-5	1.9E-2	3.3E-1
53	4.9E-5	7.4E-2	2.6E-2	1.5E-2	5.0E-5	1.9E-2	3.3E-1
54	4.9E-5	7.3E-2	2.6E-2	1.5E-2	5.0E-5	1.8E-2	3.2E-1
55	5.0E-5	7.3E-2	2.6E-2	1.5E-2	5.0E-5	1.8E-2	3.2E-1
56	5.0E-5	7.2E-2	2.6E-2	1.5E-2	5.0E-5	1.7E-2	3.1E-1
57	5.0E-5	7.1E-2	2.6E-2	1.5E-2	5.0E-5	1.7E-2	3.1E-1
58	5.0E-5	7.0E-2	2.6E-2	1.5E-2	5.0E-5	1.7E-2	3.0E-1
59	5.0E-5	6.9E-2	2.7E-2	1.5E-2	5.1E-5	1.6E-2	3.0E-1
60	5.0E-5	6.9E-2	2.7E-2	1.5E-2	5.1E-5	1.6E-2	2.9E-1
61	5.0E-5	6.8E-2	2.7E-2	1.5E-2	5.1E-5	1.6E-2	2.9E-1
62	5.0E-5	6.7E-2	2.7E-2	1.6E-2	5.1E-5	1.5E-2	2.8E-1
63	5.1E-5	6.7E-2	2.7E-2	1.6E-2	5.1E-5	1.5E-2	2.8E-1
64	5.1E-5	6.6E-2	2.7E-2	1.6E-2	5.1E-5	1.5E-2	2.7E-1
65	5.1E-5	6.5E-2	2.7E-2	1.6E-2	5.1E-5	1.4E-2	2.7E-1
66	5.1E-5	6.5E-2	2.7E-2	1.6E-2	5.2E-5	1.4E-2	2.7E-1
67	5.1E-5	6.4E-2	2.7E-2	1.6E-2	5.2E-5	1.4E-2	2.6E-1
68	5.1E-5	6.4E-2	2.7E-2	1.6E-2	5.2E-5	1.4E-2	2.6E-1
69	5.1E-5	6.3E-2	2.8E-2	1.6E-2	5.2E-5	1.3E-2	2.6E-1
70	5.2E-5	6.3E-2	2.8E-2	1.6E-2	5.2E-5	1.3E-2	2.5E-1
71	5.2E-5	6.2E-2	2.8E-2	1.6E-2	5.2E-5	1.3E-2	2.5E-1
72	5.2E-5	6.1E-2	2.8E-2	1.6E-2	5.2E-5	1.3E-2	2.5E-1
73	5.2E-5	6.1E-2	2.8E-2	1.6E-2	5.3E-5	1.2E-2	2.4E-1
74	5.2E-5	6.1E-2	2.8E-2	1.6E-2	5.3E-5	1.2E-2	2.4E-1
75	5.2E-5	6.0E-2	2.8E-2	1.6E-2	5.3E-5	1.2E-2	2.4E-1
76	5.2E-5	6.0E-2	2.8E-2	1.6E-2	5.3E-5	1.2E-2	2.3E-1
77	5.3E-5	5.9E-2	2.8E-2	1.6E-2	5.3E-5	1.2E-2	2.3E-1
78	5.3E-5	5.9E-2	2.9E-2	1.7E-2	5.3E-5	1.1E-2	2.3E-1
79	5.3E-5	5.8E-2	2.9E-2	1.7E-2	5.4E-5	1.1E-2	2.3E-1
80	5.3E-5	5.8E-2	2.9E-2	1.7E-2	5.4E-5	1.1E-2	2.2E-1
81	5.3E-5	5.8E-2	2.9E-2	1.7E-2	5.4E-5	1.1E-2	2.2E-1
82	5.3E-5	5.7E-2	2.9E-2	1.7E-2	5.4E-5	1.1E-2	2.2E-1
83	5.3E-5	5.7E-2	2.9E-2	1.7E-2	5.4E-5	1.1E-2	2.2E-1
84	5.4E-5	5.7E-2	2.9E-2	1.7E-2	5.4E-5	1.0E-2	2.1E-1
85	5.4E-5	5.6E-2	2.9E-2	1.7E-2	5.4E-5	1.0E-2	2.1E-1
86	5.4E-5	5.6E-2	3.0E-2	1.7E-2	5.5E-5	1.0E-2	2.1E-1
87	5.4E-5	5.6E-2	3.0E-2	1.7E-2	5.5E-5	9.9E-3	2.1E-1
88	5.4E-5	5.5E-2	3.0E-2	1.7E-2	5.5E-5	9.8E-3	2.1E-1
89	5.4E-5	5.5E-2	3.0E-2	1.7E-2	5.5E-5	9.6E-3	2.0E-1
90	5.5E-5	5.5E-2	3.0E-2	1.7E-2	5.5E-5	9.5E-3	2.0E-1
91	5.5E-5	5.4E-2	3.0E-2	1.7E-2	5.5E-5	9.4E-3	2.0E-1
92	5.5E-5	5.4E-2	3.0E-2	1.7E-2	5.6E-5	9.2E-3	2.0E-1
93	5.5E-5	5.4E-2	3.0E-2	1.7E-2	5.6E-5	9.1E-3	2.0E-1
94	5.5E-5	5.3E-2	3.0E-2	1.8E-2	5.6E-5	9.0E-3	1.9E-1
95	5.5E-5	5.3E-2	3.1E-2	1.8E-2	5.6E-5	8.9E-3	1.9E-1
96	5.5E-5	5.3E-2	3.1E-2	1.8E-2	5.6E-5	8.8E-3	1.9E-1
97	5.6E-5	5.3E-2	3.1E-2	1.8E-2	5.6E-5	8.6E-3	1.9E-1
98	5.6E-5	5.2E-2	3.1E-2	1.8E-2	5.7E-5	8.5E-3	1.9E-1
99	5.6E-5	5.2E-2	3.1E-2	1.8E-2	5.7E-5	8.4E-3	1.9E-1
100	5.6E-5	5.2E-2	3.1E-2	1.8E-2	5.7E-5	8.3E-3	1.8E-1
110	5.8E-5	5.0E-2	3.3E-2	1.9E-2	5.9E-5	7.4E-3	1.7E-1
120	5.9E-5	4.9E-2	3.4E-2	1.9E-2	6.1E-5	6.7E-3	1.6E-1
130	6.1E-5	4.7E-2	3.6E-2	2.0E-2	6.2E-5	6.1E-3	1.5E-1
140	6.3E-5	4.7E-2	3.7E-2	2.1E-2	6.5E-5	5.7E-3	1.4E-1
150	6.5E-5	4.6E-2	3.9E-2	2.2E-2	6.7E-5	5.3E-3	1.3E-1
160	6.7E-5	4.5E-2	4.1E-2	2.3E-2	6.9E-5	4.9E-3	1.3E-1
170	6.9E-5	4.5E-2	4.3E-2	2.4E-2	7.1E-5	4.6E-3	1.2E-1
180	7.2E-5	4.5E-2	4.5E-2	2.5E-2	7.4E-5	4.4E-3	1.2E-1
190	7.4E-5	4.5E-2	4.7E-2	2.6E-2	7.6E-5	4.2E-3	1.1E-1
200	7.6E-5	4.5E-2	4.9E-2	2.8E-2	7.9E-5	4.0E-3	1.1E-1
210	7.9E-5	4.6E-2	5.2E-2	2.9E-2	8.2E-5	3.8E-3	1.1E-1
220	8.1E-5	4.6E-2	5.4E-2	3.0E-2	8.4E-5	3.7E-3	1.0E-1
230	8.4E-5	4.6E-2	5.7E-2	3.2E-2	8.7E-5	3.6E-3	1.0E-1
240	8.7E-5	4.7E-2	6.0E-2	3.3E-2	9.0E-5	3.4E-3	9.9E-2
250	9.0E-5	4.8E-2	6.3E-2	3.5E-2	9.4E-5	3.3E-3	9.6E-2
260	9.3E-5	4.8E-2	6.6E-2	3.6E-2	9.7E-5	3.3E-3	9.4E-2
270	9.6E-5	4.9E-2	6.9E-2	3.8E-2	1.0E-4	3.2E-3	9.2E-2
280	9.9E-5	5.0E-2	7.3E-2	4.0E-2	1.0E-4	3.1E-3	9.1E-2
290	1.0E-4	5.1E-2	7.7E-2	4.2E-2	1.1E-4	3.0E-3	8.9E-2
300	1.1E-4	5.2E-2	8.1E-2	4.4E-2	1.1E-4	3.0E-3	8.8E-2
310	1.1E-4	5.3E-2	8.5E-2	4.6E-2	1.2E-4	2.9E-3	8.6E-2
320	1.1E-4	5.4E-2	9.0E-2	4.9E-2	1.2E-4	2.9E-3	8.5E-2
330	1.2E-4	5.5E-2	9.5E-2	5.1E-2	1.2E-4	2.8E-3	8.4E-2
340	1.2E-4	5.6E-2	1.0E-1	5.4E-2	1.3E-4	2.8E-3	8.3E-2
350	1.3E-4	5.8E-2	1.1E-1	5.6E-2	1.3E-4	2.7E-3	8.2E-2
360	1.3E-4	5.9E-2	1.1E-1	5.9E-2	1.4E-4	2.7E-3	8.1E-2
365	1.3E-4	6.0E-2	1.1E-1	6.1E-2	1.4E-4	2.7E-3	8.0E-2
370	1.3E-4	6.0E-2	1.2E-1	6.2E-2	1.4E-4	2.7E-3	8.0E-2
380	1.4E-4	6.2E-2	1.2E-1	6.5E-2	1.5E-4	2.7E-3	7.9E-2
390	1.4E-4	6.4E-2	1.3E-1	6.9E-2	1.6E-4	2.6E-3	7.8E-2
400	1.5E-4	6.5E-2	1.4E-1	7.2E-2	1.6E-4	2.6E-3	7.8E-2
410	1.5E-4	6.7E-2	1.5E-1	7.6E-2	1.7E-4	2.6E-3	7.7E-2
420	1.6E-4	6.9E-2	1.5E-1	8.0E-2	1.7E-4	2.6E-3	7.6E-2
430	1.6E-4	7.1E-2	1.6E-1	8.4E-2	1.8E-4	2.5E-3	7.6E-2
440	1.7E-4	7.3E-2	1.7E-1	8.8E-2	1.9E-4	2.5E-3	7.5E-2
450	1.8E-4	7.5E-2	1.8E-1	9.3E-2	1.9E-4	2.5E-3	7.5E-2
460	1.8E-4	7.7E-2	1.9E-1	9.7E-2	2.0E-4	2.5E-3	7.4E-2
470	1.9E-4	7.9E-2	2.0E-1	1.0E-1	2.1E-4	2.5E-3	7.4E-2
480	1.9E-4	8.1E-2	2.2E-1	1.1E-1	2.2E-4	2.5E-3	7.3E-2
490	2.0E-4	8.4E-2	2.3E-1	1.1E-1	2.2E-4	2.5E-3	7.3E-2
500	2.1E-4	8.6E-2	2.4E-1	1.2E-1	2.3E-4	2.4E-3	7.2E-2
510	2.1E-4	8.9E-2	2.6E-1	1.2E-1	2.4E-4	2.4E-3	7.2E-2
520	2.2E-4	9.1E-2	2.7E-1	1.3E-1	2.5E-4	2.4E-3	7.2E-2
530	2.3E-4	9.4E-2	2.9E-1	1.4E-1	2.6E-4	2.4E-3	7.1E-2
540	2.4E-4	9.7E-2	3.0E-1	1.4E-1	2.7E-4	2.4E-3	7.1E-2
550	2.4E-4	1.0E-1	3.2E-1	1.5E-1	2.8E-4	2.4E-3	7.1E-2
560	2.5E-4	1.0E-1	3.4E-1	1.6E-1	2.9E-4	2.4E-3	7.1E-2
570	2.6E-4	1.1E-1	3.6E-1	1.7E-1	3.0E-4	2.4E-3	7.0E-2
580	2.7E-4	1.1E-1	3.8E-1	1.7E-1	3.1E-4	2.4E-3	7.0E-2
590	2.8E-4	1.1E-1	4.0E-1	1.8E-1	3.2E-4	2.4E-3	7.0E-2
600	2.8E-4	1.2E-1	4.3E-1	1.9E-1	3.3E-4	2.4E-3	7.0E-2
610	2.9E-4	1.2E-1	4.5E-1	2.0E-1	3.5E-4	2.4E-3	6.9E-2
620	3.0E-4	1.2E-1	4.8E-1	2.1E-1	3.6E-4	2.4E-3	6.9E-2
630	3.1E-4	1.3E-1	5.1E-1	2.2E-1	3.7E-4	2.4E-3	6.9E-2
640	3.2E-4	1.3E-1	5.4E-1	2.3E-1	3.9E-4	2.4E-3	6.9E-2
650	3.3E-4	1.4E-1	5.7E-1	2.4E-1	4.0E-4	2.4E-3	6.9E-2
660	3.4E-4	1.4E-1	6.1E-1	2.5E-1	4.2E-4	2.4E-3	6.9E-2
670	3.5E-4	1.4E-1	6.5E-1	2.6E-1	4.3E-4	2.4E-3	6.8E-2
680	3.6E-4	1.5E-1	6.8E-1	2.7E-1	4.5E-4	2.4E-3	6.8E-2
690	3.7E-4	1.5E-1	7.3E-1	2.8E-1	4.6E-4	2.4E-3	6.8E-2
700	3.8E-4	1.6E-1	7.7E-1	2.9E-1	4.8E-4	2.4E-3	6.8E-2
710	4.0E-4	1.6E-1	8.2E-1	3.0E-1	5.0E-4	2.4E-3	6.8E-2
720	4.1E-4	1.7E-1	8.7E-1	3.2E-1	5.2E-4	2.4E-3	6.8E-2
730	4.2E-4	1.7E-1	9.2E-1	3.3E-1	5.3E-4	2.4E-3	6.8E-2
740	4.3E-4	1.8E-1	9.8E-1	3.4E-1	5.5E-4	2.4E-3	6.8E-2
750	4.4E-4	1.9E-1	1.0E+0	3.5E-1	5.7E-4	2.4E-3	6.8E-2
760	4.6E-4	1.9E-1	1.1E+0	3.7E-1	5.9E-4	2.4E-3	6.8E-2
770	4.7E-4	2.0E-1	1.2E+0	3.8E-1	6.2E-4	2.4E-3	6.8E-2
780	4.8E-4	2.0E-1	1.2E+0	4.0E-1	6.4E-4	2.4E-3	6.8E-2
790	5.0E-4	2.1E-1	1.3E+0	4.1E-1	6.6E-4	2.4E-3	6.7E-2
800	5.1E-4	2.2E-1	1.4E+0	4.2E-1	6.9E-4	2.4E-3	6.7E-2
810	5.2E-4	2.3E-1	1.5E+0	4.4E-1	7.1E-4	2.4E-3	6.7E-2
820	5.4E-4	2.3E-1	1.6E+0	4.5E-1	7.4E-4	2.4E-3	6.7E-2
830	5.5E-4	2.4E-1	1.7E+0	4.7E-1	7.6E-4	2.4E-3	6.7E-2
840	5.7E-4	2.5E-1	1.8E+0	4.8E-1	7.9E-4	2.4E-3	6.7E-2
850	5.8E-4	2.6E-1	1.9E+0	4.9E-1	8.2E-4	2.4E-3	6.7E-2
860	6.0E-4	2.6E-1	2.0E+0	5.1E-1	8.5E-4	2.4E-3	6.7E-2
870	6.1E-4	2.7E-1	2.1E+0	5.2E-1	8.8E-4	2.4E-3	6.7E-2
880	6.3E-4	2.8E-1	2.3E+0	5.4E-1	9.1E-4	2.4E-3	6.7E-2
890	6.4E-4	2.9E-1	2.4E+0	5.5E-1	9.4E-4	2.4E-3	6.7E-2
900	6.6E-4	3.0E-1	2.5E+0	5.7E-1	9.8E-4	2.4E-3	6.7E-2
910	6.7E-4	3.1E-1	2.7E+0	5.8E-1	1.0E-3	2.4E-3	6.7E-2
920	6.9E-4	3.2E-1	2.9E+0	5.9E-1	1.1E-3	2.4E-3	6.7E-2
930	7.1E-4	3.3E-1	3.0E+0	6.1E-1	1.1E-3	2.4E-3	6.7E-2
940	7.2E-4	3.4E-1	3.2E+0	6.2E-1	1.1E-3	2.4E-3	6.7E-2
950	7.4E-4	3.5E-1	3.4E+0	6.4E-1	1.2E-3	2.4E-3	6.7E-2
960	7.6E-4	3.6E-1	3.6E+0	6.5E-1	1.2E-3	2.4E-3	6.7E-2
970	7.8E-4	3.8E-1	3.9E+0	6.6E-1	1.3E-3	2.4E-3	6.7E-2
980	7.9E-4	3.9E-1	4.1E+0	6.8E-1	1.3E-3	2.4E-3	6.8E-2
990	8.1E-4	4.0E-1	4.4E+0	6.9E-1	1.3E-3	2.4E-3	6.8E-2
1000	8.3E-4	4.1E-1	4.6E+0	7.0E-1	1.4E-3	2.4E-3	6.8E-2
1010	8.5E-4	4.3E-1	4.9E+0	7.1E-1	1.4E-3	2.4E-3	6.8E-2
1020	8.7E-4	4.4E-1	5.2E+0	7.3E-1	1.5E-3	2.5E-3	6.8E-2
1030	8.8E-4	4.5E-1	5.6E+0	7.4E-1	1.5E-3	2.5E-3	6.8E-2
1040	9.0E-4	4.7E-1	5.9E+0	7.5E-1	1.6E-3	2.5E-3	6.8E-2
1050	9.2E-4	4.8E-1	6.3E+0	7.6E-1	1.7E-3	2.5E-3	6.8E-2
1060	9.4E-4	5.0E-1	6.7E+0	7.7E-1	1.7E-3	2.5E-3	6.8E-2
1070	9.6E-4	5.2E-1	7.1E+0	7.8E-1	1.8E-3	2.5E-3	6.8E-2
1080	9.8E-4	5.3E-1	7.5E+0	7.9E-1	1.8E-3	2.5E-3	6.8E-2
1090	1.0E-3	5.5E-1	8.0E+0	8.0E-1	1.9E-3	2.5E-3	6.8E-2
1095	1.0E-3	5.6E-1	8.2E+0	8.1E-1	1.9E-3	2.5E-3	6.8E-2
1100	1.0E-3	5.7E-1	8.5E+0	8.1E-1	2.0E-3	2.5E-3	6.8E-2
1200	1.2E-3	7.8E-1	1.5E+1	8.9E-1	2.8E-3	2.5E-3	6.9E-2
1300	1.4E-3	1.1E+0	2.8E+1	9.4E-1	4.0E-3	2.6E-3	7.0E-2
1400	1.6E-3	1.4E+0	4.9E+1	9.8E-1	5.7E-3	2.7E-3	7.1E-2
1500	1.8E-3	1.9E+0	8.5E+1	1.0E+0	8.1E-3	2.7E-3	7.2E-2
1600	1.9E-3	2.5E+0	1.4E+2	1.0E+0	1.2E-2	2.8E-3	7.3E-2
1700	2.1E-3	3.3E+0	2.4E+2	1.0E+0	1.6E-2	2.9E-3	7.4E-2
1800	2.2E-3	4.2E+0	3.6E+2	1.0E+0	2.3E-2	2.9E-3	7.6E-2
1900	2.3E-3	5.3E+0	5.4E+2	1.0E+0	3.3E-2	3.0E-3	7.7E-2
2000	2.4E-3	6.4E+0	7.4E+2	1.0E+0	4.8E-2	3.1E-3	7.8E-2
2100	2.5E-3	7.7E+0	9.7E+2	1.0E+0	6.8E-2	3.1E-3	8.0E-2
2200	2.6E-3	8.9E+0	1.2E+3	1.0E+0	9.7E-2	3.2E-3	8.1E-2
2300	2.7E-3	1.0E+1	1.4E+3	1.0E+0	1.4E-1	3.3E-3	8.3E-2
2400	2.7E-3	1.1E+1	1.7E+3	1.0E+0	1.9E-1	3.4E-3	8.4E-2
2500	2.8E-3	1.3E+1	1.8E+3	1.1E+0	2.7E-1	3.4E-3	8.6E-2
2600	2.9E-3	1.4E+1	2.0E+3	1.1E+0	3.7E-1	3.5E-3	8.7E-2
2700	2.9E-3	1.5E+1	2.2E+3	1.1E+0	5.0E-1	3.6E-3	8.9E-2
2800	3.0E-3	1.5E+1	2.3E+3	1.1E+0	6.6E-1	3.7E-3	9.0E-2
2900	3.0E-3	1.6E+1	2.5E+3	1.1E+0	8.6E-1	3.7E-3	9.2E-2
3000	3.1E-3	1.7E+1	2.6E+3	1.1E+0	1.1E+0	3.8E-3	9.4E-2
3100	3.2E-3	1.8E+1	2.7E+3	1.1E+0	1.3E+0	3.9E-3	9.5E-2
3200	3.2E-3	1.9E+1	2.8E+3	1.1E+0	1.5E+0	4.0E-3	9.7E-2
3300	3.3E-3	1.9E+1	2.9E+3	1.1E+0	1.7E+0	4.1E-3	9.9E-2
3400	3.3E-3	2.0E+1	3.0E+3	1.1E+0	1.9E+0	4.1E-3	1.0E-1
3500	3.4E-3	2.1E+1	3.2E+3	1.1E+0	2.0E+0	4.2E-3	1.0E-1
3600	3.4E-3	2.2E+1	3.3E+3	1.1E+0	2.1E+0	4.3E-3	1.0E-1
3650	3.5E-3	2.2E+1	3.3E+3	1.1E+0	2.2E+0	4.3E-3	1.1E-1
4000	3.6E-3	2.5E+1	3.7E+3	1.1E+0	2.4E+0	4.6E-3	1.1E-1
5000	4.2E-3	3.4E+1	5.1E+3	1.1E+0	2.5E+0	5.4E-3	1.4E-1
6000	4.7E-3	4.4E+1	6.6E+3	1.1E+0	2.5E+0	6.2E-3	1.6E-1
7000	5.2E-3	5.5E+1	8.3E+3	1.1E+0	2.6E+0	7.0E-3	2.0E-1
8000	5.6E-3	6.7E+1	1.0E+4	1.2E+0	2.6E+0	7.8E-3	2.4E-1
9000	6.1E-3	7.9E+1	1.2E+4	1.2E+0	2.7E+0	8.6E-3	2.8E-1
10000	6.6E-3	9.1E+1	1.4E+4	1.2E+0	2.7E+0	9.4E-3	3.4E-1
11000	7.1E-3	1.0E+2	1.6E+4	1.2E+0	2.8E+0	1.0E-2	4.1E-1
12000	7.6E-3	1.2E+2	1.7E+4	1.2E+0	2.8E+0	1.1E-2	4.9E-1
13000	8.1E-3	1.3E+2	1.9E+4	1.3E+0	2.9E+0	1.2E-2	5.9E-1
14000	8.6E-3	1.4E+2	2.1E+4	1.3E+0	2.9E+0	1.3E-2	7.1E-1
15000	9.2E-3	1.5E+2	2.3E+4	1.3E+0	3.0E+0	1.4E-2	8.5E-1
16000	9.7E-3	1.7E+2	2.5E+4	1.3E+0	3.0E+0	1.6E-2	1.0E+0
17000	1.0E-2	1.8E+2	2.7E+4	1.4E+0	3.1E+0	1.7E-2	1.2E+0
18000	1.1E-2	1.9E+2	2.9E+4	1.4E+0	3.1E+0	1.8E-2	1.5E+0
18250	1.1E-2	2.0E+2	3.0E+4	1.4E+0	3.2E+0	1.9E-2	1.5E+0
Radionuclide	U-235
Route of Intake	Inhalation
Material	Aerosols Uranium aluminide, fA=2E-3
AMTD/AMAD, µm	0.03

Committed Effective Dose per Predicted Content in an Organ or Excreta Sample (Dose per Content Functions z(t)), Sv/Bq
Time, days	Whole Body	Urine (24-hour sample)	Faeces (24-hour sample)	Alimentary Tract*	Lungs*	Skeleton*	Liver*
0.041667	2.6E-5	-	-	4.4E-4	3.1E-5	3.5E+1	4.4E+1
0.083333	2.6E-5	-	-	3.6E-4	3.1E-5	9.7E+0	1.8E+1
0.125	2.6E-5	-	-	3.2E-4	3.1E-5	4.9E+0	1.2E+1
0.25	2.6E-5	-	-	2.6E-4	3.1E-5	1.8E+0	7.5E+0
0.375	2.6E-5	-	-	2.3E-4	3.1E-5	1.1E+0	6.1E+0
0.5	2.7E-5	-	-	2.1E-4	3.2E-5	8.3E-1	5.4E+0
0.625	2.7E-5	-	-	2.0E-4	3.2E-5	6.9E-1	4.9E+0
0.75	2.7E-5	-	-	1.9E-4	3.2E-5	6.0E-1	4.6E+0
0.875	2.7E-5	-	-	1.9E-4	3.2E-5	5.4E-1	4.3E+0
1	2.7E-5	1.2E-1	1.3E-3	1.9E-4	3.2E-5	5.0E-1	4.1E+0
1.125	2.7E-5	-	-	2.0E-4	3.2E-5	4.6E-1	3.9E+0
1.25	2.8E-5	-	-	2.0E-4	3.2E-5	4.4E-1	3.7E+0
1.375	2.8E-5	-	-	2.1E-4	3.3E-5	4.1E-1	3.6E+0
1.5	2.8E-5	-	-	2.2E-4	3.3E-5	3.9E-1	3.5E+0
1.625	2.9E-5	-	-	2.3E-4	3.3E-5	3.8E-1	3.4E+0
1.75	2.9E-5	-	-	2.4E-4	3.3E-5	3.6E-1	3.3E+0
1.875	2.9E-5	-	-	2.6E-4	3.3E-5	3.5E-1	3.2E+0
2	3.0E-5	2.0E-1	3.6E-4	2.7E-4	3.3E-5	3.4E-1	3.1E+0
2.25	3.0E-5	-	-	3.1E-4	3.3E-5	3.2E-1	2.9E+0
2.5	3.1E-5	-	-	3.6E-4	3.4E-5	3.0E-1	2.8E+0
2.75	3.1E-5	-	-	4.1E-4	3.4E-5	2.9E-1	2.7E+0
3	3.2E-5	2.4E-1	4.4E-4	4.6E-4	3.4E-5	2.7E-1	2.6E+0
3.25	3.2E-5	-	-	5.2E-4	3.4E-5	2.6E-1	2.5E+0
3.5	3.3E-5	-	-	5.8E-4	3.4E-5	2.5E-1	2.4E+0
3.75	3.3E-5	-	-	6.3E-4	3.5E-5	2.4E-1	2.3E+0
4	3.3E-5	2.4E-1	7.2E-4	6.9E-4	3.5E-5	2.3E-1	2.2E+0
4.25	3.3E-5	-	-	7.5E-4	3.5E-5	2.2E-1	2.2E+0
4.5	3.4E-5	-	-	8.0E-4	3.5E-5	2.1E-1	2.1E+0
4.75	3.4E-5	-	-	8.6E-4	3.5E-5	2.0E-1	2.0E+0
5	3.4E-5	2.3E-1	1.1E-3	9.1E-4	3.6E-5	2.0E-1	2.0E+0
5.5	3.5E-5	-	-	1.0E-3	3.6E-5	1.9E-1	1.9E+0
6	3.5E-5	2.2E-1	1.5E-3	1.1E-3	3.6E-5	1.7E-1	1.8E+0
6.5	3.5E-5	-	-	1.2E-3	3.6E-5	1.6E-1	1.7E+0
7	3.6E-5	2.1E-1	1.9E-3	1.4E-3	3.7E-5	1.6E-1	1.6E+0
7.5	3.6E-5	-	-	1.5E-3	3.7E-5	1.5E-1	1.6E+0
8	3.6E-5	2.1E-1	2.3E-3	1.6E-3	3.7E-5	1.4E-1	1.5E+0
8.5	3.6E-5	-	-	1.8E-3	3.7E-5	1.3E-1	1.4E+0
9	3.7E-5	2.0E-1	2.7E-3	1.9E-3	3.7E-5	1.3E-1	1.4E+0
9.5	3.7E-5	-	-	2.1E-3	3.8E-5	1.2E-1	1.3E+0
10	3.7E-5	1.9E-1	3.2E-3	2.3E-3	3.8E-5	1.2E-1	1.3E+0
11	3.8E-5	1.8E-1	3.8E-3	2.6E-3	3.8E-5	1.1E-1	1.2E+0
12	3.8E-5	1.7E-1	4.4E-3	3.1E-3	3.8E-5	9.9E-2	1.1E+0
13	3.8E-5	1.7E-1	5.2E-3	3.6E-3	3.9E-5	9.2E-2	1.1E+0
14	3.8E-5	1.6E-1	6.0E-3	4.1E-3	3.9E-5	8.5E-2	1.0E+0
15	3.9E-5	1.5E-1	6.8E-3	4.6E-3	3.9E-5	8.0E-2	9.5E-1
16	3.9E-5	1.5E-1	7.8E-3	5.2E-3	3.9E-5	7.4E-2	9.0E-1
17	3.9E-5	1.4E-1	8.8E-3	5.8E-3	3.9E-5	7.0E-2	8.6E-1
18	3.9E-5	1.4E-1	9.8E-3	6.4E-3	3.9E-5	6.6E-2	8.2E-1
19	3.9E-5	1.3E-1	1.1E-2	7.0E-3	4.0E-5	6.2E-2	7.8E-1
20	3.9E-5	1.3E-1	1.2E-2	7.5E-3	4.0E-5	5.8E-2	7.4E-1
21	4.0E-5	1.2E-1	1.3E-2	8.1E-3	4.0E-5	5.5E-2	7.1E-1
22	4.0E-5	1.2E-1	1.4E-2	8.6E-3	4.0E-5	5.2E-2	6.8E-1
23	4.0E-5	1.2E-1	1.5E-2	9.1E-3	4.0E-5	5.0E-2	6.5E-1
24	4.0E-5	1.1E-1	1.5E-2	9.5E-3	4.0E-5	4.7E-2	6.3E-1
25	4.0E-5	1.1E-1	1.6E-2	9.9E-3	4.0E-5	4.5E-2	6.0E-1
26	4.0E-5	1.1E-1	1.7E-2	1.0E-2	4.0E-5	4.3E-2	5.8E-1
27	4.0E-5	1.0E-1	1.8E-2	1.1E-2	4.1E-5	4.1E-2	5.6E-1
28	4.0E-5	1.0E-1	1.8E-2	1.1E-2	4.1E-5	3.9E-2	5.4E-1
29	4.1E-5	9.9E-2	1.9E-2	1.1E-2	4.1E-5	3.7E-2	5.2E-1
30	4.1E-5	9.7E-2	1.9E-2	1.1E-2	4.1E-5	3.6E-2	5.1E-1
31	4.1E-5	9.5E-2	1.9E-2	1.1E-2	4.1E-5	3.4E-2	4.9E-1
32	4.1E-5	9.3E-2	2.0E-2	1.2E-2	4.1E-5	3.3E-2	4.8E-1
33	4.1E-5	9.1E-2	2.0E-2	1.2E-2	4.1E-5	3.2E-2	4.6E-1
34	4.1E-5	8.9E-2	2.0E-2	1.2E-2	4.1E-5	3.0E-2	4.5E-1
35	4.1E-5	8.7E-2	2.0E-2	1.2E-2	4.1E-5	2.9E-2	4.4E-1
36	4.1E-5	8.5E-2	2.1E-2	1.2E-2	4.2E-5	2.8E-2	4.2E-1
37	4.1E-5	8.3E-2	2.1E-2	1.2E-2	4.2E-5	2.7E-2	4.1E-1
38	4.1E-5	8.2E-2	2.1E-2	1.2E-2	4.2E-5	2.6E-2	4.0E-1
39	4.2E-5	8.0E-2	2.1E-2	1.2E-2	4.2E-5	2.5E-2	3.9E-1
40	4.2E-5	7.9E-2	2.1E-2	1.2E-2	4.2E-5	2.4E-2	3.8E-1
41	4.2E-5	7.8E-2	2.1E-2	1.2E-2	4.2E-5	2.4E-2	3.7E-1
42	4.2E-5	7.6E-2	2.2E-2	1.3E-2	4.2E-5	2.3E-2	3.6E-1
43	4.2E-5	7.5E-2	2.2E-2	1.3E-2	4.2E-5	2.2E-2	3.5E-1
44	4.2E-5	7.4E-2	2.2E-2	1.3E-2	4.2E-5	2.2E-2	3.5E-1
45	4.2E-5	7.3E-2	2.2E-2	1.3E-2	4.2E-5	2.1E-2	3.4E-1
46	4.2E-5	7.2E-2	2.2E-2	1.3E-2	4.3E-5	2.0E-2	3.3E-1
47	4.2E-5	7.1E-2	2.2E-2	1.3E-2	4.3E-5	2.0E-2	3.2E-1
48	4.2E-5	6.9E-2	2.2E-2	1.3E-2	4.3E-5	1.9E-2	3.2E-1
49	4.3E-5	6.9E-2	2.2E-2	1.3E-2	4.3E-5	1.9E-2	3.1E-1
50	4.3E-5	6.8E-2	2.2E-2	1.3E-2	4.3E-5	1.8E-2	3.1E-1
51	4.3E-5	6.7E-2	2.2E-2	1.3E-2	4.3E-5	1.8E-2	3.0E-1
52	4.3E-5	6.6E-2	2.3E-2	1.3E-2	4.3E-5	1.7E-2	2.9E-1
53	4.3E-5	6.5E-2	2.3E-2	1.3E-2	4.3E-5	1.7E-2	2.9E-1
54	4.3E-5	6.4E-2	2.3E-2	1.3E-2	4.4E-5	1.6E-2	2.8E-1
55	4.3E-5	6.3E-2	2.3E-2	1.3E-2	4.4E-5	1.6E-2	2.8E-1
56	4.3E-5	6.3E-2	2.3E-2	1.3E-2	4.4E-5	1.6E-2	2.7E-1
57	4.3E-5	6.2E-2	2.3E-2	1.3E-2	4.4E-5	1.5E-2	2.7E-1
58	4.4E-5	6.1E-2	2.3E-2	1.3E-2	4.4E-5	1.5E-2	2.6E-1
59	4.4E-5	6.1E-2	2.3E-2	1.3E-2	4.4E-5	1.5E-2	2.6E-1
60	4.4E-5	6.0E-2	2.3E-2	1.3E-2	4.4E-5	1.4E-2	2.6E-1
61	4.4E-5	5.9E-2	2.3E-2	1.4E-2	4.4E-5	1.4E-2	2.5E-1
62	4.4E-5	5.9E-2	2.3E-2	1.4E-2	4.4E-5	1.4E-2	2.5E-1
63	4.4E-5	5.8E-2	2.4E-2	1.4E-2	4.5E-5	1.3E-2	2.4E-1
64	4.4E-5	5.8E-2	2.4E-2	1.4E-2	4.5E-5	1.3E-2	2.4E-1
65	4.4E-5	5.7E-2	2.4E-2	1.4E-2	4.5E-5	1.3E-2	2.4E-1
66	4.5E-5	5.7E-2	2.4E-2	1.4E-2	4.5E-5	1.3E-2	2.3E-1
67	4.5E-5	5.6E-2	2.4E-2	1.4E-2	4.5E-5	1.2E-2	2.3E-1
68	4.5E-5	5.6E-2	2.4E-2	1.4E-2	4.5E-5	1.2E-2	2.3E-1
69	4.5E-5	5.5E-2	2.4E-2	1.4E-2	4.5E-5	1.2E-2	2.2E-1
70	4.5E-5	5.5E-2	2.4E-2	1.4E-2	4.5E-5	1.2E-2	2.2E-1
71	4.5E-5	5.4E-2	2.4E-2	1.4E-2	4.6E-5	1.1E-2	2.2E-1
72	4.5E-5	5.4E-2	2.4E-2	1.4E-2	4.6E-5	1.1E-2	2.2E-1
73	4.5E-5	5.3E-2	2.4E-2	1.4E-2	4.6E-5	1.1E-2	2.1E-1
74	4.6E-5	5.3E-2	2.5E-2	1.4E-2	4.6E-5	1.1E-2	2.1E-1
75	4.6E-5	5.2E-2	2.5E-2	1.4E-2	4.6E-5	1.1E-2	2.1E-1
76	4.6E-5	5.2E-2	2.5E-2	1.4E-2	4.6E-5	1.0E-2	2.1E-1
77	4.6E-5	5.2E-2	2.5E-2	1.4E-2	4.6E-5	1.0E-2	2.0E-1
78	4.6E-5	5.1E-2	2.5E-2	1.4E-2	4.7E-5	1.0E-2	2.0E-1
79	4.6E-5	5.1E-2	2.5E-2	1.4E-2	4.7E-5	9.9E-3	2.0E-1
80	4.6E-5	5.1E-2	2.5E-2	1.5E-2	4.7E-5	9.7E-3	2.0E-1
81	4.6E-5	5.0E-2	2.5E-2	1.5E-2	4.7E-5	9.6E-3	1.9E-1
82	4.7E-5	5.0E-2	2.5E-2	1.5E-2	4.7E-5	9.4E-3	1.9E-1
83	4.7E-5	5.0E-2	2.5E-2	1.5E-2	4.7E-5	9.3E-3	1.9E-1
84	4.7E-5	4.9E-2	2.6E-2	1.5E-2	4.7E-5	9.1E-3	1.9E-1
85	4.7E-5	4.9E-2	2.6E-2	1.5E-2	4.7E-5	9.0E-3	1.9E-1
86	4.7E-5	4.9E-2	2.6E-2	1.5E-2	4.8E-5	8.9E-3	1.8E-1
87	4.7E-5	4.8E-2	2.6E-2	1.5E-2	4.8E-5	8.7E-3	1.8E-1
88	4.7E-5	4.8E-2	2.6E-2	1.5E-2	4.8E-5	8.6E-3	1.8E-1
89	4.7E-5	4.8E-2	2.6E-2	1.5E-2	4.8E-5	8.5E-3	1.8E-1
90	4.8E-5	4.8E-2	2.6E-2	1.5E-2	4.8E-5	8.4E-3	1.8E-1
91	4.8E-5	4.7E-2	2.6E-2	1.5E-2	4.8E-5	8.3E-3	1.8E-1
92	4.8E-5	4.7E-2	2.6E-2	1.5E-2	4.8E-5	8.1E-3	1.7E-1
93	4.8E-5	4.7E-2	2.6E-2	1.5E-2	4.9E-5	8.0E-3	1.7E-1
94	4.8E-5	4.7E-2	2.7E-2	1.5E-2	4.9E-5	7.9E-3	1.7E-1
95	4.8E-5	4.6E-2	2.7E-2	1.5E-2	4.9E-5	7.8E-3	1.7E-1
96	4.8E-5	4.6E-2	2.7E-2	1.5E-2	4.9E-5	7.7E-3	1.7E-1
97	4.9E-5	4.6E-2	2.7E-2	1.5E-2	4.9E-5	7.6E-3	1.7E-1
98	4.9E-5	4.6E-2	2.7E-2	1.6E-2	4.9E-5	7.5E-3	1.6E-1
99	4.9E-5	4.6E-2	2.7E-2	1.6E-2	5.0E-5	7.4E-3	1.6E-1
100	4.9E-5	4.5E-2	2.7E-2	1.6E-2	5.0E-5	7.3E-3	1.6E-1
110	5.0E-5	4.4E-2	2.8E-2	1.6E-2	5.1E-5	6.5E-3	1.5E-1
120	5.2E-5	4.2E-2	3.0E-2	1.7E-2	5.3E-5	5.9E-3	1.4E-1
130	5.3E-5	4.1E-2	3.1E-2	1.8E-2	5.5E-5	5.4E-3	1.3E-1
140	5.5E-5	4.1E-2	3.2E-2	1.8E-2	5.6E-5	5.0E-3	1.2E-1
150	5.7E-5	4.0E-2	3.4E-2	1.9E-2	5.8E-5	4.6E-3	1.2E-1
160	5.9E-5	4.0E-2	3.5E-2	2.0E-2	6.0E-5	4.3E-3	1.1E-1
170	6.0E-5	3.9E-2	3.7E-2	2.1E-2	6.2E-5	4.1E-3	1.1E-1
180	6.2E-5	3.9E-2	3.9E-2	2.2E-2	6.4E-5	3.8E-3	1.0E-1
190	6.4E-5	3.9E-2	4.1E-2	2.3E-2	6.6E-5	3.7E-3	1.0E-1
200	6.7E-5	4.0E-2	4.3E-2	2.4E-2	6.9E-5	3.5E-3	9.6E-2
210	6.9E-5	4.0E-2	4.5E-2	2.5E-2	7.1E-5	3.3E-3	9.3E-2
220	7.1E-5	4.0E-2	4.7E-2	2.6E-2	7.4E-5	3.2E-3	9.1E-2
230	7.3E-5	4.0E-2	5.0E-2	2.8E-2	7.6E-5	3.1E-3	8.8E-2
240	7.6E-5	4.1E-2	5.2E-2	2.9E-2	7.9E-5	3.0E-3	8.6E-2
250	7.8E-5	4.1E-2	5.5E-2	3.0E-2	8.2E-5	2.9E-3	8.4E-2
260	8.1E-5	4.2E-2	5.8E-2	3.2E-2	8.5E-5	2.8E-3	8.2E-2
270	8.4E-5	4.3E-2	6.1E-2	3.3E-2	8.8E-5	2.8E-3	8.1E-2
280	8.7E-5	4.3E-2	6.4E-2	3.5E-2	9.1E-5	2.7E-3	7.9E-2
290	9.0E-5	4.4E-2	6.7E-2	3.7E-2	9.4E-5	2.7E-3	7.8E-2
300	9.3E-5	4.5E-2	7.1E-2	3.9E-2	9.8E-5	2.6E-3	7.7E-2
310	9.6E-5	4.6E-2	7.4E-2	4.0E-2	1.0E-4	2.6E-3	7.5E-2
320	9.9E-5	4.7E-2	7.8E-2	4.2E-2	1.1E-4	2.5E-3	7.4E-2
330	1.0E-4	4.8E-2	8.3E-2	4.5E-2	1.1E-4	2.5E-3	7.3E-2
340	1.1E-4	4.9E-2	8.7E-2	4.7E-2	1.1E-4	2.4E-3	7.2E-2
350	1.1E-4	5.0E-2	9.2E-2	4.9E-2	1.2E-4	2.4E-3	7.2E-2
360	1.1E-4	5.1E-2	9.7E-2	5.2E-2	1.2E-4	2.4E-3	7.1E-2
365	1.2E-4	5.2E-2	1.0E-1	5.3E-2	1.2E-4	2.4E-3	7.0E-2
370	1.2E-4	5.3E-2	1.0E-1	5.4E-2	1.3E-4	2.3E-3	7.0E-2
380	1.2E-4	5.4E-2	1.1E-1	5.7E-2	1.3E-4	2.3E-3	6.9E-2
390	1.3E-4	5.5E-2	1.1E-1	6.0E-2	1.4E-4	2.3E-3	6.9E-2
400	1.3E-4	5.7E-2	1.2E-1	6.3E-2	1.4E-4	2.3E-3	6.8E-2
410	1.3E-4	5.8E-2	1.3E-1	6.6E-2	1.5E-4	2.3E-3	6.7E-2
420	1.4E-4	6.0E-2	1.3E-1	7.0E-2	1.5E-4	2.2E-3	6.7E-2
430	1.4E-4	6.2E-2	1.4E-1	7.3E-2	1.6E-4	2.2E-3	6.6E-2
440	1.5E-4	6.3E-2	1.5E-1	7.7E-2	1.6E-4	2.2E-3	6.6E-2
450	1.5E-4	6.5E-2	1.6E-1	8.1E-2	1.7E-4	2.2E-3	6.5E-2
460	1.6E-4	6.7E-2	1.7E-1	8.5E-2	1.8E-4	2.2E-3	6.5E-2
470	1.6E-4	6.9E-2	1.8E-1	8.9E-2	1.8E-4	2.2E-3	6.4E-2
480	1.7E-4	7.1E-2	1.9E-1	9.4E-2	1.9E-4	2.2E-3	6.4E-2
490	1.7E-4	7.3E-2	2.0E-1	9.8E-2	2.0E-4	2.1E-3	6.4E-2
500	1.8E-4	7.5E-2	2.1E-1	1.0E-1	2.0E-4	2.1E-3	6.3E-2
510	1.9E-4	7.7E-2	2.2E-1	1.1E-1	2.1E-4	2.1E-3	6.3E-2
520	1.9E-4	8.0E-2	2.4E-1	1.1E-1	2.2E-4	2.1E-3	6.3E-2
530	2.0E-4	8.2E-2	2.5E-1	1.2E-1	2.3E-4	2.1E-3	6.2E-2
540	2.1E-4	8.5E-2	2.6E-1	1.3E-1	2.3E-4	2.1E-3	6.2E-2
550	2.1E-4	8.7E-2	2.8E-1	1.3E-1	2.4E-4	2.1E-3	6.2E-2
560	2.2E-4	9.0E-2	3.0E-1	1.4E-1	2.5E-4	2.1E-3	6.2E-2
570	2.3E-4	9.3E-2	3.1E-1	1.4E-1	2.6E-4	2.1E-3	6.1E-2
580	2.3E-4	9.6E-2	3.3E-1	1.5E-1	2.7E-4	2.1E-3	6.1E-2
590	2.4E-4	9.9E-2	3.5E-1	1.6E-1	2.8E-4	2.1E-3	6.1E-2
600	2.5E-4	1.0E-1	3.7E-1	1.7E-1	2.9E-4	2.1E-3	6.1E-2
610	2.6E-4	1.0E-1	4.0E-1	1.7E-1	3.0E-4	2.1E-3	6.1E-2
620	2.6E-4	1.1E-1	4.2E-1	1.8E-1	3.1E-4	2.1E-3	6.1E-2
630	2.7E-4	1.1E-1	4.5E-1	1.9E-1	3.3E-4	2.1E-3	6.0E-2
640	2.8E-4	1.2E-1	4.7E-1	2.0E-1	3.4E-4	2.1E-3	6.0E-2
650	2.9E-4	1.2E-1	5.0E-1	2.1E-1	3.5E-4	2.1E-3	6.0E-2
660	3.0E-4	1.2E-1	5.3E-1	2.2E-1	3.6E-4	2.1E-3	6.0E-2
670	3.1E-4	1.3E-1	5.6E-1	2.3E-1	3.8E-4	2.1E-3	6.0E-2
680	3.2E-4	1.3E-1	6.0E-1	2.4E-1	3.9E-4	2.1E-3	6.0E-2
690	3.3E-4	1.3E-1	6.3E-1	2.5E-1	4.0E-4	2.1E-3	6.0E-2
700	3.4E-4	1.4E-1	6.7E-1	2.6E-1	4.2E-4	2.1E-3	6.0E-2
710	3.5E-4	1.4E-1	7.1E-1	2.7E-1	4.3E-4	2.1E-3	5.9E-2
720	3.6E-4	1.5E-1	7.6E-1	2.8E-1	4.5E-4	2.1E-3	5.9E-2
730	3.7E-4	1.5E-1	8.0E-1	2.9E-1	4.7E-4	2.1E-3	5.9E-2
740	3.8E-4	1.6E-1	8.5E-1	3.0E-1	4.8E-4	2.1E-3	5.9E-2
750	3.9E-4	1.6E-1	9.0E-1	3.1E-1	5.0E-4	2.1E-3	5.9E-2
760	4.0E-4	1.7E-1	9.6E-1	3.2E-1	5.2E-4	2.1E-3	5.9E-2
770	4.1E-4	1.7E-1	1.0E+0	3.3E-1	5.4E-4	2.1E-3	5.9E-2
780	4.2E-4	1.8E-1	1.1E+0	3.5E-1	5.6E-4	2.1E-3	5.9E-2
790	4.3E-4	1.8E-1	1.1E+0	3.6E-1	5.8E-4	2.1E-3	5.9E-2
800	4.4E-4	1.9E-1	1.2E+0	3.7E-1	6.0E-4	2.1E-3	5.9E-2
810	4.6E-4	2.0E-1	1.3E+0	3.8E-1	6.2E-4	2.1E-3	5.9E-2
820	4.7E-4	2.0E-1	1.4E+0	3.9E-1	6.4E-4	2.1E-3	5.9E-2
830	4.8E-4	2.1E-1	1.5E+0	4.1E-1	6.7E-4	2.1E-3	5.9E-2
840	4.9E-4	2.2E-1	1.5E+0	4.2E-1	6.9E-4	2.1E-3	5.9E-2
850	5.1E-4	2.2E-1	1.6E+0	4.3E-1	7.2E-4	2.1E-3	5.9E-2
860	5.2E-4	2.3E-1	1.7E+0	4.4E-1	7.4E-4	2.1E-3	5.9E-2
870	5.3E-4	2.4E-1	1.9E+0	4.6E-1	7.7E-4	2.1E-3	5.9E-2
880	5.5E-4	2.5E-1	2.0E+0	4.7E-1	8.0E-4	2.1E-3	5.9E-2
890	5.6E-4	2.5E-1	2.1E+0	4.8E-1	8.2E-4	2.1E-3	5.9E-2
900	5.7E-4	2.6E-1	2.2E+0	4.9E-1	8.5E-4	2.1E-3	5.9E-2
910	5.9E-4	2.7E-1	2.4E+0	5.1E-1	8.9E-4	2.1E-3	5.9E-2
920	6.0E-4	2.8E-1	2.5E+0	5.2E-1	9.2E-4	2.1E-3	5.9E-2
930	6.2E-4	2.9E-1	2.7E+0	5.3E-1	9.5E-4	2.1E-3	5.9E-2
940	6.3E-4	3.0E-1	2.8E+0	5.4E-1	9.8E-4	2.1E-3	5.9E-2
950	6.5E-4	3.1E-1	3.0E+0	5.6E-1	1.0E-3	2.1E-3	5.9E-2
960	6.6E-4	3.2E-1	3.2E+0	5.7E-1	1.1E-3	2.1E-3	5.9E-2
970	6.8E-4	3.3E-1	3.4E+0	5.8E-1	1.1E-3	2.1E-3	5.9E-2
980	6.9E-4	3.4E-1	3.6E+0	5.9E-1	1.1E-3	2.1E-3	5.9E-2
990	7.1E-4	3.5E-1	3.8E+0	6.0E-1	1.2E-3	2.1E-3	5.9E-2
1000	7.2E-4	3.6E-1	4.0E+0	6.1E-1	1.2E-3	2.1E-3	5.9E-2
1010	7.4E-4	3.7E-1	4.3E+0	6.2E-1	1.3E-3	2.1E-3	5.9E-2
1020	7.6E-4	3.8E-1	4.6E+0	6.3E-1	1.3E-3	2.1E-3	5.9E-2
1030	7.7E-4	4.0E-1	4.8E+0	6.4E-1	1.4E-3	2.1E-3	5.9E-2
1040	7.9E-4	4.1E-1	5.1E+0	6.5E-1	1.4E-3	2.2E-3	5.9E-2
1050	8.1E-4	4.2E-1	5.5E+0	6.6E-1	1.5E-3	2.2E-3	5.9E-2
1060	8.2E-4	4.4E-1	5.8E+0	6.7E-1	1.5E-3	2.2E-3	5.9E-2
1070	8.4E-4	4.5E-1	6.2E+0	6.8E-1	1.6E-3	2.2E-3	5.9E-2
1080	8.6E-4	4.6E-1	6.5E+0	6.9E-1	1.6E-3	2.2E-3	5.9E-2
1090	8.7E-4	4.8E-1	7.0E+0	7.0E-1	1.7E-3	2.2E-3	5.9E-2
1095	8.8E-4	4.9E-1	7.2E+0	7.0E-1	1.7E-3	2.2E-3	6.0E-2
1100	8.9E-4	4.9E-1	7.4E+0	7.1E-1	1.7E-3	2.2E-3	6.0E-2
1200	1.1E-3	6.8E-1	1.3E+1	7.8E-1	2.5E-3	2.2E-3	6.0E-2
1300	1.2E-3	9.2E-1	2.4E+1	8.2E-1	3.5E-3	2.3E-3	6.1E-2
1400	1.4E-3	1.2E+0	4.3E+1	8.5E-1	5.0E-3	2.3E-3	6.2E-2
1500	1.6E-3	1.7E+0	7.5E+1	8.7E-1	7.1E-3	2.4E-3	6.3E-2
1600	1.7E-3	2.2E+0	1.3E+2	8.9E-1	1.0E-2	2.4E-3	6.4E-2
1700	1.8E-3	2.9E+0	2.1E+2	9.0E-1	1.4E-2	2.5E-3	6.5E-2
1800	1.9E-3	3.7E+0	3.2E+2	9.0E-1	2.0E-2	2.6E-3	6.6E-2
1900	2.0E-3	4.6E+0	4.7E+2	9.1E-1	2.9E-2	2.6E-3	6.7E-2
2000	2.1E-3	5.6E+0	6.5E+2	9.1E-1	4.2E-2	2.7E-3	6.8E-2
2100	2.2E-3	6.7E+0	8.5E+2	9.1E-1	5.9E-2	2.7E-3	7.0E-2
2200	2.3E-3	7.8E+0	1.1E+3	9.1E-1	8.4E-2	2.8E-3	7.1E-2
2300	2.3E-3	8.9E+0	1.3E+3	9.2E-1	1.2E-1	2.9E-3	7.2E-2
2400	2.4E-3	9.9E+0	1.4E+3	9.2E-1	1.7E-1	2.9E-3	7.3E-2
2500	2.4E-3	1.1E+1	1.6E+3	9.2E-1	2.3E-1	3.0E-3	7.5E-2
2600	2.5E-3	1.2E+1	1.8E+3	9.2E-1	3.2E-1	3.1E-3	7.6E-2
2700	2.6E-3	1.3E+1	1.9E+3	9.2E-1	4.4E-1	3.1E-3	7.8E-2
2800	2.6E-3	1.3E+1	2.0E+3	9.2E-1	5.8E-1	3.2E-3	7.9E-2
2900	2.7E-3	1.4E+1	2.1E+3	9.2E-1	7.5E-1	3.3E-3	8.0E-2
3000	2.7E-3	1.5E+1	2.3E+3	9.3E-1	9.4E-1	3.3E-3	8.2E-2
3100	2.8E-3	1.6E+1	2.4E+3	9.3E-1	1.1E+0	3.4E-3	8.3E-2
3200	2.8E-3	1.6E+1	2.5E+3	9.3E-1	1.3E+0	3.5E-3	8.5E-2
3300	2.9E-3	1.7E+1	2.6E+3	9.3E-1	1.5E+0	3.5E-3	8.7E-2
3400	2.9E-3	1.8E+1	2.7E+3	9.3E-1	1.7E+0	3.6E-3	8.8E-2
3500	2.9E-3	1.8E+1	2.8E+3	9.3E-1	1.8E+0	3.7E-3	9.0E-2
3600	3.0E-3	1.9E+1	2.9E+3	9.4E-1	1.9E+0	3.8E-3	9.1E-2
3650	3.0E-3	1.9E+1	2.9E+3	9.4E-1	1.9E+0	3.8E-3	9.2E-2
4000	3.2E-3	2.2E+1	3.3E+3	9.4E-1	2.1E+0	4.0E-3	9.8E-2
5000	3.6E-3	3.0E+1	4.4E+3	9.6E-1	2.2E+0	4.7E-3	1.2E-1
6000	4.1E-3	3.9E+1	5.8E+3	9.7E-1	2.2E+0	5.4E-3	1.4E-1
7000	4.5E-3	4.8E+1	7.3E+3	9.9E-1	2.3E+0	6.1E-3	1.7E-1
8000	4.9E-3	5.9E+1	8.8E+3	1.0E+0	2.3E+0	6.8E-3	2.1E-1
9000	5.4E-3	6.9E+1	1.0E+4	1.0E+0	2.3E+0	7.5E-3	2.5E-1
10000	5.8E-3	8.0E+1	1.2E+4	1.0E+0	2.4E+0	8.2E-3	3.0E-1
11000	6.2E-3	9.0E+1	1.4E+4	1.1E+0	2.4E+0	9.0E-3	3.6E-1
12000	6.6E-3	1.0E+2	1.5E+4	1.1E+0	2.5E+0	9.8E-3	4.3E-1
13000	7.1E-3	1.1E+2	1.7E+4	1.1E+0	2.5E+0	1.1E-2	5.2E-1
14000	7.5E-3	1.2E+2	1.8E+4	1.1E+0	2.6E+0	1.2E-2	6.2E-1
15000	8.0E-3	1.3E+2	2.0E+4	1.1E+0	2.6E+0	1.3E-2	7.5E-1
16000	8.5E-3	1.4E+2	2.2E+4	1.2E+0	2.7E+0	1.4E-2	9.0E-1
17000	9.0E-3	1.6E+2	2.4E+4	1.2E+0	2.7E+0	1.5E-2	1.1E+0
18000	9.6E-3	1.7E+2	2.5E+4	1.2E+0	2.8E+0	1.6E-2	1.3E+0
18250	9.7E-3	1.7E+2	2.6E+4	1.2E+0	2.8E+0	1.6E-2	1.3E+0
Radionuclide	U-235
Route of Intake	Inhalation
Material	Aerosols Uranium aluminide, fA=2E-3
AMTD/AMAD, µm	0.1

Committed Effective Dose per Predicted Content in an Organ or Excreta Sample (Dose per Content Functions z(t)), Sv/Bq
Time, days	Whole Body	Urine (24-hour sample)	Faeces (24-hour sample)	Alimentary Tract*	Lungs*	Skeleton*	Liver*
0.041667	2.4E-5	-	-	3.1E-4	3.1E-5	2.7E+1	3.4E+1
0.083333	2.4E-5	-	-	2.6E-4	3.1E-5	7.3E+0	1.3E+1
0.125	2.5E-5	-	-	2.3E-4	3.1E-5	3.7E+0	8.9E+0
0.25	2.5E-5	-	-	1.9E-4	3.1E-5	1.3E+0	5.7E+0
0.375	2.5E-5	-	-	1.7E-4	3.1E-5	8.3E-1	4.7E+0
0.5	2.5E-5	-	-	1.5E-4	3.2E-5	6.3E-1	4.2E+0
0.625	2.5E-5	-	-	1.5E-4	3.2E-5	5.3E-1	3.8E+0
0.75	2.5E-5	-	-	1.4E-4	3.2E-5	4.7E-1	3.6E+0
0.875	2.6E-5	-	-	1.4E-4	3.2E-5	4.2E-1	3.4E+0
1	2.6E-5	9.6E-2	9.1E-4	1.5E-4	3.2E-5	3.9E-1	3.3E+0
1.125	2.6E-5	-	-	1.5E-4	3.2E-5	3.7E-1	3.1E+0
1.25	2.6E-5	-	-	1.5E-4	3.2E-5	3.5E-1	3.0E+0
1.375	2.7E-5	-	-	1.6E-4	3.3E-5	3.3E-1	3.0E+0
1.5	2.7E-5	-	-	1.7E-4	3.3E-5	3.2E-1	2.9E+0
1.625	2.8E-5	-	-	1.8E-4	3.3E-5	3.1E-1	2.8E+0
1.75	2.8E-5	-	-	1.9E-4	3.3E-5	3.0E-1	2.7E+0
1.875	2.8E-5	-	-	2.1E-4	3.3E-5	2.9E-1	2.7E+0
2	2.9E-5	1.8E-1	2.7E-4	2.2E-4	3.3E-5	2.8E-1	2.6E+0
2.25	3.0E-5	-	-	2.6E-4	3.3E-5	2.7E-1	2.5E+0
2.5	3.0E-5	-	-	3.0E-4	3.4E-5	2.6E-1	2.4E+0
2.75	3.1E-5	-	-	3.6E-4	3.4E-5	2.5E-1	2.3E+0
3	3.1E-5	2.3E-1	3.5E-4	4.1E-4	3.4E-5	2.4E-1	2.3E+0
3.25	3.2E-5	-	-	4.8E-4	3.4E-5	2.3E-1	2.2E+0
3.5	3.2E-5	-	-	5.4E-4	3.4E-5	2.2E-1	2.1E+0
3.75	3.3E-5	-	-	6.1E-4	3.5E-5	2.1E-1	2.1E+0
4	3.3E-5	2.3E-1	6.3E-4	6.8E-4	3.5E-5	2.0E-1	2.0E+0
4.25	3.3E-5	-	-	7.4E-4	3.5E-5	2.0E-1	2.0E+0
4.5	3.4E-5	-	-	8.1E-4	3.5E-5	1.9E-1	1.9E+0
4.75	3.4E-5	-	-	8.7E-4	3.5E-5	1.9E-1	1.9E+0
5	3.4E-5	2.3E-1	1.1E-3	9.3E-4	3.5E-5	1.8E-1	1.8E+0
5.5	3.4E-5	-	-	1.1E-3	3.6E-5	1.7E-1	1.7E+0
6	3.5E-5	2.2E-1	1.5E-3	1.2E-3	3.6E-5	1.6E-1	1.7E+0
6.5	3.5E-5	-	-	1.3E-3	3.6E-5	1.5E-1	1.6E+0
7	3.5E-5	2.1E-1	1.9E-3	1.4E-3	3.6E-5	1.4E-1	1.5E+0
7.5	3.6E-5	-	-	1.5E-3	3.7E-5	1.4E-1	1.5E+0
8	3.6E-5	2.0E-1	2.4E-3	1.7E-3	3.7E-5	1.3E-1	1.4E+0
8.5	3.6E-5	-	-	1.8E-3	3.7E-5	1.3E-1	1.4E+0
9	3.7E-5	2.0E-1	2.8E-3	2.0E-3	3.7E-5	1.2E-1	1.3E+0
9.5	3.7E-5	-	-	2.2E-3	3.7E-5	1.2E-1	1.3E+0
10	3.7E-5	1.9E-1	3.3E-3	2.3E-3	3.8E-5	1.1E-1	1.2E+0
11	3.7E-5	1.8E-1	3.9E-3	2.7E-3	3.8E-5	1.0E-1	1.2E+0
12	3.8E-5	1.7E-1	4.6E-3	3.2E-3	3.8E-5	9.5E-2	1.1E+0
13	3.8E-5	1.7E-1	5.3E-3	3.7E-3	3.8E-5	8.8E-2	1.0E+0
14	3.8E-5	1.6E-1	6.2E-3	4.2E-3	3.9E-5	8.2E-2	9.8E-1
15	3.8E-5	1.5E-1	7.1E-3	4.7E-3	3.9E-5	7.7E-2	9.3E-1
16	3.9E-5	1.5E-1	8.0E-3	5.3E-3	3.9E-5	7.2E-2	8.8E-1
17	3.9E-5	1.4E-1	9.0E-3	5.9E-3	3.9E-5	6.8E-2	8.4E-1
18	3.9E-5	1.4E-1	1.0E-2	6.5E-3	3.9E-5	6.4E-2	8.0E-1
19	3.9E-5	1.3E-1	1.1E-2	7.1E-3	3.9E-5	6.0E-2	7.6E-1
20	3.9E-5	1.3E-1	1.2E-2	7.6E-3	3.9E-5	5.7E-2	7.3E-1
21	3.9E-5	1.2E-1	1.3E-2	8.1E-3	4.0E-5	5.4E-2	7.0E-1
22	3.9E-5	1.2E-1	1.4E-2	8.6E-3	4.0E-5	5.1E-2	6.7E-1
23	4.0E-5	1.2E-1	1.5E-2	9.1E-3	4.0E-5	4.8E-2	6.4E-1
24	4.0E-5	1.1E-1	1.6E-2	9.5E-3	4.0E-5	4.6E-2	6.2E-1
25	4.0E-5	1.1E-1	1.6E-2	9.9E-3	4.0E-5	4.4E-2	6.0E-1
26	4.0E-5	1.1E-1	1.7E-2	1.0E-2	4.0E-5	4.2E-2	5.7E-1
27	4.0E-5	1.0E-1	1.8E-2	1.1E-2	4.0E-5	4.0E-2	5.5E-1
28	4.0E-5	1.0E-1	1.8E-2	1.1E-2	4.0E-5	3.8E-2	5.4E-1
29	4.0E-5	9.8E-2	1.8E-2	1.1E-2	4.0E-5	3.7E-2	5.2E-1
30	4.0E-5	9.6E-2	1.9E-2	1.1E-2	4.1E-5	3.5E-2	5.0E-1
31	4.0E-5	9.4E-2	1.9E-2	1.1E-2	4.1E-5	3.4E-2	4.8E-1
32	4.0E-5	9.2E-2	2.0E-2	1.2E-2	4.1E-5	3.2E-2	4.7E-1
33	4.1E-5	9.0E-2	2.0E-2	1.2E-2	4.1E-5	3.1E-2	4.6E-1
34	4.1E-5	8.8E-2	2.0E-2	1.2E-2	4.1E-5	3.0E-2	4.4E-1
35	4.1E-5	8.6E-2	2.0E-2	1.2E-2	4.1E-5	2.9E-2	4.3E-1
36	4.1E-5	8.4E-2	2.1E-2	1.2E-2	4.1E-5	2.8E-2	4.2E-1
37	4.1E-5	8.3E-2	2.1E-2	1.2E-2	4.1E-5	2.7E-2	4.1E-1
38	4.1E-5	8.1E-2	2.1E-2	1.2E-2	4.1E-5	2.6E-2	4.0E-1
39	4.1E-5	8.0E-2	2.1E-2	1.2E-2	4.1E-5	2.5E-2	3.9E-1
40	4.1E-5	7.8E-2	2.1E-2	1.2E-2	4.2E-5	2.4E-2	3.8E-1
41	4.1E-5	7.7E-2	2.1E-2	1.2E-2	4.2E-5	2.3E-2	3.7E-1
42	4.2E-5	7.6E-2	2.1E-2	1.2E-2	4.2E-5	2.3E-2	3.6E-1
43	4.2E-5	7.4E-2	2.1E-2	1.3E-2	4.2E-5	2.2E-2	3.5E-1
44	4.2E-5	7.3E-2	2.2E-2	1.3E-2	4.2E-5	2.1E-2	3.4E-1
45	4.2E-5	7.2E-2	2.2E-2	1.3E-2	4.2E-5	2.1E-2	3.4E-1
46	4.2E-5	7.1E-2	2.2E-2	1.3E-2	4.2E-5	2.0E-2	3.3E-1
47	4.2E-5	7.0E-2	2.2E-2	1.3E-2	4.2E-5	1.9E-2	3.2E-1
48	4.2E-5	6.9E-2	2.2E-2	1.3E-2	4.2E-5	1.9E-2	3.1E-1
49	4.2E-5	6.8E-2	2.2E-2	1.3E-2	4.3E-5	1.8E-2	3.1E-1
50	4.2E-5	6.7E-2	2.2E-2	1.3E-2	4.3E-5	1.8E-2	3.0E-1
51	4.2E-5	6.6E-2	2.2E-2	1.3E-2	4.3E-5	1.7E-2	3.0E-1
52	4.3E-5	6.5E-2	2.2E-2	1.3E-2	4.3E-5	1.7E-2	2.9E-1
53	4.3E-5	6.4E-2	2.2E-2	1.3E-2	4.3E-5	1.7E-2	2.9E-1
54	4.3E-5	6.4E-2	2.3E-2	1.3E-2	4.3E-5	1.6E-2	2.8E-1
55	4.3E-5	6.3E-2	2.3E-2	1.3E-2	4.3E-5	1.6E-2	2.8E-1
56	4.3E-5	6.2E-2	2.3E-2	1.3E-2	4.3E-5	1.5E-2	2.7E-1
57	4.3E-5	6.1E-2	2.3E-2	1.3E-2	4.4E-5	1.5E-2	2.7E-1
58	4.3E-5	6.1E-2	2.3E-2	1.3E-2	4.4E-5	1.5E-2	2.6E-1
59	4.3E-5	6.0E-2	2.3E-2	1.3E-2	4.4E-5	1.4E-2	2.6E-1
60	4.3E-5	5.9E-2	2.3E-2	1.3E-2	4.4E-5	1.4E-2	2.5E-1
61	4.4E-5	5.9E-2	2.3E-2	1.3E-2	4.4E-5	1.4E-2	2.5E-1
62	4.4E-5	5.8E-2	2.3E-2	1.3E-2	4.4E-5	1.3E-2	2.5E-1
63	4.4E-5	5.8E-2	2.3E-2	1.4E-2	4.4E-5	1.3E-2	2.4E-1
64	4.4E-5	5.7E-2	2.3E-2	1.4E-2	4.4E-5	1.3E-2	2.4E-1
65	4.4E-5	5.7E-2	2.3E-2	1.4E-2	4.4E-5	1.3E-2	2.4E-1
66	4.4E-5	5.6E-2	2.4E-2	1.4E-2	4.5E-5	1.2E-2	2.3E-1
67	4.4E-5	5.6E-2	2.4E-2	1.4E-2	4.5E-5	1.2E-2	2.3E-1
68	4.4E-5	5.5E-2	2.4E-2	1.4E-2	4.5E-5	1.2E-2	2.3E-1
69	4.5E-5	5.5E-2	2.4E-2	1.4E-2	4.5E-5	1.2E-2	2.2E-1
70	4.5E-5	5.4E-2	2.4E-2	1.4E-2	4.5E-5	1.1E-2	2.2E-1
71	4.5E-5	5.4E-2	2.4E-2	1.4E-2	4.5E-5	1.1E-2	2.2E-1
72	4.5E-5	5.3E-2	2.4E-2	1.4E-2	4.5E-5	1.1E-2	2.1E-1
73	4.5E-5	5.3E-2	2.4E-2	1.4E-2	4.5E-5	1.1E-2	2.1E-1
74	4.5E-5	5.2E-2	2.4E-2	1.4E-2	4.6E-5	1.1E-2	2.1E-1
75	4.5E-5	5.2E-2	2.4E-2	1.4E-2	4.6E-5	1.0E-2	2.1E-1
76	4.5E-5	5.2E-2	2.5E-2	1.4E-2	4.6E-5	1.0E-2	2.0E-1
77	4.5E-5	5.1E-2	2.5E-2	1.4E-2	4.6E-5	1.0E-2	2.0E-1
78	4.6E-5	5.1E-2	2.5E-2	1.4E-2	4.6E-5	9.9E-3	2.0E-1
79	4.6E-5	5.1E-2	2.5E-2	1.4E-2	4.6E-5	9.8E-3	2.0E-1
80	4.6E-5	5.0E-2	2.5E-2	1.4E-2	4.6E-5	9.6E-3	1.9E-1
81	4.6E-5	5.0E-2	2.5E-2	1.4E-2	4.7E-5	9.5E-3	1.9E-1
82	4.6E-5	5.0E-2	2.5E-2	1.4E-2	4.7E-5	9.3E-3	1.9E-1
83	4.6E-5	4.9E-2	2.5E-2	1.5E-2	4.7E-5	9.2E-3	1.9E-1
84	4.6E-5	4.9E-2	2.5E-2	1.5E-2	4.7E-5	9.0E-3	1.9E-1
85	4.6E-5	4.9E-2	2.5E-2	1.5E-2	4.7E-5	8.9E-3	1.8E-1
86	4.7E-5	4.8E-2	2.6E-2	1.5E-2	4.7E-5	8.8E-3	1.8E-1
87	4.7E-5	4.8E-2	2.6E-2	1.5E-2	4.7E-5	8.6E-3	1.8E-1
88	4.7E-5	4.8E-2	2.6E-2	1.5E-2	4.8E-5	8.5E-3	1.8E-1
89	4.7E-5	4.8E-2	2.6E-2	1.5E-2	4.8E-5	8.4E-3	1.8E-1
90	4.7E-5	4.7E-2	2.6E-2	1.5E-2	4.8E-5	8.3E-3	1.8E-1
91	4.7E-5	4.7E-2	2.6E-2	1.5E-2	4.8E-5	8.2E-3	1.7E-1
92	4.7E-5	4.7E-2	2.6E-2	1.5E-2	4.8E-5	8.1E-3	1.7E-1
93	4.8E-5	4.7E-2	2.6E-2	1.5E-2	4.8E-5	7.9E-3	1.7E-1
94	4.8E-5	4.6E-2	2.6E-2	1.5E-2	4.8E-5	7.8E-3	1.7E-1
95	4.8E-5	4.6E-2	2.6E-2	1.5E-2	4.9E-5	7.7E-3	1.7E-1
96	4.8E-5	4.6E-2	2.7E-2	1.5E-2	4.9E-5	7.6E-3	1.7E-1
97	4.8E-5	4.6E-2	2.7E-2	1.5E-2	4.9E-5	7.5E-3	1.6E-1
98	4.8E-5	4.5E-2	2.7E-2	1.5E-2	4.9E-5	7.4E-3	1.6E-1
99	4.8E-5	4.5E-2	2.7E-2	1.5E-2	4.9E-5	7.4E-3	1.6E-1
100	4.9E-5	4.5E-2	2.7E-2	1.6E-2	4.9E-5	7.3E-3	1.6E-1
110	5.0E-5	4.3E-2	2.8E-2	1.6E-2	5.1E-5	6.5E-3	1.5E-1
120	5.1E-5	4.2E-2	2.9E-2	1.7E-2	5.2E-5	5.8E-3	1.4E-1
130	5.3E-5	4.1E-2	3.1E-2	1.8E-2	5.4E-5	5.3E-3	1.3E-1
140	5.5E-5	4.0E-2	3.2E-2	1.8E-2	5.6E-5	4.9E-3	1.2E-1
150	5.6E-5	4.0E-2	3.4E-2	1.9E-2	5.8E-5	4.6E-3	1.2E-1
160	5.8E-5	3.9E-2	3.5E-2	2.0E-2	6.0E-5	4.3E-3	1.1E-1
170	6.0E-5	3.9E-2	3.7E-2	2.1E-2	6.2E-5	4.0E-3	1.1E-1
180	6.2E-5	3.9E-2	3.9E-2	2.2E-2	6.4E-5	3.8E-3	1.0E-1
190	6.4E-5	3.9E-2	4.0E-2	2.3E-2	6.6E-5	3.6E-3	9.9E-2
200	6.6E-5	3.9E-2	4.2E-2	2.4E-2	6.8E-5	3.5E-3	9.5E-2
210	6.8E-5	3.9E-2	4.5E-2	2.5E-2	7.1E-5	3.3E-3	9.3E-2
220	7.0E-5	4.0E-2	4.7E-2	2.6E-2	7.3E-5	3.2E-3	9.0E-2
230	7.3E-5	4.0E-2	4.9E-2	2.7E-2	7.6E-5	3.1E-3	8.8E-2
240	7.5E-5	4.1E-2	5.2E-2	2.9E-2	7.8E-5	3.0E-3	8.5E-2
250	7.8E-5	4.1E-2	5.4E-2	3.0E-2	8.1E-5	2.9E-3	8.4E-2
260	8.0E-5	4.2E-2	5.7E-2	3.2E-2	8.4E-5	2.8E-3	8.2E-2
270	8.3E-5	4.2E-2	6.0E-2	3.3E-2	8.7E-5	2.8E-3	8.0E-2
280	8.6E-5	4.3E-2	6.3E-2	3.5E-2	9.0E-5	2.7E-3	7.9E-2
290	8.9E-5	4.4E-2	6.7E-2	3.6E-2	9.3E-5	2.6E-3	7.7E-2
300	9.2E-5	4.5E-2	7.0E-2	3.8E-2	9.7E-5	2.6E-3	7.6E-2
310	9.5E-5	4.6E-2	7.4E-2	4.0E-2	1.0E-4	2.5E-3	7.5E-2
320	9.8E-5	4.7E-2	7.8E-2	4.2E-2	1.0E-4	2.5E-3	7.4E-2
330	1.0E-4	4.8E-2	8.2E-2	4.4E-2	1.1E-4	2.5E-3	7.3E-2
340	1.1E-4	4.9E-2	8.6E-2	4.6E-2	1.1E-4	2.4E-3	7.2E-2
350	1.1E-4	5.0E-2	9.1E-2	4.9E-2	1.2E-4	2.4E-3	7.1E-2
360	1.1E-4	5.1E-2	9.6E-2	5.1E-2	1.2E-4	2.4E-3	7.0E-2
365	1.1E-4	5.2E-2	9.9E-2	5.3E-2	1.2E-4	2.3E-3	7.0E-2
370	1.2E-4	5.2E-2	1.0E-1	5.4E-2	1.2E-4	2.3E-3	6.9E-2
380	1.2E-4	5.4E-2	1.1E-1	5.7E-2	1.3E-4	2.3E-3	6.9E-2
390	1.2E-4	5.5E-2	1.1E-1	5.9E-2	1.3E-4	2.3E-3	6.8E-2
400	1.3E-4	5.6E-2	1.2E-1	6.2E-2	1.4E-4	2.3E-3	6.7E-2
410	1.3E-4	5.8E-2	1.3E-1	6.6E-2	1.4E-4	2.2E-3	6.7E-2
420	1.4E-4	6.0E-2	1.3E-1	6.9E-2	1.5E-4	2.2E-3	6.6E-2
430	1.4E-4	6.1E-2	1.4E-1	7.3E-2	1.6E-4	2.2E-3	6.6E-2
440	1.5E-4	6.3E-2	1.5E-1	7.6E-2	1.6E-4	2.2E-3	6.5E-2
450	1.5E-4	6.5E-2	1.6E-1	8.0E-2	1.7E-4	2.2E-3	6.5E-2
460	1.6E-4	6.6E-2	1.7E-1	8.4E-2	1.7E-4	2.2E-3	6.4E-2
470	1.6E-4	6.8E-2	1.8E-1	8.8E-2	1.8E-4	2.2E-3	6.4E-2
480	1.7E-4	7.0E-2	1.9E-1	9.3E-2	1.9E-4	2.1E-3	6.3E-2
490	1.7E-4	7.2E-2	2.0E-1	9.7E-2	1.9E-4	2.1E-3	6.3E-2
500	1.8E-4	7.5E-2	2.1E-1	1.0E-1	2.0E-4	2.1E-3	6.3E-2
510	1.9E-4	7.7E-2	2.2E-1	1.1E-1	2.1E-4	2.1E-3	6.2E-2
520	1.9E-4	7.9E-2	2.3E-1	1.1E-1	2.2E-4	2.1E-3	6.2E-2
530	2.0E-4	8.1E-2	2.5E-1	1.2E-1	2.2E-4	2.1E-3	6.2E-2
540	2.0E-4	8.4E-2	2.6E-1	1.2E-1	2.3E-4	2.1E-3	6.2E-2
550	2.1E-4	8.7E-2	2.8E-1	1.3E-1	2.4E-4	2.1E-3	6.1E-2
560	2.2E-4	8.9E-2	2.9E-1	1.4E-1	2.5E-4	2.1E-3	6.1E-2
570	2.2E-4	9.2E-2	3.1E-1	1.4E-1	2.6E-4	2.1E-3	6.1E-2
580	2.3E-4	9.5E-2	3.3E-1	1.5E-1	2.7E-4	2.1E-3	6.1E-2
590	2.4E-4	9.8E-2	3.5E-1	1.6E-1	2.8E-4	2.1E-3	6.1E-2
600	2.5E-4	1.0E-1	3.7E-1	1.6E-1	2.9E-4	2.1E-3	6.0E-2
610	2.5E-4	1.0E-1	3.9E-1	1.7E-1	3.0E-4	2.1E-3	6.0E-2
620	2.6E-4	1.1E-1	4.2E-1	1.8E-1	3.1E-4	2.1E-3	6.0E-2
630	2.7E-4	1.1E-1	4.4E-1	1.9E-1	3.2E-4	2.1E-3	6.0E-2
640	2.8E-4	1.1E-1	4.7E-1	2.0E-1	3.3E-4	2.1E-3	6.0E-2
650	2.9E-4	1.2E-1	5.0E-1	2.1E-1	3.5E-4	2.1E-3	6.0E-2
660	3.0E-4	1.2E-1	5.3E-1	2.1E-1	3.6E-4	2.1E-3	5.9E-2
670	3.0E-4	1.3E-1	5.6E-1	2.2E-1	3.7E-4	2.1E-3	5.9E-2
680	3.1E-4	1.3E-1	5.9E-1	2.3E-1	3.9E-4	2.1E-3	5.9E-2
690	3.2E-4	1.3E-1	6.3E-1	2.4E-1	4.0E-4	2.1E-3	5.9E-2
700	3.3E-4	1.4E-1	6.7E-1	2.5E-1	4.2E-4	2.1E-3	5.9E-2
710	3.4E-4	1.4E-1	7.1E-1	2.6E-1	4.3E-4	2.1E-3	5.9E-2
720	3.5E-4	1.5E-1	7.5E-1	2.7E-1	4.5E-4	2.1E-3	5.9E-2
730	3.6E-4	1.5E-1	8.0E-1	2.8E-1	4.6E-4	2.1E-3	5.9E-2
740	3.7E-4	1.6E-1	8.4E-1	3.0E-1	4.8E-4	2.1E-3	5.9E-2
750	3.8E-4	1.6E-1	9.0E-1	3.1E-1	5.0E-4	2.1E-3	5.9E-2
760	3.9E-4	1.7E-1	9.5E-1	3.2E-1	5.1E-4	2.1E-3	5.9E-2
770	4.1E-4	1.7E-1	1.0E+0	3.3E-1	5.3E-4	2.1E-3	5.9E-2
780	4.2E-4	1.8E-1	1.1E+0	3.4E-1	5.5E-4	2.1E-3	5.9E-2
790	4.3E-4	1.8E-1	1.1E+0	3.5E-1	5.7E-4	2.1E-3	5.8E-2
800	4.4E-4	1.9E-1	1.2E+0	3.7E-1	5.9E-4	2.1E-3	5.8E-2
810	4.5E-4	2.0E-1	1.3E+0	3.8E-1	6.2E-4	2.1E-3	5.8E-2
820	4.6E-4	2.0E-1	1.4E+0	3.9E-1	6.4E-4	2.1E-3	5.8E-2
830	4.8E-4	2.1E-1	1.4E+0	4.0E-1	6.6E-4	2.1E-3	5.8E-2
840	4.9E-4	2.1E-1	1.5E+0	4.2E-1	6.8E-4	2.1E-3	5.8E-2
850	5.0E-4	2.2E-1	1.6E+0	4.3E-1	7.1E-4	2.1E-3	5.8E-2
860	5.2E-4	2.3E-1	1.7E+0	4.4E-1	7.4E-4	2.1E-3	5.8E-2
870	5.3E-4	2.4E-1	1.8E+0	4.5E-1	7.6E-4	2.1E-3	5.8E-2
880	5.4E-4	2.4E-1	1.9E+0	4.7E-1	7.9E-4	2.1E-3	5.8E-2
890	5.6E-4	2.5E-1	2.1E+0	4.8E-1	8.2E-4	2.1E-3	5.8E-2
900	5.7E-4	2.6E-1	2.2E+0	4.9E-1	8.5E-4	2.1E-3	5.8E-2
910	5.8E-4	2.7E-1	2.3E+0	5.0E-1	8.8E-4	2.1E-3	5.8E-2
920	6.0E-4	2.8E-1	2.5E+0	5.2E-1	9.1E-4	2.1E-3	5.8E-2
930	6.1E-4	2.9E-1	2.6E+0	5.3E-1	9.4E-4	2.1E-3	5.8E-2
940	6.3E-4	3.0E-1	2.8E+0	5.4E-1	9.8E-4	2.1E-3	5.8E-2
950	6.4E-4	3.0E-1	3.0E+0	5.5E-1	1.0E-3	2.1E-3	5.8E-2
960	6.6E-4	3.1E-1	3.2E+0	5.6E-1	1.0E-3	2.1E-3	5.8E-2
970	6.7E-4	3.2E-1	3.3E+0	5.7E-1	1.1E-3	2.1E-3	5.8E-2
980	6.9E-4	3.4E-1	3.6E+0	5.9E-1	1.1E-3	2.1E-3	5.8E-2
990	7.0E-4	3.5E-1	3.8E+0	6.0E-1	1.2E-3	2.1E-3	5.9E-2
1000	7.2E-4	3.6E-1	4.0E+0	6.1E-1	1.2E-3	2.1E-3	5.9E-2
1010	7.3E-4	3.7E-1	4.3E+0	6.2E-1	1.2E-3	2.1E-3	5.9E-2
1020	7.5E-4	3.8E-1	4.5E+0	6.3E-1	1.3E-3	2.1E-3	5.9E-2
1030	7.7E-4	3.9E-1	4.8E+0	6.4E-1	1.3E-3	2.1E-3	5.9E-2
1040	7.8E-4	4.1E-1	5.1E+0	6.5E-1	1.4E-3	2.1E-3	5.9E-2
1050	8.0E-4	4.2E-1	5.4E+0	6.6E-1	1.4E-3	2.1E-3	5.9E-2
1060	8.2E-4	4.3E-1	5.8E+0	6.7E-1	1.5E-3	2.1E-3	5.9E-2
1070	8.3E-4	4.5E-1	6.1E+0	6.8E-1	1.5E-3	2.1E-3	5.9E-2
1080	8.5E-4	4.6E-1	6.5E+0	6.9E-1	1.6E-3	2.1E-3	5.9E-2
1090	8.7E-4	4.8E-1	6.9E+0	6.9E-1	1.7E-3	2.2E-3	5.9E-2
1095	8.7E-4	4.8E-1	7.1E+0	7.0E-1	1.7E-3	2.2E-3	5.9E-2
1100	8.8E-4	4.9E-1	7.3E+0	7.0E-1	1.7E-3	2.2E-3	5.9E-2
1200	1.1E-3	6.7E-1	1.3E+1	7.7E-1	2.4E-3	2.2E-3	6.0E-2
1300	1.2E-3	9.1E-1	2.4E+1	8.2E-1	3.5E-3	2.3E-3	6.0E-2
1400	1.4E-3	1.2E+0	4.3E+1	8.5E-1	4.9E-3	2.3E-3	6.1E-2
1500	1.5E-3	1.7E+0	7.4E+1	8.7E-1	7.0E-3	2.4E-3	6.2E-2
1600	1.7E-3	2.2E+0	1.2E+2	8.8E-1	1.0E-2	2.4E-3	6.3E-2
1700	1.8E-3	2.9E+0	2.0E+2	8.9E-1	1.4E-2	2.5E-3	6.4E-2
1800	1.9E-3	3.6E+0	3.2E+2	8.9E-1	2.0E-2	2.5E-3	6.5E-2
1900	2.0E-3	4.6E+0	4.6E+2	9.0E-1	2.9E-2	2.6E-3	6.7E-2
2000	2.1E-3	5.6E+0	6.4E+2	9.0E-1	4.1E-2	2.7E-3	6.8E-2
2100	2.2E-3	6.6E+0	8.4E+2	9.0E-1	5.9E-2	2.7E-3	6.9E-2
2200	2.2E-3	7.7E+0	1.0E+3	9.1E-1	8.4E-2	2.8E-3	7.0E-2
2300	2.3E-3	8.8E+0	1.2E+3	9.1E-1	1.2E-1	2.9E-3	7.1E-2
2400	2.4E-3	9.9E+0	1.4E+3	9.1E-1	1.7E-1	2.9E-3	7.3E-2
2500	2.4E-3	1.1E+1	1.6E+3	9.1E-1	2.3E-1	3.0E-3	7.4E-2
2600	2.5E-3	1.2E+1	1.7E+3	9.1E-1	3.2E-1	3.0E-3	7.5E-2
2700	2.5E-3	1.3E+1	1.9E+3	9.1E-1	4.3E-1	3.1E-3	7.7E-2
2800	2.6E-3	1.3E+1	2.0E+3	9.2E-1	5.8E-1	3.2E-3	7.8E-2
2900	2.6E-3	1.4E+1	2.1E+3	9.2E-1	7.4E-1	3.2E-3	8.0E-2
3000	2.7E-3	1.5E+1	2.2E+3	9.2E-1	9.3E-1	3.3E-3	8.1E-2
3100	2.7E-3	1.6E+1	2.3E+3	9.2E-1	1.1E+0	3.4E-3	8.3E-2
3200	2.8E-3	1.6E+1	2.4E+3	9.2E-1	1.3E+0	3.4E-3	8.4E-2
3300	2.8E-3	1.7E+1	2.5E+3	9.2E-1	1.5E+0	3.5E-3	8.6E-2
3400	2.9E-3	1.7E+1	2.6E+3	9.2E-1	1.6E+0	3.6E-3	8.7E-2
3500	2.9E-3	1.8E+1	2.7E+3	9.3E-1	1.8E+0	3.7E-3	8.9E-2
3600	3.0E-3	1.9E+1	2.8E+3	9.3E-1	1.9E+0	3.7E-3	9.1E-2
3650	3.0E-3	1.9E+1	2.9E+3	9.3E-1	1.9E+0	3.8E-3	9.1E-2
4000	3.2E-3	2.2E+1	3.2E+3	9.3E-1	2.1E+0	4.0E-3	9.8E-2
5000	3.6E-3	2.9E+1	4.4E+3	9.5E-1	2.2E+0	4.7E-3	1.2E-1
6000	4.1E-3	3.8E+1	5.7E+3	9.7E-1	2.2E+0	5.4E-3	1.4E-1
7000	4.5E-3	4.8E+1	7.2E+3	9.8E-1	2.2E+0	6.0E-3	1.7E-1
8000	4.9E-3	5.8E+1	8.8E+3	1.0E+0	2.3E+0	6.7E-3	2.0E-1
9000	5.3E-3	6.9E+1	1.0E+4	1.0E+0	2.3E+0	7.4E-3	2.5E-1
10000	5.7E-3	7.9E+1	1.2E+4	1.0E+0	2.4E+0	8.1E-3	3.0E-1
11000	6.1E-3	8.9E+1	1.3E+4	1.1E+0	2.4E+0	8.9E-3	3.6E-1
12000	6.6E-3	1.0E+2	1.5E+4	1.1E+0	2.4E+0	9.7E-3	4.3E-1
13000	7.0E-3	1.1E+2	1.7E+4	1.1E+0	2.5E+0	1.1E-2	5.1E-1
14000	7.5E-3	1.2E+2	1.8E+4	1.1E+0	2.5E+0	1.1E-2	6.2E-1
15000	7.9E-3	1.3E+2	2.0E+4	1.1E+0	2.6E+0	1.2E-2	7.4E-1
16000	8.4E-3	1.4E+2	2.2E+4	1.2E+0	2.6E+0	1.4E-2	8.9E-1
17000	9.0E-3	1.6E+2	2.3E+4	1.2E+0	2.7E+0	1.5E-2	1.1E+0
18000	9.5E-3	1.7E+2	2.5E+4	1.2E+0	2.7E+0	1.6E-2	1.3E+0
18250	9.6E-3	1.7E+2	2.6E+4	1.2E+0	2.7E+0	1.6E-2	1.3E+0
Radionuclide	U-235
Route of Intake	Inhalation
Material	Aerosols Uranium aluminide, fA=2E-3
AMTD/AMAD, µm	0.3

Committed Effective Dose per Predicted Content in an Organ or Excreta Sample (Dose per Content Functions z(t)), Sv/Bq
Time, days	Whole Body	Urine (24-hour sample)	Faeces (24-hour sample)	Alimentary Tract*	Lungs*	Skeleton*	Liver*
0.041667	1.9E-5	-	-	1.3E-4	3.1E-5	1.4E+1	1.7E+1
0.083333	1.9E-5	-	-	1.1E-4	3.1E-5	3.5E+0	6.3E+0
0.125	1.9E-5	-	-	1.0E-4	3.1E-5	1.7E+0	4.2E+0
0.25	2.0E-5	-	-	8.6E-5	3.2E-5	6.4E-1	2.7E+0
0.375	2.0E-5	-	-	7.7E-5	3.2E-5	4.1E-1	2.3E+0
0.5	2.0E-5	-	-	7.2E-5	3.2E-5	3.1E-1	2.1E+0
0.625	2.0E-5	-	-	6.9E-5	3.2E-5	2.7E-1	2.0E+0
0.75	2.1E-5	-	-	6.8E-5	3.2E-5	2.4E-1	1.9E+0
0.875	2.1E-5	-	-	6.8E-5	3.2E-5	2.2E-1	1.8E+0
1	2.1E-5	4.9E-2	4.2E-4	7.0E-5	3.2E-5	2.0E-1	1.7E+0
1.125	2.2E-5	-	-	7.2E-5	3.3E-5	1.9E-1	1.7E+0
1.25	2.2E-5	-	-	7.6E-5	3.3E-5	1.9E-1	1.7E+0
1.375	2.3E-5	-	-	8.0E-5	3.3E-5	1.8E-1	1.6E+0
1.5	2.3E-5	-	-	8.5E-5	3.3E-5	1.8E-1	1.6E+0
1.625	2.4E-5	-	-	9.2E-5	3.3E-5	1.7E-1	1.6E+0
1.75	2.5E-5	-	-	1.0E-4	3.3E-5	1.7E-1	1.6E+0
1.875	2.5E-5	-	-	1.1E-4	3.3E-5	1.7E-1	1.6E+0
2	2.6E-5	1.3E-1	1.3E-4	1.2E-4	3.3E-5	1.6E-1	1.6E+0
2.25	2.7E-5	-	-	1.4E-4	3.4E-5	1.6E-1	1.5E+0
2.5	2.8E-5	-	-	1.8E-4	3.4E-5	1.6E-1	1.5E+0
2.75	2.9E-5	-	-	2.2E-4	3.4E-5	1.5E-1	1.5E+0
3	3.0E-5	2.1E-1	1.8E-4	2.7E-4	3.4E-5	1.5E-1	1.5E+0
3.25	3.1E-5	-	-	3.3E-4	3.4E-5	1.5E-1	1.4E+0
3.5	3.2E-5	-	-	4.0E-4	3.5E-5	1.4E-1	1.4E+0
3.75	3.2E-5	-	-	4.8E-4	3.5E-5	1.4E-1	1.4E+0
4	3.3E-5	2.2E-1	4.0E-4	5.7E-4	3.5E-5	1.4E-1	1.4E+0
4.25	3.3E-5	-	-	6.6E-4	3.5E-5	1.4E-1	1.4E+0
4.5	3.4E-5	-	-	7.5E-4	3.5E-5	1.3E-1	1.4E+0
4.75	3.4E-5	-	-	8.3E-4	3.5E-5	1.3E-1	1.3E+0
5	3.4E-5	2.2E-1	8.6E-4	9.2E-4	3.5E-5	1.3E-1	1.3E+0
5.5	3.5E-5	-	-	1.1E-3	3.6E-5	1.2E-1	1.3E+0
6	3.5E-5	2.1E-1	1.5E-3	1.2E-3	3.6E-5	1.2E-1	1.3E+0
6.5	3.5E-5	-	-	1.4E-3	3.6E-5	1.2E-1	1.2E+0
7	3.6E-5	2.0E-1	2.0E-3	1.5E-3	3.6E-5	1.1E-1	1.2E+0
7.5	3.6E-5	-	-	1.7E-3	3.7E-5	1.1E-1	1.2E+0
8	3.6E-5	2.0E-1	2.5E-3	1.8E-3	3.7E-5	1.0E-1	1.2E+0
8.5	3.6E-5	-	-	2.0E-3	3.7E-5	1.0E-1	1.1E+0
9	3.6E-5	1.9E-1	3.0E-3	2.1E-3	3.7E-5	9.8E-2	1.1E+0
9.5	3.7E-5	-	-	2.3E-3	3.7E-5	9.5E-2	1.1E+0
10	3.7E-5	1.8E-1	3.6E-3	2.5E-3	3.7E-5	9.2E-2	1.1E+0
11	3.7E-5	1.7E-1	4.2E-3	2.9E-3	3.8E-5	8.6E-2	1.0E+0
12	3.8E-5	1.7E-1	4.9E-3	3.4E-3	3.8E-5	8.1E-2	9.7E-1
13	3.8E-5	1.6E-1	5.7E-3	3.9E-3	3.8E-5	7.6E-2	9.3E-1
14	3.8E-5	1.6E-1	6.5E-3	4.4E-3	3.8E-5	7.2E-2	8.9E-1
15	3.8E-5	1.5E-1	7.4E-3	5.0E-3	3.9E-5	6.8E-2	8.5E-1
16	3.8E-5	1.4E-1	8.4E-3	5.5E-3	3.9E-5	6.4E-2	8.2E-1
17	3.9E-5	1.4E-1	9.4E-3	6.1E-3	3.9E-5	6.1E-2	7.8E-1
18	3.9E-5	1.3E-1	1.0E-2	6.7E-3	3.9E-5	5.8E-2	7.5E-1
19	3.9E-5	1.3E-1	1.1E-2	7.3E-3	3.9E-5	5.5E-2	7.2E-1
20	3.9E-5	1.3E-1	1.2E-2	7.8E-3	3.9E-5	5.2E-2	6.9E-1
21	3.9E-5	1.2E-1	1.3E-2	8.3E-3	3.9E-5	4.9E-2	6.7E-1
22	3.9E-5	1.2E-1	1.4E-2	8.8E-3	3.9E-5	4.7E-2	6.4E-1
23	3.9E-5	1.1E-1	1.5E-2	9.2E-3	4.0E-5	4.5E-2	6.2E-1
24	3.9E-5	1.1E-1	1.6E-2	9.6E-3	4.0E-5	4.3E-2	6.0E-1
25	4.0E-5	1.1E-1	1.6E-2	1.0E-2	4.0E-5	4.1E-2	5.8E-1
26	4.0E-5	1.1E-1	1.7E-2	1.0E-2	4.0E-5	3.9E-2	5.6E-1
27	4.0E-5	1.0E-1	1.8E-2	1.1E-2	4.0E-5	3.8E-2	5.4E-1
28	4.0E-5	1.0E-1	1.8E-2	1.1E-2	4.0E-5	3.6E-2	5.2E-1
29	4.0E-5	9.8E-2	1.9E-2	1.1E-2	4.0E-5	3.5E-2	5.0E-1
30	4.0E-5	9.5E-2	1.9E-2	1.1E-2	4.0E-5	3.3E-2	4.9E-1
31	4.0E-5	9.3E-2	1.9E-2	1.1E-2	4.0E-5	3.2E-2	4.7E-1
32	4.0E-5	9.1E-2	2.0E-2	1.2E-2	4.1E-5	3.1E-2	4.6E-1
33	4.0E-5	8.9E-2	2.0E-2	1.2E-2	4.1E-5	3.0E-2	4.5E-1
34	4.0E-5	8.7E-2	2.0E-2	1.2E-2	4.1E-5	2.9E-2	4.3E-1
35	4.1E-5	8.5E-2	2.0E-2	1.2E-2	4.1E-5	2.8E-2	4.2E-1
36	4.1E-5	8.4E-2	2.0E-2	1.2E-2	4.1E-5	2.7E-2	4.1E-1
37	4.1E-5	8.2E-2	2.1E-2	1.2E-2	4.1E-5	2.6E-2	4.0E-1
38	4.1E-5	8.1E-2	2.1E-2	1.2E-2	4.1E-5	2.5E-2	3.9E-1
39	4.1E-5	7.9E-2	2.1E-2	1.2E-2	4.1E-5	2.4E-2	3.8E-1
40	4.1E-5	7.8E-2	2.1E-2	1.2E-2	4.1E-5	2.3E-2	3.7E-1
41	4.1E-5	7.6E-2	2.1E-2	1.2E-2	4.2E-5	2.3E-2	3.6E-1
42	4.1E-5	7.5E-2	2.1E-2	1.2E-2	4.2E-5	2.2E-2	3.5E-1
43	4.1E-5	7.4E-2	2.1E-2	1.2E-2	4.2E-5	2.1E-2	3.5E-1
44	4.1E-5	7.3E-2	2.1E-2	1.3E-2	4.2E-5	2.1E-2	3.4E-1
45	4.2E-5	7.2E-2	2.2E-2	1.3E-2	4.2E-5	2.0E-2	3.3E-1
46	4.2E-5	7.0E-2	2.2E-2	1.3E-2	4.2E-5	1.9E-2	3.2E-1
47	4.2E-5	6.9E-2	2.2E-2	1.3E-2	4.2E-5	1.9E-2	3.2E-1
48	4.2E-5	6.8E-2	2.2E-2	1.3E-2	4.2E-5	1.8E-2	3.1E-1
49	4.2E-5	6.7E-2	2.2E-2	1.3E-2	4.2E-5	1.8E-2	3.0E-1
50	4.2E-5	6.7E-2	2.2E-2	1.3E-2	4.2E-5	1.7E-2	3.0E-1
51	4.2E-5	6.6E-2	2.2E-2	1.3E-2	4.3E-5	1.7E-2	2.9E-1
52	4.2E-5	6.5E-2	2.2E-2	1.3E-2	4.3E-5	1.7E-2	2.9E-1
53	4.2E-5	6.4E-2	2.2E-2	1.3E-2	4.3E-5	1.6E-2	2.8E-1
54	4.3E-5	6.3E-2	2.2E-2	1.3E-2	4.3E-5	1.6E-2	2.8E-1
55	4.3E-5	6.2E-2	2.2E-2	1.3E-2	4.3E-5	1.5E-2	2.7E-1
56	4.3E-5	6.2E-2	2.3E-2	1.3E-2	4.3E-5	1.5E-2	2.7E-1
57	4.3E-5	6.1E-2	2.3E-2	1.3E-2	4.3E-5	1.5E-2	2.6E-1
58	4.3E-5	6.0E-2	2.3E-2	1.3E-2	4.3E-5	1.4E-2	2.6E-1
59	4.3E-5	6.0E-2	2.3E-2	1.3E-2	4.4E-5	1.4E-2	2.5E-1
60	4.3E-5	5.9E-2	2.3E-2	1.3E-2	4.4E-5	1.4E-2	2.5E-1
61	4.3E-5	5.8E-2	2.3E-2	1.3E-2	4.4E-5	1.3E-2	2.5E-1
62	4.3E-5	5.8E-2	2.3E-2	1.3E-2	4.4E-5	1.3E-2	2.4E-1
63	4.4E-5	5.7E-2	2.3E-2	1.3E-2	4.4E-5	1.3E-2	2.4E-1
64	4.4E-5	5.7E-2	2.3E-2	1.3E-2	4.4E-5	1.3E-2	2.4E-1
65	4.4E-5	5.6E-2	2.3E-2	1.4E-2	4.4E-5	1.2E-2	2.3E-1
66	4.4E-5	5.6E-2	2.3E-2	1.4E-2	4.4E-5	1.2E-2	2.3E-1
67	4.4E-5	5.5E-2	2.4E-2	1.4E-2	4.5E-5	1.2E-2	2.3E-1
68	4.4E-5	5.5E-2	2.4E-2	1.4E-2	4.5E-5	1.2E-2	2.2E-1
69	4.4E-5	5.4E-2	2.4E-2	1.4E-2	4.5E-5	1.1E-2	2.2E-1
70	4.4E-5	5.4E-2	2.4E-2	1.4E-2	4.5E-5	1.1E-2	2.2E-1
71	4.5E-5	5.3E-2	2.4E-2	1.4E-2	4.5E-5	1.1E-2	2.1E-1
72	4.5E-5	5.3E-2	2.4E-2	1.4E-2	4.5E-5	1.1E-2	2.1E-1
73	4.5E-5	5.3E-2	2.4E-2	1.4E-2	4.5E-5	1.1E-2	2.1E-1
74	4.5E-5	5.2E-2	2.4E-2	1.4E-2	4.5E-5	1.0E-2	2.1E-1
75	4.5E-5	5.2E-2	2.4E-2	1.4E-2	4.6E-5	1.0E-2	2.0E-1
76	4.5E-5	5.1E-2	2.4E-2	1.4E-2	4.6E-5	1.0E-2	2.0E-1
77	4.5E-5	5.1E-2	2.4E-2	1.4E-2	4.6E-5	1.0E-2	2.0E-1
78	4.5E-5	5.1E-2	2.5E-2	1.4E-2	4.6E-5	9.8E-3	2.0E-1
79	4.5E-5	5.0E-2	2.5E-2	1.4E-2	4.6E-5	9.6E-3	1.9E-1
80	4.6E-5	5.0E-2	2.5E-2	1.4E-2	4.6E-5	9.5E-3	1.9E-1
81	4.6E-5	5.0E-2	2.5E-2	1.4E-2	4.6E-5	9.3E-3	1.9E-1
82	4.6E-5	4.9E-2	2.5E-2	1.4E-2	4.6E-5	9.2E-3	1.9E-1
83	4.6E-5	4.9E-2	2.5E-2	1.4E-2	4.7E-5	9.0E-3	1.9E-1
84	4.6E-5	4.9E-2	2.5E-2	1.5E-2	4.7E-5	8.9E-3	1.8E-1
85	4.6E-5	4.8E-2	2.5E-2	1.5E-2	4.7E-5	8.8E-3	1.8E-1
86	4.6E-5	4.8E-2	2.5E-2	1.5E-2	4.7E-5	8.7E-3	1.8E-1
87	4.7E-5	4.8E-2	2.6E-2	1.5E-2	4.7E-5	8.5E-3	1.8E-1
88	4.7E-5	4.8E-2	2.6E-2	1.5E-2	4.7E-5	8.4E-3	1.8E-1
89	4.7E-5	4.7E-2	2.6E-2	1.5E-2	4.7E-5	8.3E-3	1.8E-1
90	4.7E-5	4.7E-2	2.6E-2	1.5E-2	4.8E-5	8.2E-3	1.7E-1
91	4.7E-5	4.7E-2	2.6E-2	1.5E-2	4.8E-5	8.1E-3	1.7E-1
92	4.7E-5	4.7E-2	2.6E-2	1.5E-2	4.8E-5	8.0E-3	1.7E-1
93	4.7E-5	4.6E-2	2.6E-2	1.5E-2	4.8E-5	7.8E-3	1.7E-1
94	4.7E-5	4.6E-2	2.6E-2	1.5E-2	4.8E-5	7.7E-3	1.7E-1
95	4.8E-5	4.6E-2	2.6E-2	1.5E-2	4.8E-5	7.6E-3	1.7E-1
96	4.8E-5	4.6E-2	2.6E-2	1.5E-2	4.8E-5	7.5E-3	1.6E-1
97	4.8E-5	4.5E-2	2.7E-2	1.5E-2	4.9E-5	7.4E-3	1.6E-1
98	4.8E-5	4.5E-2	2.7E-2	1.5E-2	4.9E-5	7.4E-3	1.6E-1
99	4.8E-5	4.5E-2	2.7E-2	1.5E-2	4.9E-5	7.3E-3	1.6E-1
100	4.8E-5	4.5E-2	2.7E-2	1.5E-2	4.9E-5	7.2E-3	1.6E-1
110	5.0E-5	4.3E-2	2.8E-2	1.6E-2	5.1E-5	6.4E-3	1.5E-1
120	5.1E-5	4.2E-2	2.9E-2	1.7E-2	5.2E-5	5.8E-3	1.4E-1
130	5.3E-5	4.1E-2	3.1E-2	1.7E-2	5.4E-5	5.3E-3	1.3E-1
140	5.4E-5	4.0E-2	3.2E-2	1.8E-2	5.6E-5	4.9E-3	1.2E-1
150	5.6E-5	3.9E-2	3.3E-2	1.9E-2	5.7E-5	4.5E-3	1.2E-1
160	5.8E-5	3.9E-2	3.5E-2	2.0E-2	5.9E-5	4.2E-3	1.1E-1
170	6.0E-5	3.9E-2	3.7E-2	2.1E-2	6.1E-5	4.0E-3	1.1E-1
180	6.2E-5	3.9E-2	3.8E-2	2.2E-2	6.3E-5	3.8E-3	1.0E-1
190	6.4E-5	3.9E-2	4.0E-2	2.3E-2	6.6E-5	3.6E-3	9.8E-2
200	6.6E-5	3.9E-2	4.2E-2	2.4E-2	6.8E-5	3.4E-3	9.5E-2
210	6.8E-5	3.9E-2	4.4E-2	2.5E-2	7.0E-5	3.3E-3	9.2E-2
220	7.0E-5	4.0E-2	4.7E-2	2.6E-2	7.3E-5	3.2E-3	8.9E-2
230	7.2E-5	4.0E-2	4.9E-2	2.7E-2	7.5E-5	3.1E-3	8.7E-2
240	7.5E-5	4.0E-2	5.1E-2	2.9E-2	7.8E-5	3.0E-3	8.5E-2
250	7.7E-5	4.1E-2	5.4E-2	3.0E-2	8.1E-5	2.9E-3	8.3E-2
260	8.0E-5	4.1E-2	5.7E-2	3.1E-2	8.4E-5	2.8E-3	8.1E-2
270	8.3E-5	4.2E-2	6.0E-2	3.3E-2	8.7E-5	2.7E-3	8.0E-2
280	8.6E-5	4.3E-2	6.3E-2	3.5E-2	9.0E-5	2.7E-3	7.8E-2
290	8.8E-5	4.4E-2	6.6E-2	3.6E-2	9.3E-5	2.6E-3	7.7E-2
300	9.1E-5	4.4E-2	7.0E-2	3.8E-2	9.6E-5	2.6E-3	7.5E-2
310	9.5E-5	4.5E-2	7.3E-2	4.0E-2	1.0E-4	2.5E-3	7.4E-2
320	9.8E-5	4.6E-2	7.7E-2	4.2E-2	1.0E-4	2.5E-3	7.3E-2
330	1.0E-4	4.7E-2	8.2E-2	4.4E-2	1.1E-4	2.4E-3	7.2E-2
340	1.0E-4	4.8E-2	8.6E-2	4.6E-2	1.1E-4	2.4E-3	7.1E-2
350	1.1E-4	5.0E-2	9.1E-2	4.9E-2	1.2E-4	2.4E-3	7.0E-2
360	1.1E-4	5.1E-2	9.6E-2	5.1E-2	1.2E-4	2.3E-3	7.0E-2
365	1.1E-4	5.1E-2	9.8E-2	5.2E-2	1.2E-4	2.3E-3	6.9E-2
370	1.2E-4	5.2E-2	1.0E-1	5.4E-2	1.2E-4	2.3E-3	6.9E-2
380	1.2E-4	5.3E-2	1.1E-1	5.6E-2	1.3E-4	2.3E-3	6.8E-2
390	1.2E-4	5.5E-2	1.1E-1	5.9E-2	1.3E-4	2.3E-3	6.7E-2
400	1.3E-4	5.6E-2	1.2E-1	6.2E-2	1.4E-4	2.2E-3	6.7E-2
410	1.3E-4	5.8E-2	1.3E-1	6.5E-2	1.4E-4	2.2E-3	6.6E-2
420	1.4E-4	5.9E-2	1.3E-1	6.9E-2	1.5E-4	2.2E-3	6.6E-2
430	1.4E-4	6.1E-2	1.4E-1	7.2E-2	1.5E-4	2.2E-3	6.5E-2
440	1.5E-4	6.3E-2	1.5E-1	7.6E-2	1.6E-4	2.2E-3	6.5E-2
450	1.5E-4	6.4E-2	1.6E-1	8.0E-2	1.7E-4	2.2E-3	6.4E-2
460	1.6E-4	6.6E-2	1.7E-1	8.4E-2	1.7E-4	2.1E-3	6.4E-2
470	1.6E-4	6.8E-2	1.8E-1	8.8E-2	1.8E-4	2.1E-3	6.3E-2
480	1.7E-4	7.0E-2	1.9E-1	9.2E-2	1.9E-4	2.1E-3	6.3E-2
490	1.7E-4	7.2E-2	2.0E-1	9.7E-2	1.9E-4	2.1E-3	6.3E-2
500	1.8E-4	7.4E-2	2.1E-1	1.0E-1	2.0E-4	2.1E-3	6.2E-2
510	1.8E-4	7.6E-2	2.2E-1	1.1E-1	2.1E-4	2.1E-3	6.2E-2
520	1.9E-4	7.9E-2	2.3E-1	1.1E-1	2.2E-4	2.1E-3	6.2E-2
530	2.0E-4	8.1E-2	2.5E-1	1.2E-1	2.2E-4	2.1E-3	6.1E-2
540	2.0E-4	8.4E-2	2.6E-1	1.2E-1	2.3E-4	2.1E-3	6.1E-2
550	2.1E-4	8.6E-2	2.8E-1	1.3E-1	2.4E-4	2.1E-3	6.1E-2
560	2.2E-4	8.9E-2	2.9E-1	1.4E-1	2.5E-4	2.1E-3	6.1E-2
570	2.2E-4	9.1E-2	3.1E-1	1.4E-1	2.6E-4	2.1E-3	6.1E-2
580	2.3E-4	9.4E-2	3.3E-1	1.5E-1	2.7E-4	2.1E-3	6.0E-2
590	2.4E-4	9.7E-2	3.5E-1	1.6E-1	2.8E-4	2.1E-3	6.0E-2
600	2.4E-4	1.0E-1	3.7E-1	1.6E-1	2.9E-4	2.1E-3	6.0E-2
610	2.5E-4	1.0E-1	3.9E-1	1.7E-1	3.0E-4	2.0E-3	6.0E-2
620	2.6E-4	1.1E-1	4.1E-1	1.8E-1	3.1E-4	2.0E-3	6.0E-2
630	2.7E-4	1.1E-1	4.4E-1	1.9E-1	3.2E-4	2.0E-3	5.9E-2
640	2.8E-4	1.1E-1	4.7E-1	2.0E-1	3.3E-4	2.0E-3	5.9E-2
650	2.9E-4	1.2E-1	4.9E-1	2.0E-1	3.5E-4	2.0E-3	5.9E-2
660	2.9E-4	1.2E-1	5.2E-1	2.1E-1	3.6E-4	2.0E-3	5.9E-2
670	3.0E-4	1.2E-1	5.6E-1	2.2E-1	3.7E-4	2.0E-3	5.9E-2
680	3.1E-4	1.3E-1	5.9E-1	2.3E-1	3.8E-4	2.0E-3	5.9E-2
690	3.2E-4	1.3E-1	6.2E-1	2.4E-1	4.0E-4	2.0E-3	5.9E-2
700	3.3E-4	1.4E-1	6.6E-1	2.5E-1	4.1E-4	2.0E-3	5.9E-2
710	3.4E-4	1.4E-1	7.0E-1	2.6E-1	4.3E-4	2.0E-3	5.9E-2
720	3.5E-4	1.5E-1	7.5E-1	2.7E-1	4.4E-4	2.0E-3	5.8E-2
730	3.6E-4	1.5E-1	7.9E-1	2.8E-1	4.6E-4	2.0E-3	5.8E-2
740	3.7E-4	1.6E-1	8.4E-1	2.9E-1	4.8E-4	2.0E-3	5.8E-2
750	3.8E-4	1.6E-1	8.9E-1	3.1E-1	4.9E-4	2.0E-3	5.8E-2
760	3.9E-4	1.7E-1	9.5E-1	3.2E-1	5.1E-4	2.0E-3	5.8E-2
770	4.0E-4	1.7E-1	1.0E+0	3.3E-1	5.3E-4	2.0E-3	5.8E-2
780	4.1E-4	1.8E-1	1.1E+0	3.4E-1	5.5E-4	2.0E-3	5.8E-2
790	4.3E-4	1.8E-1	1.1E+0	3.5E-1	5.7E-4	2.0E-3	5.8E-2
800	4.4E-4	1.9E-1	1.2E+0	3.6E-1	5.9E-4	2.0E-3	5.8E-2
810	4.5E-4	1.9E-1	1.3E+0	3.8E-1	6.1E-4	2.0E-3	5.8E-2
820	4.6E-4	2.0E-1	1.4E+0	3.9E-1	6.3E-4	2.1E-3	5.8E-2
830	4.7E-4	2.1E-1	1.4E+0	4.0E-1	6.6E-4	2.1E-3	5.8E-2
840	4.9E-4	2.1E-1	1.5E+0	4.1E-1	6.8E-4	2.1E-3	5.8E-2
850	5.0E-4	2.2E-1	1.6E+0	4.3E-1	7.1E-4	2.1E-3	5.8E-2
860	5.1E-4	2.3E-1	1.7E+0	4.4E-1	7.3E-4	2.1E-3	5.8E-2
870	5.3E-4	2.3E-1	1.8E+0	4.5E-1	7.6E-4	2.1E-3	5.8E-2
880	5.4E-4	2.4E-1	1.9E+0	4.6E-1	7.9E-4	2.1E-3	5.8E-2
890	5.5E-4	2.5E-1	2.1E+0	4.8E-1	8.1E-4	2.1E-3	5.8E-2
900	5.7E-4	2.6E-1	2.2E+0	4.9E-1	8.4E-4	2.1E-3	5.8E-2
910	5.8E-4	2.7E-1	2.3E+0	5.0E-1	8.7E-4	2.1E-3	5.8E-2
920	5.9E-4	2.8E-1	2.5E+0	5.1E-1	9.0E-4	2.1E-3	5.8E-2
930	6.1E-4	2.8E-1	2.6E+0	5.2E-1	9.4E-4	2.1E-3	5.8E-2
940	6.2E-4	2.9E-1	2.8E+0	5.4E-1	9.7E-4	2.1E-3	5.8E-2
950	6.4E-4	3.0E-1	3.0E+0	5.5E-1	1.0E-3	2.1E-3	5.8E-2
960	6.5E-4	3.1E-1	3.1E+0	5.6E-1	1.0E-3	2.1E-3	5.8E-2
970	6.7E-4	3.2E-1	3.3E+0	5.7E-1	1.1E-3	2.1E-3	5.8E-2
980	6.8E-4	3.3E-1	3.5E+0	5.8E-1	1.1E-3	2.1E-3	5.8E-2
990	7.0E-4	3.4E-1	3.8E+0	5.9E-1	1.2E-3	2.1E-3	5.8E-2
1000	7.1E-4	3.6E-1	4.0E+0	6.0E-1	1.2E-3	2.1E-3	5.8E-2
1010	7.3E-4	3.7E-1	4.2E+0	6.1E-1	1.2E-3	2.1E-3	5.8E-2
1020	7.5E-4	3.8E-1	4.5E+0	6.2E-1	1.3E-3	2.1E-3	5.8E-2
1030	7.6E-4	3.9E-1	4.8E+0	6.3E-1	1.3E-3	2.1E-3	5.8E-2
1040	7.8E-4	4.0E-1	5.1E+0	6.4E-1	1.4E-3	2.1E-3	5.8E-2
1050	7.9E-4	4.2E-1	5.4E+0	6.5E-1	1.4E-3	2.1E-3	5.8E-2
1060	8.1E-4	4.3E-1	5.7E+0	6.6E-1	1.5E-3	2.1E-3	5.8E-2
1070	8.3E-4	4.4E-1	6.1E+0	6.7E-1	1.5E-3	2.1E-3	5.8E-2
1080	8.4E-4	4.6E-1	6.5E+0	6.8E-1	1.6E-3	2.1E-3	5.9E-2
1090	8.6E-4	4.7E-1	6.9E+0	6.9E-1	1.6E-3	2.1E-3	5.9E-2
1095	8.7E-4	4.8E-1	7.1E+0	6.9E-1	1.7E-3	2.1E-3	5.9E-2
1100	8.8E-4	4.9E-1	7.3E+0	7.0E-1	1.7E-3	2.1E-3	5.9E-2
1200	1.0E-3	6.7E-1	1.3E+1	7.7E-1	2.4E-3	2.2E-3	5.9E-2
1300	1.2E-3	9.1E-1	2.4E+1	8.1E-1	3.4E-3	2.2E-3	6.0E-2
1400	1.4E-3	1.2E+0	4.2E+1	8.4E-1	4.9E-3	2.3E-3	6.1E-2
1500	1.5E-3	1.6E+0	7.4E+1	8.6E-1	7.0E-3	2.3E-3	6.2E-2
1600	1.7E-3	2.2E+0	1.2E+2	8.7E-1	9.9E-3	2.4E-3	6.3E-2
1700	1.8E-3	2.8E+0	2.0E+2	8.8E-1	1.4E-2	2.5E-3	6.4E-2
1800	1.9E-3	3.6E+0	3.1E+2	8.9E-1	2.0E-2	2.5E-3	6.5E-2
1900	2.0E-3	4.5E+0	4.6E+2	8.9E-1	2.9E-2	2.6E-3	6.6E-2
2000	2.1E-3	5.5E+0	6.4E+2	8.9E-1	4.1E-2	2.6E-3	6.7E-2
2100	2.2E-3	6.6E+0	8.4E+2	9.0E-1	5.9E-2	2.7E-3	6.9E-2
2200	2.2E-3	7.7E+0	1.0E+3	9.0E-1	8.3E-2	2.8E-3	7.0E-2
2300	2.3E-3	8.8E+0	1.2E+3	9.0E-1	1.2E-1	2.8E-3	7.1E-2
2400	2.4E-3	9.8E+0	1.4E+3	9.0E-1	1.7E-1	2.9E-3	7.2E-2
2500	2.4E-3	1.1E+1	1.6E+3	9.0E-1	2.3E-1	3.0E-3	7.4E-2
2600	2.5E-3	1.2E+1	1.7E+3	9.1E-1	3.2E-1	3.0E-3	7.5E-2
2700	2.5E-3	1.3E+1	1.9E+3	9.1E-1	4.3E-1	3.1E-3	7.6E-2
2800	2.6E-3	1.3E+1	2.0E+3	9.1E-1	5.7E-1	3.2E-3	7.8E-2
2900	2.6E-3	1.4E+1	2.1E+3	9.1E-1	7.4E-1	3.2E-3	7.9E-2
3000	2.7E-3	1.5E+1	2.2E+3	9.1E-1	9.3E-1	3.3E-3	8.1E-2
3100	2.7E-3	1.5E+1	2.3E+3	9.1E-1	1.1E+0	3.4E-3	8.2E-2
3200	2.8E-3	1.6E+1	2.4E+3	9.2E-1	1.3E+0	3.4E-3	8.4E-2
3300	2.8E-3	1.7E+1	2.5E+3	9.2E-1	1.5E+0	3.5E-3	8.5E-2
3400	2.9E-3	1.7E+1	2.6E+3	9.2E-1	1.6E+0	3.6E-3	8.7E-2
3500	2.9E-3	1.8E+1	2.7E+3	9.2E-1	1.8E+0	3.6E-3	8.8E-2
3600	2.9E-3	1.9E+1	2.8E+3	9.2E-1	1.9E+0	3.7E-3	9.0E-2
3650	3.0E-3	1.9E+1	2.9E+3	9.2E-1	1.9E+0	3.7E-3	9.1E-2
4000	3.1E-3	2.1E+1	3.2E+3	9.3E-1	2.0E+0	4.0E-3	9.7E-2
5000	3.6E-3	2.9E+1	4.4E+3	9.4E-1	2.1E+0	4.6E-3	1.2E-1
6000	4.0E-3	3.8E+1	5.7E+3	9.6E-1	2.2E+0	5.3E-3	1.4E-1
7000	4.4E-3	4.8E+1	7.2E+3	9.8E-1	2.2E+0	6.0E-3	1.7E-1
8000	4.9E-3	5.8E+1	8.7E+3	9.9E-1	2.3E+0	6.7E-3	2.0E-1
9000	5.3E-3	6.8E+1	1.0E+4	1.0E+0	2.3E+0	7.4E-3	2.4E-1
10000	5.7E-3	7.9E+1	1.2E+4	1.0E+0	2.3E+0	8.1E-3	2.9E-1
11000	6.1E-3	8.9E+1	1.3E+4	1.0E+0	2.4E+0	8.8E-3	3.5E-1
12000	6.5E-3	9.9E+1	1.5E+4	1.1E+0	2.4E+0	9.6E-3	4.2E-1
13000	7.0E-3	1.1E+2	1.6E+4	1.1E+0	2.5E+0	1.0E-2	5.1E-1
14000	7.4E-3	1.2E+2	1.8E+4	1.1E+0	2.5E+0	1.1E-2	6.1E-1
15000	7.9E-3	1.3E+2	2.0E+4	1.1E+0	2.6E+0	1.2E-2	7.4E-1
16000	8.4E-3	1.4E+2	2.1E+4	1.1E+0	2.6E+0	1.3E-2	8.8E-1
17000	8.9E-3	1.5E+2	2.3E+4	1.2E+0	2.7E+0	1.5E-2	1.1E+0
18000	9.4E-3	1.7E+2	2.5E+4	1.2E+0	2.7E+0	1.6E-2	1.3E+0
18250	9.6E-3	1.7E+2	2.6E+4	1.2E+0	2.7E+0	1.6E-2	1.3E+0
Radionuclide	U-235
Route of Intake	Inhalation
Material	Aerosols Uranium aluminide, fA=2E-3
AMTD/AMAD, µm	1

Committed Effective Dose per Predicted Content in an Organ or Excreta Sample (Dose per Content Functions z(t)), Sv/Bq
Time, days	Whole Body	Urine (24-hour sample)	Faeces (24-hour sample)	Alimentary Tract*	Lungs*	Skeleton*	Liver*
0.041667	8.3E-6	-	-	2.9E-5	3.2E-5	3.6E+0	4.2E+0
0.083333	8.4E-6	-	-	2.6E-5	3.3E-5	8.5E-1	1.5E+0
0.125	8.5E-6	-	-	2.4E-5	3.3E-5	4.1E-1	9.9E-1
0.25	8.7E-6	-	-	2.0E-5	3.4E-5	1.5E-1	6.6E-1
0.375	8.9E-6	-	-	1.8E-5	3.4E-5	9.8E-2	5.6E-1
0.5	9.1E-6	-	-	1.7E-5	3.4E-5	7.6E-2	5.1E-1
0.625	9.3E-6	-	-	1.6E-5	3.5E-5	6.5E-2	4.9E-1
0.75	9.6E-6	-	-	1.6E-5	3.5E-5	5.8E-2	4.7E-1
0.875	9.9E-6	-	-	1.6E-5	3.5E-5	5.4E-2	4.5E-1
1	1.0E-5	1.2E-2	9.5E-5	1.6E-5	3.5E-5	5.1E-2	4.5E-1
1.125	1.1E-5	-	-	1.7E-5	3.5E-5	4.9E-2	4.4E-1
1.25	1.1E-5	-	-	1.8E-5	3.5E-5	4.8E-2	4.4E-1
1.375	1.2E-5	-	-	1.9E-5	3.5E-5	4.7E-2	4.4E-1
1.5	1.3E-5	-	-	2.1E-5	3.5E-5	4.6E-2	4.4E-1
1.625	1.3E-5	-	-	2.3E-5	3.5E-5	4.6E-2	4.4E-1
1.75	1.4E-5	-	-	2.5E-5	3.5E-5	4.6E-2	4.4E-1
1.875	1.5E-5	-	-	2.7E-5	3.5E-5	4.5E-2	4.4E-1
2	1.6E-5	4.6E-2	3.0E-5	3.0E-5	3.6E-5	4.5E-2	4.4E-1
2.25	1.8E-5	-	-	3.8E-5	3.6E-5	4.5E-2	4.4E-1
2.5	2.1E-5	-	-	4.9E-5	3.6E-5	4.5E-2	4.5E-1
2.75	2.3E-5	-	-	6.4E-5	3.6E-5	4.5E-2	4.5E-1
3	2.5E-5	1.2E-1	4.6E-5	8.4E-5	3.6E-5	4.5E-2	4.6E-1
3.25	2.7E-5	-	-	1.1E-4	3.6E-5	4.5E-2	4.6E-1
3.5	2.9E-5	-	-	1.5E-4	3.7E-5	4.5E-2	4.7E-1
3.75	3.1E-5	-	-	2.0E-4	3.7E-5	4.5E-2	4.7E-1
4	3.2E-5	1.6E-1	1.2E-4	2.6E-4	3.7E-5	4.5E-2	4.8E-1
4.25	3.3E-5	-	-	3.5E-4	3.7E-5	4.5E-2	4.8E-1
4.5	3.4E-5	-	-	4.5E-4	3.7E-5	4.5E-2	4.9E-1
4.75	3.5E-5	-	-	5.7E-4	3.7E-5	4.6E-2	4.9E-1
5	3.5E-5	1.6E-1	3.6E-4	7.2E-4	3.7E-5	4.6E-2	5.0E-1
5.5	3.6E-5	-	-	1.0E-3	3.8E-5	4.6E-2	5.0E-1
6	3.7E-5	1.6E-1	1.0E-3	1.4E-3	3.8E-5	4.6E-2	5.1E-1
6.5	3.7E-5	-	-	1.7E-3	3.8E-5	4.5E-2	5.2E-1
7	3.7E-5	1.6E-1	2.1E-3	1.9E-3	3.8E-5	4.5E-2	5.3E-1
7.5	3.7E-5	-	-	2.2E-3	3.8E-5	4.5E-2	5.4E-1
8	3.8E-5	1.6E-1	3.2E-3	2.4E-3	3.8E-5	4.5E-2	5.4E-1
8.5	3.8E-5	-	-	2.6E-3	3.9E-5	4.5E-2	5.5E-1
9	3.8E-5	1.6E-1	4.0E-3	2.8E-3	3.9E-5	4.5E-2	5.5E-1
9.5	3.8E-5	-	-	3.0E-3	3.9E-5	4.4E-2	5.6E-1
10	3.8E-5	1.6E-1	4.7E-3	3.3E-3	3.9E-5	4.4E-2	5.6E-1
11	3.9E-5	1.5E-1	5.5E-3	3.8E-3	3.9E-5	4.3E-2	5.7E-1
12	3.9E-5	1.5E-1	6.3E-3	4.3E-3	3.9E-5	4.2E-2	5.7E-1
13	3.9E-5	1.5E-1	7.2E-3	4.9E-3	4.0E-5	4.2E-2	5.7E-1
14	3.9E-5	1.4E-1	8.2E-3	5.4E-3	4.0E-5	4.1E-2	5.7E-1
15	3.9E-5	1.4E-1	9.2E-3	6.0E-3	4.0E-5	4.0E-2	5.7E-1
16	4.0E-5	1.4E-1	1.0E-2	6.6E-3	4.0E-5	3.9E-2	5.7E-1
17	4.0E-5	1.3E-1	1.1E-2	7.2E-3	4.0E-5	3.8E-2	5.6E-1
18	4.0E-5	1.3E-1	1.2E-2	7.8E-3	4.0E-5	3.7E-2	5.6E-1
19	4.0E-5	1.2E-1	1.3E-2	8.3E-3	4.0E-5	3.6E-2	5.5E-1
20	4.0E-5	1.2E-1	1.4E-2	8.8E-3	4.1E-5	3.5E-2	5.4E-1
21	4.0E-5	1.2E-1	1.5E-2	9.3E-3	4.1E-5	3.4E-2	5.3E-1
22	4.0E-5	1.2E-1	1.6E-2	9.7E-3	4.1E-5	3.3E-2	5.2E-1
23	4.1E-5	1.1E-1	1.7E-2	1.0E-2	4.1E-5	3.2E-2	5.1E-1
24	4.1E-5	1.1E-1	1.7E-2	1.0E-2	4.1E-5	3.1E-2	5.0E-1
25	4.1E-5	1.1E-1	1.8E-2	1.1E-2	4.1E-5	3.0E-2	4.9E-1
26	4.1E-5	1.0E-1	1.8E-2	1.1E-2	4.1E-5	2.9E-2	4.8E-1
27	4.1E-5	1.0E-1	1.9E-2	1.1E-2	4.1E-5	2.8E-2	4.7E-1
28	4.1E-5	1.0E-1	1.9E-2	1.1E-2	4.1E-5	2.7E-2	4.6E-1
29	4.1E-5	9.8E-2	2.0E-2	1.2E-2	4.2E-5	2.7E-2	4.5E-1
30	4.1E-5	9.6E-2	2.0E-2	1.2E-2	4.2E-5	2.6E-2	4.4E-1
31	4.1E-5	9.4E-2	2.0E-2	1.2E-2	4.2E-5	2.5E-2	4.3E-1
32	4.1E-5	9.2E-2	2.1E-2	1.2E-2	4.2E-5	2.5E-2	4.2E-1
33	4.2E-5	9.0E-2	2.1E-2	1.2E-2	4.2E-5	2.4E-2	4.1E-1
34	4.2E-5	8.8E-2	2.1E-2	1.2E-2	4.2E-5	2.3E-2	4.0E-1
35	4.2E-5	8.6E-2	2.1E-2	1.2E-2	4.2E-5	2.3E-2	3.9E-1
36	4.2E-5	8.5E-2	2.1E-2	1.2E-2	4.2E-5	2.2E-2	3.8E-1
37	4.2E-5	8.3E-2	2.1E-2	1.3E-2	4.2E-5	2.1E-2	3.8E-1
38	4.2E-5	8.2E-2	2.2E-2	1.3E-2	4.3E-5	2.1E-2	3.7E-1
39	4.2E-5	8.0E-2	2.2E-2	1.3E-2	4.3E-5	2.0E-2	3.6E-1
40	4.2E-5	7.9E-2	2.2E-2	1.3E-2	4.3E-5	2.0E-2	3.5E-1
41	4.2E-5	7.8E-2	2.2E-2	1.3E-2	4.3E-5	1.9E-2	3.5E-1
42	4.3E-5	7.6E-2	2.2E-2	1.3E-2	4.3E-5	1.9E-2	3.4E-1
43	4.3E-5	7.5E-2	2.2E-2	1.3E-2	4.3E-5	1.8E-2	3.3E-1
44	4.3E-5	7.4E-2	2.2E-2	1.3E-2	4.3E-5	1.8E-2	3.3E-1
45	4.3E-5	7.3E-2	2.2E-2	1.3E-2	4.3E-5	1.8E-2	3.2E-1
46	4.3E-5	7.2E-2	2.2E-2	1.3E-2	4.3E-5	1.7E-2	3.1E-1
47	4.3E-5	7.1E-2	2.3E-2	1.3E-2	4.4E-5	1.7E-2	3.1E-1
48	4.3E-5	7.0E-2	2.3E-2	1.3E-2	4.4E-5	1.6E-2	3.0E-1
49	4.3E-5	6.9E-2	2.3E-2	1.3E-2	4.4E-5	1.6E-2	3.0E-1
50	4.3E-5	6.8E-2	2.3E-2	1.3E-2	4.4E-5	1.6E-2	2.9E-1
51	4.4E-5	6.7E-2	2.3E-2	1.3E-2	4.4E-5	1.5E-2	2.9E-1
52	4.4E-5	6.6E-2	2.3E-2	1.3E-2	4.4E-5	1.5E-2	2.8E-1
53	4.4E-5	6.6E-2	2.3E-2	1.3E-2	4.4E-5	1.5E-2	2.8E-1
54	4.4E-5	6.5E-2	2.3E-2	1.3E-2	4.4E-5	1.4E-2	2.7E-1
55	4.4E-5	6.4E-2	2.3E-2	1.3E-2	4.4E-5	1.4E-2	2.7E-1
56	4.4E-5	6.3E-2	2.3E-2	1.4E-2	4.5E-5	1.4E-2	2.6E-1
57	4.4E-5	6.3E-2	2.3E-2	1.4E-2	4.5E-5	1.4E-2	2.6E-1
58	4.4E-5	6.2E-2	2.4E-2	1.4E-2	4.5E-5	1.3E-2	2.6E-1
59	4.4E-5	6.1E-2	2.4E-2	1.4E-2	4.5E-5	1.3E-2	2.5E-1
60	4.5E-5	6.1E-2	2.4E-2	1.4E-2	4.5E-5	1.3E-2	2.5E-1
61	4.5E-5	6.0E-2	2.4E-2	1.4E-2	4.5E-5	1.3E-2	2.4E-1
62	4.5E-5	5.9E-2	2.4E-2	1.4E-2	4.5E-5	1.2E-2	2.4E-1
63	4.5E-5	5.9E-2	2.4E-2	1.4E-2	4.5E-5	1.2E-2	2.4E-1
64	4.5E-5	5.8E-2	2.4E-2	1.4E-2	4.6E-5	1.2E-2	2.3E-1
65	4.5E-5	5.8E-2	2.4E-2	1.4E-2	4.6E-5	1.2E-2	2.3E-1
66	4.5E-5	5.7E-2	2.4E-2	1.4E-2	4.6E-5	1.1E-2	2.3E-1
67	4.5E-5	5.7E-2	2.4E-2	1.4E-2	4.6E-5	1.1E-2	2.2E-1
68	4.5E-5	5.6E-2	2.4E-2	1.4E-2	4.6E-5	1.1E-2	2.2E-1
69	4.6E-5	5.6E-2	2.5E-2	1.4E-2	4.6E-5	1.1E-2	2.2E-1
70	4.6E-5	5.5E-2	2.5E-2	1.4E-2	4.6E-5	1.1E-2	2.2E-1
71	4.6E-5	5.5E-2	2.5E-2	1.4E-2	4.6E-5	1.1E-2	2.1E-1
72	4.6E-5	5.4E-2	2.5E-2	1.4E-2	4.7E-5	1.0E-2	2.1E-1
73	4.6E-5	5.4E-2	2.5E-2	1.4E-2	4.7E-5	1.0E-2	2.1E-1
74	4.6E-5	5.4E-2	2.5E-2	1.4E-2	4.7E-5	1.0E-2	2.1E-1
75	4.6E-5	5.3E-2	2.5E-2	1.4E-2	4.7E-5	9.9E-3	2.0E-1
76	4.6E-5	5.3E-2	2.5E-2	1.5E-2	4.7E-5	9.7E-3	2.0E-1
77	4.7E-5	5.2E-2	2.5E-2	1.5E-2	4.7E-5	9.6E-3	2.0E-1
78	4.7E-5	5.2E-2	2.5E-2	1.5E-2	4.7E-5	9.4E-3	2.0E-1
79	4.7E-5	5.2E-2	2.6E-2	1.5E-2	4.8E-5	9.3E-3	1.9E-1
80	4.7E-5	5.1E-2	2.6E-2	1.5E-2	4.8E-5	9.1E-3	1.9E-1
81	4.7E-5	5.1E-2	2.6E-2	1.5E-2	4.8E-5	9.0E-3	1.9E-1
82	4.7E-5	5.1E-2	2.6E-2	1.5E-2	4.8E-5	8.9E-3	1.9E-1
83	4.7E-5	5.0E-2	2.6E-2	1.5E-2	4.8E-5	8.8E-3	1.9E-1
84	4.8E-5	5.0E-2	2.6E-2	1.5E-2	4.8E-5	8.6E-3	1.8E-1
85	4.8E-5	5.0E-2	2.6E-2	1.5E-2	4.8E-5	8.5E-3	1.8E-1
86	4.8E-5	4.9E-2	2.6E-2	1.5E-2	4.9E-5	8.4E-3	1.8E-1
87	4.8E-5	4.9E-2	2.6E-2	1.5E-2	4.9E-5	8.3E-3	1.8E-1
88	4.8E-5	4.9E-2	2.6E-2	1.5E-2	4.9E-5	8.2E-3	1.8E-1
89	4.8E-5	4.9E-2	2.7E-2	1.5E-2	4.9E-5	8.1E-3	1.8E-1
90	4.8E-5	4.8E-2	2.7E-2	1.5E-2	4.9E-5	8.0E-3	1.7E-1
91	4.8E-5	4.8E-2	2.7E-2	1.5E-2	4.9E-5	7.9E-3	1.7E-1
92	4.9E-5	4.8E-2	2.7E-2	1.5E-2	4.9E-5	7.8E-3	1.7E-1
93	4.9E-5	4.8E-2	2.7E-2	1.6E-2	5.0E-5	7.7E-3	1.7E-1
94	4.9E-5	4.7E-2	2.7E-2	1.6E-2	5.0E-5	7.6E-3	1.7E-1
95	4.9E-5	4.7E-2	2.7E-2	1.6E-2	5.0E-5	7.5E-3	1.7E-1
96	4.9E-5	4.7E-2	2.7E-2	1.6E-2	5.0E-5	7.4E-3	1.6E-1
97	4.9E-5	4.7E-2	2.7E-2	1.6E-2	5.0E-5	7.3E-3	1.6E-1
98	4.9E-5	4.6E-2	2.8E-2	1.6E-2	5.0E-5	7.2E-3	1.6E-1
99	5.0E-5	4.6E-2	2.8E-2	1.6E-2	5.0E-5	7.1E-3	1.6E-1
100	5.0E-5	4.6E-2	2.8E-2	1.6E-2	5.1E-5	7.1E-3	1.6E-1
110	5.1E-5	4.4E-2	2.9E-2	1.7E-2	5.2E-5	6.3E-3	1.5E-1
120	5.3E-5	4.3E-2	3.0E-2	1.7E-2	5.4E-5	5.7E-3	1.4E-1
130	5.4E-5	4.2E-2	3.2E-2	1.8E-2	5.6E-5	5.3E-3	1.3E-1
140	5.6E-5	4.1E-2	3.3E-2	1.9E-2	5.7E-5	4.9E-3	1.2E-1
150	5.8E-5	4.1E-2	3.5E-2	2.0E-2	5.9E-5	4.5E-3	1.2E-1
160	6.0E-5	4.0E-2	3.6E-2	2.0E-2	6.1E-5	4.3E-3	1.1E-1
170	6.1E-5	4.0E-2	3.8E-2	2.1E-2	6.3E-5	4.0E-3	1.1E-1
180	6.3E-5	4.0E-2	4.0E-2	2.2E-2	6.5E-5	3.8E-3	1.0E-1
190	6.5E-5	4.0E-2	4.2E-2	2.3E-2	6.8E-5	3.6E-3	9.9E-2
200	6.8E-5	4.0E-2	4.4E-2	2.4E-2	7.0E-5	3.5E-3	9.6E-2
210	7.0E-5	4.0E-2	4.6E-2	2.6E-2	7.2E-5	3.3E-3	9.3E-2
220	7.2E-5	4.1E-2	4.8E-2	2.7E-2	7.5E-5	3.2E-3	9.1E-2
230	7.5E-5	4.1E-2	5.0E-2	2.8E-2	7.8E-5	3.1E-3	8.8E-2
240	7.7E-5	4.2E-2	5.3E-2	2.9E-2	8.0E-5	3.0E-3	8.6E-2
250	8.0E-5	4.2E-2	5.6E-2	3.1E-2	8.3E-5	2.9E-3	8.4E-2
260	8.2E-5	4.3E-2	5.9E-2	3.2E-2	8.6E-5	2.8E-3	8.3E-2
270	8.5E-5	4.3E-2	6.2E-2	3.4E-2	8.9E-5	2.8E-3	8.1E-2
280	8.8E-5	4.4E-2	6.5E-2	3.6E-2	9.3E-5	2.7E-3	7.9E-2
290	9.1E-5	4.5E-2	6.8E-2	3.7E-2	9.6E-5	2.7E-3	7.8E-2
300	9.4E-5	4.6E-2	7.2E-2	3.9E-2	1.0E-4	2.6E-3	7.7E-2
310	9.7E-5	4.7E-2	7.6E-2	4.1E-2	1.0E-4	2.6E-3	7.6E-2
320	1.0E-4	4.8E-2	8.0E-2	4.3E-2	1.1E-4	2.5E-3	7.5E-2
330	1.0E-4	4.9E-2	8.4E-2	4.5E-2	1.1E-4	2.5E-3	7.4E-2
340	1.1E-4	5.0E-2	8.9E-2	4.8E-2	1.2E-4	2.4E-3	7.3E-2
350	1.1E-4	5.1E-2	9.4E-2	5.0E-2	1.2E-4	2.4E-3	7.2E-2
360	1.2E-4	5.2E-2	9.9E-2	5.3E-2	1.2E-4	2.4E-3	7.1E-2
365	1.2E-4	5.3E-2	1.0E-1	5.4E-2	1.3E-4	2.4E-3	7.1E-2
370	1.2E-4	5.4E-2	1.0E-1	5.5E-2	1.3E-4	2.4E-3	7.0E-2
380	1.2E-4	5.5E-2	1.1E-1	5.8E-2	1.3E-4	2.3E-3	6.9E-2
390	1.3E-4	5.6E-2	1.2E-1	6.1E-2	1.4E-4	2.3E-3	6.9E-2
400	1.3E-4	5.8E-2	1.2E-1	6.4E-2	1.4E-4	2.3E-3	6.8E-2
410	1.4E-4	5.9E-2	1.3E-1	6.7E-2	1.5E-4	2.3E-3	6.8E-2
420	1.4E-4	6.1E-2	1.4E-1	7.1E-2	1.5E-4	2.3E-3	6.7E-2
430	1.5E-4	6.3E-2	1.4E-1	7.4E-2	1.6E-4	2.2E-3	6.6E-2
440	1.5E-4	6.4E-2	1.5E-1	7.8E-2	1.7E-4	2.2E-3	6.6E-2
450	1.6E-4	6.6E-2	1.6E-1	8.2E-2	1.7E-4	2.2E-3	6.6E-2
460	1.6E-4	6.8E-2	1.7E-1	8.6E-2	1.8E-4	2.2E-3	6.5E-2
470	1.7E-4	7.0E-2	1.8E-1	9.1E-2	1.9E-4	2.2E-3	6.5E-2
480	1.7E-4	7.2E-2	1.9E-1	9.5E-2	1.9E-4	2.2E-3	6.4E-2
490	1.8E-4	7.4E-2	2.0E-1	1.0E-1	2.0E-4	2.2E-3	6.4E-2
500	1.8E-4	7.6E-2	2.1E-1	1.0E-1	2.1E-4	2.2E-3	6.4E-2
510	1.9E-4	7.9E-2	2.3E-1	1.1E-1	2.1E-4	2.1E-3	6.3E-2
520	2.0E-4	8.1E-2	2.4E-1	1.2E-1	2.2E-4	2.1E-3	6.3E-2
530	2.0E-4	8.3E-2	2.5E-1	1.2E-1	2.3E-4	2.1E-3	6.3E-2
540	2.1E-4	8.6E-2	2.7E-1	1.3E-1	2.4E-4	2.1E-3	6.2E-2
550	2.2E-4	8.8E-2	2.9E-1	1.3E-1	2.5E-4	2.1E-3	6.2E-2
560	2.2E-4	9.1E-2	3.0E-1	1.4E-1	2.6E-4	2.1E-3	6.2E-2
570	2.3E-4	9.4E-2	3.2E-1	1.5E-1	2.7E-4	2.1E-3	6.2E-2
580	2.4E-4	9.7E-2	3.4E-1	1.5E-1	2.8E-4	2.1E-3	6.2E-2
590	2.4E-4	1.0E-1	3.6E-1	1.6E-1	2.9E-4	2.1E-3	6.1E-2
600	2.5E-4	1.0E-1	3.8E-1	1.7E-1	3.0E-4	2.1E-3	6.1E-2
610	2.6E-4	1.1E-1	4.0E-1	1.8E-1	3.1E-4	2.1E-3	6.1E-2
620	2.7E-4	1.1E-1	4.3E-1	1.8E-1	3.2E-4	2.1E-3	6.1E-2
630	2.8E-4	1.1E-1	4.5E-1	1.9E-1	3.3E-4	2.1E-3	6.1E-2
640	2.8E-4	1.2E-1	4.8E-1	2.0E-1	3.4E-4	2.1E-3	6.1E-2
650	2.9E-4	1.2E-1	5.1E-1	2.1E-1	3.6E-4	2.1E-3	6.0E-2
660	3.0E-4	1.2E-1	5.4E-1	2.2E-1	3.7E-4	2.1E-3	6.0E-2
670	3.1E-4	1.3E-1	5.7E-1	2.3E-1	3.8E-4	2.1E-3	6.0E-2
680	3.2E-4	1.3E-1	6.1E-1	2.4E-1	4.0E-4	2.1E-3	6.0E-2
690	3.3E-4	1.4E-1	6.5E-1	2.5E-1	4.1E-4	2.1E-3	6.0E-2
700	3.4E-4	1.4E-1	6.8E-1	2.6E-1	4.3E-4	2.1E-3	6.0E-2
710	3.5E-4	1.5E-1	7.3E-1	2.7E-1	4.4E-4	2.1E-3	6.0E-2
720	3.6E-4	1.5E-1	7.7E-1	2.8E-1	4.6E-4	2.1E-3	6.0E-2
730	3.7E-4	1.5E-1	8.2E-1	2.9E-1	4.8E-4	2.1E-3	6.0E-2
740	3.8E-4	1.6E-1	8.7E-1	3.0E-1	4.9E-4	2.1E-3	6.0E-2
750	3.9E-4	1.6E-1	9.2E-1	3.1E-1	5.1E-4	2.1E-3	6.0E-2
760	4.0E-4	1.7E-1	9.8E-1	3.3E-1	5.3E-4	2.1E-3	5.9E-2
770	4.1E-4	1.8E-1	1.0E+0	3.4E-1	5.5E-4	2.1E-3	5.9E-2
780	4.3E-4	1.8E-1	1.1E+0	3.5E-1	5.7E-4	2.1E-3	5.9E-2
790	4.4E-4	1.9E-1	1.2E+0	3.6E-1	5.9E-4	2.1E-3	5.9E-2
800	4.5E-4	1.9E-1	1.2E+0	3.7E-1	6.1E-4	2.1E-3	5.9E-2
810	4.6E-4	2.0E-1	1.3E+0	3.9E-1	6.3E-4	2.1E-3	5.9E-2
820	4.7E-4	2.1E-1	1.4E+0	4.0E-1	6.6E-4	2.1E-3	5.9E-2
830	4.9E-4	2.1E-1	1.5E+0	4.1E-1	6.8E-4	2.1E-3	5.9E-2
840	5.0E-4	2.2E-1	1.6E+0	4.2E-1	7.0E-4	2.1E-3	5.9E-2
850	5.1E-4	2.3E-1	1.7E+0	4.4E-1	7.3E-4	2.1E-3	5.9E-2
860	5.3E-4	2.3E-1	1.8E+0	4.5E-1	7.6E-4	2.1E-3	5.9E-2
870	5.4E-4	2.4E-1	1.9E+0	4.6E-1	7.8E-4	2.1E-3	5.9E-2
880	5.5E-4	2.5E-1	2.0E+0	4.8E-1	8.1E-4	2.1E-3	5.9E-2
890	5.7E-4	2.6E-1	2.1E+0	4.9E-1	8.4E-4	2.1E-3	5.9E-2
900	5.8E-4	2.7E-1	2.3E+0	5.0E-1	8.7E-4	2.1E-3	5.9E-2
910	6.0E-4	2.7E-1	2.4E+0	5.1E-1	9.0E-4	2.1E-3	5.9E-2
920	6.1E-4	2.8E-1	2.5E+0	5.3E-1	9.3E-4	2.1E-3	5.9E-2
930	6.2E-4	2.9E-1	2.7E+0	5.4E-1	9.7E-4	2.1E-3	5.9E-2
940	6.4E-4	3.0E-1	2.9E+0	5.5E-1	1.0E-3	2.1E-3	5.9E-2
950	6.5E-4	3.1E-1	3.1E+0	5.6E-1	1.0E-3	2.1E-3	5.9E-2
960	6.7E-4	3.2E-1	3.2E+0	5.7E-1	1.1E-3	2.1E-3	5.9E-2
970	6.8E-4	3.3E-1	3.4E+0	5.8E-1	1.1E-3	2.1E-3	5.9E-2
980	7.0E-4	3.4E-1	3.7E+0	6.0E-1	1.2E-3	2.1E-3	5.9E-2
990	7.2E-4	3.5E-1	3.9E+0	6.1E-1	1.2E-3	2.1E-3	5.9E-2
1000	7.3E-4	3.6E-1	4.1E+0	6.2E-1	1.2E-3	2.1E-3	5.9E-2
1010	7.5E-4	3.8E-1	4.4E+0	6.3E-1	1.3E-3	2.2E-3	5.9E-2
1020	7.6E-4	3.9E-1	4.6E+0	6.4E-1	1.3E-3	2.2E-3	5.9E-2
1030	7.8E-4	4.0E-1	4.9E+0	6.5E-1	1.4E-3	2.2E-3	6.0E-2
1040	8.0E-4	4.1E-1	5.2E+0	6.6E-1	1.4E-3	2.2E-3	6.0E-2
1050	8.1E-4	4.3E-1	5.6E+0	6.7E-1	1.5E-3	2.2E-3	6.0E-2
1060	8.3E-4	4.4E-1	5.9E+0	6.8E-1	1.5E-3	2.2E-3	6.0E-2
1070	8.5E-4	4.6E-1	6.3E+0	6.9E-1	1.6E-3	2.2E-3	6.0E-2
1080	8.6E-4	4.7E-1	6.7E+0	7.0E-1	1.6E-3	2.2E-3	6.0E-2
1090	8.8E-4	4.9E-1	7.1E+0	7.1E-1	1.7E-3	2.2E-3	6.0E-2
1095	8.9E-4	4.9E-1	7.3E+0	7.1E-1	1.7E-3	2.2E-3	6.0E-2
1100	9.0E-4	5.0E-1	7.5E+0	7.1E-1	1.8E-3	2.2E-3	6.0E-2
1200	1.1E-3	6.9E-1	1.4E+1	7.8E-1	2.5E-3	2.2E-3	6.1E-2
1300	1.2E-3	9.3E-1	2.5E+1	8.3E-1	3.6E-3	2.3E-3	6.1E-2
1400	1.4E-3	1.3E+0	4.4E+1	8.6E-1	5.1E-3	2.3E-3	6.2E-2
1500	1.6E-3	1.7E+0	7.6E+1	8.8E-1	7.2E-3	2.4E-3	6.3E-2
1600	1.7E-3	2.2E+0	1.3E+2	8.9E-1	1.0E-2	2.5E-3	6.4E-2
1700	1.8E-3	2.9E+0	2.1E+2	9.0E-1	1.5E-2	2.5E-3	6.5E-2
1800	2.0E-3	3.7E+0	3.2E+2	9.1E-1	2.1E-2	2.6E-3	6.6E-2
1900	2.0E-3	4.6E+0	4.7E+2	9.1E-1	3.0E-2	2.6E-3	6.8E-2
2000	2.1E-3	5.7E+0	6.6E+2	9.1E-1	4.2E-2	2.7E-3	6.9E-2
2100	2.2E-3	6.8E+0	8.6E+2	9.2E-1	6.0E-2	2.8E-3	7.0E-2
2200	2.3E-3	7.9E+0	1.1E+3	9.2E-1	8.6E-2	2.8E-3	7.1E-2
2300	2.3E-3	9.0E+0	1.3E+3	9.2E-1	1.2E-1	2.9E-3	7.3E-2
2400	2.4E-3	1.0E+1	1.5E+3	9.2E-1	1.7E-1	3.0E-3	7.4E-2
2500	2.5E-3	1.1E+1	1.6E+3	9.2E-1	2.4E-1	3.0E-3	7.5E-2
2600	2.5E-3	1.2E+1	1.8E+3	9.3E-1	3.3E-1	3.1E-3	7.7E-2
2700	2.6E-3	1.3E+1	1.9E+3	9.3E-1	4.5E-1	3.2E-3	7.8E-2
2800	2.6E-3	1.4E+1	2.0E+3	9.3E-1	5.9E-1	3.2E-3	7.9E-2
2900	2.7E-3	1.4E+1	2.2E+3	9.3E-1	7.6E-1	3.3E-3	8.1E-2
3000	2.7E-3	1.5E+1	2.3E+3	9.3E-1	9.5E-1	3.4E-3	8.2E-2
3100	2.8E-3	1.6E+1	2.4E+3	9.3E-1	1.1E+0	3.4E-3	8.4E-2
3200	2.8E-3	1.6E+1	2.5E+3	9.3E-1	1.3E+0	3.5E-3	8.5E-2
3300	2.9E-3	1.7E+1	2.6E+3	9.4E-1	1.5E+0	3.6E-3	8.7E-2
3400	2.9E-3	1.8E+1	2.7E+3	9.4E-1	1.7E+0	3.6E-3	8.9E-2
3500	3.0E-3	1.8E+1	2.8E+3	9.4E-1	1.8E+0	3.7E-3	9.0E-2
3600	3.0E-3	1.9E+1	2.9E+3	9.4E-1	1.9E+0	3.8E-3	9.2E-2
3650	3.0E-3	1.9E+1	2.9E+3	9.4E-1	1.9E+0	3.8E-3	9.3E-2
4000	3.2E-3	2.2E+1	3.3E+3	9.5E-1	2.1E+0	4.1E-3	9.9E-2
5000	3.7E-3	3.0E+1	4.5E+3	9.6E-1	2.2E+0	4.7E-3	1.2E-1
6000	4.1E-3	3.9E+1	5.8E+3	9.8E-1	2.2E+0	5.4E-3	1.4E-1
7000	4.5E-3	4.9E+1	7.3E+3	1.0E+0	2.3E+0	6.1E-3	1.7E-1
8000	5.0E-3	5.9E+1	8.9E+3	1.0E+0	2.3E+0	6.8E-3	2.1E-1
9000	5.4E-3	7.0E+1	1.0E+4	1.0E+0	2.3E+0	7.5E-3	2.5E-1
10000	5.8E-3	8.0E+1	1.2E+4	1.1E+0	2.4E+0	8.3E-3	3.0E-1
11000	6.2E-3	9.1E+1	1.4E+4	1.1E+0	2.4E+0	9.0E-3	3.6E-1
12000	6.7E-3	1.0E+2	1.5E+4	1.1E+0	2.5E+0	9.9E-3	4.3E-1
13000	7.1E-3	1.1E+2	1.7E+4	1.1E+0	2.5E+0	1.1E-2	5.2E-1
14000	7.6E-3	1.2E+2	1.8E+4	1.1E+0	2.6E+0	1.2E-2	6.3E-1
15000	8.1E-3	1.3E+2	2.0E+4	1.2E+0	2.6E+0	1.3E-2	7.5E-1
16000	8.6E-3	1.5E+2	2.2E+4	1.2E+0	2.7E+0	1.4E-2	9.0E-1
17000	9.1E-3	1.6E+2	2.4E+4	1.2E+0	2.7E+0	1.5E-2	1.1E+0
18000	9.6E-3	1.7E+2	2.6E+4	1.2E+0	2.8E+0	1.6E-2	1.3E+0
18250	9.8E-3	1.7E+2	2.6E+4	1.2E+0	2.8E+0	1.6E-2	1.4E+0
Radionuclide	U-235
Route of Intake	Inhalation
Material	Aerosols Uranium aluminide, fA=2E-3
AMTD/AMAD, µm	3

Committed Effective Dose per Predicted Content in an Organ or Excreta Sample (Dose per Content Functions z(t)), Sv/Bq
Time, days	Whole Body	Urine (24-hour sample)	Faeces (24-hour sample)	Alimentary Tract*	Lungs*	Skeleton*	Liver*
0.041667	4.6E-6	-	-	1.4E-5	3.4E-5	1.7E+0	2.0E+0
0.083333	4.6E-6	-	-	1.2E-5	3.6E-5	4.0E-1	7.1E-1
0.125	4.7E-6	-	-	1.1E-5	3.7E-5	2.0E-1	4.7E-1
0.25	4.8E-6	-	-	9.4E-6	3.8E-5	7.3E-2	3.1E-1
0.375	5.0E-6	-	-	8.5E-6	3.9E-5	4.7E-2	2.7E-1
0.5	5.1E-6	-	-	7.9E-6	3.9E-5	3.6E-2	2.5E-1
0.625	5.3E-6	-	-	7.6E-6	3.9E-5	3.1E-2	2.3E-1
0.75	5.4E-6	-	-	7.6E-6	3.9E-5	2.8E-2	2.2E-1
0.875	5.7E-6	-	-	7.6E-6	4.0E-5	2.6E-2	2.2E-1
1	5.9E-6	5.9E-3	4.5E-5	7.8E-6	4.0E-5	2.5E-2	2.2E-1
1.125	6.3E-6	-	-	8.2E-6	4.0E-5	2.4E-2	2.1E-1
1.25	6.7E-6	-	-	8.6E-6	4.0E-5	2.3E-2	2.1E-1
1.375	7.1E-6	-	-	9.2E-6	4.0E-5	2.3E-2	2.1E-1
1.5	7.6E-6	-	-	9.9E-6	4.0E-5	2.3E-2	2.1E-1
1.625	8.2E-6	-	-	1.1E-5	4.0E-5	2.2E-2	2.1E-1
1.75	8.9E-6	-	-	1.2E-5	4.0E-5	2.2E-2	2.1E-1
1.875	9.7E-6	-	-	1.3E-5	4.1E-5	2.2E-2	2.1E-1
2	1.1E-5	2.4E-2	1.4E-5	1.5E-5	4.1E-5	2.2E-2	2.2E-1
2.25	1.3E-5	-	-	1.8E-5	4.1E-5	2.2E-2	2.2E-1
2.5	1.5E-5	-	-	2.4E-5	4.1E-5	2.2E-2	2.2E-1
2.75	1.8E-5	-	-	3.1E-5	4.1E-5	2.2E-2	2.3E-1
3	2.1E-5	7.7E-2	2.2E-5	4.1E-5	4.2E-5	2.2E-2	2.3E-1
3.25	2.4E-5	-	-	5.6E-5	4.2E-5	2.3E-2	2.3E-1
3.5	2.7E-5	-	-	7.5E-5	4.2E-5	2.3E-2	2.4E-1
3.75	3.0E-5	-	-	1.0E-4	4.2E-5	2.3E-2	2.4E-1
4	3.2E-5	1.1E-1	5.7E-5	1.4E-4	4.2E-5	2.3E-2	2.4E-1
4.25	3.4E-5	-	-	1.9E-4	4.2E-5	2.3E-2	2.5E-1
4.5	3.6E-5	-	-	2.6E-4	4.3E-5	2.3E-2	2.5E-1
4.75	3.8E-5	-	-	3.5E-4	4.3E-5	2.3E-2	2.6E-1
5	3.9E-5	1.2E-1	1.9E-4	4.6E-4	4.3E-5	2.4E-2	2.6E-1
5.5	4.0E-5	-	-	7.6E-4	4.3E-5	2.4E-2	2.7E-1
6	4.1E-5	1.2E-1	6.3E-4	1.1E-3	4.3E-5	2.4E-2	2.8E-1
6.5	4.2E-5	-	-	1.5E-3	4.4E-5	2.4E-2	2.8E-1
7	4.2E-5	1.3E-1	1.7E-3	1.9E-3	4.4E-5	2.4E-2	2.9E-1
7.5	4.3E-5	-	-	2.2E-3	4.4E-5	2.5E-2	3.0E-1
8	4.3E-5	1.3E-1	3.0E-3	2.4E-3	4.4E-5	2.5E-2	3.1E-1
8.5	4.3E-5	-	-	2.7E-3	4.5E-5	2.5E-2	3.1E-1
9	4.4E-5	1.3E-1	4.0E-3	2.9E-3	4.5E-5	2.5E-2	3.2E-1
9.5	4.4E-5	-	-	3.2E-3	4.5E-5	2.5E-2	3.3E-1
10	4.4E-5	1.3E-1	4.9E-3	3.4E-3	4.5E-5	2.5E-2	3.3E-1
11	4.4E-5	1.4E-1	5.7E-3	4.0E-3	4.5E-5	2.5E-2	3.5E-1
12	4.5E-5	1.4E-1	6.7E-3	4.5E-3	4.6E-5	2.5E-2	3.6E-1
13	4.5E-5	1.4E-1	7.7E-3	5.2E-3	4.6E-5	2.5E-2	3.7E-1
14	4.5E-5	1.3E-1	8.7E-3	5.8E-3	4.6E-5	2.5E-2	3.8E-1
15	4.5E-5	1.3E-1	9.9E-3	6.5E-3	4.6E-5	2.5E-2	3.9E-1
16	4.6E-5	1.3E-1	1.1E-2	7.2E-3	4.6E-5	2.5E-2	4.0E-1
17	4.6E-5	1.3E-1	1.2E-2	7.9E-3	4.7E-5	2.5E-2	4.1E-1
18	4.6E-5	1.3E-1	1.3E-2	8.6E-3	4.7E-5	2.4E-2	4.2E-1
19	4.6E-5	1.3E-1	1.5E-2	9.2E-3	4.7E-5	2.4E-2	4.2E-1
20	4.6E-5	1.3E-1	1.6E-2	9.8E-3	4.7E-5	2.4E-2	4.2E-1
21	4.6E-5	1.2E-1	1.7E-2	1.0E-2	4.7E-5	2.4E-2	4.3E-1
22	4.7E-5	1.2E-1	1.8E-2	1.1E-2	4.7E-5	2.3E-2	4.3E-1
23	4.7E-5	1.2E-1	1.9E-2	1.1E-2	4.7E-5	2.3E-2	4.3E-1
24	4.7E-5	1.2E-1	2.0E-2	1.2E-2	4.8E-5	2.3E-2	4.3E-1
25	4.7E-5	1.1E-1	2.0E-2	1.2E-2	4.8E-5	2.2E-2	4.3E-1
26	4.7E-5	1.1E-1	2.1E-2	1.3E-2	4.8E-5	2.2E-2	4.2E-1
27	4.7E-5	1.1E-1	2.2E-2	1.3E-2	4.8E-5	2.2E-2	4.2E-1
28	4.7E-5	1.1E-1	2.2E-2	1.3E-2	4.8E-5	2.1E-2	4.2E-1
29	4.7E-5	1.1E-1	2.3E-2	1.3E-2	4.8E-5	2.1E-2	4.1E-1
30	4.8E-5	1.0E-1	2.3E-2	1.4E-2	4.8E-5	2.0E-2	4.1E-1
31	4.8E-5	1.0E-1	2.3E-2	1.4E-2	4.8E-5	2.0E-2	4.1E-1
32	4.8E-5	1.0E-1	2.4E-2	1.4E-2	4.9E-5	2.0E-2	4.0E-1
33	4.8E-5	9.9E-2	2.4E-2	1.4E-2	4.9E-5	1.9E-2	3.9E-1
34	4.8E-5	9.8E-2	2.4E-2	1.4E-2	4.9E-5	1.9E-2	3.9E-1
35	4.8E-5	9.6E-2	2.4E-2	1.4E-2	4.9E-5	1.9E-2	3.8E-1
36	4.8E-5	9.5E-2	2.5E-2	1.4E-2	4.9E-5	1.8E-2	3.8E-1
37	4.8E-5	9.3E-2	2.5E-2	1.4E-2	4.9E-5	1.8E-2	3.7E-1
38	4.9E-5	9.2E-2	2.5E-2	1.5E-2	4.9E-5	1.8E-2	3.7E-1
39	4.9E-5	9.0E-2	2.5E-2	1.5E-2	4.9E-5	1.7E-2	3.6E-1
40	4.9E-5	8.9E-2	2.5E-2	1.5E-2	5.0E-5	1.7E-2	3.6E-1
41	4.9E-5	8.7E-2	2.5E-2	1.5E-2	5.0E-5	1.7E-2	3.5E-1
42	4.9E-5	8.6E-2	2.6E-2	1.5E-2	5.0E-5	1.7E-2	3.4E-1
43	4.9E-5	8.5E-2	2.6E-2	1.5E-2	5.0E-5	1.6E-2	3.4E-1
44	4.9E-5	8.4E-2	2.6E-2	1.5E-2	5.0E-5	1.6E-2	3.3E-1
45	4.9E-5	8.2E-2	2.6E-2	1.5E-2	5.0E-5	1.6E-2	3.3E-1
46	5.0E-5	8.1E-2	2.6E-2	1.5E-2	5.0E-5	1.6E-2	3.2E-1
47	5.0E-5	8.0E-2	2.6E-2	1.5E-2	5.0E-5	1.5E-2	3.2E-1
48	5.0E-5	7.9E-2	2.6E-2	1.5E-2	5.1E-5	1.5E-2	3.1E-1
49	5.0E-5	7.8E-2	2.6E-2	1.5E-2	5.1E-5	1.5E-2	3.1E-1
50	5.0E-5	7.7E-2	2.6E-2	1.5E-2	5.1E-5	1.5E-2	3.0E-1
51	5.0E-5	7.6E-2	2.7E-2	1.5E-2	5.1E-5	1.4E-2	3.0E-1
52	5.0E-5	7.5E-2	2.7E-2	1.5E-2	5.1E-5	1.4E-2	3.0E-1
53	5.0E-5	7.5E-2	2.7E-2	1.5E-2	5.1E-5	1.4E-2	2.9E-1
54	5.1E-5	7.4E-2	2.7E-2	1.6E-2	5.1E-5	1.4E-2	2.9E-1
55	5.1E-5	7.3E-2	2.7E-2	1.6E-2	5.2E-5	1.3E-2	2.8E-1
56	5.1E-5	7.2E-2	2.7E-2	1.6E-2	5.2E-5	1.3E-2	2.8E-1
57	5.1E-5	7.1E-2	2.7E-2	1.6E-2	5.2E-5	1.3E-2	2.8E-1
58	5.1E-5	7.1E-2	2.7E-2	1.6E-2	5.2E-5	1.3E-2	2.7E-1
59	5.1E-5	7.0E-2	2.7E-2	1.6E-2	5.2E-5	1.3E-2	2.7E-1
60	5.1E-5	6.9E-2	2.7E-2	1.6E-2	5.2E-5	1.2E-2	2.6E-1
61	5.1E-5	6.8E-2	2.8E-2	1.6E-2	5.2E-5	1.2E-2	2.6E-1
62	5.2E-5	6.8E-2	2.8E-2	1.6E-2	5.3E-5	1.2E-2	2.6E-1
63	5.2E-5	6.7E-2	2.8E-2	1.6E-2	5.3E-5	1.2E-2	2.5E-1
64	5.2E-5	6.7E-2	2.8E-2	1.6E-2	5.3E-5	1.2E-2	2.5E-1
65	5.2E-5	6.6E-2	2.8E-2	1.6E-2	5.3E-5	1.1E-2	2.5E-1
66	5.2E-5	6.5E-2	2.8E-2	1.6E-2	5.3E-5	1.1E-2	2.4E-1
67	5.2E-5	6.5E-2	2.8E-2	1.6E-2	5.3E-5	1.1E-2	2.4E-1
68	5.2E-5	6.4E-2	2.8E-2	1.6E-2	5.3E-5	1.1E-2	2.4E-1
69	5.3E-5	6.4E-2	2.8E-2	1.6E-2	5.4E-5	1.1E-2	2.4E-1
70	5.3E-5	6.3E-2	2.9E-2	1.6E-2	5.4E-5	1.1E-2	2.3E-1
71	5.3E-5	6.3E-2	2.9E-2	1.7E-2	5.4E-5	1.1E-2	2.3E-1
72	5.3E-5	6.2E-2	2.9E-2	1.7E-2	5.4E-5	1.0E-2	2.3E-1
73	5.3E-5	6.2E-2	2.9E-2	1.7E-2	5.4E-5	1.0E-2	2.3E-1
74	5.3E-5	6.1E-2	2.9E-2	1.7E-2	5.4E-5	1.0E-2	2.2E-1
75	5.3E-5	6.1E-2	2.9E-2	1.7E-2	5.4E-5	1.0E-2	2.2E-1
76	5.4E-5	6.0E-2	2.9E-2	1.7E-2	5.5E-5	9.9E-3	2.2E-1
77	5.4E-5	6.0E-2	2.9E-2	1.7E-2	5.5E-5	9.8E-3	2.2E-1
78	5.4E-5	6.0E-2	2.9E-2	1.7E-2	5.5E-5	9.6E-3	2.1E-1
79	5.4E-5	5.9E-2	3.0E-2	1.7E-2	5.5E-5	9.5E-3	2.1E-1
80	5.4E-5	5.9E-2	3.0E-2	1.7E-2	5.5E-5	9.4E-3	2.1E-1
81	5.4E-5	5.8E-2	3.0E-2	1.7E-2	5.5E-5	9.3E-3	2.1E-1
82	5.4E-5	5.8E-2	3.0E-2	1.7E-2	5.6E-5	9.2E-3	2.1E-1
83	5.5E-5	5.8E-2	3.0E-2	1.7E-2	5.6E-5	9.0E-3	2.0E-1
84	5.5E-5	5.7E-2	3.0E-2	1.7E-2	5.6E-5	8.9E-3	2.0E-1
85	5.5E-5	5.7E-2	3.0E-2	1.7E-2	5.6E-5	8.8E-3	2.0E-1
86	5.5E-5	5.7E-2	3.0E-2	1.8E-2	5.6E-5	8.7E-3	2.0E-1
87	5.5E-5	5.6E-2	3.1E-2	1.8E-2	5.6E-5	8.6E-3	2.0E-1
88	5.5E-5	5.6E-2	3.1E-2	1.8E-2	5.7E-5	8.5E-3	1.9E-1
89	5.6E-5	5.6E-2	3.1E-2	1.8E-2	5.7E-5	8.4E-3	1.9E-1
90	5.6E-5	5.5E-2	3.1E-2	1.8E-2	5.7E-5	8.3E-3	1.9E-1
91	5.6E-5	5.5E-2	3.1E-2	1.8E-2	5.7E-5	8.2E-3	1.9E-1
92	5.6E-5	5.5E-2	3.1E-2	1.8E-2	5.7E-5	8.2E-3	1.9E-1
93	5.6E-5	5.5E-2	3.1E-2	1.8E-2	5.7E-5	8.1E-3	1.9E-1
94	5.6E-5	5.4E-2	3.1E-2	1.8E-2	5.8E-5	8.0E-3	1.8E-1
95	5.6E-5	5.4E-2	3.2E-2	1.8E-2	5.8E-5	7.9E-3	1.8E-1
96	5.7E-5	5.4E-2	3.2E-2	1.8E-2	5.8E-5	7.8E-3	1.8E-1
97	5.7E-5	5.4E-2	3.2E-2	1.8E-2	5.8E-5	7.7E-3	1.8E-1
98	5.7E-5	5.3E-2	3.2E-2	1.8E-2	5.8E-5	7.6E-3	1.8E-1
99	5.7E-5	5.3E-2	3.2E-2	1.8E-2	5.8E-5	7.6E-3	1.8E-1
100	5.7E-5	5.3E-2	3.2E-2	1.8E-2	5.9E-5	7.5E-3	1.8E-1
110	5.9E-5	5.1E-2	3.4E-2	1.9E-2	6.0E-5	6.8E-3	1.6E-1
120	6.1E-5	4.9E-2	3.5E-2	2.0E-2	6.2E-5	6.2E-3	1.5E-1
130	6.3E-5	4.8E-2	3.7E-2	2.1E-2	6.4E-5	5.7E-3	1.4E-1
140	6.4E-5	4.7E-2	3.8E-2	2.2E-2	6.6E-5	5.3E-3	1.4E-1
150	6.6E-5	4.7E-2	4.0E-2	2.3E-2	6.9E-5	5.0E-3	1.3E-1
160	6.9E-5	4.6E-2	4.2E-2	2.4E-2	7.1E-5	4.7E-3	1.2E-1
170	7.1E-5	4.6E-2	4.4E-2	2.5E-2	7.3E-5	4.5E-3	1.2E-1
180	7.3E-5	4.6E-2	4.6E-2	2.6E-2	7.6E-5	4.2E-3	1.2E-1
190	7.5E-5	4.6E-2	4.8E-2	2.7E-2	7.8E-5	4.1E-3	1.1E-1
200	7.8E-5	4.6E-2	5.1E-2	2.8E-2	8.1E-5	3.9E-3	1.1E-1
210	8.0E-5	4.6E-2	5.3E-2	3.0E-2	8.4E-5	3.7E-3	1.0E-1
220	8.3E-5	4.7E-2	5.6E-2	3.1E-2	8.7E-5	3.6E-3	1.0E-1
230	8.6E-5	4.7E-2	5.8E-2	3.3E-2	9.0E-5	3.5E-3	9.9E-2
240	8.9E-5	4.8E-2	6.1E-2	3.4E-2	9.3E-5	3.4E-3	9.7E-2
250	9.2E-5	4.8E-2	6.5E-2	3.6E-2	9.7E-5	3.3E-3	9.5E-2
260	9.5E-5	4.9E-2	6.8E-2	3.7E-2	1.0E-4	3.2E-3	9.3E-2
270	9.8E-5	5.0E-2	7.1E-2	3.9E-2	1.0E-4	3.1E-3	9.1E-2
280	1.0E-4	5.1E-2	7.5E-2	4.1E-2	1.1E-4	3.1E-3	9.0E-2
290	1.0E-4	5.2E-2	7.9E-2	4.3E-2	1.1E-4	3.0E-3	8.8E-2
300	1.1E-4	5.3E-2	8.3E-2	4.5E-2	1.2E-4	2.9E-3	8.7E-2
310	1.1E-4	5.4E-2	8.8E-2	4.8E-2	1.2E-4	2.9E-3	8.5E-2
320	1.2E-4	5.5E-2	9.3E-2	5.0E-2	1.2E-4	2.8E-3	8.4E-2
330	1.2E-4	5.6E-2	9.8E-2	5.3E-2	1.3E-4	2.8E-3	8.3E-2
340	1.2E-4	5.7E-2	1.0E-1	5.5E-2	1.3E-4	2.8E-3	8.2E-2
350	1.3E-4	5.9E-2	1.1E-1	5.8E-2	1.4E-4	2.7E-3	8.1E-2
360	1.3E-4	6.0E-2	1.1E-1	6.1E-2	1.4E-4	2.7E-3	8.0E-2
365	1.3E-4	6.1E-2	1.2E-1	6.2E-2	1.5E-4	2.7E-3	8.0E-2
370	1.4E-4	6.2E-2	1.2E-1	6.4E-2	1.5E-4	2.7E-3	7.9E-2
380	1.4E-4	6.3E-2	1.3E-1	6.7E-2	1.5E-4	2.6E-3	7.9E-2
390	1.5E-4	6.5E-2	1.3E-1	7.1E-2	1.6E-4	2.6E-3	7.8E-2
400	1.5E-4	6.6E-2	1.4E-1	7.4E-2	1.7E-4	2.6E-3	7.7E-2
410	1.6E-4	6.8E-2	1.5E-1	7.8E-2	1.7E-4	2.6E-3	7.6E-2
420	1.6E-4	7.0E-2	1.6E-1	8.2E-2	1.8E-4	2.5E-3	7.6E-2
430	1.7E-4	7.2E-2	1.7E-1	8.6E-2	1.9E-4	2.5E-3	7.5E-2
440	1.7E-4	7.4E-2	1.8E-1	9.0E-2	1.9E-4	2.5E-3	7.5E-2
450	1.8E-4	7.6E-2	1.9E-1	9.5E-2	2.0E-4	2.5E-3	7.4E-2
460	1.8E-4	7.8E-2	2.0E-1	1.0E-1	2.1E-4	2.5E-3	7.4E-2
470	1.9E-4	8.0E-2	2.1E-1	1.0E-1	2.1E-4	2.5E-3	7.3E-2
480	2.0E-4	8.3E-2	2.2E-1	1.1E-1	2.2E-4	2.5E-3	7.3E-2
490	2.0E-4	8.5E-2	2.3E-1	1.2E-1	2.3E-4	2.4E-3	7.2E-2
500	2.1E-4	8.8E-2	2.5E-1	1.2E-1	2.4E-4	2.4E-3	7.2E-2
510	2.2E-4	9.0E-2	2.6E-1	1.3E-1	2.5E-4	2.4E-3	7.2E-2
520	2.2E-4	9.3E-2	2.8E-1	1.3E-1	2.6E-4	2.4E-3	7.1E-2
530	2.3E-4	9.6E-2	2.9E-1	1.4E-1	2.7E-4	2.4E-3	7.1E-2
540	2.4E-4	9.9E-2	3.1E-1	1.5E-1	2.8E-4	2.4E-3	7.1E-2
550	2.5E-4	1.0E-1	3.3E-1	1.5E-1	2.9E-4	2.4E-3	7.0E-2
560	2.5E-4	1.0E-1	3.5E-1	1.6E-1	3.0E-4	2.4E-3	7.0E-2
570	2.6E-4	1.1E-1	3.7E-1	1.7E-1	3.1E-4	2.4E-3	7.0E-2
580	2.7E-4	1.1E-1	3.9E-1	1.8E-1	3.2E-4	2.4E-3	7.0E-2
590	2.8E-4	1.1E-1	4.2E-1	1.9E-1	3.3E-4	2.4E-3	7.0E-2
600	2.9E-4	1.2E-1	4.4E-1	1.9E-1	3.4E-4	2.4E-3	6.9E-2
610	3.0E-4	1.2E-1	4.7E-1	2.0E-1	3.6E-4	2.4E-3	6.9E-2
620	3.1E-4	1.3E-1	5.0E-1	2.1E-1	3.7E-4	2.4E-3	6.9E-2
630	3.2E-4	1.3E-1	5.3E-1	2.2E-1	3.8E-4	2.4E-3	6.9E-2
640	3.3E-4	1.3E-1	5.6E-1	2.3E-1	4.0E-4	2.4E-3	6.9E-2
650	3.4E-4	1.4E-1	5.9E-1	2.4E-1	4.1E-4	2.4E-3	6.8E-2
660	3.5E-4	1.4E-1	6.3E-1	2.5E-1	4.3E-4	2.4E-3	6.8E-2
670	3.6E-4	1.5E-1	6.6E-1	2.6E-1	4.4E-4	2.4E-3	6.8E-2
680	3.7E-4	1.5E-1	7.0E-1	2.7E-1	4.6E-4	2.4E-3	6.8E-2
690	3.8E-4	1.6E-1	7.5E-1	2.9E-1	4.8E-4	2.4E-3	6.8E-2
700	3.9E-4	1.6E-1	7.9E-1	3.0E-1	4.9E-4	2.4E-3	6.8E-2
710	4.0E-4	1.7E-1	8.4E-1	3.1E-1	5.1E-4	2.4E-3	6.8E-2
720	4.1E-4	1.7E-1	8.9E-1	3.2E-1	5.3E-4	2.4E-3	6.8E-2
730	4.2E-4	1.8E-1	9.5E-1	3.3E-1	5.5E-4	2.4E-3	6.8E-2
740	4.4E-4	1.8E-1	1.0E+0	3.5E-1	5.7E-4	2.4E-3	6.8E-2
750	4.5E-4	1.9E-1	1.1E+0	3.6E-1	5.9E-4	2.4E-3	6.7E-2
760	4.6E-4	2.0E-1	1.1E+0	3.7E-1	6.1E-4	2.4E-3	6.7E-2
770	4.7E-4	2.0E-1	1.2E+0	3.9E-1	6.3E-4	2.4E-3	6.7E-2
780	4.9E-4	2.1E-1	1.3E+0	4.0E-1	6.6E-4	2.4E-3	6.7E-2
790	5.0E-4	2.1E-1	1.4E+0	4.2E-1	6.8E-4	2.4E-3	6.7E-2
800	5.1E-4	2.2E-1	1.4E+0	4.3E-1	7.1E-4	2.4E-3	6.7E-2
810	5.3E-4	2.3E-1	1.5E+0	4.4E-1	7.3E-4	2.4E-3	6.7E-2
820	5.4E-4	2.4E-1	1.6E+0	4.6E-1	7.6E-4	2.4E-3	6.7E-2
830	5.6E-4	2.4E-1	1.7E+0	4.7E-1	7.9E-4	2.4E-3	6.7E-2
840	5.7E-4	2.5E-1	1.8E+0	4.9E-1	8.1E-4	2.4E-3	6.7E-2
850	5.9E-4	2.6E-1	1.9E+0	5.0E-1	8.4E-4	2.4E-3	6.7E-2
860	6.0E-4	2.7E-1	2.1E+0	5.1E-1	8.7E-4	2.4E-3	6.7E-2
870	6.2E-4	2.8E-1	2.2E+0	5.3E-1	9.1E-4	2.4E-3	6.7E-2
880	6.3E-4	2.9E-1	2.3E+0	5.4E-1	9.4E-4	2.4E-3	6.7E-2
890	6.5E-4	2.9E-1	2.5E+0	5.6E-1	9.7E-4	2.4E-3	6.7E-2
900	6.6E-4	3.0E-1	2.6E+0	5.7E-1	1.0E-3	2.4E-3	6.7E-2
910	6.8E-4	3.1E-1	2.8E+0	5.9E-1	1.0E-3	2.4E-3	6.7E-2
920	7.0E-4	3.2E-1	2.9E+0	6.0E-1	1.1E-3	2.4E-3	6.7E-2
930	7.1E-4	3.3E-1	3.1E+0	6.1E-1	1.1E-3	2.4E-3	6.7E-2
940	7.3E-4	3.5E-1	3.3E+0	6.3E-1	1.2E-3	2.4E-3	6.7E-2
950	7.5E-4	3.6E-1	3.5E+0	6.4E-1	1.2E-3	2.4E-3	6.7E-2
960	7.6E-4	3.7E-1	3.8E+0	6.5E-1	1.2E-3	2.4E-3	6.7E-2
970	7.8E-4	3.8E-1	4.0E+0	6.7E-1	1.3E-3	2.4E-3	6.7E-2
980	8.0E-4	3.9E-1	4.2E+0	6.8E-1	1.3E-3	2.4E-3	6.7E-2
990	8.2E-4	4.1E-1	4.5E+0	6.9E-1	1.4E-3	2.4E-3	6.7E-2
1000	8.4E-4	4.2E-1	4.8E+0	7.1E-1	1.4E-3	2.4E-3	6.7E-2
1010	8.5E-4	4.3E-1	5.1E+0	7.2E-1	1.5E-3	2.4E-3	6.7E-2
1020	8.7E-4	4.5E-1	5.4E+0	7.3E-1	1.5E-3	2.4E-3	6.7E-2
1030	8.9E-4	4.6E-1	5.7E+0	7.4E-1	1.6E-3	2.5E-3	6.8E-2
1040	9.1E-4	4.7E-1	6.1E+0	7.5E-1	1.7E-3	2.5E-3	6.8E-2
1050	9.3E-4	4.9E-1	6.4E+0	7.6E-1	1.7E-3	2.5E-3	6.8E-2
1060	9.5E-4	5.1E-1	6.8E+0	7.7E-1	1.8E-3	2.5E-3	6.8E-2
1070	9.7E-4	5.2E-1	7.3E+0	7.8E-1	1.8E-3	2.5E-3	6.8E-2
1080	9.9E-4	5.4E-1	7.7E+0	7.9E-1	1.9E-3	2.5E-3	6.8E-2
1090	1.0E-3	5.6E-1	8.2E+0	8.0E-1	2.0E-3	2.5E-3	6.8E-2
1095	1.0E-3	5.6E-1	8.4E+0	8.1E-1	2.0E-3	2.5E-3	6.8E-2
1100	1.0E-3	5.7E-1	8.7E+0	8.1E-1	2.0E-3	2.5E-3	6.8E-2
1200	1.2E-3	7.8E-1	1.6E+1	8.9E-1	2.9E-3	2.5E-3	6.9E-2
1300	1.4E-3	1.1E+0	2.8E+1	9.4E-1	4.1E-3	2.6E-3	7.0E-2
1400	1.6E-3	1.4E+0	5.0E+1	9.8E-1	5.9E-3	2.7E-3	7.1E-2
1500	1.8E-3	1.9E+0	8.8E+1	1.0E+0	8.3E-3	2.7E-3	7.2E-2
1600	1.9E-3	2.6E+0	1.5E+2	1.0E+0	1.2E-2	2.8E-3	7.3E-2
1700	2.1E-3	3.3E+0	2.4E+2	1.0E+0	1.7E-2	2.9E-3	7.4E-2
1800	2.2E-3	4.2E+0	3.7E+2	1.0E+0	2.4E-2	2.9E-3	7.5E-2
1900	2.3E-3	5.3E+0	5.4E+2	1.0E+0	3.4E-2	3.0E-3	7.7E-2
2000	2.4E-3	6.5E+0	7.5E+2	1.0E+0	4.9E-2	3.1E-3	7.8E-2
2100	2.5E-3	7.7E+0	9.8E+2	1.0E+0	7.0E-2	3.1E-3	7.9E-2
2200	2.6E-3	9.0E+0	1.2E+3	1.0E+0	9.9E-2	3.2E-3	8.1E-2
2300	2.7E-3	1.0E+1	1.4E+3	1.0E+0	1.4E-1	3.3E-3	8.2E-2
2400	2.7E-3	1.1E+1	1.7E+3	1.0E+0	2.0E-1	3.4E-3	8.4E-2
2500	2.8E-3	1.3E+1	1.8E+3	1.0E+0	2.8E-1	3.4E-3	8.5E-2
2600	2.9E-3	1.4E+1	2.0E+3	1.0E+0	3.8E-1	3.5E-3	8.7E-2
2700	2.9E-3	1.5E+1	2.2E+3	1.1E+0	5.1E-1	3.6E-3	8.9E-2
2800	3.0E-3	1.5E+1	2.3E+3	1.1E+0	6.8E-1	3.7E-3	9.0E-2
2900	3.0E-3	1.6E+1	2.4E+3	1.1E+0	8.7E-1	3.7E-3	9.2E-2
3000	3.1E-3	1.7E+1	2.6E+3	1.1E+0	1.1E+0	3.8E-3	9.4E-2
3100	3.1E-3	1.8E+1	2.7E+3	1.1E+0	1.3E+0	3.9E-3	9.5E-2
3200	3.2E-3	1.9E+1	2.8E+3	1.1E+0	1.5E+0	4.0E-3	9.7E-2
3300	3.3E-3	1.9E+1	2.9E+3	1.1E+0	1.7E+0	4.0E-3	9.9E-2
3400	3.3E-3	2.0E+1	3.0E+3	1.1E+0	1.9E+0	4.1E-3	1.0E-1
3500	3.4E-3	2.1E+1	3.2E+3	1.1E+0	2.0E+0	4.2E-3	1.0E-1
3600	3.4E-3	2.2E+1	3.3E+3	1.1E+0	2.1E+0	4.3E-3	1.0E-1
3650	3.4E-3	2.2E+1	3.3E+3	1.1E+0	2.2E+0	4.3E-3	1.1E-1
4000	3.6E-3	2.5E+1	3.7E+3	1.1E+0	2.4E+0	4.6E-3	1.1E-1
5000	4.2E-3	3.4E+1	5.1E+3	1.1E+0	2.5E+0	5.4E-3	1.4E-1
6000	4.7E-3	4.4E+1	6.6E+3	1.1E+0	2.5E+0	6.2E-3	1.6E-1
7000	5.2E-3	5.5E+1	8.3E+3	1.1E+0	2.6E+0	7.0E-3	2.0E-1
8000	5.6E-3	6.7E+1	1.0E+4	1.2E+0	2.6E+0	7.7E-3	2.4E-1
9000	6.1E-3	7.9E+1	1.2E+4	1.2E+0	2.7E+0	8.5E-3	2.8E-1
10000	6.6E-3	9.1E+1	1.4E+4	1.2E+0	2.7E+0	9.4E-3	3.4E-1
11000	7.1E-3	1.0E+2	1.5E+4	1.2E+0	2.8E+0	1.0E-2	4.1E-1
12000	7.6E-3	1.1E+2	1.7E+4	1.2E+0	2.8E+0	1.1E-2	4.9E-1
13000	8.1E-3	1.3E+2	1.9E+4	1.3E+0	2.9E+0	1.2E-2	5.9E-1
14000	8.6E-3	1.4E+2	2.1E+4	1.3E+0	2.9E+0	1.3E-2	7.1E-1
15000	9.1E-3	1.5E+2	2.3E+4	1.3E+0	3.0E+0	1.4E-2	8.5E-1
16000	9.7E-3	1.6E+2	2.5E+4	1.3E+0	3.0E+0	1.6E-2	1.0E+0
17000	1.0E-2	1.8E+2	2.7E+4	1.4E+0	3.1E+0	1.7E-2	1.2E+0
18000	1.1E-2	1.9E+2	2.9E+4	1.4E+0	3.1E+0	1.8E-2	1.5E+0
18250	1.1E-2	2.0E+2	3.0E+4	1.4E+0	3.1E+0	1.9E-2	1.5E+0
Radionuclide	U-235
Route of Intake	Inhalation
Material	Aerosols Uranium aluminide, fA=2E-3
AMTD/AMAD, µm	5

Committed Effective Dose per Predicted Content in an Organ or Excreta Sample (Dose per Content Functions z(t)), Sv/Bq
Time, days	Whole Body	Urine (24-hour sample)	Faeces (24-hour sample)	Alimentary Tract*	Lungs*	Skeleton*	Liver*
0.041667	3.4E-6	-	-	9.9E-6	3.6E-5	1.3E+0	1.4E+0
0.083333	3.5E-6	-	-	8.8E-6	3.8E-5	2.9E-1	5.1E-1
0.125	3.5E-6	-	-	8.1E-6	4.0E-5	1.4E-1	3.4E-1
0.25	3.6E-6	-	-	6.8E-6	4.2E-5	5.2E-2	2.3E-1
0.375	3.7E-6	-	-	6.1E-6	4.3E-5	3.4E-2	1.9E-1
0.5	3.8E-6	-	-	5.7E-6	4.4E-5	2.6E-2	1.8E-1
0.625	4.0E-6	-	-	5.5E-6	4.4E-5	2.2E-2	1.7E-1
0.75	4.1E-6	-	-	5.4E-6	4.4E-5	2.0E-2	1.6E-1
0.875	4.3E-6	-	-	5.5E-6	4.4E-5	1.9E-2	1.6E-1
1	4.5E-6	4.3E-3	3.3E-5	5.6E-6	4.4E-5	1.8E-2	1.6E-1
1.125	4.8E-6	-	-	5.9E-6	4.4E-5	1.7E-2	1.5E-1
1.25	5.1E-6	-	-	6.2E-6	4.5E-5	1.7E-2	1.5E-1
1.375	5.4E-6	-	-	6.6E-6	4.5E-5	1.6E-2	1.5E-1
1.5	5.9E-6	-	-	7.1E-6	4.5E-5	1.6E-2	1.5E-1
1.625	6.4E-6	-	-	7.8E-6	4.5E-5	1.6E-2	1.5E-1
1.75	7.0E-6	-	-	8.6E-6	4.5E-5	1.6E-2	1.5E-1
1.875	7.6E-6	-	-	9.5E-6	4.5E-5	1.6E-2	1.6E-1
2	8.3E-6	1.7E-2	1.0E-5	1.1E-5	4.6E-5	1.6E-2	1.6E-1
2.25	1.0E-5	-	-	1.3E-5	4.6E-5	1.6E-2	1.6E-1
2.5	1.2E-5	-	-	1.7E-5	4.6E-5	1.6E-2	1.6E-1
2.75	1.5E-5	-	-	2.3E-5	4.6E-5	1.6E-2	1.6E-1
3	1.8E-5	6.0E-2	1.6E-5	3.0E-5	4.7E-5	1.6E-2	1.7E-1
3.25	2.1E-5	-	-	4.0E-5	4.7E-5	1.6E-2	1.7E-1
3.5	2.5E-5	-	-	5.5E-5	4.7E-5	1.7E-2	1.7E-1
3.75	2.9E-5	-	-	7.5E-5	4.7E-5	1.7E-2	1.8E-1
4	3.2E-5	8.9E-2	4.1E-5	1.0E-4	4.8E-5	1.7E-2	1.8E-1
4.25	3.5E-5	-	-	1.4E-4	4.8E-5	1.7E-2	1.8E-1
4.5	3.8E-5	-	-	1.9E-4	4.8E-5	1.7E-2	1.9E-1
4.75	4.0E-5	-	-	2.7E-4	4.8E-5	1.7E-2	1.9E-1
5	4.2E-5	1.0E-1	1.4E-4	3.6E-4	4.8E-5	1.7E-2	1.9E-1
5.5	4.5E-5	-	-	6.2E-4	4.9E-5	1.8E-2	2.0E-1
6	4.6E-5	1.1E-1	4.8E-4	9.7E-4	4.9E-5	1.8E-2	2.0E-1
6.5	4.7E-5	-	-	1.4E-3	4.9E-5	1.8E-2	2.1E-1
7	4.8E-5	1.1E-1	1.4E-3	1.8E-3	5.0E-5	1.8E-2	2.2E-1
7.5	4.8E-5	-	-	2.1E-3	5.0E-5	1.8E-2	2.2E-1
8	4.8E-5	1.1E-1	2.8E-3	2.4E-3	5.0E-5	1.8E-2	2.3E-1
8.5	4.9E-5	-	-	2.6E-3	5.0E-5	1.9E-2	2.4E-1
9	4.9E-5	1.2E-1	3.9E-3	2.9E-3	5.1E-5	1.9E-2	2.4E-1
9.5	4.9E-5	-	-	3.2E-3	5.1E-5	1.9E-2	2.5E-1
10	5.0E-5	1.2E-1	4.8E-3	3.4E-3	5.1E-5	1.9E-2	2.6E-1
11	5.0E-5	1.2E-1	5.7E-3	4.0E-3	5.1E-5	1.9E-2	2.7E-1
12	5.0E-5	1.3E-1	6.7E-3	4.6E-3	5.2E-5	1.9E-2	2.8E-1
13	5.1E-5	1.3E-1	7.8E-3	5.3E-3	5.2E-5	1.9E-2	3.0E-1
14	5.1E-5	1.3E-1	8.9E-3	6.0E-3	5.2E-5	2.0E-2	3.1E-1
15	5.1E-5	1.3E-1	1.0E-2	6.8E-3	5.3E-5	2.0E-2	3.2E-1
16	5.2E-5	1.3E-1	1.1E-2	7.6E-3	5.3E-5	2.0E-2	3.3E-1
17	5.2E-5	1.3E-1	1.3E-2	8.3E-3	5.3E-5	2.0E-2	3.4E-1
18	5.2E-5	1.3E-1	1.4E-2	9.1E-3	5.3E-5	2.0E-2	3.5E-1
19	5.2E-5	1.3E-1	1.6E-2	9.9E-3	5.3E-5	1.9E-2	3.6E-1
20	5.2E-5	1.3E-1	1.7E-2	1.1E-2	5.4E-5	1.9E-2	3.7E-1
21	5.3E-5	1.3E-1	1.8E-2	1.1E-2	5.4E-5	1.9E-2	3.7E-1
22	5.3E-5	1.3E-1	1.9E-2	1.2E-2	5.4E-5	1.9E-2	3.8E-1
23	5.3E-5	1.2E-1	2.1E-2	1.3E-2	5.4E-5	1.9E-2	3.8E-1
24	5.3E-5	1.2E-1	2.2E-2	1.3E-2	5.4E-5	1.9E-2	3.9E-1
25	5.3E-5	1.2E-1	2.2E-2	1.4E-2	5.4E-5	1.9E-2	3.9E-1
26	5.3E-5	1.2E-1	2.3E-2	1.4E-2	5.4E-5	1.8E-2	3.9E-1
27	5.4E-5	1.2E-1	2.4E-2	1.4E-2	5.5E-5	1.8E-2	3.9E-1
28	5.4E-5	1.2E-1	2.5E-2	1.5E-2	5.5E-5	1.8E-2	3.9E-1
29	5.4E-5	1.2E-1	2.5E-2	1.5E-2	5.5E-5	1.8E-2	3.9E-1
30	5.4E-5	1.1E-1	2.6E-2	1.5E-2	5.5E-5	1.8E-2	3.9E-1
31	5.4E-5	1.1E-1	2.6E-2	1.5E-2	5.5E-5	1.7E-2	3.9E-1
32	5.4E-5	1.1E-1	2.7E-2	1.6E-2	5.5E-5	1.7E-2	3.9E-1
33	5.4E-5	1.1E-1	2.7E-2	1.6E-2	5.5E-5	1.7E-2	3.8E-1
34	5.5E-5	1.1E-1	2.7E-2	1.6E-2	5.6E-5	1.7E-2	3.8E-1
35	5.5E-5	1.1E-1	2.8E-2	1.6E-2	5.6E-5	1.7E-2	3.8E-1
36	5.5E-5	1.0E-1	2.8E-2	1.6E-2	5.6E-5	1.6E-2	3.7E-1
37	5.5E-5	1.0E-1	2.8E-2	1.6E-2	5.6E-5	1.6E-2	3.7E-1
38	5.5E-5	1.0E-1	2.8E-2	1.6E-2	5.6E-5	1.6E-2	3.7E-1
39	5.5E-5	1.0E-1	2.9E-2	1.7E-2	5.6E-5	1.6E-2	3.6E-1
40	5.5E-5	9.8E-2	2.9E-2	1.7E-2	5.6E-5	1.6E-2	3.6E-1
41	5.5E-5	9.7E-2	2.9E-2	1.7E-2	5.7E-5	1.5E-2	3.5E-1
42	5.6E-5	9.6E-2	2.9E-2	1.7E-2	5.7E-5	1.5E-2	3.5E-1
43	5.6E-5	9.4E-2	2.9E-2	1.7E-2	5.7E-5	1.5E-2	3.5E-1
44	5.6E-5	9.3E-2	2.9E-2	1.7E-2	5.7E-5	1.5E-2	3.4E-1
45	5.6E-5	9.2E-2	2.9E-2	1.7E-2	5.7E-5	1.5E-2	3.4E-1
46	5.6E-5	9.1E-2	3.0E-2	1.7E-2	5.7E-5	1.4E-2	3.3E-1
47	5.6E-5	9.0E-2	3.0E-2	1.7E-2	5.7E-5	1.4E-2	3.3E-1
48	5.6E-5	8.8E-2	3.0E-2	1.7E-2	5.8E-5	1.4E-2	3.3E-1
49	5.7E-5	8.7E-2	3.0E-2	1.7E-2	5.8E-5	1.4E-2	3.2E-1
50	5.7E-5	8.6E-2	3.0E-2	1.7E-2	5.8E-5	1.4E-2	3.2E-1
51	5.7E-5	8.5E-2	3.0E-2	1.7E-2	5.8E-5	1.4E-2	3.1E-1
52	5.7E-5	8.4E-2	3.0E-2	1.8E-2	5.8E-5	1.3E-2	3.1E-1
53	5.7E-5	8.3E-2	3.0E-2	1.8E-2	5.8E-5	1.3E-2	3.0E-1
54	5.7E-5	8.3E-2	3.1E-2	1.8E-2	5.9E-5	1.3E-2	3.0E-1
55	5.7E-5	8.2E-2	3.1E-2	1.8E-2	5.9E-5	1.3E-2	3.0E-1
56	5.8E-5	8.1E-2	3.1E-2	1.8E-2	5.9E-5	1.3E-2	2.9E-1
57	5.8E-5	8.0E-2	3.1E-2	1.8E-2	5.9E-5	1.3E-2	2.9E-1
58	5.8E-5	7.9E-2	3.1E-2	1.8E-2	5.9E-5	1.2E-2	2.9E-1
59	5.8E-5	7.8E-2	3.1E-2	1.8E-2	5.9E-5	1.2E-2	2.8E-1
60	5.8E-5	7.8E-2	3.1E-2	1.8E-2	6.0E-5	1.2E-2	2.8E-1
61	5.8E-5	7.7E-2	3.1E-2	1.8E-2	6.0E-5	1.2E-2	2.8E-1
62	5.9E-5	7.6E-2	3.2E-2	1.8E-2	6.0E-5	1.2E-2	2.7E-1
63	5.9E-5	7.6E-2	3.2E-2	1.8E-2	6.0E-5	1.2E-2	2.7E-1
64	5.9E-5	7.5E-2	3.2E-2	1.8E-2	6.0E-5	1.2E-2	2.7E-1
65	5.9E-5	7.4E-2	3.2E-2	1.8E-2	6.0E-5	1.1E-2	2.6E-1
66	5.9E-5	7.4E-2	3.2E-2	1.8E-2	6.1E-5	1.1E-2	2.6E-1
67	5.9E-5	7.3E-2	3.2E-2	1.9E-2	6.1E-5	1.1E-2	2.6E-1
68	5.9E-5	7.2E-2	3.2E-2	1.9E-2	6.1E-5	1.1E-2	2.5E-1
69	6.0E-5	7.2E-2	3.2E-2	1.9E-2	6.1E-5	1.1E-2	2.5E-1
70	6.0E-5	7.1E-2	3.3E-2	1.9E-2	6.1E-5	1.1E-2	2.5E-1
71	6.0E-5	7.1E-2	3.3E-2	1.9E-2	6.1E-5	1.1E-2	2.5E-1
72	6.0E-5	7.0E-2	3.3E-2	1.9E-2	6.2E-5	1.1E-2	2.4E-1
73	6.0E-5	7.0E-2	3.3E-2	1.9E-2	6.2E-5	1.0E-2	2.4E-1
74	6.0E-5	6.9E-2	3.3E-2	1.9E-2	6.2E-5	1.0E-2	2.4E-1
75	6.1E-5	6.9E-2	3.3E-2	1.9E-2	6.2E-5	1.0E-2	2.4E-1
76	6.1E-5	6.8E-2	3.3E-2	1.9E-2	6.2E-5	1.0E-2	2.3E-1
77	6.1E-5	6.8E-2	3.3E-2	1.9E-2	6.2E-5	9.9E-3	2.3E-1
78	6.1E-5	6.7E-2	3.4E-2	1.9E-2	6.3E-5	9.8E-3	2.3E-1
79	6.1E-5	6.7E-2	3.4E-2	1.9E-2	6.3E-5	9.7E-3	2.3E-1
80	6.1E-5	6.6E-2	3.4E-2	1.9E-2	6.3E-5	9.6E-3	2.3E-1
81	6.2E-5	6.6E-2	3.4E-2	2.0E-2	6.3E-5	9.5E-3	2.2E-1
82	6.2E-5	6.6E-2	3.4E-2	2.0E-2	6.3E-5	9.4E-3	2.2E-1
83	6.2E-5	6.5E-2	3.4E-2	2.0E-2	6.4E-5	9.3E-3	2.2E-1
84	6.2E-5	6.5E-2	3.4E-2	2.0E-2	6.4E-5	9.2E-3	2.2E-1
85	6.2E-5	6.4E-2	3.5E-2	2.0E-2	6.4E-5	9.1E-3	2.2E-1
86	6.2E-5	6.4E-2	3.5E-2	2.0E-2	6.4E-5	9.0E-3	2.1E-1
87	6.3E-5	6.4E-2	3.5E-2	2.0E-2	6.4E-5	8.9E-3	2.1E-1
88	6.3E-5	6.3E-2	3.5E-2	2.0E-2	6.4E-5	8.8E-3	2.1E-1
89	6.3E-5	6.3E-2	3.5E-2	2.0E-2	6.5E-5	8.8E-3	2.1E-1
90	6.3E-5	6.3E-2	3.5E-2	2.0E-2	6.5E-5	8.7E-3	2.1E-1
91	6.3E-5	6.2E-2	3.5E-2	2.0E-2	6.5E-5	8.6E-3	2.0E-1
92	6.4E-5	6.2E-2	3.6E-2	2.0E-2	6.5E-5	8.5E-3	2.0E-1
93	6.4E-5	6.2E-2	3.6E-2	2.0E-2	6.5E-5	8.4E-3	2.0E-1
94	6.4E-5	6.1E-2	3.6E-2	2.1E-2	6.6E-5	8.3E-3	2.0E-1
95	6.4E-5	6.1E-2	3.6E-2	2.1E-2	6.6E-5	8.3E-3	2.0E-1
96	6.4E-5	6.1E-2	3.6E-2	2.1E-2	6.6E-5	8.2E-3	2.0E-1
97	6.4E-5	6.1E-2	3.6E-2	2.1E-2	6.6E-5	8.1E-3	2.0E-1
98	6.5E-5	6.0E-2	3.6E-2	2.1E-2	6.6E-5	8.0E-3	1.9E-1
99	6.5E-5	6.0E-2	3.7E-2	2.1E-2	6.7E-5	7.9E-3	1.9E-1
100	6.5E-5	6.0E-2	3.7E-2	2.1E-2	6.7E-5	7.9E-3	1.9E-1
110	6.7E-5	5.8E-2	3.8E-2	2.2E-2	6.9E-5	7.2E-3	1.8E-1
120	6.9E-5	5.6E-2	4.0E-2	2.3E-2	7.1E-5	6.7E-3	1.7E-1
130	7.1E-5	5.5E-2	4.2E-2	2.4E-2	7.3E-5	6.2E-3	1.6E-1
140	7.3E-5	5.4E-2	4.4E-2	2.5E-2	7.6E-5	5.8E-3	1.5E-1
150	7.5E-5	5.3E-2	4.6E-2	2.6E-2	7.8E-5	5.4E-3	1.4E-1
160	7.8E-5	5.3E-2	4.8E-2	2.7E-2	8.1E-5	5.1E-3	1.4E-1
170	8.0E-5	5.2E-2	5.0E-2	2.8E-2	8.4E-5	4.9E-3	1.3E-1
180	8.3E-5	5.2E-2	5.2E-2	3.0E-2	8.6E-5	4.6E-3	1.3E-1
190	8.5E-5	5.2E-2	5.5E-2	3.1E-2	8.9E-5	4.5E-3	1.2E-1
200	8.8E-5	5.2E-2	5.8E-2	3.2E-2	9.2E-5	4.3E-3	1.2E-1
210	9.1E-5	5.3E-2	6.0E-2	3.4E-2	9.6E-5	4.1E-3	1.2E-1
220	9.4E-5	5.3E-2	6.3E-2	3.5E-2	9.9E-5	4.0E-3	1.1E-1
230	9.7E-5	5.4E-2	6.7E-2	3.7E-2	1.0E-4	3.9E-3	1.1E-1
240	1.0E-4	5.4E-2	7.0E-2	3.9E-2	1.1E-4	3.7E-3	1.1E-1
250	1.0E-4	5.5E-2	7.4E-2	4.1E-2	1.1E-4	3.6E-3	1.1E-1
260	1.1E-4	5.6E-2	7.7E-2	4.3E-2	1.1E-4	3.6E-3	1.0E-1
270	1.1E-4	5.7E-2	8.2E-2	4.5E-2	1.2E-4	3.5E-3	1.0E-1
280	1.1E-4	5.8E-2	8.6E-2	4.7E-2	1.2E-4	3.4E-3	9.9E-2
290	1.2E-4	5.9E-2	9.0E-2	4.9E-2	1.3E-4	3.3E-3	9.8E-2
300	1.2E-4	6.0E-2	9.5E-2	5.2E-2	1.3E-4	3.3E-3	9.6E-2
310	1.3E-4	6.1E-2	1.0E-1	5.4E-2	1.4E-4	3.2E-3	9.5E-2
320	1.3E-4	6.2E-2	1.1E-1	5.7E-2	1.4E-4	3.2E-3	9.4E-2
330	1.4E-4	6.4E-2	1.1E-1	6.0E-2	1.5E-4	3.1E-3	9.2E-2
340	1.4E-4	6.5E-2	1.2E-1	6.3E-2	1.5E-4	3.1E-3	9.1E-2
350	1.4E-4	6.6E-2	1.2E-1	6.6E-2	1.6E-4	3.0E-3	9.0E-2
360	1.5E-4	6.8E-2	1.3E-1	6.9E-2	1.6E-4	3.0E-3	8.9E-2
365	1.5E-4	6.9E-2	1.3E-1	7.1E-2	1.7E-4	3.0E-3	8.9E-2
370	1.5E-4	7.0E-2	1.4E-1	7.3E-2	1.7E-4	3.0E-3	8.8E-2
380	1.6E-4	7.1E-2	1.5E-1	7.7E-2	1.8E-4	2.9E-3	8.7E-2
390	1.7E-4	7.3E-2	1.5E-1	8.0E-2	1.8E-4	2.9E-3	8.7E-2
400	1.7E-4	7.5E-2	1.6E-1	8.4E-2	1.9E-4	2.9E-3	8.6E-2
410	1.8E-4	7.7E-2	1.7E-1	8.9E-2	2.0E-4	2.9E-3	8.5E-2
420	1.8E-4	7.9E-2	1.8E-1	9.3E-2	2.0E-4	2.8E-3	8.4E-2
430	1.9E-4	8.1E-2	1.9E-1	9.8E-2	2.1E-4	2.8E-3	8.4E-2
440	2.0E-4	8.4E-2	2.0E-1	1.0E-1	2.2E-4	2.8E-3	8.3E-2
450	2.0E-4	8.6E-2	2.1E-1	1.1E-1	2.3E-4	2.8E-3	8.3E-2
460	2.1E-4	8.8E-2	2.3E-1	1.1E-1	2.4E-4	2.8E-3	8.2E-2
470	2.2E-4	9.1E-2	2.4E-1	1.2E-1	2.4E-4	2.8E-3	8.2E-2
480	2.2E-4	9.4E-2	2.5E-1	1.3E-1	2.5E-4	2.7E-3	8.1E-2
490	2.3E-4	9.6E-2	2.7E-1	1.3E-1	2.6E-4	2.7E-3	8.1E-2
500	2.4E-4	9.9E-2	2.8E-1	1.4E-1	2.7E-4	2.7E-3	8.0E-2
510	2.5E-4	1.0E-1	3.0E-1	1.4E-1	2.8E-4	2.7E-3	8.0E-2
520	2.5E-4	1.1E-1	3.2E-1	1.5E-1	2.9E-4	2.7E-3	8.0E-2
530	2.6E-4	1.1E-1	3.4E-1	1.6E-1	3.0E-4	2.7E-3	7.9E-2
540	2.7E-4	1.1E-1	3.6E-1	1.7E-1	3.2E-4	2.7E-3	7.9E-2
550	2.8E-4	1.1E-1	3.8E-1	1.7E-1	3.3E-4	2.7E-3	7.9E-2
560	2.9E-4	1.2E-1	4.0E-1	1.8E-1	3.4E-4	2.7E-3	7.8E-2
570	3.0E-4	1.2E-1	4.2E-1	1.9E-1	3.5E-4	2.7E-3	7.8E-2
580	3.1E-4	1.3E-1	4.5E-1	2.0E-1	3.6E-4	2.7E-3	7.8E-2
590	3.2E-4	1.3E-1	4.7E-1	2.1E-1	3.8E-4	2.7E-3	7.8E-2
600	3.3E-4	1.3E-1	5.0E-1	2.2E-1	3.9E-4	2.7E-3	7.7E-2
610	3.4E-4	1.4E-1	5.3E-1	2.3E-1	4.1E-4	2.7E-3	7.7E-2
620	3.5E-4	1.4E-1	5.7E-1	2.4E-1	4.2E-4	2.6E-3	7.7E-2
630	3.6E-4	1.5E-1	6.0E-1	2.5E-1	4.4E-4	2.6E-3	7.7E-2
640	3.7E-4	1.5E-1	6.4E-1	2.6E-1	4.5E-4	2.6E-3	7.7E-2
650	3.8E-4	1.6E-1	6.7E-1	2.7E-1	4.7E-4	2.6E-3	7.6E-2
660	3.9E-4	1.6E-1	7.1E-1	2.9E-1	4.9E-4	2.6E-3	7.6E-2
670	4.0E-4	1.7E-1	7.6E-1	3.0E-1	5.1E-4	2.6E-3	7.6E-2
680	4.1E-4	1.7E-1	8.0E-1	3.1E-1	5.2E-4	2.6E-3	7.6E-2
690	4.3E-4	1.8E-1	8.5E-1	3.2E-1	5.4E-4	2.6E-3	7.6E-2
700	4.4E-4	1.8E-1	9.0E-1	3.4E-1	5.6E-4	2.6E-3	7.6E-2
710	4.5E-4	1.9E-1	9.6E-1	3.5E-1	5.8E-4	2.6E-3	7.6E-2
720	4.6E-4	1.9E-1	1.0E+0	3.6E-1	6.0E-4	2.6E-3	7.6E-2
730	4.8E-4	2.0E-1	1.1E+0	3.8E-1	6.3E-4	2.6E-3	7.5E-2
740	4.9E-4	2.1E-1	1.1E+0	3.9E-1	6.5E-4	2.6E-3	7.5E-2
750	5.1E-4	2.1E-1	1.2E+0	4.1E-1	6.7E-4	2.6E-3	7.5E-2
760	5.2E-4	2.2E-1	1.3E+0	4.2E-1	7.0E-4	2.6E-3	7.5E-2
770	5.3E-4	2.3E-1	1.4E+0	4.4E-1	7.2E-4	2.6E-3	7.5E-2
780	5.5E-4	2.3E-1	1.5E+0	4.5E-1	7.5E-4	2.6E-3	7.5E-2
790	5.6E-4	2.4E-1	1.5E+0	4.7E-1	7.8E-4	2.6E-3	7.5E-2
800	5.8E-4	2.5E-1	1.6E+0	4.8E-1	8.1E-4	2.7E-3	7.5E-2
810	5.9E-4	2.6E-1	1.7E+0	5.0E-1	8.3E-4	2.7E-3	7.5E-2
820	6.1E-4	2.7E-1	1.8E+0	5.2E-1	8.6E-4	2.7E-3	7.5E-2
830	6.3E-4	2.8E-1	2.0E+0	5.3E-1	9.0E-4	2.7E-3	7.5E-2
840	6.4E-4	2.8E-1	2.1E+0	5.5E-1	9.3E-4	2.7E-3	7.5E-2
850	6.6E-4	2.9E-1	2.2E+0	5.6E-1	9.6E-4	2.7E-3	7.5E-2
860	6.8E-4	3.0E-1	2.3E+0	5.8E-1	1.0E-3	2.7E-3	7.5E-2
870	6.9E-4	3.1E-1	2.5E+0	6.0E-1	1.0E-3	2.7E-3	7.5E-2
880	7.1E-4	3.2E-1	2.6E+0	6.1E-1	1.1E-3	2.7E-3	7.5E-2
890	7.3E-4	3.3E-1	2.8E+0	6.3E-1	1.1E-3	2.7E-3	7.5E-2
900	7.5E-4	3.4E-1	3.0E+0	6.4E-1	1.1E-3	2.7E-3	7.5E-2
910	7.7E-4	3.5E-1	3.2E+0	6.6E-1	1.2E-3	2.7E-3	7.5E-2
920	7.8E-4	3.7E-1	3.4E+0	6.8E-1	1.2E-3	2.7E-3	7.5E-2
930	8.0E-4	3.8E-1	3.6E+0	6.9E-1	1.3E-3	2.7E-3	7.5E-2
940	8.2E-4	3.9E-1	3.8E+0	7.1E-1	1.3E-3	2.7E-3	7.5E-2
950	8.4E-4	4.0E-1	4.0E+0	7.2E-1	1.4E-3	2.7E-3	7.5E-2
960	8.6E-4	4.2E-1	4.3E+0	7.4E-1	1.4E-3	2.7E-3	7.5E-2
970	8.8E-4	4.3E-1	4.5E+0	7.5E-1	1.5E-3	2.7E-3	7.5E-2
980	9.0E-4	4.4E-1	4.8E+0	7.6E-1	1.5E-3	2.7E-3	7.5E-2
990	9.2E-4	4.6E-1	5.1E+0	7.8E-1	1.6E-3	2.7E-3	7.5E-2
1000	9.4E-4	4.7E-1	5.4E+0	7.9E-1	1.6E-3	2.7E-3	7.5E-2
1010	9.6E-4	4.9E-1	5.8E+0	8.1E-1	1.7E-3	2.7E-3	7.5E-2
1020	9.8E-4	5.0E-1	6.1E+0	8.2E-1	1.8E-3	2.7E-3	7.5E-2
1030	1.0E-3	5.2E-1	6.5E+0	8.3E-1	1.8E-3	2.7E-3	7.5E-2
1040	1.0E-3	5.4E-1	6.9E+0	8.4E-1	1.9E-3	2.7E-3	7.5E-2
1050	1.0E-3	5.5E-1	7.3E+0	8.6E-1	1.9E-3	2.7E-3	7.6E-2
1060	1.1E-3	5.7E-1	7.8E+0	8.7E-1	2.0E-3	2.8E-3	7.6E-2
1070	1.1E-3	5.9E-1	8.3E+0	8.8E-1	2.1E-3	2.8E-3	7.6E-2
1080	1.1E-3	6.1E-1	8.8E+0	8.9E-1	2.2E-3	2.8E-3	7.6E-2
1090	1.1E-3	6.3E-1	9.3E+0	9.0E-1	2.2E-3	2.8E-3	7.6E-2
1095	1.1E-3	6.4E-1	9.6E+0	9.1E-1	2.3E-3	2.8E-3	7.6E-2
1100	1.2E-3	6.5E-1	9.9E+0	9.1E-1	2.3E-3	2.8E-3	7.6E-2
1200	1.4E-3	8.8E-1	1.8E+1	1.0E+0	3.3E-3	2.8E-3	7.7E-2
1300	1.6E-3	1.2E+0	3.2E+1	1.1E+0	4.7E-3	2.9E-3	7.8E-2
1400	1.8E-3	1.6E+0	5.7E+1	1.1E+0	6.7E-3	3.0E-3	7.9E-2
1500	2.0E-3	2.2E+0	9.9E+1	1.1E+0	9.5E-3	3.0E-3	8.0E-2
1600	2.2E-3	2.9E+0	1.7E+2	1.1E+0	1.4E-2	3.1E-3	8.1E-2
1700	2.3E-3	3.7E+0	2.7E+2	1.1E+0	1.9E-2	3.2E-3	8.3E-2
1800	2.5E-3	4.8E+0	4.2E+2	1.1E+0	2.7E-2	3.3E-3	8.4E-2
1900	2.6E-3	6.0E+0	6.1E+2	1.2E+0	3.9E-2	3.3E-3	8.6E-2
2000	2.7E-3	7.3E+0	8.5E+2	1.2E+0	5.6E-2	3.4E-3	8.7E-2
2100	2.8E-3	8.6E+0	1.1E+3	1.2E+0	8.0E-2	3.5E-3	8.9E-2
2200	2.9E-3	1.0E+1	1.4E+3	1.2E+0	1.1E-1	3.6E-3	9.0E-2
2300	3.0E-3	1.1E+1	1.6E+3	1.2E+0	1.6E-1	3.7E-3	9.2E-2
2400	3.1E-3	1.3E+1	1.9E+3	1.2E+0	2.2E-1	3.8E-3	9.4E-2
2500	3.1E-3	1.4E+1	2.1E+3	1.2E+0	3.1E-1	3.8E-3	9.5E-2
2600	3.2E-3	1.5E+1	2.3E+3	1.2E+0	4.3E-1	3.9E-3	9.7E-2
2700	3.3E-3	1.6E+1	2.4E+3	1.2E+0	5.8E-1	4.0E-3	9.9E-2
2800	3.3E-3	1.7E+1	2.6E+3	1.2E+0	7.7E-1	4.1E-3	1.0E-1
2900	3.4E-3	1.8E+1	2.7E+3	1.2E+0	9.9E-1	4.2E-3	1.0E-1
3000	3.4E-3	1.9E+1	2.9E+3	1.2E+0	1.2E+0	4.3E-3	1.0E-1
3100	3.5E-3	2.0E+1	3.0E+3	1.2E+0	1.5E+0	4.3E-3	1.1E-1
3200	3.6E-3	2.1E+1	3.1E+3	1.2E+0	1.7E+0	4.4E-3	1.1E-1
3300	3.6E-3	2.2E+1	3.3E+3	1.2E+0	1.9E+0	4.5E-3	1.1E-1
3400	3.7E-3	2.3E+1	3.4E+3	1.2E+0	2.1E+0	4.6E-3	1.1E-1
3500	3.8E-3	2.3E+1	3.5E+3	1.2E+0	2.3E+0	4.7E-3	1.1E-1
3600	3.8E-3	2.4E+1	3.7E+3	1.2E+0	2.4E+0	4.8E-3	1.2E-1
3650	3.8E-3	2.5E+1	3.7E+3	1.2E+0	2.5E+0	4.8E-3	1.2E-1
4000	4.1E-3	2.8E+1	4.2E+3	1.2E+0	2.6E+0	5.1E-3	1.3E-1
5000	4.6E-3	3.8E+1	5.7E+3	1.2E+0	2.8E+0	6.0E-3	1.5E-1
6000	5.2E-3	4.9E+1	7.4E+3	1.2E+0	2.8E+0	6.9E-3	1.8E-1
7000	5.8E-3	6.2E+1	9.3E+3	1.3E+0	2.9E+0	7.8E-3	2.2E-1
8000	6.3E-3	7.5E+1	1.1E+4	1.3E+0	2.9E+0	8.6E-3	2.6E-1
9000	6.8E-3	8.8E+1	1.3E+4	1.3E+0	3.0E+0	9.5E-3	3.2E-1
10000	7.4E-3	1.0E+2	1.5E+4	1.3E+0	3.0E+0	1.0E-2	3.8E-1
11000	7.9E-3	1.1E+2	1.7E+4	1.4E+0	3.1E+0	1.1E-2	4.6E-1
12000	8.4E-3	1.3E+2	1.9E+4	1.4E+0	3.1E+0	1.2E-2	5.5E-1
13000	9.0E-3	1.4E+2	2.1E+4	1.4E+0	3.2E+0	1.4E-2	6.6E-1
14000	9.6E-3	1.6E+2	2.3E+4	1.4E+0	3.3E+0	1.5E-2	7.9E-1
15000	1.0E-2	1.7E+2	2.5E+4	1.5E+0	3.3E+0	1.6E-2	9.5E-1
16000	1.1E-2	1.8E+2	-	1.5E+0	3.4E+0	1.7E-2	1.1E+0
17000	1.1E-2	2.0E+2	-	1.5E+0	3.4E+0	1.9E-2	1.4E+0
18000	1.2E-2	2.2E+2	-	1.5E+0	3.5E+0	2.0E-2	1.6E+0
18250	1.2E-2	2.2E+2	-	1.5E+0	3.5E+0	2.1E-2	1.7E+0
Radionuclide	U-235
Route of Intake	Inhalation
Material	Aerosols Uranium aluminide, fA=2E-3
AMTD/AMAD, µm	10

Committed Effective Dose per Predicted Content in an Organ or Excreta Sample (Dose per Content Functions z(t)), Sv/Bq
Time, days	Whole Body	Urine (24-hour sample)	Faeces (24-hour sample)	Alimentary Tract*	Lungs*	Skeleton*	Liver*
0.041667	2.2E-6	-	-	6.1E-6	4.4E-5	7.8E-1	9.0E-1
0.083333	2.2E-6	-	-	5.4E-6	4.7E-5	1.8E-1	3.1E-1
0.125	2.3E-6	-	-	5.0E-6	5.0E-5	8.8E-2	2.1E-1
0.25	2.3E-6	-	-	4.2E-6	5.5E-5	3.3E-2	1.4E-1
0.375	2.4E-6	-	-	3.8E-6	5.6E-5	2.1E-2	1.2E-1
0.5	2.5E-6	-	-	3.5E-6	5.7E-5	1.6E-2	1.1E-1
0.625	2.6E-6	-	-	3.4E-6	5.7E-5	1.4E-2	1.0E-1
0.75	2.7E-6	-	-	3.4E-6	5.8E-5	1.3E-2	1.0E-1
0.875	2.8E-6	-	-	3.4E-6	5.8E-5	1.2E-2	9.9E-2
1	2.9E-6	2.7E-3	2.0E-5	3.5E-6	5.8E-5	1.1E-2	9.7E-2
1.125	3.1E-6	-	-	3.6E-6	5.8E-5	1.1E-2	9.6E-2
1.25	3.4E-6	-	-	3.8E-6	5.9E-5	1.0E-2	9.6E-2
1.375	3.6E-6	-	-	4.1E-6	5.9E-5	1.0E-2	9.6E-2
1.5	3.9E-6	-	-	4.4E-6	5.9E-5	1.0E-2	9.6E-2
1.625	4.3E-6	-	-	4.8E-6	5.9E-5	1.0E-2	9.6E-2
1.75	4.7E-6	-	-	5.3E-6	6.0E-5	1.0E-2	9.7E-2
1.875	5.2E-6	-	-	5.9E-6	6.0E-5	1.0E-2	9.7E-2
2	5.7E-6	1.1E-2	6.4E-6	6.5E-6	6.0E-5	1.0E-2	9.8E-2
2.25	7.1E-6	-	-	8.3E-6	6.1E-5	1.0E-2	9.9E-2
2.5	8.9E-6	-	-	1.1E-5	6.1E-5	1.0E-2	1.0E-1
2.75	1.1E-5	-	-	1.4E-5	6.1E-5	1.0E-2	1.0E-1
3	1.4E-5	4.0E-2	9.7E-6	1.9E-5	6.2E-5	1.0E-2	1.0E-1
3.25	1.8E-5	-	-	2.5E-5	6.2E-5	1.0E-2	1.1E-1
3.5	2.2E-5	-	-	3.5E-5	6.3E-5	1.0E-2	1.1E-1
3.75	2.7E-5	-	-	4.8E-5	6.3E-5	1.1E-2	1.1E-1
4	3.2E-5	6.3E-2	2.6E-5	6.6E-5	6.3E-5	1.1E-2	1.1E-1
4.25	3.7E-5	-	-	9.2E-5	6.4E-5	1.1E-2	1.2E-1
4.5	4.2E-5	-	-	1.3E-4	6.4E-5	1.1E-2	1.2E-1
4.75	4.6E-5	-	-	1.8E-4	6.4E-5	1.1E-2	1.2E-1
5	5.0E-5	7.3E-2	8.7E-5	2.5E-4	6.5E-5	1.1E-2	1.2E-1
5.5	5.6E-5	-	-	4.6E-4	6.5E-5	1.1E-2	1.3E-1
6	5.9E-5	7.9E-2	3.3E-4	7.9E-4	6.6E-5	1.1E-2	1.3E-1
6.5	6.1E-5	-	-	1.2E-3	6.6E-5	1.1E-2	1.4E-1
7	6.2E-5	8.4E-2	1.1E-3	1.7E-3	6.7E-5	1.2E-2	1.4E-1
7.5	6.3E-5	-	-	2.1E-3	6.7E-5	1.2E-2	1.5E-1
8	6.4E-5	9.0E-2	2.6E-3	2.5E-3	6.8E-5	1.2E-2	1.5E-1
8.5	6.5E-5	-	-	2.9E-3	6.8E-5	1.2E-2	1.6E-1
9	6.5E-5	9.5E-2	4.1E-3	3.2E-3	6.9E-5	1.2E-2	1.6E-1
9.5	6.5E-5	-	-	3.5E-3	6.9E-5	1.2E-2	1.7E-1
10	6.6E-5	1.0E-1	5.3E-3	3.8E-3	6.9E-5	1.2E-2	1.7E-1
11	6.7E-5	1.0E-1	6.4E-3	4.5E-3	7.0E-5	1.3E-2	1.8E-1
12	6.7E-5	1.1E-1	7.5E-3	5.2E-3	7.0E-5	1.3E-2	1.9E-1
13	6.8E-5	1.1E-1	8.8E-3	6.0E-3	7.1E-5	1.3E-2	2.0E-1
14	6.8E-5	1.2E-1	1.0E-2	7.0E-3	7.1E-5	1.3E-2	2.1E-1
15	6.9E-5	1.2E-1	1.2E-2	7.9E-3	7.2E-5	1.3E-2	2.3E-1
16	6.9E-5	1.2E-1	1.3E-2	8.9E-3	7.2E-5	1.3E-2	2.4E-1
17	6.9E-5	1.3E-1	1.5E-2	1.0E-2	7.2E-5	1.3E-2	2.5E-1
18	7.0E-5	1.3E-1	1.7E-2	1.1E-2	7.3E-5	1.4E-2	2.6E-1
19	7.0E-5	1.3E-1	1.9E-2	1.2E-2	7.3E-5	1.4E-2	2.7E-1
20	7.0E-5	1.3E-1	2.1E-2	1.3E-2	7.3E-5	1.4E-2	2.8E-1
21	7.1E-5	1.3E-1	2.3E-2	1.4E-2	7.3E-5	1.4E-2	2.9E-1
22	7.1E-5	1.3E-1	2.4E-2	1.5E-2	7.3E-5	1.4E-2	3.0E-1
23	7.1E-5	1.3E-1	2.6E-2	1.6E-2	7.4E-5	1.4E-2	3.1E-1
24	7.1E-5	1.4E-1	2.8E-2	1.7E-2	7.4E-5	1.4E-2	3.1E-1
25	7.2E-5	1.4E-1	2.9E-2	1.8E-2	7.4E-5	1.4E-2	3.2E-1
26	7.2E-5	1.4E-1	3.0E-2	1.8E-2	7.4E-5	1.4E-2	3.3E-1
27	7.2E-5	1.4E-1	3.2E-2	1.9E-2	7.5E-5	1.4E-2	3.3E-1
28	7.2E-5	1.3E-1	3.3E-2	1.9E-2	7.5E-5	1.4E-2	3.4E-1
29	7.2E-5	1.3E-1	3.4E-2	2.0E-2	7.5E-5	1.4E-2	3.4E-1
30	7.3E-5	1.3E-1	3.5E-2	2.0E-2	7.5E-5	1.4E-2	3.5E-1
31	7.3E-5	1.3E-1	3.5E-2	2.1E-2	7.5E-5	1.4E-2	3.5E-1
32	7.3E-5	1.3E-1	3.6E-2	2.1E-2	7.6E-5	1.3E-2	3.5E-1
33	7.3E-5	1.3E-1	3.7E-2	2.1E-2	7.6E-5	1.3E-2	3.6E-1
34	7.3E-5	1.3E-1	3.7E-2	2.2E-2	7.6E-5	1.3E-2	3.6E-1
35	7.3E-5	1.3E-1	3.7E-2	2.2E-2	7.6E-5	1.3E-2	3.6E-1
36	7.4E-5	1.3E-1	3.8E-2	2.2E-2	7.6E-5	1.3E-2	3.6E-1
37	7.4E-5	1.3E-1	3.8E-2	2.2E-2	7.6E-5	1.3E-2	3.6E-1
38	7.4E-5	1.3E-1	3.9E-2	2.2E-2	7.7E-5	1.3E-2	3.6E-1
39	7.4E-5	1.2E-1	3.9E-2	2.2E-2	7.7E-5	1.3E-2	3.6E-1
40	7.4E-5	1.2E-1	3.9E-2	2.3E-2	7.7E-5	1.3E-2	3.6E-1
41	7.5E-5	1.2E-1	3.9E-2	2.3E-2	7.7E-5	1.3E-2	3.6E-1
42	7.5E-5	1.2E-1	4.0E-2	2.3E-2	7.7E-5	1.3E-2	3.5E-1
43	7.5E-5	1.2E-1	4.0E-2	2.3E-2	7.8E-5	1.3E-2	3.5E-1
44	7.5E-5	1.2E-1	4.0E-2	2.3E-2	7.8E-5	1.3E-2	3.5E-1
45	7.5E-5	1.2E-1	4.0E-2	2.3E-2	7.8E-5	1.3E-2	3.5E-1
46	7.6E-5	1.2E-1	4.0E-2	2.3E-2	7.8E-5	1.3E-2	3.5E-1
47	7.6E-5	1.1E-1	4.1E-2	2.3E-2	7.9E-5	1.2E-2	3.4E-1
48	7.6E-5	1.1E-1	4.1E-2	2.4E-2	7.9E-5	1.2E-2	3.4E-1
49	7.6E-5	1.1E-1	4.1E-2	2.4E-2	7.9E-5	1.2E-2	3.4E-1
50	7.6E-5	1.1E-1	4.1E-2	2.4E-2	7.9E-5	1.2E-2	3.4E-1
51	7.6E-5	1.1E-1	4.1E-2	2.4E-2	7.9E-5	1.2E-2	3.3E-1
52	7.7E-5	1.1E-1	4.1E-2	2.4E-2	8.0E-5	1.2E-2	3.3E-1
53	7.7E-5	1.1E-1	4.2E-2	2.4E-2	8.0E-5	1.2E-2	3.3E-1
54	7.7E-5	1.1E-1	4.2E-2	2.4E-2	8.0E-5	1.2E-2	3.3E-1
55	7.7E-5	1.1E-1	4.2E-2	2.4E-2	8.0E-5	1.2E-2	3.2E-1
56	7.7E-5	1.0E-1	4.2E-2	2.4E-2	8.0E-5	1.2E-2	3.2E-1
57	7.8E-5	1.0E-1	4.2E-2	2.4E-2	8.1E-5	1.2E-2	3.2E-1
58	7.8E-5	1.0E-1	4.2E-2	2.4E-2	8.1E-5	1.2E-2	3.1E-1
59	7.8E-5	1.0E-1	4.3E-2	2.5E-2	8.1E-5	1.1E-2	3.1E-1
60	7.8E-5	1.0E-1	4.3E-2	2.5E-2	8.1E-5	1.1E-2	3.1E-1
61	7.8E-5	1.0E-1	4.3E-2	2.5E-2	8.2E-5	1.1E-2	3.1E-1
62	7.9E-5	1.0E-1	4.3E-2	2.5E-2	8.2E-5	1.1E-2	3.0E-1
63	7.9E-5	9.9E-2	4.3E-2	2.5E-2	8.2E-5	1.1E-2	3.0E-1
64	7.9E-5	9.8E-2	4.3E-2	2.5E-2	8.2E-5	1.1E-2	3.0E-1
65	7.9E-5	9.7E-2	4.4E-2	2.5E-2	8.2E-5	1.1E-2	3.0E-1
66	8.0E-5	9.7E-2	4.4E-2	2.5E-2	8.3E-5	1.1E-2	2.9E-1
67	8.0E-5	9.6E-2	4.4E-2	2.5E-2	8.3E-5	1.1E-2	2.9E-1
68	8.0E-5	9.5E-2	4.4E-2	2.5E-2	8.3E-5	1.1E-2	2.9E-1
69	8.0E-5	9.4E-2	4.4E-2	2.5E-2	8.3E-5	1.1E-2	2.9E-1
70	8.0E-5	9.4E-2	4.4E-2	2.6E-2	8.4E-5	1.1E-2	2.8E-1
71	8.1E-5	9.3E-2	4.5E-2	2.6E-2	8.4E-5	1.1E-2	2.8E-1
72	8.1E-5	9.2E-2	4.5E-2	2.6E-2	8.4E-5	1.0E-2	2.8E-1
73	8.1E-5	9.2E-2	4.5E-2	2.6E-2	8.4E-5	1.0E-2	2.8E-1
74	8.1E-5	9.1E-2	4.5E-2	2.6E-2	8.5E-5	1.0E-2	2.7E-1
75	8.1E-5	9.1E-2	4.5E-2	2.6E-2	8.5E-5	1.0E-2	2.7E-1
76	8.2E-5	9.0E-2	4.5E-2	2.6E-2	8.5E-5	1.0E-2	2.7E-1
77	8.2E-5	8.9E-2	4.6E-2	2.6E-2	8.5E-5	1.0E-2	2.7E-1
78	8.2E-5	8.9E-2	4.6E-2	2.6E-2	8.6E-5	1.0E-2	2.6E-1
79	8.2E-5	8.8E-2	4.6E-2	2.6E-2	8.6E-5	9.9E-3	2.6E-1
80	8.3E-5	8.8E-2	4.6E-2	2.7E-2	8.6E-5	9.9E-3	2.6E-1
81	8.3E-5	8.7E-2	4.6E-2	2.7E-2	8.6E-5	9.8E-3	2.6E-1
82	8.3E-5	8.7E-2	4.7E-2	2.7E-2	8.7E-5	9.7E-3	2.6E-1
83	8.3E-5	8.6E-2	4.7E-2	2.7E-2	8.7E-5	9.7E-3	2.5E-1
84	8.3E-5	8.6E-2	4.7E-2	2.7E-2	8.7E-5	9.6E-3	2.5E-1
85	8.4E-5	8.5E-2	4.7E-2	2.7E-2	8.7E-5	9.5E-3	2.5E-1
86	8.4E-5	8.5E-2	4.7E-2	2.7E-2	8.8E-5	9.5E-3	2.5E-1
87	8.4E-5	8.5E-2	4.8E-2	2.7E-2	8.8E-5	9.4E-3	2.5E-1
88	8.4E-5	8.4E-2	4.8E-2	2.7E-2	8.8E-5	9.3E-3	2.5E-1
89	8.5E-5	8.4E-2	4.8E-2	2.8E-2	8.8E-5	9.3E-3	2.4E-1
90	8.5E-5	8.3E-2	4.8E-2	2.8E-2	8.9E-5	9.2E-3	2.4E-1
91	8.5E-5	8.3E-2	4.8E-2	2.8E-2	8.9E-5	9.1E-3	2.4E-1
92	8.5E-5	8.3E-2	4.9E-2	2.8E-2	8.9E-5	9.1E-3	2.4E-1
93	8.6E-5	8.2E-2	4.9E-2	2.8E-2	8.9E-5	9.0E-3	2.4E-1
94	8.6E-5	8.2E-2	4.9E-2	2.8E-2	9.0E-5	9.0E-3	2.4E-1
95	8.6E-5	8.1E-2	4.9E-2	2.8E-2	9.0E-5	8.9E-3	2.3E-1
96	8.6E-5	8.1E-2	4.9E-2	2.8E-2	9.0E-5	8.8E-3	2.3E-1
97	8.7E-5	8.1E-2	5.0E-2	2.8E-2	9.0E-5	8.8E-3	2.3E-1
98	8.7E-5	8.0E-2	5.0E-2	2.8E-2	9.1E-5	8.7E-3	2.3E-1
99	8.7E-5	8.0E-2	5.0E-2	2.9E-2	9.1E-5	8.7E-3	2.3E-1
100	8.7E-5	8.0E-2	5.0E-2	2.9E-2	9.1E-5	8.6E-3	2.3E-1
110	9.0E-5	7.7E-2	5.2E-2	3.0E-2	9.4E-5	8.1E-3	2.1E-1
120	9.2E-5	7.5E-2	5.5E-2	3.1E-2	9.7E-5	7.6E-3	2.0E-1
130	9.5E-5	7.3E-2	5.7E-2	3.2E-2	1.0E-4	7.2E-3	1.9E-1
140	9.8E-5	7.2E-2	6.0E-2	3.4E-2	1.0E-4	6.8E-3	1.8E-1
150	1.0E-4	7.1E-2	6.2E-2	3.5E-2	1.1E-4	6.4E-3	1.8E-1
160	1.0E-4	7.0E-2	6.5E-2	3.7E-2	1.1E-4	6.2E-3	1.7E-1
170	1.1E-4	7.0E-2	6.8E-2	3.9E-2	1.1E-4	5.9E-3	1.6E-1
180	1.1E-4	7.0E-2	7.2E-2	4.0E-2	1.2E-4	5.7E-3	1.6E-1
190	1.1E-4	7.0E-2	7.5E-2	4.2E-2	1.2E-4	5.4E-3	1.5E-1
200	1.2E-4	7.0E-2	7.9E-2	4.4E-2	1.3E-4	5.3E-3	1.5E-1
210	1.2E-4	7.1E-2	8.3E-2	4.6E-2	1.3E-4	5.1E-3	1.4E-1
220	1.3E-4	7.1E-2	8.7E-2	4.8E-2	1.4E-4	4.9E-3	1.4E-1
230	1.3E-4	7.2E-2	9.1E-2	5.1E-2	1.4E-4	4.8E-3	1.4E-1
240	1.3E-4	7.3E-2	9.6E-2	5.3E-2	1.5E-4	4.7E-3	1.3E-1
250	1.4E-4	7.4E-2	1.0E-1	5.5E-2	1.5E-4	4.6E-3	1.3E-1
260	1.4E-4	7.5E-2	1.1E-1	5.8E-2	1.6E-4	4.5E-3	1.3E-1
270	1.5E-4	7.6E-2	1.1E-1	6.1E-2	1.6E-4	4.4E-3	1.3E-1
280	1.5E-4	7.7E-2	1.2E-1	6.4E-2	1.7E-4	4.3E-3	1.3E-1
290	1.6E-4	7.8E-2	1.2E-1	6.7E-2	1.7E-4	4.2E-3	1.2E-1
300	1.6E-4	8.0E-2	1.3E-1	7.0E-2	1.8E-4	4.1E-3	1.2E-1
310	1.7E-4	8.2E-2	1.4E-1	7.4E-2	1.9E-4	4.1E-3	1.2E-1
320	1.7E-4	8.3E-2	1.4E-1	7.8E-2	1.9E-4	4.0E-3	1.2E-1
330	1.8E-4	8.5E-2	1.5E-1	8.1E-2	2.0E-4	4.0E-3	1.2E-1
340	1.9E-4	8.7E-2	1.6E-1	8.5E-2	2.1E-4	3.9E-3	1.2E-1
350	1.9E-4	8.9E-2	1.7E-1	9.0E-2	2.2E-4	3.9E-3	1.1E-1
360	2.0E-4	9.1E-2	1.8E-1	9.4E-2	2.2E-4	3.8E-3	1.1E-1
365	2.0E-4	9.2E-2	1.8E-1	9.7E-2	2.3E-4	3.8E-3	1.1E-1
370	2.1E-4	9.3E-2	1.9E-1	9.9E-2	2.3E-4	3.8E-3	1.1E-1
380	2.1E-4	9.6E-2	2.0E-1	1.0E-1	2.4E-4	3.7E-3	1.1E-1
390	2.2E-4	9.8E-2	2.1E-1	1.1E-1	2.5E-4	3.7E-3	1.1E-1
400	2.3E-4	1.0E-1	2.2E-1	1.1E-1	2.6E-4	3.7E-3	1.1E-1
410	2.4E-4	1.0E-1	2.3E-1	1.2E-1	2.7E-4	3.6E-3	1.1E-1
420	2.4E-4	1.1E-1	2.5E-1	1.3E-1	2.8E-4	3.6E-3	1.1E-1
430	2.5E-4	1.1E-1	2.6E-1	1.3E-1	2.9E-4	3.6E-3	1.1E-1
440	2.6E-4	1.1E-1	2.8E-1	1.4E-1	3.0E-4	3.6E-3	1.1E-1
450	2.7E-4	1.1E-1	2.9E-1	1.5E-1	3.1E-4	3.6E-3	1.1E-1
460	2.8E-4	1.2E-1	3.1E-1	1.5E-1	3.2E-4	3.5E-3	1.0E-1
470	2.9E-4	1.2E-1	3.3E-1	1.6E-1	3.3E-4	3.5E-3	1.0E-1
480	3.0E-4	1.2E-1	3.5E-1	1.7E-1	3.5E-4	3.5E-3	1.0E-1
490	3.1E-4	1.3E-1	3.7E-1	1.8E-1	3.6E-4	3.5E-3	1.0E-1
500	3.2E-4	1.3E-1	3.9E-1	1.9E-1	3.7E-4	3.5E-3	1.0E-1
510	3.3E-4	1.4E-1	4.1E-1	2.0E-1	3.9E-4	3.5E-3	1.0E-1
520	3.4E-4	1.4E-1	4.3E-1	2.1E-1	4.0E-4	3.5E-3	1.0E-1
530	3.5E-4	1.4E-1	4.6E-1	2.2E-1	4.2E-4	3.4E-3	1.0E-1
540	3.6E-4	1.5E-1	4.9E-1	2.3E-1	4.3E-4	3.4E-3	1.0E-1
550	3.7E-4	1.5E-1	5.1E-1	2.4E-1	4.5E-4	3.4E-3	1.0E-1
560	3.8E-4	1.6E-1	5.5E-1	2.5E-1	4.6E-4	3.4E-3	1.0E-1
570	3.9E-4	1.6E-1	5.8E-1	2.6E-1	4.8E-4	3.4E-3	1.0E-1
580	4.1E-4	1.7E-1	6.1E-1	2.7E-1	5.0E-4	3.4E-3	9.9E-2
590	4.2E-4	1.7E-1	6.5E-1	2.8E-1	5.2E-4	3.4E-3	9.9E-2
600	4.3E-4	1.8E-1	6.9E-1	3.0E-1	5.4E-4	3.4E-3	9.9E-2
610	4.4E-4	1.8E-1	7.3E-1	3.1E-1	5.6E-4	3.4E-3	9.9E-2
620	4.6E-4	1.9E-1	7.7E-1	3.2E-1	5.8E-4	3.4E-3	9.8E-2
630	4.7E-4	1.9E-1	8.2E-1	3.4E-1	6.0E-4	3.4E-3	9.8E-2
640	4.9E-4	2.0E-1	8.7E-1	3.5E-1	6.2E-4	3.4E-3	9.8E-2
650	5.0E-4	2.1E-1	9.2E-1	3.7E-1	6.4E-4	3.4E-3	9.8E-2
660	5.2E-4	2.1E-1	9.7E-1	3.8E-1	6.7E-4	3.4E-3	9.7E-2
670	5.3E-4	2.2E-1	1.0E+0	4.0E-1	6.9E-4	3.4E-3	9.7E-2
680	5.5E-4	2.3E-1	1.1E+0	4.2E-1	7.2E-4	3.4E-3	9.7E-2
690	5.6E-4	2.3E-1	1.2E+0	4.3E-1	7.4E-4	3.4E-3	9.7E-2
700	5.8E-4	2.4E-1	1.2E+0	4.5E-1	7.7E-4	3.4E-3	9.7E-2
710	6.0E-4	2.5E-1	1.3E+0	4.7E-1	8.0E-4	3.4E-3	9.7E-2
720	6.1E-4	2.6E-1	1.4E+0	4.9E-1	8.3E-4	3.4E-3	9.7E-2
730	6.3E-4	2.7E-1	1.5E+0	5.1E-1	8.6E-4	3.4E-3	9.7E-2
740	6.5E-4	2.7E-1	1.6E+0	5.2E-1	8.9E-4	3.4E-3	9.6E-2
750	6.7E-4	2.8E-1	1.7E+0	5.4E-1	9.2E-4	3.4E-3	9.6E-2
760	6.8E-4	2.9E-1	1.8E+0	5.6E-1	9.5E-4	3.4E-3	9.6E-2
770	7.0E-4	3.0E-1	1.9E+0	5.8E-1	9.9E-4	3.4E-3	9.6E-2
780	7.2E-4	3.1E-1	2.0E+0	6.0E-1	1.0E-3	3.4E-3	9.6E-2
790	7.4E-4	3.2E-1	2.1E+0	6.2E-1	1.1E-3	3.4E-3	9.6E-2
800	7.6E-4	3.3E-1	2.2E+0	6.4E-1	1.1E-3	3.4E-3	9.6E-2
810	7.8E-4	3.4E-1	2.4E+0	6.6E-1	1.1E-3	3.4E-3	9.6E-2
820	8.0E-4	3.5E-1	2.5E+0	6.8E-1	1.2E-3	3.4E-3	9.6E-2
830	8.2E-4	3.6E-1	2.7E+0	7.0E-1	1.2E-3	3.4E-3	9.6E-2
840	8.4E-4	3.8E-1	2.8E+0	7.2E-1	1.3E-3	3.4E-3	9.6E-2
850	8.7E-4	3.9E-1	3.0E+0	7.4E-1	1.3E-3	3.4E-3	9.6E-2
860	8.9E-4	4.0E-1	3.2E+0	7.6E-1	1.4E-3	3.4E-3	9.6E-2
870	9.1E-4	4.1E-1	3.4E+0	7.9E-1	1.4E-3	3.4E-3	9.6E-2
880	9.3E-4	4.3E-1	3.6E+0	8.1E-1	1.5E-3	3.4E-3	9.6E-2
890	9.6E-4	4.4E-1	3.8E+0	8.3E-1	1.5E-3	3.4E-3	9.6E-2
900	9.8E-4	4.5E-1	4.1E+0	8.5E-1	1.6E-3	3.4E-3	9.6E-2
910	1.0E-3	4.7E-1	4.3E+0	8.7E-1	1.6E-3	3.4E-3	9.6E-2
920	1.0E-3	4.8E-1	4.6E+0	8.8E-1	1.7E-3	3.5E-3	9.6E-2
930	1.1E-3	5.0E-1	4.9E+0	9.0E-1	1.7E-3	3.5E-3	9.6E-2
940	1.1E-3	5.2E-1	5.2E+0	9.2E-1	1.8E-3	3.5E-3	9.6E-2
950	1.1E-3	5.3E-1	5.5E+0	9.4E-1	1.9E-3	3.5E-3	9.6E-2
960	1.1E-3	5.5E-1	5.8E+0	9.6E-1	1.9E-3	3.5E-3	9.6E-2
970	1.2E-3	5.7E-1	6.2E+0	9.8E-1	2.0E-3	3.5E-3	9.6E-2
980	1.2E-3	5.9E-1	6.6E+0	1.0E+0	2.1E-3	3.5E-3	9.6E-2
990	1.2E-3	6.0E-1	7.0E+0	1.0E+0	2.2E-3	3.5E-3	9.6E-2
1000	1.2E-3	6.2E-1	7.4E+0	1.0E+0	2.2E-3	3.5E-3	9.6E-2
1010	1.3E-3	6.4E-1	7.9E+0	1.0E+0	2.3E-3	3.5E-3	9.7E-2
1020	1.3E-3	6.6E-1	8.4E+0	1.1E+0	2.4E-3	3.5E-3	9.7E-2
1030	1.3E-3	6.9E-1	8.9E+0	1.1E+0	2.5E-3	3.5E-3	9.7E-2
1040	1.3E-3	7.1E-1	9.4E+0	1.1E+0	2.6E-3	3.5E-3	9.7E-2
1050	1.4E-3	7.3E-1	1.0E+1	1.1E+0	2.7E-3	3.5E-3	9.7E-2
1060	1.4E-3	7.5E-1	1.1E+1	1.1E+0	2.8E-3	3.5E-3	9.7E-2
1070	1.4E-3	7.8E-1	1.1E+1	1.1E+0	2.9E-3	3.5E-3	9.7E-2
1080	1.4E-3	8.0E-1	1.2E+1	1.2E+0	3.0E-3	3.5E-3	9.7E-2
1090	1.5E-3	8.3E-1	1.3E+1	1.2E+0	3.1E-3	3.6E-3	9.7E-2
1095	1.5E-3	8.4E-1	1.3E+1	1.2E+0	3.1E-3	3.6E-3	9.7E-2
1100	1.5E-3	8.5E-1	1.3E+1	1.2E+0	3.2E-3	3.6E-3	9.7E-2
1200	1.8E-3	1.2E+0	2.4E+1	1.3E+0	4.5E-3	3.6E-3	9.8E-2
1300	2.1E-3	1.6E+0	4.4E+1	1.4E+0	6.4E-3	3.7E-3	1.0E-1
1400	2.3E-3	2.1E+0	7.8E+1	1.4E+0	9.1E-3	3.8E-3	1.0E-1
1500	2.6E-3	2.9E+0	1.3E+2	1.4E+0	1.3E-2	3.9E-3	1.0E-1
1600	2.8E-3	3.8E+0	2.3E+2	1.4E+0	1.8E-2	4.0E-3	1.0E-1
1700	3.0E-3	4.9E+0	3.6E+2	1.5E+0	2.6E-2	4.1E-3	1.1E-1
1800	3.2E-3	6.2E+0	5.6E+2	1.5E+0	3.7E-2	4.2E-3	1.1E-1
1900	3.3E-3	7.8E+0	8.1E+2	1.5E+0	5.3E-2	4.3E-3	1.1E-1
2000	3.5E-3	9.4E+0	1.1E+3	1.5E+0	7.6E-2	4.4E-3	1.1E-1
2100	3.6E-3	1.1E+1	1.4E+3	1.5E+0	1.1E-1	4.5E-3	1.1E-1
2200	3.7E-3	1.3E+1	1.8E+3	1.5E+0	1.5E-1	4.6E-3	1.2E-1
2300	3.8E-3	1.5E+1	2.1E+3	1.5E+0	2.2E-1	4.7E-3	1.2E-1
2400	3.9E-3	1.7E+1	2.4E+3	1.5E+0	3.1E-1	4.8E-3	1.2E-1
2500	4.0E-3	1.8E+1	2.7E+3	1.5E+0	4.2E-1	4.9E-3	1.2E-1
2600	4.1E-3	2.0E+1	2.9E+3	1.5E+0	5.8E-1	5.0E-3	1.2E-1
2700	4.2E-3	2.1E+1	3.1E+3	1.5E+0	7.8E-1	5.1E-3	1.3E-1
2800	4.3E-3	2.2E+1	3.3E+3	1.5E+0	1.0E+0	5.3E-3	1.3E-1
2900	4.3E-3	2.3E+1	3.5E+3	1.5E+0	1.3E+0	5.4E-3	1.3E-1
3000	4.4E-3	2.5E+1	3.7E+3	1.5E+0	1.6E+0	5.5E-3	1.3E-1
3100	4.5E-3	2.6E+1	3.9E+3	1.5E+0	1.9E+0	5.6E-3	1.4E-1
3200	4.6E-3	2.7E+1	4.0E+3	1.5E+0	2.3E+0	5.7E-3	1.4E-1
3300	4.7E-3	2.8E+1	4.2E+3	1.5E+0	2.5E+0	5.8E-3	1.4E-1
3400	4.7E-3	2.9E+1	4.4E+3	1.5E+0	2.8E+0	5.9E-3	1.4E-1
3500	4.8E-3	3.0E+1	4.5E+3	1.5E+0	3.0E+0	6.0E-3	1.5E-1
3600	4.9E-3	3.1E+1	4.7E+3	1.5E+0	3.1E+0	6.1E-3	1.5E-1
3650	4.9E-3	3.2E+1	4.8E+3	1.5E+0	3.2E+0	6.2E-3	1.5E-1
4000	5.2E-3	3.6E+1	5.4E+3	1.5E+0	3.4E+0	6.6E-3	1.6E-1
5000	5.9E-3	4.8E+1	7.3E+3	1.6E+0	3.5E+0	7.7E-3	1.9E-1
6000	6.7E-3	6.3E+1	9.5E+3	1.6E+0	3.6E+0	8.8E-3	2.3E-1
7000	7.4E-3	7.9E+1	1.2E+4	1.6E+0	3.7E+0	9.9E-3	2.8E-1
8000	8.1E-3	9.6E+1	1.4E+4	1.6E+0	3.7E+0	1.1E-2	3.4E-1
9000	8.7E-3	1.1E+2	-	1.7E+0	3.8E+0	1.2E-2	4.1E-1
10000	9.4E-3	1.3E+2	-	1.7E+0	3.9E+0	1.3E-2	4.9E-1
11000	1.0E-2	1.5E+2	-	1.7E+0	3.9E+0	1.5E-2	5.9E-1
12000	1.1E-2	1.6E+2	-	1.8E+0	4.0E+0	1.6E-2	7.1E-1
13000	1.2E-2	1.8E+2	-	1.8E+0	4.1E+0	1.7E-2	8.5E-1
14000	1.2E-2	2.0E+2	-	1.8E+0	4.2E+0	1.9E-2	1.0E+0
15000	1.3E-2	2.2E+2	-	1.9E+0	4.2E+0	2.1E-2	1.2E+0
16000	1.4E-2	2.4E+2	-	1.9E+0	4.3E+0	2.2E-2	1.5E+0
17000	1.5E-2	2.6E+2	-	1.9E+0	4.4E+0	2.4E-2	1.8E+0
18000	1.6E-2	2.8E+2	-	2.0E+0	4.5E+0	2.6E-2	2.1E+0
18250	1.6E-2	2.8E+2	-	2.0E+0	4.5E+0	2.7E-2	2.2E+0
Radionuclide	U-235
Route of Intake	Inhalation
Material	Aerosols Uranium aluminide, fA=2E-3
AMTD/AMAD, µm	20

Committed Effective Dose per Predicted Content in an Organ or Excreta Sample (Dose per Content Functions z(t)), Sv/Bq
Time, days	Whole Body	Urine (24-hour sample)	Faeces (24-hour sample)	Alimentary Tract*	Lungs*	Skeleton*	Liver*
0.041667	1.4E-6	-	-	3.9E-6	6.8E-5	5.0E-1	5.7E-1
0.083333	1.5E-6	-	-	3.5E-6	7.6E-5	1.1E-1	2.0E-1
0.125	1.5E-6	-	-	3.2E-6	8.3E-5	5.6E-2	1.3E-1
0.25	1.5E-6	-	-	2.7E-6	9.4E-5	2.1E-2	9.0E-2
0.375	1.6E-6	-	-	2.4E-6	9.8E-5	1.3E-2	7.8E-2
0.5	1.6E-6	-	-	2.3E-6	1.0E-4	1.0E-2	7.1E-2
0.625	1.7E-6	-	-	2.2E-6	1.0E-4	8.9E-3	6.7E-2
0.75	1.8E-6	-	-	2.2E-6	1.0E-4	8.1E-3	6.5E-2
0.875	1.8E-6	-	-	2.2E-6	1.0E-4	7.5E-3	6.3E-2
1	1.9E-6	1.7E-3	1.3E-5	2.2E-6	1.0E-4	7.1E-3	6.2E-2
1.125	2.1E-6	-	-	2.3E-6	1.0E-4	6.9E-3	6.2E-2
1.25	2.2E-6	-	-	2.5E-6	1.0E-4	6.7E-3	6.1E-2
1.375	2.4E-6	-	-	2.6E-6	1.0E-4	6.6E-3	6.1E-2
1.5	2.6E-6	-	-	2.8E-6	1.1E-4	6.5E-3	6.1E-2
1.625	2.9E-6	-	-	3.1E-6	1.1E-4	6.5E-3	6.2E-2
1.75	3.2E-6	-	-	3.4E-6	1.1E-4	6.4E-3	6.2E-2
1.875	3.5E-6	-	-	3.8E-6	1.1E-4	6.4E-3	6.2E-2
2	3.9E-6	7.0E-3	4.1E-6	4.2E-6	1.1E-4	6.4E-3	6.3E-2
2.25	4.9E-6	-	-	5.3E-6	1.1E-4	6.4E-3	6.4E-2
2.5	6.3E-6	-	-	6.9E-6	1.1E-4	6.5E-3	6.5E-2
2.75	8.2E-6	-	-	9.0E-6	1.1E-4	6.5E-3	6.6E-2
3	1.1E-5	2.7E-2	6.2E-6	1.2E-5	1.1E-4	6.6E-3	6.8E-2
3.25	1.4E-5	-	-	1.6E-5	1.1E-4	6.7E-3	6.9E-2
3.5	1.8E-5	-	-	2.2E-5	1.1E-4	6.7E-3	7.0E-2
3.75	2.4E-5	-	-	3.1E-5	1.1E-4	6.8E-3	7.2E-2
4	3.1E-5	4.4E-2	1.7E-5	4.3E-5	1.1E-4	6.8E-3	7.3E-2
4.25	3.8E-5	-	-	6.1E-5	1.2E-4	6.9E-3	7.5E-2
4.5	4.7E-5	-	-	8.6E-5	1.2E-4	7.0E-3	7.6E-2
4.75	5.7E-5	-	-	1.2E-4	1.2E-4	7.0E-3	7.8E-2
5	6.6E-5	5.2E-2	5.7E-5	1.7E-4	1.2E-4	7.1E-3	7.9E-2
5.5	8.2E-5	-	-	3.4E-4	1.2E-4	7.2E-3	8.2E-2
6	9.4E-5	5.7E-2	2.2E-4	6.6E-4	1.2E-4	7.4E-3	8.5E-2
6.5	1.0E-4	-	-	1.2E-3	1.2E-4	7.5E-3	8.9E-2
7	1.1E-4	6.2E-2	8.7E-4	1.9E-3	1.2E-4	7.6E-3	9.2E-2
7.5	1.1E-4	-	-	2.6E-3	1.2E-4	7.7E-3	9.5E-2
8	1.1E-4	6.7E-2	2.7E-3	3.4E-3	1.2E-4	7.8E-3	9.9E-2
8.5	1.1E-4	-	-	4.0E-3	1.3E-4	7.9E-3	1.0E-1
9	1.1E-4	7.3E-2	5.4E-3	4.6E-3	1.3E-4	8.0E-3	1.1E-1
9.5	1.1E-4	-	-	5.1E-3	1.3E-4	8.1E-3	1.1E-1
10	1.1E-4	7.8E-2	7.6E-3	5.6E-3	1.3E-4	8.2E-3	1.1E-1
11	1.2E-4	8.4E-2	9.5E-3	6.7E-3	1.3E-4	8.4E-3	1.2E-1
12	1.2E-4	8.9E-2	1.1E-2	7.9E-3	1.3E-4	8.6E-3	1.3E-1
13	1.2E-4	9.5E-2	1.3E-2	9.2E-3	1.3E-4	8.7E-3	1.4E-1
14	1.2E-4	1.0E-1	1.6E-2	1.1E-2	1.3E-4	8.8E-3	1.5E-1
15	1.2E-4	1.1E-1	1.8E-2	1.2E-2	1.3E-4	9.0E-3	1.6E-1
16	1.2E-4	1.1E-1	2.1E-2	1.4E-2	1.3E-4	9.1E-3	1.7E-1
17	1.2E-4	1.2E-1	2.4E-2	1.6E-2	1.3E-4	9.2E-3	1.8E-1
18	1.2E-4	1.2E-1	2.7E-2	1.8E-2	1.4E-4	9.3E-3	1.9E-1
19	1.2E-4	1.3E-1	3.1E-2	2.0E-2	1.4E-4	9.4E-3	2.0E-1
20	1.2E-4	1.3E-1	3.4E-2	2.2E-2	1.4E-4	9.5E-3	2.0E-1
21	1.2E-4	1.4E-1	3.8E-2	2.4E-2	1.4E-4	9.5E-3	2.1E-1
22	1.3E-4	1.4E-1	4.1E-2	2.6E-2	1.4E-4	9.6E-3	2.2E-1
23	1.3E-4	1.5E-1	4.5E-2	2.7E-2	1.4E-4	9.7E-3	2.3E-1
24	1.3E-4	1.5E-1	4.8E-2	2.9E-2	1.4E-4	9.7E-3	2.4E-1
25	1.3E-4	1.5E-1	5.1E-2	3.1E-2	1.4E-4	9.8E-3	2.5E-1
26	1.3E-4	1.6E-1	5.4E-2	3.2E-2	1.4E-4	9.8E-3	2.6E-1
27	1.3E-4	1.6E-1	5.6E-2	3.3E-2	1.4E-4	9.9E-3	2.7E-1
28	1.3E-4	1.6E-1	5.9E-2	3.4E-2	1.4E-4	9.9E-3	2.8E-1
29	1.3E-4	1.7E-1	6.1E-2	3.6E-2	1.4E-4	9.9E-3	2.9E-1
30	1.3E-4	1.7E-1	6.3E-2	3.6E-2	1.4E-4	1.0E-2	2.9E-1
31	1.3E-4	1.7E-1	6.4E-2	3.7E-2	1.4E-4	1.0E-2	3.0E-1
32	1.3E-4	1.7E-1	6.6E-2	3.8E-2	1.4E-4	1.0E-2	3.1E-1
33	1.3E-4	1.7E-1	6.7E-2	3.9E-2	1.4E-4	1.0E-2	3.1E-1
34	1.3E-4	1.7E-1	6.8E-2	3.9E-2	1.4E-4	1.0E-2	3.2E-1
35	1.3E-4	1.7E-1	6.9E-2	4.0E-2	1.4E-4	1.0E-2	3.2E-1
36	1.3E-4	1.8E-1	7.0E-2	4.0E-2	1.4E-4	1.0E-2	3.3E-1
37	1.3E-4	1.8E-1	7.1E-2	4.0E-2	1.4E-4	1.0E-2	3.3E-1
38	1.3E-4	1.8E-1	7.2E-2	4.1E-2	1.4E-4	1.0E-2	3.4E-1
39	1.3E-4	1.8E-1	7.2E-2	4.1E-2	1.4E-4	1.0E-2	3.4E-1
40	1.3E-4	1.8E-1	7.3E-2	4.1E-2	1.4E-4	1.0E-2	3.4E-1
41	1.3E-4	1.8E-1	7.3E-2	4.2E-2	1.4E-4	1.0E-2	3.4E-1
42	1.3E-4	1.8E-1	7.4E-2	4.2E-2	1.4E-4	1.0E-2	3.5E-1
43	1.3E-4	1.8E-1	7.4E-2	4.2E-2	1.5E-4	1.0E-2	3.5E-1
44	1.3E-4	1.8E-1	7.5E-2	4.2E-2	1.5E-4	1.0E-2	3.5E-1
45	1.3E-4	1.7E-1	7.5E-2	4.3E-2	1.5E-4	1.0E-2	3.5E-1
46	1.3E-4	1.7E-1	7.5E-2	4.3E-2	1.5E-4	1.0E-2	3.5E-1
47	1.3E-4	1.7E-1	7.6E-2	4.3E-2	1.5E-4	1.0E-2	3.5E-1
48	1.3E-4	1.7E-1	7.6E-2	4.3E-2	1.5E-4	1.0E-2	3.5E-1
49	1.3E-4	1.7E-1	7.6E-2	4.3E-2	1.5E-4	1.0E-2	3.5E-1
50	1.4E-4	1.7E-1	7.7E-2	4.4E-2	1.5E-4	1.0E-2	3.5E-1
51	1.4E-4	1.7E-1	7.7E-2	4.4E-2	1.5E-4	1.0E-2	3.5E-1
52	1.4E-4	1.7E-1	7.7E-2	4.4E-2	1.5E-4	1.0E-2	3.5E-1
53	1.4E-4	1.7E-1	7.8E-2	4.4E-2	1.5E-4	1.0E-2	3.5E-1
54	1.4E-4	1.7E-1	7.8E-2	4.4E-2	1.5E-4	1.0E-2	3.5E-1
55	1.4E-4	1.7E-1	7.8E-2	4.5E-2	1.5E-4	1.0E-2	3.5E-1
56	1.4E-4	1.7E-1	7.9E-2	4.5E-2	1.5E-4	1.0E-2	3.5E-1
57	1.4E-4	1.7E-1	7.9E-2	4.5E-2	1.5E-4	1.0E-2	3.5E-1
58	1.4E-4	1.7E-1	7.9E-2	4.5E-2	1.5E-4	1.0E-2	3.5E-1
59	1.4E-4	1.6E-1	8.0E-2	4.5E-2	1.5E-4	1.0E-2	3.5E-1
60	1.4E-4	1.6E-1	8.0E-2	4.5E-2	1.5E-4	1.0E-2	3.5E-1
61	1.4E-4	1.6E-1	8.0E-2	4.6E-2	1.5E-4	1.0E-2	3.4E-1
62	1.4E-4	1.6E-1	8.0E-2	4.6E-2	1.5E-4	1.0E-2	3.4E-1
63	1.4E-4	1.6E-1	8.1E-2	4.6E-2	1.5E-4	1.0E-2	3.4E-1
64	1.4E-4	1.6E-1	8.1E-2	4.6E-2	1.5E-4	1.0E-2	3.4E-1
65	1.4E-4	1.6E-1	8.1E-2	4.6E-2	1.5E-4	1.0E-2	3.4E-1
66	1.4E-4	1.6E-1	8.2E-2	4.7E-2	1.5E-4	1.0E-2	3.4E-1
67	1.4E-4	1.6E-1	8.2E-2	4.7E-2	1.5E-4	1.0E-2	3.4E-1
68	1.4E-4	1.6E-1	8.2E-2	4.7E-2	1.6E-4	1.0E-2	3.3E-1
69	1.4E-4	1.6E-1	8.3E-2	4.7E-2	1.6E-4	1.0E-2	3.3E-1
70	1.4E-4	1.6E-1	8.3E-2	4.7E-2	1.6E-4	1.0E-2	3.3E-1
71	1.4E-4	1.5E-1	8.3E-2	4.7E-2	1.6E-4	1.0E-2	3.3E-1
72	1.4E-4	1.5E-1	8.4E-2	4.8E-2	1.6E-4	1.0E-2	3.3E-1
73	1.4E-4	1.5E-1	8.4E-2	4.8E-2	1.6E-4	1.0E-2	3.3E-1
74	1.4E-4	1.5E-1	8.4E-2	4.8E-2	1.6E-4	1.0E-2	3.2E-1
75	1.4E-4	1.5E-1	8.5E-2	4.8E-2	1.6E-4	1.0E-2	3.2E-1
76	1.4E-4	1.5E-1	8.5E-2	4.8E-2	1.6E-4	9.9E-3	3.2E-1
77	1.4E-4	1.5E-1	8.5E-2	4.9E-2	1.6E-4	9.9E-3	3.2E-1
78	1.5E-4	1.5E-1	8.6E-2	4.9E-2	1.6E-4	9.9E-3	3.2E-1
79	1.5E-4	1.5E-1	8.6E-2	4.9E-2	1.6E-4	9.9E-3	3.2E-1
80	1.5E-4	1.5E-1	8.6E-2	4.9E-2	1.6E-4	9.9E-3	3.2E-1
81	1.5E-4	1.5E-1	8.7E-2	4.9E-2	1.6E-4	9.8E-3	3.1E-1
82	1.5E-4	1.5E-1	8.7E-2	5.0E-2	1.6E-4	9.8E-3	3.1E-1
83	1.5E-4	1.5E-1	8.7E-2	5.0E-2	1.6E-4	9.8E-3	3.1E-1
84	1.5E-4	1.5E-1	8.8E-2	5.0E-2	1.6E-4	9.8E-3	3.1E-1
85	1.5E-4	1.4E-1	8.8E-2	5.0E-2	1.6E-4	9.8E-3	3.1E-1
86	1.5E-4	1.4E-1	8.8E-2	5.0E-2	1.6E-4	9.7E-3	3.1E-1
87	1.5E-4	1.4E-1	8.9E-2	5.1E-2	1.6E-4	9.7E-3	3.1E-1
88	1.5E-4	1.4E-1	8.9E-2	5.1E-2	1.6E-4	9.7E-3	3.0E-1
89	1.5E-4	1.4E-1	9.0E-2	5.1E-2	1.6E-4	9.7E-3	3.0E-1
90	1.5E-4	1.4E-1	9.0E-2	5.1E-2	1.7E-4	9.7E-3	3.0E-1
91	1.5E-4	1.4E-1	9.0E-2	5.1E-2	1.7E-4	9.6E-3	3.0E-1
92	1.5E-4	1.4E-1	9.1E-2	5.2E-2	1.7E-4	9.6E-3	3.0E-1
93	1.5E-4	1.4E-1	9.1E-2	5.2E-2	1.7E-4	9.6E-3	3.0E-1
94	1.5E-4	1.4E-1	9.1E-2	5.2E-2	1.7E-4	9.6E-3	3.0E-1
95	1.5E-4	1.4E-1	9.2E-2	5.2E-2	1.7E-4	9.5E-3	2.9E-1
96	1.5E-4	1.4E-1	9.2E-2	5.2E-2	1.7E-4	9.5E-3	2.9E-1
97	1.5E-4	1.4E-1	9.3E-2	5.3E-2	1.7E-4	9.5E-3	2.9E-1
98	1.5E-4	1.4E-1	9.3E-2	5.3E-2	1.7E-4	9.5E-3	2.9E-1
99	1.5E-4	1.4E-1	9.3E-2	5.3E-2	1.7E-4	9.5E-3	2.9E-1
100	1.5E-4	1.4E-1	9.4E-2	5.3E-2	1.7E-4	9.4E-3	2.9E-1
110	1.6E-4	1.3E-1	9.8E-2	5.5E-2	1.8E-4	9.2E-3	2.8E-1
120	1.6E-4	1.3E-1	1.0E-1	5.8E-2	1.8E-4	8.9E-3	2.7E-1
130	1.7E-4	1.3E-1	1.1E-1	6.0E-2	1.9E-4	8.7E-3	2.6E-1
140	1.7E-4	1.3E-1	1.1E-1	6.3E-2	1.9E-4	8.5E-3	2.5E-1
150	1.8E-4	1.2E-1	1.2E-1	6.6E-2	2.0E-4	8.2E-3	2.4E-1
160	1.8E-4	1.2E-1	1.2E-1	6.8E-2	2.1E-4	8.0E-3	2.3E-1
170	1.9E-4	1.2E-1	1.3E-1	7.1E-2	2.1E-4	7.8E-3	2.3E-1
180	1.9E-4	1.2E-1	1.3E-1	7.5E-2	2.2E-4	7.6E-3	2.2E-1
190	2.0E-4	1.2E-1	1.4E-1	7.8E-2	2.3E-4	7.4E-3	2.2E-1
200	2.1E-4	1.2E-1	1.5E-1	8.2E-2	2.4E-4	7.3E-3	2.1E-1
210	2.1E-4	1.2E-1	1.5E-1	8.5E-2	2.4E-4	7.1E-3	2.1E-1
220	2.2E-4	1.2E-1	1.6E-1	8.9E-2	2.5E-4	6.9E-3	2.0E-1
230	2.3E-4	1.3E-1	1.7E-1	9.4E-2	2.6E-4	6.8E-3	2.0E-1
240	2.3E-4	1.3E-1	1.8E-1	9.8E-2	2.7E-4	6.7E-3	2.0E-1
250	2.4E-4	1.3E-1	1.9E-1	1.0E-1	2.8E-4	6.6E-3	1.9E-1
260	2.5E-4	1.3E-1	2.0E-1	1.1E-1	2.9E-4	6.5E-3	1.9E-1
270	2.6E-4	1.3E-1	2.1E-1	1.1E-1	3.0E-4	6.4E-3	1.9E-1
280	2.7E-4	1.3E-1	2.2E-1	1.2E-1	3.1E-4	6.3E-3	1.8E-1
290	2.8E-4	1.4E-1	2.3E-1	1.2E-1	3.2E-4	6.2E-3	1.8E-1
300	2.8E-4	1.4E-1	2.4E-1	1.3E-1	3.3E-4	6.1E-3	1.8E-1
310	2.9E-4	1.4E-1	2.6E-1	1.4E-1	3.5E-4	6.0E-3	1.8E-1
320	3.0E-4	1.5E-1	2.7E-1	1.4E-1	3.6E-4	5.9E-3	1.8E-1
330	3.1E-4	1.5E-1	2.8E-1	1.5E-1	3.7E-4	5.9E-3	1.7E-1
340	3.2E-4	1.5E-1	3.0E-1	1.6E-1	3.9E-4	5.8E-3	1.7E-1
350	3.3E-4	1.5E-1	3.2E-1	1.7E-1	4.0E-4	5.8E-3	1.7E-1
360	3.4E-4	1.6E-1	3.3E-1	1.7E-1	4.2E-4	5.7E-3	1.7E-1
365	3.5E-4	1.6E-1	3.4E-1	1.8E-1	4.2E-4	5.7E-3	1.7E-1
370	3.6E-4	1.6E-1	3.5E-1	1.8E-1	4.3E-4	5.7E-3	1.7E-1
380	3.7E-4	1.7E-1	3.7E-1	1.9E-1	4.5E-4	5.6E-3	1.7E-1
390	3.8E-4	1.7E-1	3.9E-1	2.0E-1	4.6E-4	5.6E-3	1.6E-1
400	3.9E-4	1.7E-1	4.1E-1	2.1E-1	4.8E-4	5.6E-3	1.6E-1
410	4.0E-4	1.8E-1	4.4E-1	2.2E-1	5.0E-4	5.5E-3	1.6E-1
420	4.2E-4	1.8E-1	4.6E-1	2.3E-1	5.2E-4	5.5E-3	1.6E-1
430	4.3E-4	1.9E-1	4.9E-1	2.4E-1	5.4E-4	5.5E-3	1.6E-1
440	4.4E-4	1.9E-1	5.2E-1	2.5E-1	5.6E-4	5.4E-3	1.6E-1
450	4.6E-4	2.0E-1	5.5E-1	2.7E-1	5.8E-4	5.4E-3	1.6E-1
460	4.7E-4	2.0E-1	5.8E-1	2.8E-1	6.0E-4	5.4E-3	1.6E-1
470	4.9E-4	2.1E-1	6.1E-1	2.9E-1	6.2E-4	5.4E-3	1.6E-1
480	5.0E-4	2.2E-1	6.5E-1	3.1E-1	6.4E-4	5.3E-3	1.6E-1
490	5.2E-4	2.2E-1	6.8E-1	3.2E-1	6.7E-4	5.3E-3	1.6E-1
500	5.4E-4	2.3E-1	7.2E-1	3.4E-1	6.9E-4	5.3E-3	1.5E-1
510	5.5E-4	2.3E-1	7.6E-1	3.5E-1	7.2E-4	5.3E-3	1.5E-1
520	5.7E-4	2.4E-1	8.1E-1	3.7E-1	7.5E-4	5.3E-3	1.5E-1
530	5.9E-4	2.5E-1	8.6E-1	3.9E-1	7.7E-4	5.3E-3	1.5E-1
540	6.1E-4	2.6E-1	9.1E-1	4.1E-1	8.0E-4	5.3E-3	1.5E-1
550	6.2E-4	2.6E-1	9.6E-1	4.2E-1	8.3E-4	5.2E-3	1.5E-1
560	6.4E-4	2.7E-1	1.0E+0	4.4E-1	8.6E-4	5.2E-3	1.5E-1
570	6.6E-4	2.8E-1	1.1E+0	4.6E-1	9.0E-4	5.2E-3	1.5E-1
580	6.8E-4	2.9E-1	1.1E+0	4.8E-1	9.3E-4	5.2E-3	1.5E-1
590	7.0E-4	3.0E-1	1.2E+0	5.0E-1	9.6E-4	5.2E-3	1.5E-1
600	7.2E-4	3.0E-1	1.3E+0	5.3E-1	1.0E-3	5.2E-3	1.5E-1
610	7.5E-4	3.1E-1	1.4E+0	5.5E-1	1.0E-3	5.2E-3	1.5E-1
620	7.7E-4	3.2E-1	1.4E+0	5.7E-1	1.1E-3	5.2E-3	1.5E-1
630	7.9E-4	3.3E-1	1.5E+0	6.0E-1	1.1E-3	5.2E-3	1.5E-1
640	8.1E-4	3.4E-1	1.6E+0	6.2E-1	1.2E-3	5.2E-3	1.5E-1
650	8.4E-4	3.5E-1	1.7E+0	6.5E-1	1.2E-3	5.2E-3	1.5E-1
660	8.6E-4	3.6E-1	1.8E+0	6.7E-1	1.2E-3	5.2E-3	1.5E-1
670	8.9E-4	3.8E-1	1.9E+0	7.0E-1	1.3E-3	5.2E-3	1.5E-1
680	9.1E-4	3.9E-1	2.0E+0	7.3E-1	1.3E-3	5.2E-3	1.5E-1
690	9.4E-4	4.0E-1	2.2E+0	7.5E-1	1.4E-3	5.2E-3	1.5E-1
700	9.6E-4	4.1E-1	2.3E+0	7.8E-1	1.4E-3	5.2E-3	1.5E-1
710	9.9E-4	4.2E-1	2.4E+0	8.1E-1	1.5E-3	5.2E-3	1.5E-1
720	1.0E-3	4.4E-1	2.6E+0	8.4E-1	1.5E-3	5.2E-3	1.5E-1
730	1.0E-3	4.5E-1	2.7E+0	8.7E-1	1.6E-3	5.2E-3	1.5E-1
740	1.1E-3	4.7E-1	2.9E+0	9.0E-1	1.7E-3	5.2E-3	1.5E-1
750	1.1E-3	4.8E-1	3.1E+0	9.3E-1	1.7E-3	5.2E-3	1.5E-1
760	1.1E-3	4.9E-1	3.3E+0	9.6E-1	1.8E-3	5.2E-3	1.5E-1
770	1.2E-3	5.1E-1	3.5E+0	9.9E-1	1.8E-3	5.2E-3	1.5E-1
780	1.2E-3	5.3E-1	3.7E+0	1.0E+0	1.9E-3	5.2E-3	1.5E-1
790	1.2E-3	5.4E-1	3.9E+0	1.1E+0	2.0E-3	5.2E-3	1.5E-1
800	1.3E-3	5.6E-1	4.2E+0	1.1E+0	2.0E-3	5.2E-3	1.5E-1
810	1.3E-3	5.8E-1	4.4E+0	1.1E+0	2.1E-3	5.2E-3	1.5E-1
820	1.3E-3	6.0E-1	4.7E+0	1.1E+0	2.2E-3	5.2E-3	1.5E-1
830	1.4E-3	6.2E-1	5.0E+0	1.2E+0	2.3E-3	5.2E-3	1.5E-1
840	1.4E-3	6.3E-1	5.3E+0	1.2E+0	2.4E-3	5.3E-3	1.5E-1
850	1.4E-3	6.5E-1	5.6E+0	1.2E+0	2.4E-3	5.3E-3	1.5E-1
860	1.5E-3	6.8E-1	5.9E+0	1.3E+0	2.5E-3	5.3E-3	1.5E-1
870	1.5E-3	7.0E-1	6.3E+0	1.3E+0	2.6E-3	5.3E-3	1.5E-1
880	1.5E-3	7.2E-1	6.7E+0	1.3E+0	2.7E-3	5.3E-3	1.5E-1
890	1.6E-3	7.4E-1	7.1E+0	1.4E+0	2.8E-3	5.3E-3	1.5E-1
900	1.6E-3	7.6E-1	7.5E+0	1.4E+0	2.9E-3	5.3E-3	1.5E-1
910	1.6E-3	7.9E-1	8.0E+0	1.4E+0	3.0E-3	5.3E-3	1.5E-1
920	1.7E-3	8.1E-1	8.5E+0	1.4E+0	3.1E-3	5.3E-3	1.5E-1
930	1.7E-3	8.4E-1	9.0E+0	1.5E+0	3.2E-3	5.3E-3	1.5E-1
940	1.8E-3	8.7E-1	9.6E+0	1.5E+0	3.4E-3	5.3E-3	1.5E-1
950	1.8E-3	8.9E-1	1.0E+1	1.5E+0	3.5E-3	5.3E-3	1.5E-1
960	1.8E-3	9.2E-1	1.1E+1	1.6E+0	3.6E-3	5.4E-3	1.5E-1
970	1.9E-3	9.5E-1	1.1E+1	1.6E+0	3.7E-3	5.4E-3	1.5E-1
980	1.9E-3	9.8E-1	1.2E+1	1.6E+0	3.9E-3	5.4E-3	1.5E-1
990	1.9E-3	1.0E+0	1.3E+1	1.6E+0	4.0E-3	5.4E-3	1.5E-1
1000	2.0E-3	1.0E+0	1.4E+1	1.7E+0	4.2E-3	5.4E-3	1.5E-1
1010	2.0E-3	1.1E+0	1.5E+1	1.7E+0	4.3E-3	5.4E-3	1.5E-1
1020	2.1E-3	1.1E+0	1.5E+1	1.7E+0	4.5E-3	5.4E-3	1.5E-1
1030	2.1E-3	1.1E+0	1.6E+1	1.7E+0	4.6E-3	5.4E-3	1.5E-1
1040	2.2E-3	1.2E+0	1.7E+1	1.7E+0	4.8E-3	5.4E-3	1.5E-1
1050	2.2E-3	1.2E+0	1.8E+1	1.8E+0	5.0E-3	5.4E-3	1.5E-1
1060	2.2E-3	1.3E+0	2.0E+1	1.8E+0	5.1E-3	5.5E-3	1.5E-1
1070	2.3E-3	1.3E+0	2.1E+1	1.8E+0	5.3E-3	5.5E-3	1.5E-1
1080	2.3E-3	1.3E+0	2.2E+1	1.8E+0	5.5E-3	5.5E-3	1.5E-1
1090	2.4E-3	1.4E+0	2.3E+1	1.8E+0	5.7E-3	5.5E-3	1.5E-1
1095	2.4E-3	1.4E+0	2.4E+1	1.8E+0	5.8E-3	5.5E-3	1.5E-1
1100	2.4E-3	1.4E+0	2.5E+1	1.9E+0	5.9E-3	5.5E-3	1.5E-1
1200	2.8E-3	1.9E+0	4.5E+1	2.0E+0	8.4E-3	5.6E-3	1.5E-1
1300	3.3E-3	2.6E+0	8.0E+1	2.1E+0	1.2E-2	5.7E-3	1.5E-1
1400	3.7E-3	3.5E+0	1.4E+2	2.2E+0	1.7E-2	5.9E-3	1.6E-1
1500	4.1E-3	4.7E+0	2.4E+2	2.2E+0	2.4E-2	6.0E-3	1.6E-1
1600	4.4E-3	6.2E+0	4.0E+2	2.2E+0	3.4E-2	6.2E-3	1.6E-1
1700	4.7E-3	8.0E+0	6.3E+2	2.2E+0	4.9E-2	6.3E-3	1.6E-1
1800	4.9E-3	1.0E+1	9.6E+2	2.2E+0	7.0E-2	6.5E-3	1.7E-1
1900	5.2E-3	1.3E+1	1.4E+3	2.3E+0	9.9E-2	6.6E-3	1.7E-1
2000	5.4E-3	1.5E+1	1.8E+3	2.3E+0	1.4E-1	6.8E-3	1.7E-1
2100	5.6E-3	1.8E+1	2.4E+3	2.3E+0	2.0E-1	6.9E-3	1.8E-1
2200	5.7E-3	2.1E+1	2.9E+3	2.3E+0	2.8E-1	7.1E-3	1.8E-1
2300	5.9E-3	2.3E+1	3.4E+3	2.3E+0	4.0E-1	7.3E-3	1.8E-1
2400	6.0E-3	2.6E+1	3.8E+3	2.3E+0	5.6E-1	7.4E-3	1.8E-1
2500	6.2E-3	2.8E+1	4.2E+3	2.3E+0	7.7E-1	7.6E-3	1.9E-1
2600	6.3E-3	3.1E+1	4.6E+3	2.3E+0	1.0E+0	7.8E-3	1.9E-1
2700	6.4E-3	3.3E+1	4.9E+3	2.3E+0	1.4E+0	7.9E-3	2.0E-1
2800	6.6E-3	3.5E+1	5.2E+3	2.3E+0	1.8E+0	8.1E-3	2.0E-1
2900	6.7E-3	3.6E+1	5.5E+3	2.3E+0	2.3E+0	8.3E-3	2.0E-1
3000	6.8E-3	3.8E+1	5.8E+3	2.3E+0	2.7E+0	8.4E-3	2.1E-1
3100	6.9E-3	4.0E+1	6.0E+3	2.3E+0	3.2E+0	8.6E-3	2.1E-1
3200	7.0E-3	4.2E+1	6.3E+3	2.3E+0	3.7E+0	8.8E-3	2.1E-1
3300	7.2E-3	4.3E+1	6.5E+3	2.3E+0	4.1E+0	8.9E-3	2.2E-1
3400	7.3E-3	4.5E+1	6.8E+3	2.3E+0	4.4E+0	9.1E-3	2.2E-1
3500	7.4E-3	4.7E+1	7.0E+3	2.3E+0	4.6E+0	9.3E-3	2.3E-1
3600	7.5E-3	4.8E+1	7.3E+3	2.3E+0	4.8E+0	9.4E-3	2.3E-1
3650	7.6E-3	4.9E+1	7.4E+3	2.3E+0	4.9E+0	9.5E-3	2.3E-1
4000	8.0E-3	5.5E+1	8.3E+3	2.3E+0	5.2E+0	1.0E-2	2.5E-1
5000	9.1E-3	7.5E+1	-	2.4E+0	5.4E+0	1.2E-2	3.0E-1
6000	1.0E-2	9.7E+1	-	2.4E+0	5.5E+0	1.4E-2	3.6E-1
7000	1.1E-2	1.2E+2	-	2.5E+0	5.6E+0	1.5E-2	4.3E-1
8000	1.2E-2	1.5E+2	-	2.5E+0	5.7E+0	1.7E-2	5.2E-1
9000	1.3E-2	1.7E+2	-	2.6E+0	5.8E+0	1.9E-2	6.2E-1
10000	1.4E-2	2.0E+2	-	2.6E+0	5.9E+0	2.1E-2	7.5E-1
11000	1.5E-2	2.3E+2	-	2.7E+0	6.0E+0	2.2E-2	9.0E-1
12000	1.7E-2	2.5E+2	-	2.7E+0	6.1E+0	2.4E-2	1.1E+0
13000	1.8E-2	2.8E+2	-	2.7E+0	6.2E+0	2.7E-2	1.3E+0
14000	1.9E-2	3.0E+2	-	2.8E+0	6.4E+0	2.9E-2	1.6E+0
15000	2.0E-2	3.3E+2	-	2.9E+0	6.5E+0	3.1E-2	1.9E+0
16000	2.1E-2	3.6E+2	-	2.9E+0	6.6E+0	3.4E-2	2.3E+0
17000	2.3E-2	3.9E+2	-	3.0E+0	6.7E+0	3.7E-2	2.7E+0
18000	2.4E-2	4.2E+2	-	3.0E+0	6.8E+0	4.0E-2	3.2E+0
18250	2.4E-2	4.3E+2	-	3.0E+0	6.9E+0	4.1E-2	3.4E+0
